Protein_ID,Localizations,Signals,Membrane types,Cytoplasm,Nucleus,Extracellular,Cell membrane,Mitochondrion,Plastid,Endoplasmic reticulum,Lysosome/Vacuole,Golgi apparatus,Peroxisome,Peripheral,Transmembrane,Lipid anchor,Soluble
Cre12.g530650.t1.1,Plastid,Chloroplast transit peptide,Soluble,0.16590000689029694,0.08370000123977661,0.02410000003874302,0.039799999445676804,0.11590000241994858,0.9402999877929688,0.0348999984562397,0.03200000151991844,0.06870000064373016,0.000699999975040555,0.3346000015735626,0.05640000104904175,0.09839999675750732,0.8761000037193298
Cre12.g530650.t2.1,Plastid,Chloroplast transit peptide,Soluble,0.16590000689029694,0.08370000123977661,0.02410000003874302,0.039799999445676804,0.11590000241994858,0.9402999877929688,0.0348999984562397,0.03200000151991844,0.06870000064373016,0.000699999975040555,0.3346000015735626,0.05640000104904175,0.09839999675750732,0.8761000037193298
Cre12.g531000.t1.2,Lysosome/Vacuole,Transmembrane domain,Transmembrane,0.24709999561309814,0.051100000739097595,0.05420000106096268,0.5145999789237976,0.09989999979734421,0.0142000000923872,0.3070000112056732,0.6280999779701233,0.3147999942302704,0.0044999998062849045,0.08590000122785568,0.963699996471405,0.07599999755620956,0.15790000557899475
Cre12.g531000.t2.1,Lysosome/Vacuole,Transmembrane domain,Transmembrane,0.24709999561309814,0.051100000739097595,0.05420000106096268,0.5145999789237976,0.09989999979734421,0.0142000000923872,0.3070000112056732,0.6280999779701233,0.3147999942302704,0.0044999998062849045,0.08590000122785568,0.963699996471405,0.07599999755620956,0.15790000557899475
Cre12.g531150.t1.1,Cytoplasm,Signal peptide,Soluble,0.35499998927116394,0.093299999833107,0.27889999747276306,0.19619999825954437,0.10599999874830246,0.3813999891281128,0.24300000071525574,0.14560000598430634,0.21610000729560852,0.018400000408291817,0.3587999939918518,0.22840000689029694,0.09839999675750732,0.7170000076293945
Cre12.g531200.t1.1,Lysosome/Vacuole,Signal peptide,Transmembrane,0.23999999463558197,0.1574999988079071,0.21729999780654907,0.3808000087738037,0.03519999980926514,0.10689999908208847,0.336899995803833,0.6463000178337097,0.5855000019073486,0.0284000001847744,0.30720001459121704,0.694599986076355,0.05169999971985817,0.4442000091075897
Cre12.g531700.t1.1,Mitochondrion,,Transmembrane,0.32089999318122864,0.2533000111579895,0.14090000092983246,0.1331000030040741,0.5338000059127808,0.2134999930858612,0.3301999866962433,0.1282999962568283,0.11980000138282776,0.08110000193119049,0.5916000008583069,0.8015999794006348,0.10750000178813934,0.27489998936653137
Cre12.g532450.t1.2,Cytoplasm,,Soluble,0.6949999928474426,0.20260000228881836,0.0908999964594841,0.23409999907016754,0.07649999856948853,0.050599999725818634,0.14219999313354492,0.1873999983072281,0.15729999542236328,0.052400000393390656,0.44699999690055847,0.10409999638795853,0.2614000141620636,0.788100004196167
Cre12.g533550.t1.1,Cytoplasm,Nuclear localization signal|Nuclear export signal,Soluble,0.7360000014305115,0.3772999942302704,0.050200000405311584,0.23119999468326569,0.22030000388622284,0.06549999862909317,0.09560000151395798,0.18629999458789825,0.1340000033378601,0.026200000196695328,0.45890000462532043,0.04309999942779541,0.30169999599456787,0.8331000208854675
Cre12.g534350.t1.2,Cytoplasm,Nuclear localization signal,Soluble,0.6092000007629395,0.28949999809265137,0.08910000324249268,0.13650000095367432,0.17730000615119934,0.053700000047683716,0.02889999933540821,0.2224999964237213,0.04859999939799309,0.013899999670684338,0.2721000015735626,0.11900000274181366,0.10440000146627426,0.7462000250816345
Cre12.g534800.t1.1,Mitochondrion,Mitochondrial transit peptide,Soluble,0.24629999697208405,0.10830000042915344,0.04349999874830246,0.06360000371932983,0.7797999978065491,0.14630000293254852,0.03849999979138374,0.13089999556541443,0.10589999705553055,0.05950000137090683,0.5331000089645386,0.09369999915361404,0.10100000351667404,0.7940999865531921
Cre12.g535750.t1.1,Cytoplasm,Peroxisomal targeting signal,Soluble,0.6898999810218811,0.18529999256134033,0.04479999840259552,0.0632999986410141,0.17730000615119934,0.07190000265836716,0.15629999339580536,0.35929998755455017,0.22380000352859497,0.5080000162124634,0.46700000762939453,0.08389999717473984,0.1421000063419342,0.769599974155426
Cre12.g535950.t1.2,Mitochondrion,Mitochondrial transit peptide,Peripheral|Soluble,0.20980000495910645,0.12200000137090683,0.021299999207258224,0.08569999784231186,0.8569999933242798,0.0812000036239624,0.0869000032544136,0.07240000367164612,0.05389999970793724,0.03920000046491623,0.7178000211715698,0.05869999900460243,0.10220000147819519,0.7192000150680542
Cre12.g536000.t1.2,Lysosome/Vacuole,Transmembrane domain,Transmembrane,0.17589999735355377,0.07880000025033951,0.031199999153614044,0.5302000045776367,0.08950000256299973,0.033900000154972076,0.4442000091075897,0.6402999758720398,0.5209000110626221,0.003800000064074993,0.11680000275373459,0.968500018119812,0.05900000035762787,0.1137000024318695
Cre12.g536050.t1.2,Cell membrane,Transmembrane domain,Transmembrane,0.19979999959468842,0.06629999727010727,0.039900001138448715,0.5327000021934509,0.0771000012755394,0.05389999970793724,0.38089999556541443,0.5209000110626221,0.4350999891757965,0.0044999998062849045,0.16429999470710754,0.9675999879837036,0.04690000042319298,0.10930000245571136
Cre12.g537100.t1.2,Cytoplasm,Nuclear localization signal,Soluble,0.8104000091552734,0.12849999964237213,0.07620000094175339,0.23800000548362732,0.1454000025987625,0.009100000374019146,0.18389999866485596,0.17800000309944153,0.3142000138759613,0.0017000000225380063,0.4878999888896942,0.12380000203847885,0.07620000094175339,0.7505999803543091
Cre12.g537200.t1.2,Mitochondrion,Mitochondrial transit peptide,Soluble,0.29170000553131104,0.13819999992847443,0.02979999966919422,0.0812000036239624,0.8586999773979187,0.006099999882280827,0.05180000141263008,0.10760000348091125,0.08060000091791153,0.02930000051856041,0.5788000226020813,0.043800000101327896,0.06859999895095825,0.8169000148773193
Cre12.g537581.t1.1,Plastid,Chloroplast transit peptide,Soluble,0.1362999975681305,0.09300000220537186,0.019300000742077827,0.03539999946951866,0.15379999577999115,0.9884999990463257,0.02370000071823597,0.019999999552965164,0.03620000183582306,0.00860000029206276,0.5044000148773193,0.05290000140666962,0.11240000277757645,0.8075000047683716
Cre12.g537641.t1.1,Endoplasmic reticulum,Transmembrane domain,Transmembrane,0.22220000624656677,0.08070000261068344,0.022600000724196434,0.17270000278949738,0.13670000433921814,0.04500000178813934,0.8474000096321106,0.08900000154972076,0.15719999372959137,0.007400000002235174,0.11659999936819077,0.9771999716758728,0.022199999541044235,0.12380000203847885
Cre12.g538450.t1.2,Endoplasmic reticulum,Transmembrane domain,Transmembrane,0.09570000320672989,0.16660000383853912,0.0364999994635582,0.2313999980688095,0.15039999783039093,0.023000000044703484,0.7820000052452087,0.18379999697208405,0.3675999939441681,0.0015999999595806003,0.09709999710321426,0.9514999985694885,0.027400000020861626,0.15780000388622284
Cre12.g538650.t1.1,Plastid,Chloroplast transit peptide,Soluble,0.27570000290870667,0.057999998331069946,0.051899999380111694,0.03449999913573265,0.2061000019311905,0.9570000171661377,0.015799999237060547,0.01979999989271164,0.06539999693632126,0.012500000186264515,0.5871000289916992,0.11400000005960464,0.08579999953508377,0.8123999834060669
Cre12.g539000.t1.2,Mitochondrion,Mitochondrial transit peptide,Transmembrane,0.2948000133037567,0.2345999926328659,0.09260000288486481,0.08739999681711197,0.7644000053405762,0.22020000219345093,0.35429999232292175,0.12389999628067017,0.1451999992132187,0.2273000031709671,0.5005000233650208,0.727400004863739,0.17339999973773956,0.27950000762939453
Cre12.g539900.t1.1,Plastid,,Soluble,0.17669999599456787,0.08569999784231186,0.05829999968409538,0.05689999833703041,0.5213000178337097,0.75,0.018200000748038292,0.02199999988079071,0.025200000032782555,0.032600000500679016,0.3686000108718872,0.13429999351501465,0.039400000125169754,0.7781999707221985
Cre12.g541250.t1.2,Plastid,Chloroplast transit peptide,Transmembrane,0.1518000066280365,0.03680000081658363,0.13570000231266022,0.08649999648332596,0.06620000302791595,0.9526000022888184,0.0203000009059906,0.06989999860525131,0.035999998450279236,0.022700000554323196,0.3084000051021576,0.9039999842643738,0.03929999843239784,0.15219999849796295
Cre12.g541352.t1.1,Cytoplasm,,Peripheral|Transmembrane,0.37599998712539673,0.1120000034570694,0.11890000104904175,0.31859999895095825,0.20069999992847443,0.2565999925136566,0.4474000036716461,0.42500001192092896,0.3504999876022339,0.07940000295639038,0.7269999980926514,0.7376999855041504,0.2467000037431717,0.29750001430511475
Cre12.g541352.t2.1,Cytoplasm,,Peripheral|Transmembrane,0.37599998712539673,0.1120000034570694,0.11890000104904175,0.31859999895095825,0.20069999992847443,0.2565999925136566,0.4474000036716461,0.42500001192092896,0.3504999876022339,0.07940000295639038,0.7269999980926514,0.7376999855041504,0.2467000037431717,0.29750001430511475
Cre12.g541850.t1.2,Cytoplasm,Nuclear localization signal,Soluble,0.6748999953269958,0.4465000033378601,0.13660000264644623,0.11829999834299088,0.3073999881744385,0.14839999377727509,0.08420000225305557,0.24950000643730164,0.03880000114440918,0.01899999938905239,0.33899998664855957,0.05609999969601631,0.05559999868273735,0.6173999905586243
Cre12.g542300.t1.2,Plastid,Chloroplast transit peptide,Soluble,0.2281000018119812,0.0982000008225441,0.08030000329017639,0.04399999976158142,0.06419999897480011,0.9835000038146973,0.03519999980926514,0.026200000196695328,0.04740000143647194,0.007400000002235174,0.4982999861240387,0.08709999918937683,0.08609999716281891,0.830299973487854
Cre12.g542850.t1.2,Cytoplasm,Nuclear localization signal,Soluble,0.794700026512146,0.43639999628067017,0.05429999902844429,0.1453000009059906,0.10999999940395355,0.002899999963119626,0.12150000035762787,0.05510000139474869,0.042100001126527786,0.03840000182390213,0.3546000123023987,0.019200000911951065,0.03700000047683716,0.8661999702453613
Cre12.g543350.t1.1,Cytoplasm,,Soluble,0.7343000173568726,0.16419999301433563,0.12890000641345978,0.11209999769926071,0.13750000298023224,0.03869999945163727,0.18050000071525574,0.2012999951839447,0.16329999268054962,0.019899999722838402,0.4478999972343445,0.13619999587535858,0.13459999859333038,0.7294999957084656
Cre12.g543350.t2.1,Cytoplasm,,Soluble,0.7343000173568726,0.16419999301433563,0.12890000641345978,0.11209999769926071,0.13750000298023224,0.03869999945163727,0.18050000071525574,0.2012999951839447,0.16329999268054962,0.019899999722838402,0.4478999972343445,0.13619999587535858,0.13459999859333038,0.7294999957084656
Cre12.g543350.t3.1,Cytoplasm,,Soluble,0.7343000173568726,0.16419999301433563,0.12890000641345978,0.11209999769926071,0.13750000298023224,0.03869999945163727,0.18050000071525574,0.2012999951839447,0.16329999268054962,0.019899999722838402,0.4478999972343445,0.13619999587535858,0.13459999859333038,0.7294999957084656
Cre12.g543400.t1.2,Cytoplasm,,Soluble,0.7346000075340271,0.2078000009059906,0.10429999977350235,0.12919999659061432,0.1500999927520752,0.04839999973773956,0.13420000672340393,0.22120000422000885,0.13840000331401825,0.01720000058412552,0.4323999881744385,0.12860000133514404,0.12389999628067017,0.7445999979972839
Cre12.g545101.t1.1,Cytoplasm,,Soluble,0.8274999856948853,0.1282999962568283,0.01850000023841858,0.13860000669956207,0.11789999902248383,0.022199999541044235,0.14069999754428864,0.28040000796318054,0.16050000488758087,0.041600000113248825,0.4410000145435333,0.1136000007390976,0.09780000150203705,0.8201000094413757
Cre12.g546050.t1.2,Plastid,Chloroplast transit peptide,Soluble,0.15960000455379486,0.10419999808073044,0.02710000053048134,0.04179999977350235,0.16869999468326569,0.9819999933242798,0.01759999990463257,0.02329999953508377,0.03590000048279762,0.004999999888241291,0.5773000121116638,0.0348999984562397,0.18790000677108765,0.8126000165939331
Cre12.g547351.t1.2,Cell membrane,Transmembrane domain,Transmembrane,0.2809000015258789,0.1274999976158142,0.06589999794960022,0.7335000038146973,0.027000000700354576,0.03819999843835831,0.22220000624656677,0.3027999997138977,0.16380000114440918,0.012500000186264515,0.1420000046491623,0.9211999773979187,0.25200000405311584,0.20919999480247498
Cre12.g548400.t1.2,Plastid,Chloroplast transit peptide,Peripheral,0.12039999663829803,0.08730000257492065,0.04569999873638153,0.047600001096725464,0.179299995303154,0.8956999778747559,0.024000000208616257,0.04430000111460686,0.03700000047683716,0.004999999888241291,0.7373999953269958,0.3334999978542328,0.03920000046491623,0.29429998993873596
Cre12.g549300.t1.2,Lysosome/Vacuole,,Transmembrane,0.3465000092983246,0.05559999868273735,0.13650000095367432,0.48730000853538513,0.10939999669790268,0.024700000882148743,0.45249998569488525,0.6761999726295471,0.521399974822998,0.020099999383091927,0.10040000081062317,0.8784999847412109,0.14110000431537628,0.2353000044822693
Cre12.g550700.t1.2,Plastid,Chloroplast transit peptide,Soluble,0.2565999925136566,0.07450000196695328,0.02669999934732914,0.02199999988079071,0.09690000116825104,0.9897000193595886,0.015799999237060547,0.030799999833106995,0.0625,0.010999999940395355,0.47929999232292175,0.12950000166893005,0.07670000195503235,0.7699999809265137
Cre12.g552200.t1.2,Plastid,Chloroplast transit peptide,Peripheral|Soluble,0.17630000412464142,0.0966000035405159,0.03009999915957451,0.04780000075697899,0.0869000032544136,0.975600004196167,0.03790000081062317,0.066600002348423,0.05389999970793724,0.006200000178068876,0.6104000210762024,0.06769999861717224,0.0746999979019165,0.7955999970436096
Cre12.g552850.t1.1,Plastid,Chloroplast transit peptide,Peripheral|Soluble,0.14489999413490295,0.05900000035762787,0.045099999755620956,0.03150000050663948,0.07490000128746033,0.9789999723434448,0.04479999840259552,0.027699999511241913,0.07930000126361847,0.01119999960064888,0.6003999710083008,0.0794999971985817,0.0568000003695488,0.7738000154495239
Cre12.g553250.t1.2,Plastid,Chloroplast transit peptide,Soluble,0.16979999840259552,0.09019999951124191,0.033799998462200165,0.01899999938905239,0.0917000025510788,0.9843000173568726,0.01769999973475933,0.03620000183582306,0.03880000114440918,0.0038999998942017555,0.5620999932289124,0.07540000230073929,0.17919999361038208,0.7529000043869019
Cre12.g554850.t1.2,Cytoplasm,,Soluble,0.7272999882698059,0.303600013256073,0.03280000016093254,0.0722000002861023,0.11969999969005585,0.010999999940395355,0.11879999935626984,0.0997999981045723,0.1437000036239624,0.031700000166893005,0.30790001153945923,0.015799999237060547,0.227400004863739,0.8014000058174133
Cre12.g554953.t1.1,Cytoplasm,,Soluble,0.632099986076355,0.20029999315738678,0.12070000171661377,0.06599999964237213,0.42100000381469727,0.04859999939799309,0.09640000015497208,0.26759999990463257,0.2224999964237213,0.18299999833106995,0.3540000021457672,0.08110000193119049,0.07609999924898148,0.7986999750137329
Cre12.g555250.t1.2,Mitochondrion,Mitochondrial transit peptide,Peripheral,0.07450000196695328,0.05299999937415123,0.013299999758601189,0.0820000022649765,0.9783999919891357,0.00559999980032444,0.004999999888241291,0.03720000013709068,0.019200000911951065,0.05999999865889549,0.7390999794006348,0.36719998717308044,0.10119999945163727,0.31619998812675476
Cre12.g555450.t1.2,Cytoplasm,Nuclear localization signal,Soluble,0.8062999844551086,0.415800005197525,0.17970000207424164,0.10320000350475311,0.07779999822378159,0.016899999231100082,0.07980000227689743,0.2134000062942505,0.20090000331401825,0.00139999995008111,0.42669999599456787,0.056299999356269836,0.0868000015616417,0.8072999715805054
Cre12.g555500.t1.2,Cytoplasm,,Soluble,0.5985999703407288,0.24869999289512634,0.1290999948978424,0.07509999722242355,0.10540000349283218,0.37540000677108765,0.027799999341368675,0.03779999911785126,0.026900000870227814,0.020500000566244125,0.3474000096321106,0.21299999952316284,0.0997999981045723,0.7049999833106995
Cre12.g555951.t1.1,Cytoplasm,Peroxisomal targeting signal,Soluble,0.6195999979972839,0.28369998931884766,0.09440000355243683,0.05130000039935112,0.21459999680519104,0.2800000011920929,0.09019999951124191,0.1282999962568283,0.20919999480247498,0.10000000149011612,0.40779998898506165,0.09719999879598618,0.10440000146627426,0.8269000053405762
Cre12.g556600.t1.2,Cytoplasm|Nucleus,Nuclear localization signal,Soluble,0.8087000250816345,0.5026999711990356,0.052299998700618744,0.2500999867916107,0.1923999935388565,0.05950000137090683,0.16680000722408295,0.14790000021457672,0.10920000076293945,0.12349999696016312,0.461899995803833,0.10180000215768814,0.320499986410141,0.7335000038146973
Cre12.g557600.t1.1,Cytoplasm,,Soluble,0.650600016117096,0.19339999556541443,0.45419999957084656,0.2272000014781952,0.3418000042438507,0.04340000078082085,0.1005999967455864,0.14159999787807465,0.11169999837875366,0.20659999549388885,0.459199994802475,0.054999999701976776,0.2393999993801117,0.8055999875068665
Cre12.g557700.t1.2,Cytoplasm|Mitochondrion,Peroxisomal targeting signal,Soluble,0.60589998960495,0.2888999879360199,0.2865999937057495,0.13940000534057617,0.6503000259399414,0.2768000066280365,0.08049999922513962,0.11259999871253967,0.07440000027418137,0.15790000557899475,0.39100000262260437,0.12809999287128448,0.09470000118017197,0.7372000217437744
Cre12.g557750.t1.1,Endoplasmic reticulum,Transmembrane domain,Transmembrane,0.164900004863739,0.121799997985363,0.02160000056028366,0.13650000095367432,0.21539999544620514,0.025200000032782555,0.8817999958992004,0.11959999799728394,0.1565999984741211,0.0071000000461936,0.49230000376701355,0.802299976348877,0.10580000281333923,0.30820000171661377
Cre12.g557900.t1.2,Endoplasmic reticulum,Signal peptide|Transmembrane domain,Transmembrane,0.22910000383853912,0.11079999804496765,0.040300000458955765,0.15369999408721924,0.05790000036358833,0.01679999940097332,0.9083999991416931,0.36980000138282776,0.24940000474452972,0.01730000041425228,0.05290000140666962,0.9937000274658203,0.019700000062584877,0.10109999775886536
Cre12.g557950.t1.2,Cytoplasm|Nucleus,Nuclear localization signal,Soluble,0.48010000586509705,0.626800000667572,0.0737999975681305,0.17749999463558197,0.10339999943971634,0.011300000362098217,0.27399998903274536,0.09350000321865082,0.17890000343322754,0.0017999999690800905,0.35440000891685486,0.052400000393390656,0.11900000274181366,0.7856000065803528
Cre12.g558450.t1.2,Cytoplasm,,Soluble,0.8064000010490417,0.2054000049829483,0.06499999761581421,0.1120000034570694,0.1551000028848648,0.055799998342990875,0.1826999932527542,0.40119999647140503,0.2825999855995178,0.062199998646974564,0.5235000252723694,0.08299999684095383,0.1996999979019165,0.7246000170707703
Cre12.g558700.t1.2,Cytoplasm,,Soluble,0.828000009059906,0.2903999984264374,0.04190000146627426,0.12380000203847885,0.11789999902248383,0.026499999687075615,0.1891999989748001,0.19699999690055847,0.08529999852180481,0.08789999783039093,0.3831999897956848,0.053599998354911804,0.09759999811649323,0.8551999926567078
Cre12.g559950.t1.2,Mitochondrion,Mitochondrial transit peptide,Peripheral|Soluble,0.16259999573230743,0.066600002348423,0.02250000089406967,0.03310000151395798,0.9715999960899353,0.008200000040233135,0.05559999868273735,0.03970000147819519,0.1143999993801117,0.01889999955892563,0.7099000215530396,0.04659999907016754,0.058800000697374344,0.5960999727249146
Cre12.g560200.t1.2,Cytoplasm,,Soluble,0.6359999775886536,0.45329999923706055,0.1151999980211258,0.10660000145435333,0.3336000144481659,0.04639999940991402,0.13259999454021454,0.38999998569488525,0.14890000224113464,0.23960000276565552,0.36649999022483826,0.12880000472068787,0.14030000567436218,0.7657999992370605
Cre12.g560550.t1.1,Plastid,Chloroplast transit peptide,Soluble,0.23960000276565552,0.05719999969005585,0.05169999971985817,0.0340999998152256,0.2865999937057495,0.9642000198364258,0.024000000208616257,0.018400000408291817,0.03550000116229057,0.002099999925121665,0.4722000062465668,0.11050000041723251,0.05480000004172325,0.7613000273704529
Cre12.g560600.t1.1,Cytoplasm,,Soluble,0.6035000085830688,0.2773999869823456,0.046300001442432404,0.2206999957561493,0.057100001722574234,0.16820000112056732,0.07580000162124634,0.1509000062942505,0.08389999717473984,0.010900000110268593,0.4602999985218048,0.17659999430179596,0.16599999368190765,0.6980999708175659
Cre13.g561850.t1.1,Plastid,Chloroplast transit peptide,Peripheral|Soluble,0.19820000231266022,0.05649999901652336,0.06750000268220901,0.03150000050663948,0.0925000011920929,0.9869999885559082,0.029400000348687172,0.0333000011742115,0.04780000075697899,0.005400000140070915,0.6488999724388123,0.05770000070333481,0.14560000598430634,0.7709000110626221
Cre13.g562501.t1.1,Plastid,Chloroplast transit peptide,Soluble,0.1940000057220459,0.0471000000834465,0.08229999989271164,0.08009999990463257,0.5202000141143799,0.9262999892234802,0.015200000256299973,0.021199999377131462,0.033900000154972076,0.023900000378489494,0.4611000120639801,0.10490000247955322,0.10899999737739563,0.8019999861717224
Cre13.g563550.t1.1,Cytoplasm,,Soluble,0.5242000222206116,0.23639999330043793,0.10279999673366547,0.40549999475479126,0.12700000405311584,0.08760000020265579,0.0738999992609024,0.17399999499320984,0.07940000295639038,0.01600000075995922,0.4812999963760376,0.23019999265670776,0.06530000269412994,0.6323000192642212
Cre13.g564650.t1.1,Cell membrane,Transmembrane domain,Transmembrane,0.21549999713897705,0.05000000074505806,0.07240000367164612,0.5758000016212463,0.19120000302791595,0.15219999849796295,0.2703000009059906,0.39399999380111694,0.2953999936580658,0.016300000250339508,0.25949999690055847,0.9241999983787537,0.09009999781847,0.18080000579357147
Cre13.g564800.t1.1,Cytoplasm,,Peripheral|Soluble,0.609499990940094,0.1339000016450882,0.10930000245571136,0.3847000002861023,0.0869000032544136,0.11789999902248383,0.1339000016450882,0.2978000044822693,0.09709999710321426,0.14749999344348907,0.6105999946594238,0.22010000050067902,0.21199999749660492,0.6370000243186951
Cre13.g565321.t1.1,Cytoplasm,,Soluble,0.576200008392334,0.4115000069141388,0.09220000356435776,0.08669999986886978,0.18559999763965607,0.2079000025987625,0.11050000041723251,0.06069999933242798,0.11909999698400497,0.07649999856948853,0.4535999894142151,0.1753000020980835,0.08089999854564667,0.7364000082015991
Cre13.g565450.t1.2,Plastid,Chloroplast transit peptide,Soluble,0.21040000021457672,0.0966000035405159,0.045899998396635056,0.05220000073313713,0.15469999611377716,0.9736999869346619,0.011900000274181366,0.04859999939799309,0.04899999871850014,0.016499999910593033,0.4489000141620636,0.08160000294446945,0.06390000134706497,0.8065000176429749
Cre13.g565650.t1.2,Plastid,Chloroplast transit peptide,Soluble,0.17190000414848328,0.12680000066757202,0.014800000004470348,0.027499999850988388,0.396699994802475,0.8248000144958496,0.031700000166893005,0.040699999779462814,0.04969999939203262,0.10019999742507935,0.5379999876022339,0.10530000180006027,0.23199999332427979,0.767799973487854
Cre13.g566000.t1.2,Cytoplasm,Nuclear localization signal,Soluble,0.6955000162124634,0.44179999828338623,0.04320000112056732,0.19259999692440033,0.13819999992847443,0.16869999468326569,0.07819999754428864,0.1565999984741211,0.03629999980330467,0.06780000030994415,0.3776000142097473,0.1005999967455864,0.09099999815225601,0.8411999940872192
Cre13.g566650.t1.2,Cytoplasm,Peroxisomal targeting signal,Soluble,0.5799999833106995,0.16660000383853912,0.08089999854564667,0.23549999296665192,0.1842000037431717,0.03849999979138374,0.219200000166893,0.31839999556541443,0.3529999852180481,0.09260000288486481,0.49160000681877136,0.1282999962568283,0.11959999799728394,0.7089999914169312
Cre13.g566650.t2.1,Cytoplasm,Peroxisomal targeting signal,Soluble,0.5799999833106995,0.16660000383853912,0.08089999854564667,0.23549999296665192,0.1842000037431717,0.03849999979138374,0.219200000166893,0.31839999556541443,0.3529999852180481,0.09260000288486481,0.49160000681877136,0.1282999962568283,0.11959999799728394,0.7089999914169312
Cre13.g567100.t1.1,Mitochondrion,Mitochondrial transit peptide,Transmembrane,0.13500000536441803,0.0868000015616417,0.04729999974370003,0.08590000122785568,0.8592000007629395,0.19189999997615814,0.0934000015258789,0.032999999821186066,0.05209999904036522,0.031599998474121094,0.40299999713897705,0.6858000159263611,0.07599999755620956,0.42730000615119934
Cre13.g567600.t1.2,Mitochondrion,Mitochondrial transit peptide,Peripheral|Soluble,0.20880000293254852,0.05480000004172325,0.09019999951124191,0.04270000010728836,0.944599986076355,0.01590000092983246,0.03880000114440918,0.06949999928474426,0.21979999542236328,0.00930000003427267,0.7843000292778015,0.12160000205039978,0.043800000101327896,0.5425999760627747
Cre13.g567950.t1.2,Plastid,Chloroplast transit peptide,Soluble,0.10040000081062317,0.14339999854564667,0.026000000536441803,0.030799999833106995,0.0430000014603138,0.9905999898910522,0.019300000742077827,0.01759999990463257,0.02930000051856041,0.003800000064074993,0.515999972820282,0.062300000339746475,0.1517000049352646,0.803600013256073
Cre13.g568600.t1.1,Plastid,,Soluble,0.26330000162124634,0.05909999832510948,0.49309998750686646,0.1915999948978424,0.2590999901294708,0.7117000222206116,0.04520000144839287,0.14219999313354492,0.06669999659061432,0.019700000062584877,0.2964000105857849,0.2492000013589859,0.0608999989926815,0.6751000285148621
Cre13.g568600.t2.1,Plastid,,Soluble,0.26330000162124634,0.05909999832510948,0.49309998750686646,0.1915999948978424,0.2590999901294708,0.7117000222206116,0.04520000144839287,0.14219999313354492,0.06669999659061432,0.019700000062584877,0.2964000105857849,0.2492000013589859,0.0608999989926815,0.6751000285148621
Cre13.g568600.t3.1,Plastid,,Soluble,0.26330000162124634,0.05909999832510948,0.49309998750686646,0.1915999948978424,0.2590999901294708,0.7117000222206116,0.04520000144839287,0.14219999313354492,0.06669999659061432,0.019700000062584877,0.2964000105857849,0.2492000013589859,0.0608999989926815,0.6751000285148621
Cre13.g568800.t1.2,Mitochondrion,Mitochondrial transit peptide,Peripheral,0.15230000019073486,0.05510000139474869,0.047600001096725464,0.03009999915957451,0.8833000063896179,0.012400000356137753,0.025200000032782555,0.04969999939203262,0.09709999710321426,0.00139999995008111,0.8443999886512756,0.12319999933242798,0.05460000038146973,0.4156000018119812
Cre13.g568950.t1.1,Cytoplasm,,Soluble,0.7358999848365784,0.23029999434947968,0.24899999797344208,0.061500001698732376,0.43380001187324524,0.03350000083446503,0.26179999113082886,0.04989999905228615,0.18140000104904175,0.0697999969124794,0.26739999651908875,0.23280000686645508,0.0771000012755394,0.7968999743461609
Cre13.g569850.t1.2,Lysosome/Vacuole,Transmembrane domain,Transmembrane,0.29600000381469727,0.04729999974370003,0.03999999910593033,0.5206000208854675,0.10100000351667404,0.015699999406933784,0.37779998779296875,0.6319000124931335,0.38359999656677246,0.007699999958276749,0.06790000200271606,0.963699996471405,0.10719999670982361,0.16660000383853912
Cre13.g570550.t1.2,Plastid,Chloroplast transit peptide,Soluble,0.375,0.14190000295639038,0.08380000293254852,0.04399999976158142,0.3917999863624573,0.9305999875068665,0.028699999675154686,0.059300001710653305,0.11079999804496765,0.2459000051021576,0.41200000047683716,0.07720000296831131,0.054499998688697815,0.8208000063896179
Cre13.g572200.t1.2,Plastid,,Transmembrane,0.13519999384880066,0.032099999487400055,0.18790000677108765,0.1876000016927719,0.24050000309944153,0.9621000289916992,0.10809999704360962,0.09000000357627869,0.054999999701976776,0.041999999433755875,0.2574999928474426,0.955299973487854,0.03669999912381172,0.10890000313520432
Cre13.g572500.t1.2,Cytoplasm,,Soluble,0.7006000280380249,0.33500000834465027,0.17870000004768372,0.13279999792575836,0.22470000386238098,0.1274999976158142,0.04560000076889992,0.03220000118017197,0.04309999942779541,0.03400000184774399,0.3953999876976013,0.20409999787807465,0.12540000677108765,0.7560999989509583
Cre13.g572750.t1.1,Extracellular,Signal peptide,Soluble,0.21539999544620514,0.09589999914169312,0.671500027179718,0.1543000042438507,0.054099999368190765,0.03909999877214432,0.3375999927520752,0.33799999952316284,0.16539999842643738,0.006000000052154064,0.375900000333786,0.13750000298023224,0.11819999665021896,0.8145999908447266
Cre13.g572750.t2.1,Extracellular,Signal peptide,Soluble,0.21539999544620514,0.09589999914169312,0.671500027179718,0.1543000042438507,0.054099999368190765,0.03909999877214432,0.3375999927520752,0.33799999952316284,0.16539999842643738,0.006000000052154064,0.375900000333786,0.13750000298023224,0.11819999665021896,0.8145999908447266
Cre13.g572750.t3.1,Extracellular,Signal peptide,Soluble,0.21539999544620514,0.09589999914169312,0.671500027179718,0.1543000042438507,0.054099999368190765,0.03909999877214432,0.3375999927520752,0.33799999952316284,0.16539999842643738,0.006000000052154064,0.375900000333786,0.13750000298023224,0.11819999665021896,0.8145999908447266
Cre13.g573150.t1.1,Plastid,Chloroplast transit peptide,Soluble,0.1370999962091446,0.09189999848604202,0.026799999177455902,0.028200000524520874,0.07540000230073929,0.9886000156402588,0.051600001752376556,0.05130000039935112,0.07020000368356705,0.016200000420212746,0.5376999974250793,0.16169999539852142,0.07880000025033951,0.7379999756813049
Cre13.g573800.t1.2,Cytoplasm,Nuclear export signal,Soluble,0.6895999908447266,0.46149998903274536,0.03060000017285347,0.13459999859333038,0.13729999959468842,0.029500000178813934,0.09969999641180038,0.28999999165534973,0.11500000208616257,0.00860000029206276,0.39800000190734863,0.06970000267028809,0.24809999763965607,0.829200029373169
Cre13.g573950.t1.1,Cell membrane|Lysosome/Vacuole,Transmembrane domain,Transmembrane,0.10970000177621841,0.041200000792741776,0.032600000500679016,0.5771999955177307,0.026200000196695328,0.03880000114440918,0.33869999647140503,0.6682000160217285,0.28769999742507935,0.01759999990463257,0.04919999837875366,0.920199990272522,0.08049999922513962,0.2142000049352646
Cre13.g574500.t1.1,Plastid,Chloroplast transit peptide,Soluble,0.1251000016927719,0.041600000113248825,0.05380000174045563,0.02370000071823597,0.14790000021457672,0.9740999937057495,0.0215000007301569,0.041999999433755875,0.08449999988079071,0.0044999998062849045,0.5350000262260437,0.09950000047683716,0.14800000190734863,0.6725000143051147
Cre13.g574800.t1.2,Cytoplasm,,Peripheral|Soluble,0.7942000031471252,0.17710000276565552,0.016899999231100082,0.08919999748468399,0.22339999675750732,0.04309999942779541,0.47450000047683716,0.2475000023841858,0.3328000009059906,0.07540000230073929,0.6367999911308289,0.026000000536441803,0.09309999644756317,0.7135999798774719
Cre13.g574800.t2.1,Cytoplasm,,Peripheral|Soluble,0.7942000031471252,0.17710000276565552,0.016899999231100082,0.08919999748468399,0.22339999675750732,0.04309999942779541,0.47450000047683716,0.2475000023841858,0.3328000009059906,0.07540000230073929,0.6367999911308289,0.026000000536441803,0.09309999644756317,0.7135999798774719
Cre13.g574900.t1.2,Cytoplasm,,Transmembrane,0.38659998774528503,0.13040000200271606,0.03530000150203705,0.3959999978542328,0.1882999986410141,0.046300001442432404,0.38350000977516174,0.3098999857902527,0.2888999879360199,0.002300000051036477,0.16979999840259552,0.9890999794006348,0.02630000002682209,0.11620000004768372
Cre13.g576150.t1.1,Plastid,Chloroplast transit peptide,Soluble,0.19269999861717224,0.0934000015258789,0.11259999871253967,0.1145000010728836,0.13840000331401825,0.972599983215332,0.07559999823570251,0.06620000302791595,0.11590000241994858,0.053300000727176666,0.4853000044822693,0.12839999794960022,0.125,0.7766000032424927
Cre13.g576400.t1.2,Plastid,Chloroplast transit peptide,Soluble,0.1720999926328659,0.0754999965429306,0.05860000103712082,0.0364999994635582,0.18019999563694,0.9052000045776367,0.04529999941587448,0.08030000329017639,0.164900004863739,0.005100000184029341,0.5103999972343445,0.08720000088214874,0.19099999964237213,0.7738000154495239
Cre13.g576650.t1.2,Cytoplasm,,Soluble,0.6823999881744385,0.34540000557899475,0.035599999129772186,0.09390000253915787,0.5141000151634216,0.1388999968767166,0.054099999368190765,0.13189999759197235,0.2298000007867813,0.19300000369548798,0.37279999256134033,0.08060000091791153,0.15309999883174896,0.7511000037193298
Cre13.g577100.t1.2,Plastid,Chloroplast transit peptide,Peripheral|Soluble,0.06599999964237213,0.07509999722242355,0.015200000256299973,0.0284000001847744,0.1898999959230423,0.7746000289916992,0.005499999970197678,0.0215000007301569,0.023399999365210533,0.002899999963119626,0.6482999920845032,0.015599999576807022,0.13220000267028809,0.7498999834060669
Cre13.g577450.t1.1,Mitochondrion,Mitochondrial transit peptide,Peripheral,0.30799999833106995,0.09030000120401382,0.09080000221729279,0.13740000128746033,0.7153000235557556,0.23360000550746918,0.1274999976158142,0.13210000097751617,0.08009999990463257,0.029899999499320984,0.6942999958992004,0.49950000643730164,0.07349999994039536,0.3853999972343445
Cre13.g578451.t1.1,Plastid,Chloroplast transit peptide,Soluble,0.24390000104904175,0.0812000036239624,0.02070000022649765,0.03020000085234642,0.3499000072479248,0.92330002784729,0.043299999088048935,0.03929999843239784,0.09929999709129333,0.012400000356137753,0.491100013256073,0.1451999992132187,0.07419999688863754,0.7631000280380249
Cre13.g578750.t1.2,Plastid,Chloroplast transit peptide,Peripheral|Soluble,0.12860000133514404,0.11460000276565552,0.06599999964237213,0.029999999329447746,0.061799999326467514,0.9864000082015991,0.015799999237060547,0.019600000232458115,0.02449999935925007,0.001500000013038516,0.667900025844574,0.05570000037550926,0.17100000381469727,0.6992999911308289
Cre13.g579582.t1.1,Cytoplasm,,Soluble,0.5958999991416931,0.24979999661445618,0.3246999979019165,0.14800000190734863,0.3386000096797943,0.4519999921321869,0.35190001130104065,0.2273000031709671,0.2513999938964844,0.04820000007748604,0.47200000286102295,0.22830000519752502,0.0925000011920929,0.582099974155426
Cre13.g579598.t1.1,Cytoplasm,Nuclear localization signal,Soluble,0.7628999948501587,0.4722000062465668,0.16830000281333923,0.12610000371932983,0.16369999945163727,0.20880000293254852,0.188400000333786,0.2126999944448471,0.14740000665187836,0.05920000001788139,0.3723999857902527,0.094200000166893,0.10989999771118164,0.8147000074386597
Cre13.g579598.t2.1,Cytoplasm,Nuclear localization signal,Soluble,0.7628999948501587,0.4722000062465668,0.16830000281333923,0.12610000371932983,0.16369999945163727,0.20880000293254852,0.188400000333786,0.2126999944448471,0.14740000665187836,0.05920000001788139,0.3723999857902527,0.094200000166893,0.10989999771118164,0.8147000074386597
Cre13.g579734.t1.1,Endoplasmic reticulum,Signal peptide|Transmembrane domain,Transmembrane,0.24150000512599945,0.14650000631809235,0.14329999685287476,0.11969999969005585,0.15629999339580536,0.07029999792575836,0.802299976348877,0.15000000596046448,0.2085999995470047,0.02590000070631504,0.3806000053882599,0.6944000124931335,0.043699998408555984,0.37860000133514404
Cre13.g580700.t1.1,Endoplasmic reticulum,Signal peptide,Soluble,0.1868000030517578,0.05339999869465828,0.5974000096321106,0.13289999961853027,0.06639999896287918,0.10509999841451645,0.6333000063896179,0.23770000040531158,0.2257000058889389,0.021800000220537186,0.325300008058548,0.14229999482631683,0.11289999634027481,0.7559999823570251
Cre13.g581600.t1.2,Mitochondrion,Mitochondrial transit peptide,Peripheral|Soluble,0.22769999504089355,0.05779999867081642,0.12139999866485596,0.07029999792575836,0.9571999907493591,0.014499999582767487,0.04769999906420708,0.03709999844431877,0.1656000018119812,0.002099999925121665,0.8396000266075134,0.12720000743865967,0.11869999766349792,0.5407999753952026
Cre13.g582201.t1.1,Cytoplasm,Nuclear export signal|Peroxisomal targeting signal,Soluble,0.8364999890327454,0.4153999984264374,0.05790000036358833,0.051600001752376556,0.45980000495910645,0.01600000075995922,0.1737000048160553,0.10589999705553055,0.186599999666214,0.5013999938964844,0.4390999972820282,0.1111999973654747,0.21170000731945038,0.7486000061035156
Cre13.g582800.t1.2,Cytoplasm,,Soluble,0.8644999861717224,0.25690001249313354,0.1111999973654747,0.2295999974012375,0.10170000046491623,0.12890000641345978,0.12489999830722809,0.4009999930858612,0.421099990606308,0.08420000225305557,0.5541999936103821,0.06589999794960022,0.22089999914169312,0.8242999911308289
Cre13.g583600.t1.2,Plastid,,Peripheral,0.4499000012874603,0.12600000202655792,0.10869999974966049,0.2168000042438507,0.34929999709129333,0.7835000157356262,0.3716999888420105,0.21240000426769257,0.296099990606308,0.13439999520778656,0.8015000224113464,0.32109999656677246,0.14300000667572021,0.42750000953674316
Cre13.g585301.t1.1,Plastid,Chloroplast transit peptide,Peripheral,0.1940000057220459,0.09880000352859497,0.15109999477863312,0.17520000040531158,0.13179999589920044,0.9666000008583069,0.17749999463558197,0.20100000500679016,0.17229999601840973,0.043699998408555984,0.7781000137329102,0.2678999900817871,0.19179999828338623,0.45890000462532043
Cre13.g585850.t1.2,Cytoplasm|Nucleus,,Soluble,0.7760999798774719,0.5152000188827515,0.07199999690055847,0.08190000057220459,0.0478999987244606,0.00930000003427267,0.13490000367164612,0.1306000053882599,0.13050000369548798,0.1080000028014183,0.3804999887943268,0.029999999329447746,0.10360000282526016,0.8605999946594238
Cre13.g586000.t1.2,Cytoplasm,,Soluble,0.5501000285148621,0.14569999277591705,0.1412999927997589,0.20170000195503235,0.16410000622272491,0.3091999888420105,0.06920000165700912,0.08160000294446945,0.03020000085234642,0.01899999938905239,0.483599990606308,0.17249999940395355,0.0568000003695488,0.7172999978065491
Cre13.g586250.t1.2,Cytoplasm,Peroxisomal targeting signal,Soluble,0.6516000032424927,0.2572999894618988,0.2110999971628189,0.14589999616146088,0.3549000024795532,0.10840000212192535,0.1256999969482422,0.04019999876618385,0.24009999632835388,0.20389999449253082,0.44670000672340393,0.07079999893903732,0.14249999821186066,0.7871000170707703
Cre13.g586550.t1.2,Endoplasmic reticulum,Signal peptide|Transmembrane domain,Peripheral,0.15649999678134918,0.11069999635219574,0.08789999783039093,0.08919999748468399,0.38989999890327454,0.055799998342990875,0.9142000079154968,0.29829999804496765,0.3386000096797943,0.0215000007301569,0.5045999884605408,0.3912000060081482,0.028699999675154686,0.35280001163482666
Cre13.g587100.t1.2,Plastid,Chloroplast transit peptide,Peripheral|Soluble,0.16519999504089355,0.10189999639987946,0.03709999844431877,0.03920000046491623,0.07400000095367432,0.9898999929428101,0.028599999845027924,0.023399999365210533,0.11110000312328339,0.004399999976158142,0.628600001335144,0.2125999927520752,0.08150000125169754,0.6947000026702881
Cre13.g588150.t1.2,Cytoplasm,Nuclear localization signal,Soluble,0.6514000296592712,0.4973999857902527,0.12300000339746475,0.12349999696016312,0.06270000338554382,0.03009999915957451,0.09839999675750732,0.16349999606609344,0.17900000512599945,0.026000000536441803,0.3537999987602234,0.09719999879598618,0.1412999927997589,0.804099977016449
Cre13.g590300.t1.1,Mitochondrion,,Transmembrane,0.27649998664855957,0.2240000069141388,0.13130000233650208,0.14429999887943268,0.5223000049591064,0.39070001244544983,0.20669999718666077,0.13099999725818634,0.1454000025987625,0.17110000550746918,0.47760000824928284,0.8932999968528748,0.219200000166893,0.15289999544620514
Cre13.g590500.t1.1,Plastid,Chloroplast transit peptide,Transmembrane,0.1168999969959259,0.07959999889135361,0.0203000009059906,0.04569999873638153,0.13279999792575836,0.9570000171661377,0.08669999986886978,0.02979999966919422,0.06310000270605087,0.00139999995008111,0.41359999775886536,0.8708999752998352,0.031199999153614044,0.2328999936580658
Cre13.g590550.t1.1,Cytoplasm,,Soluble,0.6585000157356262,0.3138999938964844,0.18140000104904175,0.12439999729394913,0.2079000025987625,0.10360000282526016,0.05860000103712082,0.0885000005364418,0.13670000433921814,0.03819999843835831,0.22869999706745148,0.17890000343322754,0.16439999639987946,0.7419999837875366
Cre13.g591400.t1.1,Cytoplasm,,Soluble,0.6466000080108643,0.32030001282691956,0.054999999701976776,0.131400004029274,0.0794999971985817,0.13860000669956207,0.10350000113248825,0.2029999941587448,0.10649999976158142,0.026399999856948853,0.3555999994277954,0.21199999749660492,0.149399995803833,0.6901000142097473
Cre13.g591900.t1.2,Cytoplasm|Lysosome/Vacuole,,Lipid anchor|Soluble,0.5101000070571899,0.1891999989748001,0.48410001397132874,0.29170000553131104,0.19709999859333038,0.026200000196695328,0.04800000041723251,0.6087999939918518,0.40959998965263367,0.011500000022351742,0.4819999933242798,0.08550000190734863,0.9631999731063843,0.5701000094413757
Cre13.g592050.t1.2,Endoplasmic reticulum,Signal peptide,Transmembrane,0.22100000083446503,0.1354999989271164,0.3075000047683716,0.09059999883174896,0.33959999680519104,0.039900001138448715,0.8709999918937683,0.4083000123500824,0.3977000117301941,0.03420000150799751,0.3427000045776367,0.5113999843597412,0.0681999996304512,0.4634000062942505
Cre13.g592200.t1.2,Plastid,Chloroplast transit peptide,Soluble,0.22179999947547913,0.08219999819993973,0.026799999177455902,0.05380000174045563,0.20020000636577606,0.9490000009536743,0.08730000257492065,0.07020000368356705,0.06780000030994415,0.017899999395012856,0.5978000164031982,0.10170000046491623,0.03530000150203705,0.7835999727249146
Cre13.g592500.t1.1,Cytoplasm,Peroxisomal targeting signal,Soluble,0.7092999815940857,0.12929999828338623,0.14069999754428864,0.12030000239610672,0.10249999910593033,0.08420000225305557,0.11760000139474869,0.15880000591278076,0.0835999995470047,0.16830000281333923,0.34439998865127563,0.08529999852180481,0.11580000072717667,0.802299976348877
Cre13.g602350.t1.2,Plastid,Chloroplast transit peptide,Soluble,0.15610000491142273,0.10660000145435333,0.03060000017285347,0.017100000753998756,0.1404999941587448,0.9797000288963318,0.012600000016391277,0.026100000366568565,0.03720000013709068,0.002300000051036477,0.4106000065803528,0.057999998331069946,0.04960000142455101,0.8270000219345093
Cre13.g603900.t1.2,Cytoplasm|Nucleus,Nuclear localization signal|Nuclear export signal,Soluble,0.6603999733924866,0.5139999985694885,0.05260000005364418,0.053300000727176666,0.2313999980688095,0.02630000002682209,0.18330000340938568,0.1923999935388565,0.12110000103712082,0.0066999997943639755,0.34380000829696655,0.09099999815225601,0.08020000159740448,0.842199981212616
Cre13.g604700.t1.1,Mitochondrion,Mitochondrial transit peptide,Transmembrane,0.14800000190734863,0.04830000177025795,0.08619999885559082,0.06120000034570694,0.8438000082969666,0.4108000099658966,0.03799999877810478,0.030300000682473183,0.09239999949932098,0.0284000001847744,0.22920000553131104,0.9703999757766724,0.022600000724196434,0.08879999816417694
Cre13.g605100.t1.2,Cytoplasm,,Soluble,0.5501999855041504,0.26350000500679016,0.08269999921321869,0.2606000006198883,0.06159999966621399,0.09130000323057175,0.06289999932050705,0.16259999573230743,0.05270000174641609,0.013500000350177288,0.4738999903202057,0.1965000033378601,0.1451999992132187,0.7247999906539917
Cre13.g606050.t1.2,Plastid,Chloroplast transit peptide,Soluble,0.15199999511241913,0.052799999713897705,0.07930000126361847,0.05249999836087227,0.34130001068115234,0.8885999917984009,0.027000000700354576,0.024900000542402267,0.021800000220537186,0.010499999858438969,0.42640000581741333,0.11410000175237656,0.09319999814033508,0.7918999791145325
Cre13.g607000.t1.2,Cytoplasm,,Soluble,0.5738000273704529,0.24469999969005585,0.13369999825954437,0.125900000333786,0.09059999883174896,0.22259999811649323,0.052299998700618744,0.14470000565052032,0.052000001072883606,0.016100000590085983,0.32580000162124634,0.14429999887943268,0.07419999688863754,0.7864999771118164
Cre13.g607050.t1.2,Plastid,,Soluble,0.27799999713897705,0.0722000002861023,0.08349999785423279,0.07689999788999557,0.5400000214576721,0.7748000025749207,0.016200000420212746,0.031700000166893005,0.04179999977350235,0.00800000037997961,0.49000000953674316,0.09200000017881393,0.06909999996423721,0.7530999779701233
Cre13.g607100.t1.2,Cell membrane,Signal peptide|Transmembrane domain,Transmembrane,0.2709999978542328,0.094200000166893,0.12960000336170197,0.7752000093460083,0.05550000071525574,0.06729999929666519,0.08940000087022781,0.2224999964237213,0.09570000320672989,0.026599999517202377,0.27480000257492065,0.940500020980835,0.1526000052690506,0.14069999754428864
Cre13.g607350.t1.2,Cytoplasm,Nuclear localization signal,Soluble,0.7330999970436096,0.32690000534057617,0.07010000199079514,0.2101999968290329,0.10209999978542328,0.0284000001847744,0.18700000643730164,0.35740000009536743,0.0778999999165535,0.00989999994635582,0.5026000142097473,0.058400001376867294,0.33000001311302185,0.8112000226974487
Cre13.g607450.t1.1,Cytoplasm,Peroxisomal targeting signal,Soluble,0.72079998254776,0.1266999989748001,0.11169999837875366,0.1881999969482422,0.15710000693798065,0.12800000607967377,0.17059999704360962,0.20999999344348907,0.1273999959230423,0.23479999601840973,0.43849998712539673,0.10480000078678131,0.1492999941110611,0.7849000096321106
Cre13.g607600.t1.1,Plastid,Chloroplast transit peptide,Soluble,0.25,0.05829999968409538,0.13840000331401825,0.12700000405311584,0.3269999921321869,0.9890999794006348,0.039900001138448715,0.04089999943971634,0.10809999704360962,0.07829999923706055,0.3946000039577484,0.2596000134944916,0.09529999643564224,0.7182999849319458
Cre14.g608800.t1.2,Plastid,Chloroplast transit peptide,Peripheral,0.11379999667406082,0.11959999799728394,0.035599999129772186,0.03750000149011612,0.06710000336170197,0.9908999800682068,0.013899999670684338,0.013500000350177288,0.03790000081062317,0.004399999976158142,0.8422999978065491,0.3625999987125397,0.16050000488758087,0.25999999046325684
Cre14.g611300.t1.1,Cell membrane,Signal peptide|Transmembrane domain,Transmembrane,0.2222999930381775,0.14100000262260437,0.1316000074148178,0.35850000381469727,0.09220000356435776,0.014399999752640724,0.31949999928474426,0.322299987077713,0.32339999079704285,0.006800000090152025,0.11509999632835388,0.9610999822616577,0.0640999972820282,0.1712999939918518
Cre14.g611552.t1.1,Extracellular,Signal peptide,Soluble,0.1859000027179718,0.039400000125169754,0.6366000175476074,0.12690000236034393,0.025100000202655792,0.13019999861717224,0.31709998846054077,0.39649999141693115,0.3025999963283539,0.01209999993443489,0.3935999870300293,0.07699999958276749,0.12030000239610672,0.7648000121116638
Cre14.g614100.t1.2,Endoplasmic reticulum,Signal peptide,Transmembrane,0.12680000066757202,0.07930000126361847,0.15379999577999115,0.09589999914169312,0.031199999153614044,0.018200000748038292,0.8162999749183655,0.4578999876976013,0.5206999778747559,0.0019000000320374966,0.20900000631809235,0.9247000217437744,0.08550000190734863,0.12720000743865967
Cre14.g614300.t1.2,Cytoplasm,Nuclear localization signal,Soluble,0.6883999705314636,0.4300999939441681,0.041999999433755875,0.09109999984502792,0.09679999947547913,0.07649999856948853,0.10939999669790268,0.22849999368190765,0.09989999979734421,0.002899999963119626,0.4007999897003174,0.041099999099969864,0.14900000393390656,0.8438000082969666
Cre14.g614900.t1.2,Cytoplasm,Nuclear localization signal,Soluble,0.7843000292778015,0.2574999928474426,0.03999999910593033,0.10189999639987946,0.094200000166893,0.016499999910593033,0.12770000100135803,0.2513999938964844,0.3384999930858612,0.013899999670684338,0.2011999934911728,0.06859999895095825,0.10909999907016754,0.8651999831199646
Cre14.g614900.t2.1,Cytoplasm,Nuclear localization signal,Soluble,0.7843000292778015,0.2574999928474426,0.03999999910593033,0.10189999639987946,0.094200000166893,0.016499999910593033,0.12770000100135803,0.2513999938964844,0.3384999930858612,0.013899999670684338,0.2011999934911728,0.06859999895095825,0.10909999907016754,0.8651999831199646
Cre14.g615050.t1.2,Endoplasmic reticulum,,Transmembrane,0.1137000024318695,0.22370000183582306,0.09489999711513519,0.2685999870300293,0.36489999294281006,0.08250000327825546,0.8248000144958496,0.37869998812675476,0.39959999918937683,0.017500000074505806,0.19779999554157257,0.9329000115394592,0.021700000390410423,0.12139999866485596
Cre14.g615550.t1.1,Extracellular,Signal peptide,Soluble,0.13899999856948853,0.07580000162124634,0.7160999774932861,0.14669999480247498,0.02370000071823597,0.20730000734329224,0.24420000612735748,0.3003000020980835,0.27720001339912415,0.020999999716877937,0.3190999925136566,0.27079999446868896,0.33149999380111694,0.6654000282287598
Cre14.g615900.t1.1,Lysosome/Vacuole,,Transmembrane,0.2644999921321869,0.07880000025033951,0.15000000596046448,0.3598000109195709,0.12020000070333481,0.08990000188350677,0.19529999792575836,0.5756000280380249,0.3237000107765198,0.09279999881982803,0.21389999985694885,0.9677000045776367,0.03530000150203705,0.1370999962091446
Cre14.g616900.t1.2,Endoplasmic reticulum,Transmembrane domain,Transmembrane,0.1354999989271164,0.12780000269412994,0.08190000057220459,0.38769999146461487,0.17579999566078186,0.004800000227987766,0.589900016784668,0.390500009059906,0.3450999855995178,0.0015999999595806003,0.1096000000834465,0.978600025177002,0.1145000010728836,0.11429999768733978
Cre14.g617150.t1.1,Endoplasmic reticulum,Signal peptide|Transmembrane domain,Transmembrane,0.12160000205039978,0.04650000110268593,0.03530000150203705,0.3319999873638153,0.11990000307559967,0.07270000129938126,0.727400004863739,0.07519999891519547,0.15240000188350677,0.01600000075995922,0.09200000017881393,0.9890999794006348,0.026100000366568565,0.10840000212192535
Cre14.g617650.t1.1,Cell membrane,Transmembrane domain,Transmembrane,0.30559998750686646,0.13009999692440033,0.08370000123977661,0.6380000114440918,0.04749999940395355,0.04879999905824661,0.2524000108242035,0.3075000047683716,0.23260000348091125,0.00430000014603138,0.18860000371932983,0.8679999709129333,0.41100001335144043,0.22050000727176666
Cre14.g617700.t1.1,Cell membrane,Signal peptide|Transmembrane domain,Transmembrane,0.39410001039505005,0.0940999984741211,0.059700001031160355,0.7631000280380249,0.03849999979138374,0.05590000003576279,0.11869999766349792,0.384799987077713,0.22660000622272491,0.011300000362098217,0.19290000200271606,0.7093999981880188,0.32280001044273376,0.3000999987125397
Cre14.g619133.t1.1,Mitochondrion,Mitochondrial transit peptide,Peripheral|Soluble,0.163100004196167,0.1688999980688095,0.01730000041425228,0.11980000138282776,0.9110000133514404,0.03620000183582306,0.08969999849796295,0.062199998646974564,0.058400001376867294,0.010499999858438969,0.6873999834060669,0.10050000250339508,0.11559999734163284,0.6988000273704529
Cre14.g620300.t1.2,Plastid,Chloroplast transit peptide,Soluble,0.16099999845027924,0.09560000151395798,0.017500000074505806,0.029899999499320984,0.16619999706745148,0.9610999822616577,0.008899999782443047,0.030300000682473183,0.019600000232458115,0.006800000090152025,0.45019999146461487,0.09839999675750732,0.05920000001788139,0.8342000246047974
Cre14.g620350.t1.2,Plastid,Chloroplast transit peptide,Soluble,0.1851000040769577,0.11789999902248383,0.035999998450279236,0.03460000082850456,0.1324000060558319,0.9754999876022339,0.023600000888109207,0.021800000220537186,0.04529999941587448,0.017899999395012856,0.24469999969005585,0.08780000358819962,0.06920000165700912,0.8593999743461609
Cre14.g621351.t1.1,Cytoplasm,,Transmembrane,0.38589999079704285,0.1388999968767166,0.07320000231266022,0.1931000053882599,0.19920000433921814,0.4943999946117401,0.1695999950170517,0.11739999800920486,0.06270000338554382,0.014399999752640724,0.4514000117778778,0.6370000243186951,0.08489999920129776,0.47369998693466187
Cre14.g621650.t1.1,Plastid,Chloroplast transit peptide,Soluble,0.11540000140666962,0.09880000352859497,0.020099999383091927,0.028999999165534973,0.3264999985694885,0.8378000259399414,0.008100000210106373,0.02889999933540821,0.027300000190734863,0.00419999985024333,0.5612000226974487,0.04430000111460686,0.0940999984741211,0.7774999737739563
Cre14.g621751.t1.1,Cytoplasm,,Peripheral,0.49160000681877136,0.16979999840259552,0.21449999511241913,0.16779999434947968,0.2061000019311905,0.15449999272823334,0.1712999939918518,0.07989999651908875,0.09910000115633011,0.039500001817941666,0.5665000081062317,0.4586000144481659,0.1615999937057495,0.4431000053882599
Cre14.g622700.t1.2,Golgi apparatus,Transmembrane domain,Transmembrane,0.11150000244379044,0.09480000287294388,0.0908999964594841,0.19679999351501465,0.17820000648498535,0.2784999907016754,0.2865999937057495,0.4553999900817871,0.8586000204086304,0.08550000190734863,0.11330000311136246,0.9724000096321106,0.03819999843835831,0.0989999994635582
Cre14.g625450.t1.2,Plastid,,Peripheral|Transmembrane,0.11810000240802765,0.08839999884366989,0.05559999868273735,0.04989999905228615,0.11640000343322754,0.9643999934196472,0.11330000311136246,0.07580000162124634,0.09520000219345093,0.09549999982118607,0.7529000043869019,0.7135000228881836,0.08290000259876251,0.19449999928474426
Cre14.g625450.t2.1,Plastid,,Peripheral|Transmembrane,0.11810000240802765,0.08839999884366989,0.05559999868273735,0.04989999905228615,0.11640000343322754,0.9643999934196472,0.11330000311136246,0.07580000162124634,0.09520000219345093,0.09549999982118607,0.7529000043869019,0.7135000228881836,0.08290000259876251,0.19449999928474426
Cre14.g626900.t1.2,Cytoplasm,Nuclear localization signal,Soluble,0.694599986076355,0.43790000677108765,0.09529999643564224,0.12290000170469284,0.23669999837875366,0.017000000923871994,0.15970000624656677,0.1136000007390976,0.14910000562667847,0.0044999998062849045,0.2345999926328659,0.1923999935388565,0.07240000367164612,0.8012999892234802
Cre14.g626950.t1.1,Cytoplasm,,Soluble,0.6150000095367432,0.2816999852657318,0.2321999967098236,0.17579999566078186,0.20260000228881836,0.17409999668598175,0.054999999701976776,0.15970000624656677,0.07370000332593918,0.11429999768733978,0.25290000438690186,0.18029999732971191,0.09319999814033508,0.7620999813079834
Cre14.g627850.t1.2,Plastid,Chloroplast transit peptide,Soluble,0.19750000536441803,0.08479999750852585,0.09529999643564224,0.03460000082850456,0.19539999961853027,0.9704999923706055,0.022299999371170998,0.03579999879002571,0.03460000082850456,0.004800000227987766,0.5874999761581421,0.06040000170469284,0.1054999977350235,0.7160999774932861
Cre14.g628650.t1.2,Cytoplasm,,Peripheral,0.4007999897003174,0.10970000177621841,0.20589999854564667,0.4641999900341034,0.25130000710487366,0.2919999957084656,0.08760000020265579,0.1331000030040741,0.07150000333786011,0.09369999915361404,0.6115000247955322,0.4300000071525574,0.3203999996185303,0.4968000054359436
Cre14.g628850.t1.1,Cytoplasm,,Soluble,0.4731999933719635,0.3546000123023987,0.06449999660253525,0.4372999966144562,0.04670000076293945,0.1754000037908554,0.04470000043511391,0.17080000042915344,0.039000000804662704,0.045899998396635056,0.42969998717308044,0.31299999356269836,0.16599999368190765,0.6344000101089478
Cre14.g629700.t1.1,Mitochondrion,Mitochondrial transit peptide,Soluble,0.26660001277923584,0.09870000183582306,0.054099999368190765,0.050999999046325684,0.822700023651123,0.16590000689029694,0.02250000089406967,0.05429999902844429,0.08330000191926956,0.07349999994039536,0.5224999785423279,0.121799997985363,0.12999999523162842,0.7455999851226807
Cre14.g629750.t1.1,Peroxisome,Peroxisomal targeting signal,Soluble,0.3231000006198883,0.04039999842643738,0.07970000058412552,0.11420000344514847,0.09359999746084213,0.010099999606609344,0.04390000179409981,0.10419999808073044,0.10109999775886536,0.9876000285148621,0.5656999945640564,0.08470000326633453,0.19059999287128448,0.746999979019165
Cre14.g629750.t2.1,Peroxisome,Peroxisomal targeting signal,Soluble,0.3231000006198883,0.04039999842643738,0.07970000058412552,0.11420000344514847,0.09359999746084213,0.010099999606609344,0.04390000179409981,0.10419999808073044,0.10109999775886536,0.9876000285148621,0.5656999945640564,0.08470000326633453,0.19059999287128448,0.746999979019165
Cre14.g629920.t1.1,Cell membrane,Transmembrane domain,Transmembrane,0.37700000405311584,0.045499999076128006,0.06279999762773514,0.5522000193595886,0.2257000058889389,0.04309999942779541,0.31189998984336853,0.39149999618530273,0.2766000032424927,0.0026000000070780516,0.0820000022649765,0.9556999802589417,0.0778999999165535,0.1818999946117401
Cre14.g630400.t1.2,Cytoplasm,Peroxisomal targeting signal,Soluble,0.8201000094413757,0.14110000431537628,0.15070000290870667,0.0835999995470047,0.20190000534057617,0.2913999855518341,0.1370999962091446,0.2554999887943268,0.07609999924898148,0.03830000013113022,0.47909998893737793,0.07840000092983246,0.09669999778270721,0.7940000295639038
Cre14.g630847.t1.1,Plastid,Chloroplast transit peptide,Soluble,0.17659999430179596,0.0885000005364418,0.03359999880194664,0.03290000185370445,0.121799997985363,0.9812999963760376,0.017799999564886093,0.019300000742077827,0.04569999873638153,0.0015999999595806003,0.5475999712944031,0.03689999878406525,0.14480000734329224,0.7638000249862671
Cre14.g630859.t1.1,Mitochondrion,Mitochondrial transit peptide,Soluble,0.12489999830722809,0.02889999933540821,0.0803999975323677,0.09449999779462814,0.7648000121116638,0.5892000198364258,0.023499999195337296,0.08229999989271164,0.04960000142455101,0.016200000420212746,0.5185999870300293,0.17710000276565552,0.11509999632835388,0.6815000176429749
Cre14.g630883.t1.1,Plastid,Chloroplast transit peptide,Soluble,0.28380000591278076,0.1421000063419342,0.05380000174045563,0.0820000022649765,0.0949999988079071,0.9623000025749207,0.032600000500679016,0.03180000185966492,0.04430000111460686,0.025100000202655792,0.48980000615119934,0.13840000331401825,0.06759999692440033,0.707099974155426
Cre15.g635850.t1.2,Mitochondrion,Mitochondrial transit peptide,Peripheral|Soluble,0.08810000121593475,0.05040000006556511,0.0608999989926815,0.07940000295639038,0.7249000072479248,0.09749999642372131,0.04780000075697899,0.029500000178813934,0.04740000143647194,0.006899999920278788,0.7290999889373779,0.05000000074505806,0.1826000064611435,0.5817999839782715
Cre15.g635850.t2.1,Mitochondrion,Mitochondrial transit peptide,Peripheral|Soluble,0.08810000121593475,0.05040000006556511,0.0608999989926815,0.07940000295639038,0.7249000072479248,0.09749999642372131,0.04780000075697899,0.029500000178813934,0.04740000143647194,0.006899999920278788,0.7290999889373779,0.05000000074505806,0.1826000064611435,0.5817999839782715
Cre15.g637761.t1.2,Mitochondrion,Peroxisomal targeting signal,Transmembrane,0.13410000503063202,0.12349999696016312,0.06030000001192093,0.10760000348091125,0.6855000257492065,0.07850000262260437,0.2596000134944916,0.07349999994039536,0.04430000111460686,0.7164000272750854,0.3427000045776367,0.9772999882698059,0.05590000003576279,0.1151999980211258
Cre15.g637761.t2.1,Mitochondrion,Peroxisomal targeting signal,Transmembrane,0.13410000503063202,0.12349999696016312,0.06030000001192093,0.10760000348091125,0.6855000257492065,0.07850000262260437,0.2596000134944916,0.07349999994039536,0.04430000111460686,0.7164000272750854,0.3427000045776367,0.9772999882698059,0.05590000003576279,0.1151999980211258
Cre15.g637761.t3.1,Mitochondrion,Peroxisomal targeting signal,Transmembrane,0.13410000503063202,0.12349999696016312,0.06030000001192093,0.10760000348091125,0.6855000257492065,0.07850000262260437,0.2596000134944916,0.07349999994039536,0.04430000111460686,0.7164000272750854,0.3427000045776367,0.9772999882698059,0.05590000003576279,0.1151999980211258
Cre15.g638500.t1.2,Mitochondrion,Mitochondrial transit peptide,Transmembrane,0.16920000314712524,0.053700000047683716,0.01360000018030405,0.06069999933242798,0.8877000212669373,0.06610000133514404,0.10499999672174454,0.0625,0.12559999525547028,0.008100000210106373,0.46939998865127563,0.7318999767303467,0.05559999868273735,0.22509999573230743
Cre15.g643385.t1.1,Lysosome/Vacuole|Golgi apparatus,,Transmembrane,0.09950000047683716,0.08959999680519104,0.06419999897480011,0.16300000250339508,0.156700000166893,0.06790000200271606,0.22059999406337738,0.6243000030517578,0.7842000126838684,0.40619999170303345,0.1216999962925911,0.9484000205993652,0.09399999678134918,0.11810000240802765
Cre15.g643550.t1.2,Cytoplasm|Nucleus,Nuclear export signal,Soluble,0.7402999997138977,0.5090000033378601,0.05950000137090683,0.14100000262260437,0.335099995136261,0.12129999697208405,0.08100000023841858,0.10670000314712524,0.06480000168085098,0.13439999520778656,0.43059998750686646,0.02199999988079071,0.4043999910354614,0.7720999717712402
Cre16.g648350.t1.1,Mitochondrion,Mitochondrial transit peptide,Peripheral|Soluble,0.2513999938964844,0.046300001442432404,0.09059999883174896,0.11180000007152557,0.7559000253677368,0.5788999795913696,0.057999998331069946,0.046799998730421066,0.17030000686645508,0.06239999830722809,0.6074000000953674,0.26339998841285706,0.16920000314712524,0.5217000246047974
Cre16.g648850.t1.2,Plastid,,Soluble,0.27709999680519104,0.11389999836683273,0.15710000693798065,0.08219999819993973,0.5087000131607056,0.7141000032424927,0.01600000075995922,0.0406000018119812,0.09640000015497208,0.008899999782443047,0.3797000050544739,0.09929999709129333,0.06019999831914902,0.8101000189781189
Cre16.g649050.t1.1,Cytoplasm|Cell membrane,,Peripheral|Soluble,0.5769000053405762,0.1378999948501587,0.08900000154972076,0.5695000290870667,0.09109999984502792,0.057100001722574234,0.17749999463558197,0.38839998841285706,0.25369998812675476,0.031599998474121094,0.7382000088691711,0.1395999938249588,0.4041000008583069,0.6367999911308289
Cre16.g649050.t2.1,Cytoplasm|Cell membrane,,Peripheral|Soluble,0.5769000053405762,0.1378999948501587,0.08900000154972076,0.5695000290870667,0.09109999984502792,0.057100001722574234,0.17749999463558197,0.38839998841285706,0.25369998812675476,0.031599998474121094,0.7382000088691711,0.1395999938249588,0.4041000008583069,0.6367999911308289
Cre16.g650100.t1.2,Plastid,Chloroplast transit peptide,Transmembrane,0.07750000059604645,0.10459999740123749,0.041600000113248825,0.026000000536441803,0.29159998893737793,0.8895999789237976,0.015300000086426735,0.008200000040233135,0.02290000021457672,0.0010000000474974513,0.16609999537467957,0.960099995136261,0.051500000059604645,0.13199999928474426
Cre16.g650550.t1.2,Cytoplasm,Nuclear export signal|Peroxisomal targeting signal,Soluble,0.7299000024795532,0.49470001459121704,0.09679999947547913,0.11389999836683273,0.5967000126838684,0.20059999823570251,0.17990000545978546,0.12160000205039978,0.1729000061750412,0.3725000023841858,0.5512999892234802,0.015599999576807022,0.19099999964237213,0.7770000100135803
Cre16.g650550.t2.1,Cytoplasm,Nuclear export signal|Peroxisomal targeting signal,Soluble,0.7299000024795532,0.49470001459121704,0.09679999947547913,0.11389999836683273,0.5967000126838684,0.20059999823570251,0.17990000545978546,0.12160000205039978,0.1729000061750412,0.3725000023841858,0.5512999892234802,0.015599999576807022,0.19099999964237213,0.7770000100135803
Cre16.g650650.t1.1,Cytoplasm,Peroxisomal targeting signal,Soluble,0.6108999848365784,0.20990000665187836,0.1973000019788742,0.16300000250339508,0.21960000693798065,0.1574999988079071,0.08820000290870667,0.09910000115633011,0.06970000267028809,0.5728999972343445,0.3716999888420105,0.15330000221729279,0.10660000145435333,0.758899986743927
Cre16.g651650.t1.1,Plastid,Chloroplast transit peptide,Soluble,0.46790000796318054,0.3700000047683716,0.12080000340938568,0.2079000025987625,0.44600000977516174,0.6484000086784363,0.09030000120401382,0.08659999817609787,0.025699999183416367,0.11050000041723251,0.42309999465942383,0.28600001335144043,0.16130000352859497,0.6722999811172485
Cre16.g651750.t1.2,Cytoplasm,Nuclear localization signal,Soluble,0.7749999761581421,0.24809999763965607,0.05909999832510948,0.16609999537467957,0.20960000157356262,0.019300000742077827,0.1088000014424324,0.13330000638961792,0.147599995136261,0.006800000090152025,0.40220001339912415,0.22679999470710754,0.03849999979138374,0.7448999881744385
Cre16.g651900.t1.1,Plastid,Chloroplast transit peptide,Soluble,0.20659999549388885,0.1535000056028366,0.08640000224113464,0.08739999681711197,0.1251000016927719,0.8676999807357788,0.023800000548362732,0.021700000390410423,0.03790000081062317,0.007499999832361937,0.2939000129699707,0.31060001254081726,0.06499999761581421,0.6452000141143799
Cre16.g651923.t1.2,Plastid,Chloroplast transit peptide,Peripheral,0.22169999778270721,0.06459999829530716,0.03229999914765358,0.042100001126527786,0.0908999964594841,0.9836999773979187,0.08579999953508377,0.05460000038146973,0.1264999955892563,0.023900000378489494,0.7626000046730042,0.2393999993801117,0.1923999935388565,0.4537999927997589
Cre16.g652050.t1.2,Plastid,Chloroplast transit peptide,Soluble,0.24279999732971191,0.06809999793767929,0.06430000066757202,0.04919999837875366,0.17520000040531158,0.9689000248908997,0.027899999171495438,0.03840000182390213,0.03009999915957451,0.0019000000320374966,0.5983999967575073,0.33869999647140503,0.04910000041127205,0.49810001254081726
Cre16.g652150.t1.2,Cytoplasm,,Soluble,0.6466000080108643,0.20999999344348907,0.06199999898672104,0.23100000619888306,0.093299999833107,0.0869000032544136,0.14910000562667847,0.15700000524520874,0.08889999985694885,0.04360000044107437,0.4300999939441681,0.17900000512599945,0.16599999368190765,0.7114999890327454
Cre16.g652850.t1.2,Endoplasmic reticulum,Signal peptide|Transmembrane domain,Transmembrane,0.20829999446868896,0.18569999933242798,0.09769999980926514,0.20589999854564667,0.42660000920295715,0.10480000078678131,0.8611000180244446,0.38100001215934753,0.4528000056743622,0.017400000244379044,0.49570000171661377,0.8353000283241272,0.22040000557899475,0.1784999966621399
Cre16.g654300.t1.2,Cytoplasm,,Soluble,0.8546000123023987,0.09149999916553497,0.18379999697208405,0.15139999985694885,0.04580000042915344,0.005499999970197678,0.08049999922513962,0.23960000276565552,0.2937000095844269,0.005100000184029341,0.519599974155426,0.04800000041723251,0.16130000352859497,0.824400007724762
Cre16.g656300.t1.1,Cytoplasm,,Soluble,0.6425999999046326,0.25940001010894775,0.16740000247955322,0.32659998536109924,0.29269999265670776,0.06300000101327896,0.053599998354911804,0.065700002014637,0.0940999984741211,0.08799999952316284,0.49410000443458557,0.0649000033736229,0.3598000109195709,0.763700008392334
Cre16.g656400.t1.2,Plastid,Chloroplast transit peptide,Peripheral|Soluble,0.13779999315738678,0.131400004029274,0.030400000512599945,0.029200000688433647,0.07419999688863754,0.9861999750137329,0.014299999922513962,0.016599999740719795,0.033799998462200165,0.0015999999595806003,0.6887999773025513,0.02759999968111515,0.18170000612735748,0.8147000074386597
Cre16.g656500.t1.1,Lysosome/Vacuole,Signal peptide|Transmembrane domain,Transmembrane,0.16189999878406525,0.08060000091791153,0.028599999845027924,0.4693000018596649,0.061799999326467514,0.015599999576807022,0.47589999437332153,0.7175999879837036,0.5598000288009644,0.00419999985024333,0.13689999282360077,0.9695000052452087,0.04769999906420708,0.11999999731779099
Cre16.g656500.t2.1,Lysosome/Vacuole,Signal peptide|Transmembrane domain,Transmembrane,0.16189999878406525,0.08060000091791153,0.028599999845027924,0.4693000018596649,0.061799999326467514,0.015599999576807022,0.47589999437332153,0.7175999879837036,0.5598000288009644,0.00419999985024333,0.13689999282360077,0.9695000052452087,0.04769999906420708,0.11999999731779099
Cre16.g657300.t1.2,Endoplasmic reticulum,Transmembrane domain,Transmembrane,0.18459999561309814,0.042100001126527786,0.04600000008940697,0.2619999945163727,0.3855000138282776,0.0835999995470047,0.7459999918937683,0.21660000085830688,0.3822999894618988,0.025499999523162842,0.08420000225305557,0.9944000244140625,0.03759999945759773,0.07779999822378159
Cre16.g658075.t1.1,Cytoplasm,,Soluble,0.6998999714851379,0.29660001397132874,0.11729999631643295,0.05730000138282776,0.25589999556541443,0.02669999934732914,0.057100001722574234,0.07270000129938126,0.05950000137090683,0.03350000083446503,0.27320000529289246,0.16740000247955322,0.0575999990105629,0.7533000111579895
Cre16.g658400.t1.2,Plastid,Chloroplast transit peptide,Peripheral|Soluble,0.13189999759197235,0.0340999998152256,0.03319999948143959,0.02280000038444996,0.23229999840259552,0.9074000120162964,0.006899999920278788,0.025499999523162842,0.04619999974966049,0.017000000923871994,0.6841999888420105,0.03319999948143959,0.06960000097751617,0.7192999720573425
Cre16.g659200.t1.1,Plastid,,Peripheral|Soluble,0.2329999953508377,0.05860000103712082,0.08309999853372574,0.08820000290870667,0.3815000057220459,0.4903999865055084,0.01979999989271164,0.02710000053048134,0.020600000396370888,0.007000000216066837,0.7559999823570251,0.195700004696846,0.12300000339746475,0.5151000022888184
Cre16.g659250.t1.2,Cytoplasm,Peroxisomal targeting signal,Peripheral,0.5485000014305115,0.19830000400543213,0.009100000374019146,0.35920000076293945,0.3582000136375427,0.01640000008046627,0.3093999922275543,0.4372999966144562,0.4196000099182129,0.0892999991774559,0.625,0.22169999778270721,0.5882999897003174,0.3781999945640564
Cre16.g659300.t1.1,Lysosome/Vacuole,Peroxisomal targeting signal,Peripheral|Soluble,0.385699987411499,0.24040000140666962,0.031199999153614044,0.28780001401901245,0.508400022983551,0.052799999713897705,0.23600000143051147,0.5443999767303467,0.47029998898506165,0.2272000014781952,0.6177999973297119,0.05719999969005585,0.5289000272750854,0.522599995136261
Cre16.g659350.t1.2,Endoplasmic reticulum,Signal peptide|Transmembrane domain,Transmembrane,0.08990000188350677,0.08399999886751175,0.019300000742077827,0.2207999974489212,0.4505000114440918,0.0674000009894371,0.8804000020027161,0.23829999566078186,0.3977999985218048,0.25209999084472656,0.16840000450611115,0.82669997215271,0.10260000079870224,0.18379999697208405
Cre16.g659850.t1.2,Mitochondrion,,Peripheral|Soluble,0.164900004863739,0.042500000447034836,0.09969999641180038,0.07569999992847443,0.8978000283241272,0.446399986743927,0.017400000244379044,0.04259999841451645,0.043800000101327896,0.038600001484155655,0.6287000179290771,0.1673000007867813,0.05849999934434891,0.6905999779701233
Cre16.g662350.t1.1,Cytoplasm,,Soluble,0.5169000029563904,0.3702000081539154,0.08720000088214874,0.2694000005722046,0.05130000039935112,0.16609999537467957,0.032499998807907104,0.19550000131130219,0.03220000118017197,0.005499999970197678,0.2696000039577484,0.2599000036716461,0.08190000057220459,0.7257999777793884
Cre16.g663100.t1.1,Endoplasmic reticulum,Signal peptide|Transmembrane domain,Transmembrane,0.0723000019788742,0.13300000131130219,0.03849999979138374,0.21469999849796295,0.15950000286102295,0.044599998742341995,0.8755999803543091,0.1996999979019165,0.42399999499320984,0.005900000222027302,0.14949999749660492,0.9764999747276306,0.03229999914765358,0.1031000018119812
Cre16.g663850.t1.1,Cytoplasm|Plastid,Chloroplast transit peptide,Soluble,0.5523999929428101,0.1673000007867813,0.14399999380111694,0.08980000019073486,0.3513000011444092,0.7264999747276306,0.14079999923706055,0.09489999711513519,0.09070000052452087,0.02810000069439411,0.5396999716758728,0.08919999748468399,0.10819999873638153,0.7835000157356262
Cre16.g663900.t1.2,Plastid,Chloroplast transit peptide,Soluble,0.15600000321865082,0.08940000087022781,0.03530000150203705,0.018300000578165054,0.12870000302791595,0.9750999808311462,0.012000000104308128,0.017000000923871994,0.0284000001847744,0.004699999932199717,0.5421000123023987,0.05820000171661377,0.16429999470710754,0.7915999889373779
Cre16.g663950.t1.2,Endoplasmic reticulum,Signal peptide|Transmembrane domain,Transmembrane,0.11909999698400497,0.09849999845027924,0.09989999979734421,0.09989999979734421,0.17399999499320984,0.04089999943971634,0.8740000128746033,0.21719999611377716,0.43779999017715454,0.006800000090152025,0.13079999387264252,0.984499990940094,0.02539999969303608,0.10520000010728836
Cre16.g664250.t1.2,Mitochondrion,Mitochondrial transit peptide,Peripheral|Transmembrane,0.2345999926328659,0.1273999959230423,0.1437000036239624,0.21299999952316284,0.7153000235557556,0.15379999577999115,0.44609999656677246,0.07660000026226044,0.08720000088214874,0.11129999905824661,0.7138000130653381,0.7402999997138977,0.1185000017285347,0.3046000003814697
Cre16.g664550.t1.2,Mitochondrion,Mitochondrial transit peptide,Peripheral|Soluble,0.179299995303154,0.18649999797344208,0.039900001138448715,0.06710000336170197,0.9269999861717224,0.06970000267028809,0.04320000112056732,0.06909999996423721,0.045499999076128006,0.02019999921321869,0.6398000121116638,0.050999999046325684,0.2093999981880188,0.734000027179718
Cre16.g664600.t1.2,Mitochondrion,Transmembrane domain,Transmembrane,0.14720000326633453,0.15160000324249268,0.02930000051856041,0.06840000301599503,0.8465999960899353,0.010400000028312206,0.04820000007748604,0.03480000048875809,0.016100000590085983,0.020400000736117363,0.19370000064373016,0.9764000177383423,0.055799998342990875,0.10970000177621841
Cre16.g665100.t1.1,Cell membrane,Transmembrane domain,Transmembrane,0.2754000127315521,0.07169999927282333,0.0551999993622303,0.7731999754905701,0.06270000338554382,0.1005999967455864,0.11010000109672546,0.21690000593662262,0.07370000332593918,0.003599999938160181,0.17759999632835388,0.9312000274658203,0.03139999881386757,0.20679999887943268
Cre16.g665800.t1.2,Plastid,Chloroplast transit peptide,Peripheral|Soluble,0.1817999929189682,0.09839999675750732,0.036400001496076584,0.034299999475479126,0.05649999901652336,0.9438999891281128,0.02630000002682209,0.026000000536441803,0.07190000265836716,0.0038999998942017555,0.6086000204086304,0.04749999940395355,0.0860000029206276,0.8580999970436096
Cre16.g666334.t1.1,Plastid,Chloroplast transit peptide,Soluble,0.28110000491142273,0.13220000267028809,0.13590000569820404,0.13230000436306,0.2700999975204468,0.9315999746322632,0.08529999852180481,0.156700000166893,0.2786000072956085,0.06419999897480011,0.44690001010894775,0.476500004529953,0.08259999752044678,0.5425999760627747
Cre16.g666334.t2.1,Plastid,Chloroplast transit peptide,Soluble,0.28110000491142273,0.13220000267028809,0.13590000569820404,0.13230000436306,0.2700999975204468,0.9315999746322632,0.08529999852180481,0.156700000166893,0.2786000072956085,0.06419999897480011,0.44690001010894775,0.476500004529953,0.08259999752044678,0.5425999760627747
Cre16.g666334.t3.1,Plastid,Chloroplast transit peptide,Soluble,0.28110000491142273,0.13220000267028809,0.13590000569820404,0.13230000436306,0.2700999975204468,0.9315999746322632,0.08529999852180481,0.156700000166893,0.2786000072956085,0.06419999897480011,0.44690001010894775,0.476500004529953,0.08259999752044678,0.5425999760627747
Cre16.g667850.t1.1,Nucleus,,Soluble,0.4041000008583069,0.7480999827384949,0.16670000553131104,0.03530000150203705,0.06539999693632126,0.011500000022351742,0.04839999973773956,0.04390000179409981,0.029200000688433647,0.01600000075995922,0.35019999742507935,0.01979999989271164,0.4936000108718872,0.795799970626831
Cre16.g669125.t1.1,Cytoplasm,,Soluble,0.5343999862670898,0.34779998660087585,0.510699987411499,0.0722000002861023,0.30880001187324524,0.017500000074505806,0.08820000290870667,0.040800001472234726,0.19529999792575836,0.08940000087022781,0.4442000091075897,0.37439998984336853,0.25760000944137573,0.5909000039100647
Cre16.g669150.t1.2,Cytoplasm|Nucleus,,Soluble,0.6502000093460083,0.5044000148773193,0.13740000128746033,0.24580000340938568,0.274399995803833,0.05460000038146973,0.131400004029274,0.12290000170469284,0.08179999887943268,0.5113000273704529,0.30059999227523804,0.11980000138282776,0.32339999079704285,0.7175999879837036
Cre16.g669550.t1.2,Cytoplasm,Nuclear localization signal,Soluble,0.5497000217437744,0.38960000872612,0.07479999959468842,0.16859999299049377,0.08079999685287476,0.01640000008046627,0.17010000348091125,0.15780000388622284,0.11720000207424164,0.11630000174045563,0.43529999256134033,0.07970000058412552,0.12790000438690186,0.8199999928474426
Cre16.g669950.t1.2,Endoplasmic reticulum,Signal peptide|Transmembrane domain,Transmembrane,0.2328999936580658,0.12210000306367874,0.0494999997317791,0.16580000519752502,0.21570000052452087,0.07900000363588333,0.8986999988555908,0.27320000529289246,0.31940001249313354,0.04170000180602074,0.32010000944137573,0.9004999995231628,0.08560000360012054,0.20990000665187836
Cre16.g670950.t1.2,Plastid,,Peripheral|Soluble,0.1088000014424324,0.041099999099969864,0.05770000070333481,0.03579999879002571,0.21789999306201935,0.9699000120162964,0.04919999837875366,0.019300000742077827,0.04399999976158142,0.004000000189989805,0.7067999839782715,0.06669999659061432,0.05249999836087227,0.6341999769210815
Cre16.g671000.t1.2,Plastid,Chloroplast transit peptide,Peripheral,0.21410000324249268,0.039799999445676804,0.06960000097751617,0.11410000175237656,0.274399995803833,0.988099992275238,0.06939999759197235,0.025200000032782555,0.04430000111460686,0.03269999846816063,0.7717000246047974,0.30970001220703125,0.11590000241994858,0.3741999864578247
Cre16.g671250.t1.2,Lysosome/Vacuole,Transmembrane domain,Transmembrane,0.2070000022649765,0.06239999830722809,0.04280000180006027,0.4293999969959259,0.04540000110864639,0.08429999649524689,0.21160000562667847,0.6195999979972839,0.1817999929189682,0.004399999976158142,0.11980000138282776,0.9635000228881836,0.0649000033736229,0.13689999282360077
Cre16.g671350.t1.2,Extracellular,Signal peptide,Soluble,0.23589999973773956,0.0843999981880188,0.6987000107765198,0.1005999967455864,0.09350000321865082,0.017799999564886093,0.47530001401901245,0.33500000834465027,0.15330000221729279,0.0017000000225380063,0.17649999260902405,0.09109999984502792,0.1589999943971634,0.855400025844574
Cre16.g671400.t1.2,Extracellular,Signal peptide,Soluble,0.2476000040769577,0.08730000257492065,0.703000009059906,0.10130000114440918,0.09480000287294388,0.0203000009059906,0.47350001335144043,0.3400999903678894,0.14630000293254852,0.0017999999690800905,0.17949999868869781,0.09160000085830688,0.1451999992132187,0.8529000282287598
Cre16.g672385.t1.1,Cytoplasm,,Soluble,0.8076000213623047,0.3427000045776367,0.0934000015258789,0.1145000010728836,0.2711000144481659,0.13249999284744263,0.033399999141693115,0.21320000290870667,0.09709999710321426,0.06840000301599503,0.3393999934196472,0.14900000393390656,0.08669999986886978,0.8044000267982483
Cre16.g672650.t1.2,Mitochondrion,,Transmembrane,0.2125999927520752,0.08489999920129776,0.03790000081062317,0.15809999406337738,0.8510000109672546,0.04919999837875366,0.10109999775886536,0.1265999972820282,0.21359999477863312,0.017000000923871994,0.3109000027179718,0.9036999940872192,0.027799999341368675,0.12939999997615814
Cre16.g672800.t1.2,Cytoplasm,,Soluble,0.7239000201225281,0.36169999837875366,0.12970000505447388,0.09780000150203705,0.10109999775886536,0.017500000074505806,0.41280001401901245,0.31200000643730164,0.5322999954223633,0.13009999692440033,0.4399000108242035,0.11089999973773956,0.2596000134944916,0.6079000234603882
Cre16.g673000.t1.2,Lysosome/Vacuole,Transmembrane domain,Transmembrane,0.10660000145435333,0.09489999711513519,0.03680000081658363,0.3698999881744385,0.0544000007212162,0.195700004696846,0.25609999895095825,0.40400001406669617,0.19840000569820404,0.047200001776218414,0.2037999927997589,0.948199987411499,0.06710000336170197,0.14550000429153442
Cre16.g673550.t1.1,Cytoplasm,Peroxisomal targeting signal,Soluble,0.7124999761581421,0.2720000147819519,0.19539999961853027,0.14880000054836273,0.09030000120401382,0.021900000050663948,0.11060000211000443,0.335999995470047,0.17730000615119934,0.11940000206232071,0.3564000129699707,0.1615000069141388,0.10740000009536743,0.8140000104904175
Cre16.g673650.t1.1,Plastid,Chloroplast transit peptide,Peripheral,0.3758000135421753,0.059700001031160355,0.10159999877214432,0.11429999768733978,0.18170000612735748,0.7531999945640564,0.2151000052690506,0.08079999685287476,0.1306000053882599,0.009499999694526196,0.7861999869346619,0.46810001134872437,0.048700001090765,0.22609999775886536
Cre16.g674950.t1.2,Plastid,Chloroplast transit peptide,Peripheral,0.2328999936580658,0.07090000063180923,0.05209999904036522,0.048700001090765,0.16120000183582306,0.9484000205993652,0.10639999806880951,0.04729999974370003,0.07010000199079514,0.012500000186264515,0.7767999768257141,0.23250000178813934,0.16380000114440918,0.48410001397132874
Cre16.g675650.t1.2,Mitochondrion,Mitochondrial transit peptide,Soluble,0.17000000178813934,0.0843999981880188,0.0640999972820282,0.07079999893903732,0.879800021648407,0.09390000253915787,0.02410000003874302,0.05260000005364418,0.03480000048875809,0.01759999990463257,0.4196999967098236,0.10409999638795853,0.38260000944137573,0.6796000003814697
Cre16.g675850.t1.2,Peroxisome,Peroxisomal targeting signal,Soluble,0.32010000944137573,0.1111999973654747,0.026000000536441803,0.13189999759197235,0.2531000077724457,0.08410000056028366,0.07739999890327454,0.10480000078678131,0.03779999911785126,0.8098999857902527,0.3467999994754791,0.13840000331401825,0.1177000030875206,0.6995000243186951
Cre16.g676757.t1.1,Cell membrane,Transmembrane domain,Transmembrane,0.29120001196861267,0.07850000262260437,0.04100000113248825,0.4171999990940094,0.08860000222921371,0.03280000016093254,0.27889999747276306,0.35690000653266907,0.20149999856948853,0.002199999988079071,0.07930000126361847,0.9765999913215637,0.06669999659061432,0.1665000021457672
Cre16.g676757.t2.1,Cell membrane,Transmembrane domain,Transmembrane,0.29120001196861267,0.07850000262260437,0.04100000113248825,0.4171999990940094,0.08860000222921371,0.03280000016093254,0.27889999747276306,0.35690000653266907,0.20149999856948853,0.002199999988079071,0.07930000126361847,0.9765999913215637,0.06669999659061432,0.1665000021457672
Cre16.g677026.t1.1,Mitochondrion,Mitochondrial transit peptide,Soluble,0.10189999639987946,0.1559000015258789,0.01679999940097332,0.06970000267028809,0.8705999851226807,0.005499999970197678,0.02630000002682209,0.04520000144839287,0.01759999990463257,0.01360000018030405,0.44359999895095825,0.1071000024676323,0.08579999953508377,0.7602999806404114
Cre16.g677450.t1.2,Plastid,Chloroplast transit peptide,Soluble,0.15469999611377716,0.11029999703168869,0.06019999831914902,0.028300000354647636,0.1623000055551529,0.9354000091552734,0.00989999994635582,0.03530000150203705,0.042500000447034836,0.0012000000569969416,0.5436000227928162,0.06289999932050705,0.10130000114440918,0.810699999332428
Cre16.g677500.t1.2,Cytoplasm,,Soluble,0.7372999787330627,0.3264999985694885,0.11980000138282776,0.13089999556541443,0.257999986410141,0.08009999990463257,0.11800000071525574,0.26579999923706055,0.1242000013589859,0.05700000002980232,0.3589000105857849,0.0625,0.21130000054836273,0.7997000217437744
Cre16.g678200.t1.1,Cytoplasm,,Soluble,0.6672000288963318,0.3564999997615814,0.10540000349283218,0.19660000503063202,0.06870000064373016,0.11649999767541885,0.09009999781847,0.11400000005960464,0.08219999819993973,0.0729999989271164,0.3305000066757202,0.33149999380111694,0.21119999885559082,0.6536999940872192
Cre16.g678200.t2.1,Cytoplasm,,Soluble,0.6672000288963318,0.3564999997615814,0.10540000349283218,0.19660000503063202,0.06870000064373016,0.11649999767541885,0.09009999781847,0.11400000005960464,0.08219999819993973,0.0729999989271164,0.3305000066757202,0.33149999380111694,0.21119999885559082,0.6536999940872192
Cre16.g678437.t1.1,Plastid,Chloroplast transit peptide,Peripheral,0.1729000061750412,0.06939999759197235,0.05000000074505806,0.0812000036239624,0.15469999611377716,0.9614999890327454,0.034299999475479126,0.029600000008940697,0.027699999511241913,0.0052999998442828655,0.8009999990463257,0.2955999970436096,0.12449999898672104,0.3831000030040741
Cre16.g678850.t1.1,Cytoplasm,,Soluble,0.6554999947547913,0.21699999272823334,0.1264999955892563,0.1987999975681305,0.09780000150203705,0.11190000176429749,0.0722000002861023,0.2433999925851822,0.10679999738931656,0.08990000188350677,0.2190999984741211,0.23849999904632568,0.13339999318122864,0.7189000248908997
Cre16.g678851.t1.1,Plastid,Thylakoid luminal transit peptide,Soluble,0.1517000049352646,0.02419999986886978,0.15320000052452087,0.041600000113248825,0.1729000061750412,0.9789999723434448,0.047200001776218414,0.027000000700354576,0.08730000257492065,0.021299999207258224,0.5662000179290771,0.12319999933242798,0.029500000178813934,0.730400025844574
Cre16.g679500.t1.2,Mitochondrion,Mitochondrial transit peptide,Peripheral|Soluble,0.059300001710653305,0.15770000219345093,0.022600000724196434,0.09740000218153,0.9664999842643738,0.0031999999191612005,0.006899999920278788,0.032600000500679016,0.016599999740719795,0.0038999998942017555,0.7214999794960022,0.04270000010728836,0.03849999979138374,0.5911999940872192
Cre16.g679669.t1.1,Plastid,Chloroplast transit peptide,Soluble,0.2076999992132187,0.10260000079870224,0.01720000058412552,0.016699999570846558,0.11919999867677689,0.9879999756813049,0.027000000700354576,0.02669999934732914,0.07559999823570251,0.010400000028312206,0.5602999925613403,0.038100000470876694,0.11259999871253967,0.8021000027656555
Cre16.g680000.t1.2,Mitochondrion,Mitochondrial transit peptide,Peripheral|Soluble,0.21209999918937683,0.08470000326633453,0.06520000100135803,0.06780000030994415,0.9039999842643738,0.01679999940097332,0.012900000438094139,0.06199999898672104,0.10639999806880951,0.0031999999191612005,0.7135000228881836,0.05299999937415123,0.11389999836683273,0.6603000164031982
Cre16.g681238.t1.1,Plastid,Chloroplast transit peptide,Soluble,0.2353000044822693,0.07199999690055847,0.031599998474121094,0.03799999877810478,0.23399999737739563,0.9510999917984009,0.05620000138878822,0.0203000009059906,0.07689999788999557,0.015399999916553497,0.47679999470710754,0.13410000503063202,0.14419999718666077,0.7366999983787537
Cre16.g681850.t1.2,Cytoplasm,Nuclear export signal,Soluble,0.6912000179290771,0.3871999979019165,0.04270000010728836,0.20329999923706055,0.1404000073671341,0.02879999950528145,0.13349999487400055,0.3621000051498413,0.15489999949932098,0.006099999882280827,0.4747999906539917,0.07750000059604645,0.24549999833106995,0.7990999817848206
Cre16.g682050.t1.1,Cytoplasm,,Soluble,0.49869999289512634,0.32249999046325684,0.0689999982714653,0.12039999663829803,0.05649999901652336,0.12250000238418579,0.05730000138282776,0.10000000149011612,0.12120000272989273,0.09749999642372131,0.3675000071525574,0.0617000013589859,0.1307000070810318,0.8456000089645386
Cre16.g682050.t2.1,Cytoplasm,,Soluble,0.49869999289512634,0.32249999046325684,0.0689999982714653,0.12039999663829803,0.05649999901652336,0.12250000238418579,0.05730000138282776,0.10000000149011612,0.12120000272989273,0.09749999642372131,0.3675000071525574,0.0617000013589859,0.1307000070810318,0.8456000089645386
Cre16.g683350.t1.2,Peroxisome,Peroxisomal targeting signal,Soluble,0.2468000054359436,0.4104999899864197,0.022199999541044235,0.09309999644756317,0.054999999701976776,0.0007999999797903001,0.19480000436306,0.3077000081539154,0.0754999965429306,0.7807999849319458,0.3224000036716461,0.09560000151395798,0.13009999692440033,0.7896999716758728
Cre16.g683371.t1.1,Cytoplasm,Nuclear localization signal,Soluble,0.8205999732017517,0.3418999910354614,0.13099999725818634,0.15139999985694885,0.12049999833106995,0.062199998646974564,0.07800000160932541,0.2590000033378601,0.1454000025987625,0.010900000110268593,0.3587000072002411,0.1023000031709671,0.13750000298023224,0.8004999756813049
Cre16.g683450.t1.2,Cytoplasm,Nuclear localization signal,Soluble,0.73089998960495,0.26100000739097595,0.05550000071525574,0.23510000109672546,0.16439999639987946,0.03280000016093254,0.14810000360012054,0.2542000114917755,0.20270000398159027,0.06589999794960022,0.4966000020503998,0.12219999730587006,0.09470000118017197,0.7501999735832214
Cre16.g683850.t1.1,Extracellular,Signal peptide,Soluble,0.3061000108718872,0.13600000739097595,0.49079999327659607,0.15150000154972076,0.148499995470047,0.4569000005722046,0.35989999771118164,0.3269999921321869,0.17419999837875366,0.02759999968111515,0.18870000541210175,0.07840000092983246,0.10620000213384628,0.8428000211715698
Cre16.g683900.t1.1,Extracellular,Signal peptide,Soluble,0.15139999985694885,0.05550000071525574,0.8784000277519226,0.10119999945163727,0.0778999999165535,0.04520000144839287,0.36419999599456787,0.5569999814033508,0.1348000019788742,0.0010999999940395355,0.11720000207424164,0.032499998807907104,0.14740000665187836,0.9085000157356262
Cre16.g684550.t1.1,Cytoplasm,Peroxisomal targeting signal,Soluble,0.6412000060081482,0.21739999949932098,0.0803999975323677,0.07569999992847443,0.2296999990940094,0.5325999855995178,0.04230000078678131,0.21459999680519104,0.03779999911785126,0.6047999858856201,0.4699999988079071,0.12099999934434891,0.15549999475479126,0.652999997138977
Cre16.g685550.t1.2,Plastid,Chloroplast transit peptide,Soluble,0.10339999943971634,0.0966000035405159,0.01979999989271164,0.036400001496076584,0.1907999962568283,0.9818999767303467,0.019700000062584877,0.044199999421834946,0.030500000342726707,0.04910000041127205,0.501800000667572,0.038600001484155655,0.14720000326633453,0.7775999903678894
Cre16.g686200.t1.1,Cytoplasm,Nuclear localization signal,Soluble,0.6796000003814697,0.25920000672340393,0.06790000200271606,0.22470000386238098,0.06199999898672104,0.06080000102519989,0.07410000264644623,0.19120000302791595,0.07010000199079514,0.01590000092983246,0.35350000858306885,0.1281999945640564,0.1225999966263771,0.7912999987602234
Cre16.g686500.t1.1,Lysosome/Vacuole,Signal peptide|Transmembrane domain,Transmembrane,0.2460000067949295,0.08349999785423279,0.35989999771118164,0.26669999957084656,0.07580000162124634,0.06019999831914902,0.48159998655319214,0.5996000170707703,0.6157000064849854,0.006300000008195639,0.3873000144958496,0.5825999975204468,0.09489999711513519,0.49570000171661377
Cre16.g686750.t1.2,Cell membrane,Transmembrane domain,Transmembrane,0.1632000058889389,0.08349999785423279,0.042500000447034836,0.6947000026702881,0.1647000014781952,0.0052999998442828655,0.28839999437332153,0.5242000222206116,0.412200003862381,0.048500001430511475,0.021700000390410423,0.9528999924659729,0.09510000050067902,0.23909999430179596
Cre16.g686800.t1.2,Cell membrane,Transmembrane domain,Transmembrane,0.21199999749660492,0.12250000238418579,0.038600001484155655,0.6480000019073486,0.13429999351501465,0.004399999976158142,0.3140999972820282,0.36000001430511475,0.3402999937534332,0.03319999948143959,0.02419999986886978,0.9435999989509583,0.0835999995470047,0.2425999939441681
Cre16.g686850.t1.2,Cell membrane,Transmembrane domain,Transmembrane,0.18389999866485596,0.07880000025033951,0.032499998807907104,0.6758000254631042,0.1738000065088272,0.004800000227987766,0.2971000075340271,0.5108000040054321,0.4027999937534332,0.026000000536441803,0.021199999377131462,0.9483000040054321,0.08190000057220459,0.2538999915122986
Cre16.g687350.t1.2,Cytoplasm|Peroxisome,Peroxisomal targeting signal,Soluble,0.7519000172615051,0.11720000207424164,0.11840000003576279,0.19050000607967377,0.05730000138282776,0.09929999709129333,0.18889999389648438,0.41780000925064087,0.08449999988079071,0.7964000105857849,0.5997999906539917,0.1664000004529953,0.06310000270605087,0.7282000184059143
Cre16.g687518.t1.1,Cytoplasm,Nuclear export signal,Soluble,0.7656000256538391,0.4620000123977661,0.12559999525547028,0.09229999780654907,0.120899997651577,0.03519999980926514,0.11129999905824661,0.19930000603199005,0.24819999933242798,0.01940000057220459,0.3587999939918518,0.06449999660253525,0.18619999289512634,0.8187999725341797
Cre16.g687900.t1.2,Plastid,Chloroplast transit peptide,Transmembrane,0.1307000070810318,0.10040000081062317,0.07919999957084656,0.04969999939203262,0.10490000247955322,0.8942000269889832,0.011500000022351742,0.02879999950528145,0.025299999862909317,0.0007999999797903001,0.5526999831199646,0.5138999819755554,0.026599999517202377,0.3142000138759613
Cre16.g687950.t1.2,Mitochondrion,Mitochondrial transit peptide,Soluble,0.2273000031709671,0.033799998462200165,0.05480000004172325,0.056299999356269836,0.8952000141143799,0.04749999940395355,0.04910000041127205,0.08720000088214874,0.16979999840259552,0.002899999963119626,0.5648000240325928,0.09030000120401382,0.04390000179409981,0.7297999858856201
Cre16.g688901.t1.2,Cytoplasm,,Soluble,0.59170001745224,0.18160000443458557,0.07029999792575836,0.3553999960422516,0.07680000364780426,0.08820000290870667,0.07919999957084656,0.219200000166893,0.07050000131130219,0.04479999840259552,0.5583999752998352,0.26159998774528503,0.20340000092983246,0.6478000283241272
Cre16.g689050.t1.1,Peroxisome,Peroxisomal targeting signal,Soluble,0.18629999458789825,0.1818999946117401,0.11010000109672546,0.1664000004529953,0.03099999949336052,0.04729999974370003,0.04560000076889992,0.0625,0.03590000048279762,0.9276000261306763,0.4903999865055084,0.15000000596046448,0.0731000006198883,0.7703999876976013
Cre16.g689700.t1.1,Plastid,Chloroplast transit peptide,Soluble,0.33230000734329224,0.10329999774694443,0.09950000047683716,0.05090000107884407,0.12460000067949295,0.9642000198364258,0.04179999977350235,0.04879999905824661,0.12950000166893005,0.012900000438094139,0.4706999957561493,0.09359999746084213,0.0738999992609024,0.7466999888420105
Cre16.g689871.t1.1,Plastid,Chloroplast transit peptide,Soluble,0.2732999920845032,0.07840000092983246,0.04780000075697899,0.06750000268220901,0.39910000562667847,0.7829999923706055,0.033399999141693115,0.03020000085234642,0.028200000524520874,0.0038999998942017555,0.438400000333786,0.17000000178813934,0.05490000173449516,0.7638999819755554
Cre16.g690050.t1.2,Cytoplasm,Peroxisomal targeting signal,Peripheral,0.492900013923645,0.07410000264644623,0.054999999701976776,0.0706000030040741,0.3840000033378601,0.5260000228881836,0.4722000062465668,0.3174000084400177,0.46860000491142273,0.3898000121116638,0.8950999975204468,0.1835000067949295,0.1421000063419342,0.3571999967098236
Cre16.g690150.t1.2,Endoplasmic reticulum,Signal peptide|Transmembrane domain,Transmembrane,0.0989999994635582,0.0957999974489212,0.06030000001192093,0.22450000047683716,0.09920000284910202,0.033900000154972076,0.8223000168800354,0.15649999678134918,0.2802000045776367,0.031199999153614044,0.11819999665021896,0.9695000052452087,0.03590000048279762,0.15160000324249268
Cre16.g690319.t1.1,Lysosome/Vacuole,Transmembrane domain,Transmembrane,0.10260000079870224,0.05700000002980232,0.033399999141693115,0.4034999907016754,0.0940999984741211,0.022299999371170998,0.4377000033855438,0.677299976348877,0.5117999911308289,0.009999999776482582,0.04610000178217888,0.9782999753952026,0.03840000182390213,0.12639999389648438
Cre16.g691552.t1.1,Mitochondrion,Mitochondrial transit peptide,Peripheral,0.2215999960899353,0.06629999727010727,0.025200000032782555,0.08889999985694885,0.8561000227928162,0.2224999964237213,0.04769999906420708,0.10279999673366547,0.08799999952316284,0.1331000030040741,0.7436000108718872,0.49799999594688416,0.11230000108480453,0.23680000007152557
Cre16.g691750.t1.2,Cytoplasm,Nuclear localization signal,Soluble,0.6668999791145325,0.37400001287460327,0.03880000114440918,0.36739999055862427,0.13609999418258667,0.06530000269412994,0.21330000460147858,0.14710000157356262,0.1931000053882599,0.0997999981045723,0.5669999718666077,0.053199999034404755,0.43860000371932983,0.7103000283241272
Cre16.g691850.t1.2,Mitochondrion,Transmembrane domain,Transmembrane,0.11819999665021896,0.12160000205039978,0.017999999225139618,0.0560000017285347,0.902899980545044,0.018300000578165054,0.08380000293254852,0.04960000142455101,0.021700000390410423,0.005200000014156103,0.5152999758720398,0.946399986743927,0.029600000008940697,0.1137000024318695
Cre16.g691888.t1.1,Cytoplasm,,Soluble,0.7993000149726868,0.16760000586509705,0.10909999907016754,0.1890999972820282,0.14020000398159027,0.0333000011742115,0.19329999387264252,0.30820000171661377,0.31049999594688416,0.1128000020980835,0.5605999827384949,0.11490000039339066,0.2085999995470047,0.675599992275238
Cre16.g691888.t2.1,Cytoplasm,,Soluble,0.7993000149726868,0.16760000586509705,0.10909999907016754,0.1890999972820282,0.14020000398159027,0.0333000011742115,0.19329999387264252,0.30820000171661377,0.31049999594688416,0.1128000020980835,0.5605999827384949,0.11490000039339066,0.2085999995470047,0.675599992275238
Cre16.g693202.t1.1,Plastid,Chloroplast transit peptide,Peripheral|Soluble,0.22679999470710754,0.06599999964237213,0.042399998754262924,0.04270000010728836,0.11429999768733978,0.9728000164031982,0.05820000171661377,0.04019999876618385,0.035999998450279236,0.007699999958276749,0.6312999725341797,0.050700001418590546,0.10589999705553055,0.8300999999046326
Cre16.g694850.t1.2,Plastid,Chloroplast transit peptide,Soluble,0.18709999322891235,0.04729999974370003,0.06159999966621399,0.025200000032782555,0.19089999794960022,0.9207000136375427,0.016599999740719795,0.03240000084042549,0.0502999983727932,0.002400000113993883,0.49140000343322754,0.07180000096559525,0.13339999318122864,0.7796000242233276
Cre16.g695050.t1.2,Peroxisome,Peroxisomal targeting signal,Soluble,0.18700000643730164,0.04450000077486038,0.057999998331069946,0.22450000047683716,0.23340000212192535,0.030400000512599945,0.02889999933540821,0.0722000002861023,0.06109999865293503,0.9408000111579895,0.41190001368522644,0.11479999870061874,0.12280000001192093,0.755299985408783
Cre16.g695100.t1.1,Plastid|Peroxisome,Peroxisomal targeting signal,Soluble,0.28850001096725464,0.133200004696846,0.19099999964237213,0.1362999975681305,0.3831000030040741,0.7263000011444092,0.07329999655485153,0.08799999952316284,0.04280000180006027,0.8105000257492065,0.5070000290870667,0.14560000598430634,0.15399999916553497,0.6021000146865845
Cre16.g696000.t1.2,Cytoplasm,,Soluble,0.7111999988555908,0.17080000042915344,0.21050000190734863,0.1615000069141388,0.30649998784065247,0.07169999927282333,0.17550000548362732,0.2492000013589859,0.24959999322891235,0.007499999832361937,0.5450999736785889,0.20020000636577606,0.06909999996423721,0.7064999938011169
Cre17.g697950.t1.1,Plastid,,Transmembrane,0.14090000092983246,0.11330000311136246,0.028200000524520874,0.07859999686479568,0.0843999981880188,0.9326000213623047,0.040800001472234726,0.019500000402331352,0.051899999380111694,0.014100000262260437,0.21709999442100525,0.9603999853134155,0.016300000250339508,0.12770000100135803
Cre17.g698450.t1.2,Mitochondrion|Peroxisome,Peroxisomal targeting signal,Transmembrane,0.13950000703334808,0.17479999363422394,0.15440000593662262,0.11249999701976776,0.6947000026702881,0.5285000205039978,0.08429999649524689,0.042100001126527786,0.06520000100135803,0.8436999917030334,0.5683000087738037,0.769599974155426,0.05999999865889549,0.23010000586509705
Cre17.g698600.t1.1,Cytoplasm,Signal peptide,Soluble,0.400299996137619,0.09769999980926514,0.5325999855995178,0.2110999971628189,0.08749999850988388,0.12229999899864197,0.1362999975681305,0.19449999928474426,0.12349999696016312,0.019999999552965164,0.38749998807907104,0.30090001225471497,0.1468999981880188,0.5364000201225281
Cre17.g698650.t1.1,Lysosome/Vacuole,Signal peptide|Transmembrane domain,Transmembrane,0.19609999656677246,0.05510000139474869,0.28369998931884766,0.4447000026702881,0.043800000101327896,0.13570000231266022,0.23499999940395355,0.7432000041007996,0.531000018119812,0.01850000023841858,0.2741999924182892,0.6797999739646912,0.11649999767541885,0.33149999380111694
Cre17.g699000.t1.2,Mitochondrion,Mitochondrial transit peptide,Peripheral|Soluble,0.20090000331401825,0.07959999889135361,0.07980000227689743,0.05350000038743019,0.8212000131607056,0.5759000182151794,0.02930000051856041,0.04270000010728836,0.09640000015497208,0.0738999992609024,0.652899980545044,0.09969999641180038,0.10249999910593033,0.7509999871253967
Cre17.g699000.t2.1,Mitochondrion,Mitochondrial transit peptide,Peripheral|Soluble,0.20090000331401825,0.07959999889135361,0.07980000227689743,0.05350000038743019,0.8212000131607056,0.5759000182151794,0.02930000051856041,0.04270000010728836,0.09640000015497208,0.0738999992609024,0.652899980545044,0.09969999641180038,0.10249999910593033,0.7509999871253967
Cre17.g699100.t1.1,Cytoplasm,,Peripheral|Soluble,0.4521999955177307,0.18860000371932983,0.12210000306367874,0.32440000772476196,0.23190000653266907,0.07479999959468842,0.2345000058412552,0.36079999804496765,0.15690000355243683,0.09080000221729279,0.7182000279426575,0.2386000007390976,0.2298000007867813,0.5928999781608582
Cre17.g699600.t1.2,Cytoplasm,,Soluble,0.7014999985694885,0.3452000021934509,0.24979999661445618,0.131400004029274,0.10679999738931656,0.17919999361038208,0.04830000177025795,0.09449999779462814,0.09629999846220016,0.014299999922513962,0.4034000039100647,0.13019999861717224,0.0934000015258789,0.7365999817848206
Cre17.g699850.t1.2,Extracellular|Lysosome/Vacuole,Signal peptide,Soluble,0.19110000133514404,0.030300000682473183,0.8646000027656555,0.11309999972581863,0.09939999878406525,0.014600000344216824,0.289900004863739,0.6633999943733215,0.1770000010728836,0.0006000000284984708,0.18019999563694,0.03139999881386757,0.08049999922513962,0.9138000011444092
Cre17.g700100.t1.1,Cytoplasm,,Soluble,0.7121000289916992,0.35510000586509705,0.37689998745918274,0.1527000069618225,0.13449999690055847,0.23430000245571136,0.12189999967813492,0.2551000118255615,0.22010000050067902,0.06239999830722809,0.41670000553131104,0.11810000240802765,0.23800000548362732,0.6207000017166138
Cre17.g700950.t1.2,Plastid,Chloroplast transit peptide,Peripheral|Soluble,0.0820000022649765,0.031599998474121094,0.020600000396370888,0.02410000003874302,0.24740000069141388,0.96670001745224,0.02239999920129776,0.019700000062584877,0.022099999710917473,0.0017999999690800905,0.7034000158309937,0.04500000178813934,0.031599998474121094,0.7232999801635742
Cre17.g701700.t1.2,Plastid,Chloroplast transit peptide,Soluble,0.17569999396800995,0.1444000005722046,0.019300000742077827,0.020400000736117363,0.11169999837875366,0.9330999851226807,0.018400000408291817,0.02160000056028366,0.02539999969303608,0.0013000000035390258,0.5098000168800354,0.11630000174045563,0.055799998342990875,0.725600004196167
Cre17.g701700.t2.1,Plastid,Chloroplast transit peptide,Soluble,0.17569999396800995,0.1444000005722046,0.019300000742077827,0.020400000736117363,0.11169999837875366,0.9330999851226807,0.018400000408291817,0.02160000056028366,0.02539999969303608,0.0013000000035390258,0.5098000168800354,0.11630000174045563,0.055799998342990875,0.725600004196167
Cre17.g702750.t1.2,Cytoplasm,,Peripheral|Transmembrane,0.3379000127315521,0.1867000013589859,0.09640000015497208,0.24310000240802765,0.32690000534057617,0.17180000245571136,0.4043999910354614,0.3402000069618225,0.22339999675750732,0.06750000268220901,0.652999997138977,0.6733999848365784,0.3750999867916107,0.22920000553131104
Cre17.g703700.t1.1,Mitochondrion,Mitochondrial transit peptide,Soluble,0.1867000013589859,0.06669999659061432,0.04390000179409981,0.11010000109672546,0.9327999949455261,0.010099999606609344,0.058800000697374344,0.053599998354911804,0.08500000089406967,0.006899999920278788,0.4415999948978424,0.07940000295639038,0.08070000261068344,0.805400013923645
Cre17.g703800.t1.1,Cell membrane,Transmembrane domain,Transmembrane,0.13079999387264252,0.020500000566244125,0.02419999986886978,0.8263999819755554,0.14409999549388885,0.011900000274181366,0.3560999929904938,0.37049999833106995,0.25760000944137573,0.0006000000284984708,0.04820000007748604,0.984499990940094,0.14239999651908875,0.09480000287294388
Cre17.g704850.t1.2,Cytoplasm,,Soluble,0.6923999786376953,0.37860000133514404,0.11599999666213989,0.13609999418258667,0.1737000048160553,0.20900000631809235,0.1746000051498413,0.12620000541210175,0.093299999833107,0.03660000115633011,0.5097000002861023,0.059300001710653305,0.08869999647140503,0.7972000241279602
Cre17.g705700.t1.2,Cytoplasm,,Soluble,0.6460999846458435,0.19529999792575836,0.14110000431537628,0.1906999945640564,0.06729999929666519,0.1761000007390976,0.05829999968409538,0.2353000044822693,0.10419999808073044,0.045499999076128006,0.3465999960899353,0.14509999752044678,0.19110000133514404,0.7591999769210815
Cre17.g705850.t1.2,Cytoplasm,,Soluble,0.7318000197410583,0.2669000029563904,0.07829999923706055,0.18129999935626984,0.21150000393390656,0.1429000049829483,0.05909999832510948,0.13279999792575836,0.10270000249147415,0.059700001031160355,0.451200008392334,0.05849999934434891,0.24629999697208405,0.8044999837875366
Cre17.g707300.t1.2,Endoplasmic reticulum,Transmembrane domain,Transmembrane,0.17030000686645508,0.1624000072479248,0.05169999971985817,0.251800000667572,0.15459999442100525,0.0494999997317791,0.7858999967575073,0.16519999504089355,0.33719998598098755,0.0017999999690800905,0.3109999895095825,0.850600004196167,0.08470000326633453,0.2800000011920929
Cre17.g708100.t1.2,Cytoplasm,,Soluble,0.6883000135421753,0.14650000631809235,0.13289999961853027,0.10649999976158142,0.10840000212192535,0.1551000028848648,0.054499998688697815,0.3089999854564667,0.3111000061035156,0.01269999984651804,0.4528999924659729,0.07750000059604645,0.08389999717473984,0.7648000121116638
Cre17.g708800.t1.1,Cytoplasm,,Soluble,0.7946000099182129,0.24500000476837158,0.26589998602867126,0.07440000027418137,0.07010000199079514,0.09520000219345093,0.06880000233650208,0.29789999127388,0.10809999704360962,0.0778999999165535,0.49309998750686646,0.08299999684095383,0.14409999549388885,0.7541999816894531
Cre17.g709850.t1.2,Cytoplasm,Peroxisomal targeting signal,Soluble,0.6079000234603882,0.1703999936580658,0.16429999470710754,0.06729999929666519,0.2824000120162964,0.35760000348091125,0.04479999840259552,0.2712000012397766,0.09740000218153,0.08079999685287476,0.3522000014781952,0.05950000137090683,0.17599999904632568,0.8255000114440918
Cre17.g710200.t1.1,Cytoplasm,,Soluble,0.5728999972343445,0.21979999542236328,0.5712000131607056,0.16040000319480896,0.13860000669956207,0.4697999954223633,0.07129999995231628,0.10159999877214432,0.07419999688863754,0.0738999992609024,0.5424000024795532,0.17970000207424164,0.07129999995231628,0.7192000150680542
Cre17.g710200.t2.1,Cytoplasm,,Soluble,0.5728999972343445,0.21979999542236328,0.5712000131607056,0.16040000319480896,0.13860000669956207,0.4697999954223633,0.07129999995231628,0.10159999877214432,0.07419999688863754,0.0738999992609024,0.5424000024795532,0.17970000207424164,0.07129999995231628,0.7192000150680542
Cre17.g711150.t1.2,Endoplasmic reticulum,Transmembrane domain,Transmembrane,0.125,0.09120000153779984,0.02710000053048134,0.14560000598430634,0.2434999942779541,0.03590000048279762,0.8554999828338623,0.16300000250339508,0.30550000071525574,0.00800000037997961,0.17059999704360962,0.9297000169754028,0.0284000001847744,0.19629999995231628
Cre17.g711250.t1.2,Cell membrane,,Transmembrane,0.2985999882221222,0.0697999969124794,0.23669999837875366,0.6315000057220459,0.15230000019073486,0.04019999876618385,0.26350000500679016,0.542900025844574,0.27230000495910645,0.008999999612569809,0.0737999975681305,0.933899998664856,0.34150001406669617,0.18469999730587006
Cre17.g712100.t1.2,Cytoplasm,Peroxisomal targeting signal,Soluble,0.7680000066757202,0.2476000040769577,0.26649999618530273,0.009100000374019146,0.11890000104904175,0.048900000751018524,0.04190000146627426,0.03849999979138374,0.08299999684095383,0.4943999946117401,0.43790000677108765,0.10949999839067459,0.06909999996423721,0.8115000128746033
Cre17.g713200.t1.1,Endoplasmic reticulum,,Transmembrane,0.1306000053882599,0.10090000182390213,0.052799999713897705,0.29010000824928284,0.15729999542236328,0.28439998626708984,0.3386000096797943,0.28519999980926514,0.16670000553131104,0.02800000086426735,0.14239999651908875,0.9362000226974487,0.037700001150369644,0.16120000183582306
Cre17.g713350.t1.2,Plastid,Chloroplast transit peptide,Transmembrane,0.10040000081062317,0.10499999672174454,0.010599999688565731,0.0430000014603138,0.09740000218153,0.9508000016212463,0.02590000070631504,0.026499999687075615,0.03830000013113022,0.007499999832361937,0.20340000092983246,0.9215999841690063,0.029600000008940697,0.15889999270439148
Cre17.g713700.t1.1,Cytoplasm,,Soluble,0.4918000102043152,0.14560000598430634,0.23680000007152557,0.12860000133514404,0.18219999969005585,0.6190000176429749,0.042500000447034836,0.13619999587535858,0.07490000128746033,0.066600002348423,0.5,0.186599999666214,0.07349999994039536,0.7432000041007996
Cre17.g713850.t1.1,Plastid,Chloroplast transit peptide,Peripheral|Soluble,0.11879999935626984,0.08219999819993973,0.07360000163316727,0.03779999911785126,0.1281999945640564,0.9926000237464905,0.028699999675154686,0.039000000804662704,0.0746999979019165,0.012500000186264515,0.6733999848365784,0.07190000265836716,0.22339999675750732,0.7121000289916992
Cre17.g715250.t1.2,Plastid,Chloroplast transit peptide,Soluble,0.14079999923706055,0.07850000262260437,0.03999999910593033,0.045099999755620956,0.1031000018119812,0.987500011920929,0.00989999994635582,0.027300000190734863,0.032499998807907104,0.0031999999191612005,0.574400007724762,0.12300000339746475,0.08540000021457672,0.6309000253677368
Cre17.g715900.t1.2,Cytoplasm,,Soluble,0.7473999857902527,0.3127000033855438,0.0560000017285347,0.06019999831914902,0.1656000018119812,0.1307000070810318,0.12710000574588776,0.14499999582767487,0.1615999937057495,0.04149999842047691,0.29660001397132874,0.08760000020265579,0.09849999845027924,0.8385999798774719
Cre17.g716800.t1.2,Cell membrane,Transmembrane domain,Transmembrane,0.19979999959468842,0.08399999886751175,0.03669999912381172,0.5002999901771545,0.10040000081062317,0.03909999877214432,0.2827000021934509,0.33329999446868896,0.23080000281333923,0.031300000846385956,0.09109999984502792,0.9786999821662903,0.06589999794960022,0.13429999351501465
Cre17.g720950.t1.1,Endoplasmic reticulum,Transmembrane domain,Transmembrane,0.18440000712871552,0.09319999814033508,0.0478999987244606,0.21960000693798065,0.19599999487400055,0.1071000024676323,0.8446000218391418,0.3142000138759613,0.4065000116825104,0.027699999511241913,0.15710000693798065,0.9402999877929688,0.026399999856948853,0.12690000236034393
Cre17.g721300.t1.2,Mitochondrion,,Transmembrane,0.45089998841285706,0.44110000133514404,0.43630000948905945,0.10849999636411667,0.684499979019165,0.1542000025510788,0.4352000057697296,0.12970000505447388,0.09149999916553497,0.36399999260902405,0.4345000088214874,0.7749999761581421,0.03539999946951866,0.42309999465942383
Cre17.g722150.t1.2,Endoplasmic reticulum,Transmembrane domain,Transmembrane,0.22390000522136688,0.120899997651577,0.00989999994635582,0.2896000146865845,0.25769999623298645,0.03150000050663948,0.8709999918937683,0.2295999974012375,0.35370001196861267,0.057500001043081284,0.20069999992847443,0.9901000261306763,0.15479999780654907,0.07689999788999557
Cre17.g723550.t1.2,Plastid,Chloroplast transit peptide,Soluble,0.19550000131130219,0.09019999951124191,0.039799999445676804,0.0333000011742115,0.11659999936819077,0.9516000151634216,0.01720000058412552,0.03720000013709068,0.02710000053048134,0.003800000064074993,0.48730000853538513,0.11890000104904175,0.046799998730421066,0.7738999724388123
Cre17.g723650.t1.2,Cytoplasm,Peroxisomal targeting signal,Soluble,0.5827999711036682,0.15719999372959137,0.10970000177621841,0.15039999783039093,0.26919999718666077,0.19059999287128448,0.1014999970793724,0.21170000731945038,0.07689999788999557,0.6389999985694885,0.4918000102043152,0.05270000174641609,0.28349998593330383,0.7996000051498413
Cre17.g725550.t1.2,Peroxisome,Peroxisomal targeting signal,Soluble,0.3662000000476837,0.09120000153779984,0.19370000064373016,0.10589999705553055,0.3215000033378601,0.06459999829530716,0.1460999995470047,0.1251000016927719,0.09359999746084213,0.9286999702453613,0.47600001096725464,0.15039999783039093,0.15160000324249268,0.701200008392334
Cre17.g726250.t1.2,Cytoplasm,Nuclear localization signal,Peripheral|Soluble,0.6679999828338623,0.29429998993873596,0.22709999978542328,0.1468999981880188,0.32019999623298645,0.07429999858140945,0.0754999965429306,0.06400000303983688,0.09120000153779984,0.08380000293254852,0.6901000142097473,0.11349999904632568,0.02710000053048134,0.7303000092506409
Cre17.g726400.t1.1,Endoplasmic reticulum,Signal peptide|Transmembrane domain,Transmembrane,0.12680000066757202,0.13899999856948853,0.008700000122189522,0.25870001316070557,0.24449999630451202,0.017799999564886093,0.845300018787384,0.28679999709129333,0.4242999851703644,0.005799999926239252,0.12960000336170197,0.9781000018119812,0.009800000116229057,0.11309999972581863
Cre17.g726750.t1.2,Plastid,Chloroplast transit peptide,Soluble,0.1973000019788742,0.09459999948740005,0.015399999916553497,0.021800000220537186,0.10189999639987946,0.9783999919891357,0.024900000542402267,0.030400000512599945,0.03060000017285347,0.0052999998442828655,0.5271999835968018,0.02669999934732914,0.0625,0.8607000112533569
Cre17.g728800.t1.2,Mitochondrion,Mitochondrial transit peptide,Soluble,0.2619999945163727,0.09880000352859497,0.03319999948143959,0.13099999725818634,0.9320999979972839,0.0017000000225380063,0.08330000191926956,0.17640000581741333,0.12720000743865967,0.0210999995470047,0.5182999968528748,0.09510000050067902,0.23929999768733978,0.7831000089645386
Cre17.g728950.t1.1,Plastid,Chloroplast transit peptide,Soluble,0.2402999997138977,0.07320000231266022,0.14560000598430634,0.042899999767541885,0.08219999819993973,0.9154000282287598,0.05909999832510948,0.03999999910593033,0.06700000166893005,0.015200000256299973,0.39559999108314514,0.12540000677108765,0.13259999454021454,0.7867000102996826
Cre17.g731700.t1.1,Cytoplasm,,Transmembrane,0.5845999717712402,0.2791000008583069,0.08799999952316284,0.28529998660087585,0.06669999659061432,0.1680999994277954,0.1234000027179718,0.1031000018119812,0.09109999984502792,0.034299999475479126,0.48539999127388,0.5558000206947327,0.16990000009536743,0.3675000071525574
Cre17.g731950.t1.2,Mitochondrion,Mitochondrial transit peptide,Transmembrane,0.08760000020265579,0.03350000083446503,0.03709999844431877,0.2240000069141388,0.8779000043869019,0.015200000256299973,0.07440000027418137,0.07530000060796738,0.07370000332593918,0.052000001072883606,0.30379998683929443,0.930899977684021,0.050599999725818634,0.11460000276565552
Cre17.g732000.t1.1,Mitochondrion,Mitochondrial transit peptide,Transmembrane,0.07509999722242355,0.03779999911785126,0.039500001817941666,0.21279999613761902,0.8794000148773193,0.013799999840557575,0.06390000134706497,0.05660000070929527,0.06949999928474426,0.03830000013113022,0.28850001096725464,0.9316999912261963,0.04690000042319298,0.11249999701976776
Cre17.g732300.t1.2,Cytoplasm,,Soluble,0.8657000064849854,0.34630000591278076,0.09239999949932098,0.08320000022649765,0.1453000009059906,0.09070000052452087,0.11720000207424164,0.2345000058412552,0.13169999420642853,0.02850000001490116,0.4717999994754791,0.07509999722242355,0.14020000398159027,0.8392999768257141
Cre17.g732802.t1.1,Cytoplasm,Nuclear localization signal|Nuclear export signal,Soluble,0.8309999704360962,0.3093999922275543,0.05490000173449516,0.10980000346899033,0.1598999947309494,0.03779999911785126,0.13220000267028809,0.1251000016927719,0.11100000143051147,0.03480000048875809,0.4404999911785126,0.1177000030875206,0.06210000067949295,0.8064000010490417
Cre17.g733650.t1.1,Cytoplasm,,Soluble,0.7222999930381775,0.18440000712871552,0.14710000157356262,0.12680000066757202,0.22990000247955322,0.45579999685287476,0.08699999749660492,0.05999999865889549,0.06440000236034393,0.13429999351501465,0.3479999899864197,0.14139999449253082,0.1281999945640564,0.774399995803833
Cre17.g734200.t1.2,Plastid,Chloroplast transit peptide,Soluble,0.13899999856948853,0.13680000603199005,0.05090000107884407,0.03220000118017197,0.11259999871253967,0.9578999876976013,0.014700000174343586,0.02969999983906746,0.027000000700354576,0.00139999995008111,0.5534999966621399,0.09570000320672989,0.07609999924898148,0.7738999724388123
Cre17.g734548.t1.1,Plastid,Chloroplast transit peptide,Soluble,0.19519999623298645,0.05950000137090683,0.030500000342726707,0.030700000002980232,0.1582999974489212,0.9746999740600586,0.0746999979019165,0.044599998742341995,0.05950000137090683,0.02410000003874302,0.48170000314712524,0.08510000258684158,0.09529999643564224,0.829800009727478
Cre17.g734644.t1.1,Endoplasmic reticulum,,Peripheral|Transmembrane,0.3677999973297119,0.18279999494552612,0.0786999985575676,0.2492000013589859,0.4352000057697296,0.17419999837875366,0.8061000108718872,0.4032999873161316,0.6237999796867371,0.12349999696016312,0.6032000184059143,0.6761999726295471,0.2800000011920929,0.18330000340938568
Cre17.g735950.t1.2,Cytoplasm,Peroxisomal targeting signal,Soluble,0.6448000073432922,0.31540000438690186,0.1859000027179718,0.1120000034570694,0.13850000500679016,0.09160000085830688,0.08020000159740448,0.3327000141143799,0.2549000084400177,0.23600000143051147,0.38089999556541443,0.09260000288486481,0.1451999992132187,0.7328000068664551
Cre17.g736650.t1.2,Cytoplasm,,Soluble,0.7897999882698059,0.24379999935626984,0.18549999594688416,0.24210000038146973,0.1039000004529953,0.10379999876022339,0.09780000150203705,0.14560000598430634,0.052000001072883606,0.03189999982714653,0.44359999895095825,0.11800000071525574,0.06560000032186508,0.8319000005722046
Cre17.g738250.t1.1,Plastid,Chloroplast transit peptide,Peripheral|Soluble,0.21639999747276306,0.05420000106096268,0.11150000244379044,0.07039999961853027,0.41620001196861267,0.9785000085830688,0.02800000086426735,0.033799998462200165,0.06520000100135803,0.02449999935925007,0.6047000288963318,0.05770000070333481,0.1509999930858612,0.7116000056266785
Cre17.g742000.t1.2,Cytoplasm,,Peripheral|Soluble,0.6317999958992004,0.15299999713897705,0.06120000034570694,0.30320000648498535,0.24240000545978546,0.09749999642372131,0.33500000834465027,0.48500001430511475,0.33709999918937683,0.031199999153614044,0.7584999799728394,0.27059999108314514,0.09740000218153,0.5633999705314636
Cre17.g746997.t1.1,Plastid,Chloroplast transit peptide,Soluble,0.2572000026702881,0.12020000070333481,0.04879999905824661,0.03680000081658363,0.10869999974966049,0.9563999772071838,0.02070000022649765,0.042500000447034836,0.0771000012755394,0.014999999664723873,0.5249000191688538,0.10130000114440918,0.12559999525547028,0.7882999777793884
Cre17.g747297.t1.1,Mitochondrion,,Transmembrane,0.14900000393390656,0.31279999017715454,0.08889999985694885,0.08070000261068344,0.6913999915122986,0.4214000105857849,0.3723999857902527,0.03180000185966492,0.06560000032186508,0.3160000145435333,0.24860000610351562,0.7210999727249146,0.027499999850988388,0.3167000114917755
Cre17.g747797.t1.1,Mitochondrion,,Transmembrane,0.1324000060558319,0.10279999673366547,0.08079999685287476,0.1315000057220459,0.7961999773979187,0.12770000100135803,0.15330000221729279,0.20399999618530273,0.15700000524520874,0.0940999984741211,0.14499999582767487,0.9132000207901001,0.035999998450279236,0.22030000388622284
Cre17.g747797.t2.1,Mitochondrion,,Transmembrane,0.1324000060558319,0.10279999673366547,0.08079999685287476,0.1315000057220459,0.7961999773979187,0.12770000100135803,0.15330000221729279,0.20399999618530273,0.15700000524520874,0.0940999984741211,0.14499999582767487,0.9132000207901001,0.035999998450279236,0.22030000388622284
Cre18.g748947.t1.1,Golgi apparatus,Signal peptide|Transmembrane domain,Transmembrane,0.1080000028014183,0.11959999799728394,0.10090000182390213,0.23389999568462372,0.16060000658035278,0.03880000114440918,0.5273000001907349,0.5812000036239624,0.7818999886512756,0.09600000083446503,0.1867000013589859,0.9581999778747559,0.08980000019073486,0.08290000259876251
Cre18.g748997.t1.1,Golgi apparatus,Signal peptide|Transmembrane domain,Transmembrane,0.10670000314712524,0.09960000216960907,0.02630000002682209,0.27140000462532043,0.14589999616146088,0.025100000202655792,0.45559999346733093,0.2694000005722046,0.8342000246047974,0.029400000348687172,0.15880000591278076,0.9574999809265137,0.09749999642372131,0.09449999779462814
Cre18.g749447.t1.1,Plastid,Chloroplast transit peptide,Soluble,0.11469999700784683,0.1356000006198883,0.023900000378489494,0.021900000050663948,0.12039999663829803,0.9847000241279602,0.01769999973475933,0.04569999873638153,0.06689999997615814,0.023000000044703484,0.5676000118255615,0.08309999853372574,0.11559999734163284,0.7829999923706055
Cre18.g749447.t2.1,Plastid,Chloroplast transit peptide,Soluble,0.11469999700784683,0.1356000006198883,0.023900000378489494,0.021900000050663948,0.12039999663829803,0.9847000241279602,0.01769999973475933,0.04569999873638153,0.06689999997615814,0.023000000044703484,0.5676000118255615,0.08309999853372574,0.11559999734163284,0.7829999923706055
Cre18.g749497.t1.1,Plastid,Chloroplast transit peptide,Soluble,0.26109999418258667,0.04639999940991402,0.04580000042915344,0.026900000870227814,0.12389999628067017,0.9749000072479248,0.029999999329447746,0.0333000011742115,0.029200000688433647,0.015699999406933784,0.4496000111103058,0.061400000005960464,0.08699999749660492,0.8177000284194946
Cre18.g749647.t1.1,Cytoplasm,Peroxisomal targeting signal,Soluble,0.5180000066757202,0.27630001306533813,0.23389999568462372,0.21310000121593475,0.298799991607666,0.14630000293254852,0.10289999842643738,0.1274999976158142,0.10010000318288803,0.6972000002861023,0.4997999966144562,0.04470000043511391,0.05730000138282776,0.7785999774932861
Cre18.g749847.t1.1,Mitochondrion,Mitochondrial transit peptide,Soluble,0.16009999811649323,0.10719999670982361,0.05869999900460243,0.057999998331069946,0.8555999994277954,0.267300009727478,0.04650000110268593,0.06300000101327896,0.03720000013709068,0.05510000139474869,0.5498999953269958,0.1673000007867813,0.14720000326633453,0.6628999710083008
Cre18.g749847.t2.1,Mitochondrion,Mitochondrial transit peptide,Soluble,0.16009999811649323,0.10719999670982361,0.05869999900460243,0.057999998331069946,0.8555999994277954,0.267300009727478,0.04650000110268593,0.06300000101327896,0.03720000013709068,0.05510000139474869,0.5498999953269958,0.1673000007867813,0.14720000326633453,0.6628999710083008
Cre19.g750247.t1.1,Plastid,,Transmembrane,0.09350000321865082,0.05389999970793724,0.05139999836683273,0.031599998474121094,0.09120000153779984,0.9607999920845032,0.051500000059604645,0.03180000185966492,0.09939999878406525,0.012900000438094139,0.1420000046491623,0.9882000088691711,0.018400000408291817,0.0754999965429306
Cre19.g750547.t1.1,Plastid,Chloroplast transit peptide,Peripheral,0.18529999256134033,0.09290000051259995,0.015599999576807022,0.03319999948143959,0.11230000108480453,0.9692000150680542,0.03909999877214432,0.027400000020861626,0.03370000049471855,0.00570000009611249,0.7727000117301941,0.4291999936103821,0.1624000072479248,0.3450999855995178
Cre19.g750547.t2.1,Plastid,Chloroplast transit peptide,Peripheral,0.18529999256134033,0.09290000051259995,0.015599999576807022,0.03319999948143959,0.11230000108480453,0.9692000150680542,0.03909999877214432,0.027400000020861626,0.03370000049471855,0.00570000009611249,0.7727000117301941,0.4291999936103821,0.1624000072479248,0.3450999855995178
Cre19.g750547.t3.1,Plastid,Chloroplast transit peptide,Peripheral,0.18529999256134033,0.09290000051259995,0.015599999576807022,0.03319999948143959,0.11230000108480453,0.9692000150680542,0.03909999877214432,0.027400000020861626,0.03370000049471855,0.00570000009611249,0.7727000117301941,0.4291999936103821,0.1624000072479248,0.3450999855995178
Cre19.g750547.t4.1,Plastid,Chloroplast transit peptide,Peripheral,0.18529999256134033,0.09290000051259995,0.015599999576807022,0.03319999948143959,0.11230000108480453,0.9692000150680542,0.03909999877214432,0.027400000020861626,0.03370000049471855,0.00570000009611249,0.7727000117301941,0.4291999936103821,0.1624000072479248,0.3450999855995178
Cre19.g750897.t1.1,Cytoplasm,,Transmembrane,0.4025000035762787,0.21359999477863312,0.18649999797344208,0.19349999725818634,0.2615000009536743,0.4000999927520752,0.14630000293254852,0.07890000194311142,0.06920000165700912,0.12559999525547028,0.3939000070095062,0.9004999995231628,0.07940000295639038,0.26170000433921814
Cre19.g750897.t2.1,Cytoplasm,,Transmembrane,0.4025000035762787,0.21359999477863312,0.18649999797344208,0.19349999725818634,0.2615000009536743,0.4000999927520752,0.14630000293254852,0.07890000194311142,0.06920000165700912,0.12559999525547028,0.3939000070095062,0.9004999995231628,0.07940000295639038,0.26170000433921814
Cre36.g759647.t1.1,Plastid,Chloroplast transit peptide,Soluble,0.16130000352859497,0.07620000094175339,0.09470000118017197,0.03610000014305115,0.1632000058889389,0.949400007724762,0.02280000038444996,0.01850000023841858,0.037700001150369644,0.00559999980032444,0.4855000078678131,0.09600000083446503,0.060100000351667404,0.7860000133514404
