Protein_ID,Localizations,Signals,Membrane types,Cytoplasm,Nucleus,Extracellular,Cell membrane,Mitochondrion,Plastid,Endoplasmic reticulum,Lysosome/Vacuole,Golgi apparatus,Peroxisome,Peripheral,Transmembrane,Lipid anchor,Soluble
Cre06.g278163.t1.1,Plastid,Chloroplast transit peptide,Soluble,0.13819999992847443,0.07050000131130219,0.030300000682473183,0.03849999979138374,0.18529999256134033,0.9682999849319458,0.020400000736117363,0.025699999183416367,0.02459999918937683,0.004800000227987766,0.47909998893737793,0.11990000307559967,0.05790000036358833,0.7644000053405762
Cre06.g278185.t1.1,Cytoplasm,Nuclear localization signal,Soluble,0.7419000267982483,0.26649999618530273,0.026499999687075615,0.22380000352859497,0.1914999932050705,0.007199999876320362,0.210999995470047,0.18490000069141388,0.2231999933719635,0.020800000056624413,0.5153999924659729,0.06480000168085098,0.30790001153945923,0.7149999737739563
Cre06.g278188.t1.1,Mitochondrion,Peroxisomal targeting signal,Soluble,0.39239999651908875,0.16269999742507935,0.07109999656677246,0.061400000005960464,0.7032999992370605,0.0608999989926815,0.12690000236034393,0.052000001072883606,0.08820000290870667,0.1298999935388565,0.4984999895095825,0.06260000169277191,0.016200000420212746,0.7307000160217285
Cre06.g278202.t1.1,Cytoplasm,,Soluble,0.5896000266075134,0.20000000298023224,0.16899999976158142,0.06629999727010727,0.2102999985218048,0.6043000221252441,0.06549999862909317,0.035599999129772186,0.07119999825954437,0.07209999859333038,0.37059998512268066,0.15039999783039093,0.09229999780654907,0.8126999735832214
Cre06.g278210.t1.1,Plastid,Chloroplast transit peptide,Soluble,0.18119999766349792,0.14380000531673431,0.062199998646974564,0.0421999990940094,0.08229999989271164,0.9492999911308289,0.020899999886751175,0.046300001442432404,0.04600000008940697,0.006000000052154064,0.5806999802589417,0.05139999836683273,0.21860000491142273,0.8043000102043152
Cre06.g278213.t1.1,Plastid,Chloroplast transit peptide,Peripheral,0.1266999989748001,0.08399999886751175,0.07259999960660934,0.03999999910593033,0.09969999641180038,0.9107000231742859,0.012500000186264515,0.019300000742077827,0.029200000688433647,0.000699999975040555,0.5748999714851379,0.4462999999523163,0.03480000048875809,0.349700003862381
Cre06.g278215.t1.1,Peroxisome,Peroxisomal targeting signal,Soluble,0.3905999958515167,0.08630000054836273,0.04309999942779541,0.0658000037074089,0.47850000858306885,0.14910000562667847,0.1265999972820282,0.05270000174641609,0.061799999326467514,0.9688000082969666,0.5468999743461609,0.08980000019073486,0.14509999752044678,0.6758000254631042
Cre06.g278221.t1.1,Cytoplasm,,Soluble,0.7102000117301941,0.22020000219345093,0.10260000079870224,0.16140000522136688,0.060100000351667404,0.03840000182390213,0.1550000011920929,0.33719998598098755,0.20909999310970306,0.023900000378489494,0.40639999508857727,0.11890000104904175,0.12449999898672104,0.7648000121116638
Cre06.g278252.t1.1,Extracellular,Signal peptide,Soluble,0.17479999363422394,0.1468999981880188,0.5480999946594238,0.17649999260902405,0.03310000151395798,0.23929999768733978,0.27459999918937683,0.1785999983549118,0.18019999563694,0.004100000020116568,0.444599986076355,0.12520000338554382,0.1678999960422516,0.76419997215271
Cre06.g278350.t1.1,Plastid,Chloroplast transit peptide,Peripheral|Soluble,0.12070000171661377,0.0763000026345253,0.020899999886751175,0.044599998742341995,0.11550000309944153,0.9843999743461609,0.043299999088048935,0.06469999998807907,0.07180000096559525,0.016100000590085983,0.633400022983551,0.046799998730421066,0.23649999499320984,0.7817000150680542
Cre06.g279150.t1.2,Cytoplasm,Nuclear localization signal,Soluble,0.8119999766349792,0.4498000144958496,0.04100000113248825,0.06689999997615814,0.18790000677108765,0.013299999758601189,0.15809999406337738,0.14229999482631683,0.06400000303983688,0.012199999764561653,0.3028999865055084,0.04690000042319298,0.09570000320672989,0.878000020980835
Cre06.g280100.t1.2,Endoplasmic reticulum|Lysosome/Vacuole,Signal peptide|Transmembrane domain,Transmembrane,0.1347000002861023,0.0575999990105629,0.051100000739097595,0.31290000677108765,0.0828000009059906,0.011599999852478504,0.6651999950408936,0.6290000081062317,0.5580000281333923,0.01119999960064888,0.09679999947547913,0.9690999984741211,0.03840000182390213,0.12120000272989273
Cre06.g280950.t1.2,Cytoplasm,Nuclear localization signal,Soluble,0.7595999836921692,0.27459999918937683,0.035100001841783524,0.25060001015663147,0.0803999975323677,0.03959999978542328,0.09510000050067902,0.22050000727176666,0.10419999808073044,0.005400000140070915,0.503600001335144,0.05079999938607216,0.23770000040531158,0.8208000063896179
Cre06.g282000.t1.1,Plastid,Chloroplast transit peptide,Soluble,0.1581999957561493,0.1177000030875206,0.055799998342990875,0.04610000178217888,0.08470000326633453,0.9276999831199646,0.06909999996423721,0.033900000154972076,0.07599999755620956,0.006399999838322401,0.5986999869346619,0.1251000016927719,0.06589999794960022,0.7293000221252441
Cre06.g282000.t2.1,Plastid,Chloroplast transit peptide,Soluble,0.1581999957561493,0.1177000030875206,0.055799998342990875,0.04610000178217888,0.08470000326633453,0.9276999831199646,0.06909999996423721,0.033900000154972076,0.07599999755620956,0.006399999838322401,0.5986999869346619,0.1251000016927719,0.06589999794960022,0.7293000221252441
Cre06.g282800.t1.2,Cytoplasm,Nuclear localization signal,Soluble,0.7276999950408936,0.35899999737739563,0.16990000009536743,0.17229999601840973,0.1680999994277954,0.06700000166893005,0.03970000147819519,0.20479999482631683,0.07609999924898148,0.01979999989271164,0.5116000175476074,0.027799999341368675,0.25130000710487366,0.76419997215271
Cre06.g283050.t1.2,Plastid,Chloroplast transit peptide,Transmembrane,0.10100000351667404,0.11460000276565552,0.07660000026226044,0.03759999945759773,0.050200000405311584,0.9455999732017517,0.01730000041425228,0.01759999990463257,0.036400001496076584,0.002199999988079071,0.5964000225067139,0.5698000192642212,0.02160000056028366,0.27320000529289246
Cre06.g283400.t1.2,Plastid,Chloroplast transit peptide,Peripheral|Soluble,0.1899999976158142,0.10019999742507935,0.04859999939799309,0.02879999950528145,0.09600000083446503,0.9649999737739563,0.02850000001490116,0.030899999663233757,0.04809999838471413,0.0066999997943639755,0.6392999887466431,0.10339999943971634,0.05950000137090683,0.7462999820709229
Cre06.g283950.t1.2,Plastid,Chloroplast transit peptide,Peripheral,0.1632000058889389,0.08609999716281891,0.05810000002384186,0.0714000016450882,0.1467999964952469,0.832099974155426,0.040699999779462814,0.040800001472234726,0.04619999974966049,0.0013000000035390258,0.7562999725341797,0.27549999952316284,0.04259999841451645,0.3142000138759613
Cre06.g284700.t1.2,Cytoplasm,Nuclear localization signal,Soluble,0.6858000159263611,0.30469998717308044,0.16509999334812164,0.13030000030994415,0.2572999894618988,0.04780000075697899,0.07190000265836716,0.1160999983549118,0.07880000025033951,0.012799999676644802,0.3862000107765198,0.07580000162124634,0.10679999738931656,0.8403000235557556
Cre06.g285150.t1.2,Plastid,Thylakoid luminal transit peptide,Peripheral|Soluble,0.1485999971628189,0.021199999377131462,0.11249999701976776,0.05079999938607216,0.19259999692440033,0.9761000275611877,0.05389999970793724,0.021800000220537186,0.0340999998152256,0.016599999740719795,0.6306999921798706,0.1006999984383583,0.03290000185370445,0.6966000199317932
Cre06.g285200.t1.1,Mitochondrion,Mitochondrial transit peptide,Soluble,0.37630000710487366,0.11479999870061874,0.040800001472234726,0.045099999755620956,0.7458000183105469,0.16910000145435333,0.013000000268220901,0.046799998730421066,0.09740000218153,0.006000000052154064,0.35089999437332153,0.1615000069141388,0.09669999778270721,0.7548999786376953
Cre06.g286250.t1.2,Mitochondrion,,Transmembrane,0.19439999759197235,0.13079999387264252,0.1623000055551529,0.16300000250339508,0.6450999975204468,0.36489999294281006,0.10019999742507935,0.14399999380111694,0.1421000063419342,0.03500000014901161,0.23180000483989716,0.8525999784469604,0.04529999941587448,0.19830000400543213
Cre06.g287750.t1.2,Plastid,,Soluble,0.43160000443458557,0.2526000142097473,0.15199999511241913,0.17550000548362732,0.38089999556541443,0.6991999745368958,0.09099999815225601,0.02889999933540821,0.04729999974370003,0.12549999356269836,0.5013999938964844,0.12800000607967377,0.09570000320672989,0.786899983882904
Cre06.g288650.t1.2,Plastid,Chloroplast transit peptide,Transmembrane,0.16329999268054962,0.14640000462532043,0.026000000536441803,0.07599999755620956,0.10209999978542328,0.9617999792098999,0.04569999873638153,0.017500000074505806,0.05000000074505806,0.024399999529123306,0.414000004529953,0.8235999941825867,0.04190000146627426,0.2881999909877777
Cre06.g288700.t1.2,Mitochondrion,Mitochondrial transit peptide,Peripheral|Soluble,0.22679999470710754,0.07270000129938126,0.0892999991774559,0.11379999667406082,0.839900016784668,0.4350999891757965,0.05290000140666962,0.0746999979019165,0.10760000348091125,0.0406000018119812,0.7390000224113464,0.1281999945640564,0.08429999649524689,0.5863000154495239
Cre06.g289850.t1.1,Plastid,Chloroplast transit peptide,Soluble,0.1965000033378601,0.0843999981880188,0.07410000264644623,0.04439999908208847,0.0763000026345253,0.9746000170707703,0.06030000001192093,0.03359999880194664,0.03869999945163727,0.0203000009059906,0.4684000015258789,0.15719999372959137,0.03420000150799751,0.7520999908447266
Cre06.g290000.t1.1,Extracellular,Signal peptide,Soluble,0.2759999930858612,0.15489999949932098,0.7547000050544739,0.1088000014424324,0.3488999903202057,0.15289999544620514,0.45739999413490295,0.32600000500679016,0.32600000500679016,0.003599999938160181,0.4284999966621399,0.11420000344514847,0.09279999881982803,0.7300000190734863
Cre06.g291600.t1.1,Cytoplasm,,Soluble,0.7157999873161316,0.2953999936580658,0.15710000693798065,0.12479999661445618,0.07970000058412552,0.12950000166893005,0.05119999870657921,0.13760000467300415,0.09769999980926514,0.009800000116229057,0.3075000047683716,0.15639999508857727,0.07249999791383743,0.7674999833106995
Cre06.g291600.t2.1,Cytoplasm,,Soluble,0.7157999873161316,0.2953999936580658,0.15710000693798065,0.12479999661445618,0.07970000058412552,0.12950000166893005,0.05119999870657921,0.13760000467300415,0.09769999980926514,0.009800000116229057,0.3075000047683716,0.15639999508857727,0.07249999791383743,0.7674999833106995
Cre06.g291650.t1.2,Cytoplasm|Plastid,Chloroplast transit peptide,Peripheral,0.6072999835014343,0.07850000262260437,0.13570000231266022,0.11760000139474869,0.5358999967575073,0.8256999850273132,0.2054000049829483,0.042500000447034836,0.01640000008046627,0.06650000065565109,0.6383000016212463,0.16429999470710754,0.08569999784231186,0.47699999809265137
Cre06.g292350.t1.2,Lysosome/Vacuole,,Transmembrane,0.21739999949932098,0.10620000213384628,0.056699998676776886,0.3379000127315521,0.047200001776218414,0.08510000258684158,0.2727000117301941,0.5967000126838684,0.15289999544620514,0.03590000048279762,0.12430000305175781,0.9571999907493591,0.04340000078082085,0.17170000076293945
Cre06.g293051.t1.1,Cell membrane,Transmembrane domain,Transmembrane,0.27559998631477356,0.08410000056028366,0.05730000138282776,0.5063999891281128,0.2071000039577484,0.07569999992847443,0.3181999921798706,0.5252000093460083,0.4921000003814697,0.006599999964237213,0.12770000100135803,0.9491000175476074,0.08389999717473984,0.17949999868869781
Cre06.g293582.t1.1,Cytoplasm,,Soluble,0.5580000281333923,0.17730000615119934,0.272599995136261,0.13539999723434448,0.14669999480247498,0.08879999816417694,0.10249999910593033,0.11500000208616257,0.10520000010728836,0.003599999938160181,0.40549999475479126,0.11670000106096268,0.06830000132322311,0.7389000058174133
Cre06.g293800.t1.1,Extracellular,Signal peptide,Soluble,0.18930000066757202,0.06109999865293503,0.7383999824523926,0.17720000445842743,0.04450000077486038,0.4499000012874603,0.32499998807907104,0.156700000166893,0.1867000013589859,0.009700000286102295,0.1850000023841858,0.1809999942779541,0.13420000672340393,0.8223000168800354
Cre06.g293850.t1.2,Mitochondrion,Mitochondrial transit peptide,Peripheral|Soluble,0.1340000033378601,0.0892999991774559,0.06849999725818634,0.06210000067949295,0.9276000261306763,0.029600000008940697,0.03400000184774399,0.05999999865889549,0.08579999953508377,0.022700000554323196,0.6534000039100647,0.16130000352859497,0.05350000038743019,0.574999988079071
Cre06.g293950.t1.2,Cytoplasm,Nuclear localization signal,Soluble,0.7709000110626221,0.3582000136375427,0.08320000022649765,0.21279999613761902,0.31850001215934753,0.03310000151395798,0.14720000326633453,0.155799999833107,0.10859999805688858,0.004800000227987766,0.5507000088691711,0.032999999821186066,0.2865999937057495,0.8057000041007996
Cre06.g294650.t1.2,Mitochondrion,Mitochondrial transit peptide,Soluble,0.1867000013589859,0.09309999644756317,0.05050000175833702,0.08399999886751175,0.901199996471405,0.10689999908208847,0.01720000058412552,0.06080000102519989,0.04699999839067459,0.015300000086426735,0.4999000132083893,0.125900000333786,0.0803999975323677,0.7361000180244446
Cre06.g294750.t1.2,Plastid,Chloroplast transit peptide,Transmembrane,0.13609999418258667,0.09040000289678574,0.02759999968111515,0.0340999998152256,0.23160000145435333,0.9337000250816345,0.05310000106692314,0.02879999950528145,0.08780000358819962,0.004399999976158142,0.19140000641345978,0.9283999800682068,0.027699999511241913,0.16349999606609344
Cre06.g294950.t1.1,Plastid,Chloroplast transit peptide,Peripheral|Soluble,0.08349999785423279,0.08370000123977661,0.02070000022649765,0.03689999878406525,0.22220000624656677,0.9886999726295471,0.01810000091791153,0.02630000002682209,0.050599999725818634,0.014800000004470348,0.6284999847412109,0.14959999918937683,0.17829999327659607,0.541100025177002
Cre06.g295250.t1.1,Plastid,,Transmembrane,0.09380000084638596,0.09830000251531601,0.02669999934732914,0.10779999941587448,0.16110000014305115,0.8966000080108643,0.17020000517368317,0.08959999680519104,0.10220000147819519,0.02250000089406967,0.10890000313520432,0.9797999858856201,0.04729999974370003,0.12300000339746475
Cre06.g295450.t1.2,Mitochondrion,Mitochondrial transit peptide,Peripheral|Soluble,0.2012999951839447,0.08269999921321869,0.06859999895095825,0.1096000000834465,0.854200005531311,0.27059999108314514,0.022299999371170998,0.05290000140666962,0.15080000460147858,0.016699999570846558,0.620199978351593,0.09780000150203705,0.3237999975681305,0.616100013256073
Cre06.g296250.t1.1,Plastid,Chloroplast transit peptide,Soluble,0.26330000162124634,0.043299999088048935,0.10249999910593033,0.07699999958276749,0.4837000072002411,0.9524999856948853,0.04430000111460686,0.04470000043511391,0.053599998354911804,0.050599999725818634,0.48260000348091125,0.10639999806880951,0.06289999932050705,0.7818999886512756
Cre06.g296400.t1.2,Mitochondrion,Mitochondrial transit peptide,Peripheral|Soluble,0.13950000703334808,0.06120000034570694,0.04270000010728836,0.06700000166893005,0.8697999715805054,0.02019999921321869,0.039500001817941666,0.18400000035762787,0.1518000066280365,0.04039999842643738,0.6934000253677368,0.12999999523162842,0.10930000245571136,0.5867999792098999
Cre06.g296600.t1.2,Cytoplasm,,Soluble,0.722000002861023,0.2838999927043915,0.09139999747276306,0.12630000710487366,0.3151000142097473,0.033799998462200165,0.09679999947547913,0.1462000012397766,0.12370000034570694,0.0502999983727932,0.4731999933719635,0.054499998688697815,0.10080000013113022,0.7343999743461609
Cre06.g299050.t1.2,Endoplasmic reticulum,Transmembrane domain,Peripheral|Transmembrane,0.17020000517368317,0.13230000436306,0.032600000500679016,0.15690000355243683,0.23260000348091125,0.11580000072717667,0.8083999752998352,0.15539999306201935,0.20090000331401825,0.007499999832361937,0.6205999851226807,0.753000020980835,0.05869999900460243,0.3174999952316284
Cre06.g299800.t1.2,Plastid,Chloroplast transit peptide,Soluble,0.2533000111579895,0.04919999837875366,0.0820000022649765,0.07240000367164612,0.14030000567436218,0.9372000098228455,0.04780000075697899,0.05130000039935112,0.06700000166893005,0.0142000000923872,0.5982999801635742,0.243599995970726,0.10140000283718109,0.6147000193595886
Cre06.g300500.t1.1,Cell membrane,Signal peptide|Transmembrane domain,Transmembrane,0.1973000019788742,0.08240000158548355,0.03359999880194664,0.5788999795913696,0.042500000447034836,0.014100000262260437,0.23729999363422394,0.3010999858379364,0.17190000414848328,0.021700000390410423,0.17839999496936798,0.9556999802589417,0.0754999965429306,0.1559000015258789
Cre06.g300700.t1.1,Plastid,Chloroplast transit peptide,Peripheral|Soluble,0.23759999871253967,0.09839999675750732,0.0430000014603138,0.025599999353289604,0.121799997985363,0.921500027179718,0.007799999788403511,0.03229999914765358,0.0544000007212162,0.007899999618530273,0.7752000093460083,0.06449999660253525,0.13050000369548798,0.711899995803833
Cre06.g301600.t1.1,Extracellular,Signal peptide,Soluble,0.19089999794960022,0.12600000202655792,0.43810001015663147,0.15279999375343323,0.06599999964237213,0.10109999775886536,0.40149998664855957,0.21979999542236328,0.1316000074148178,0.004999999888241291,0.4000999927520752,0.3249000012874603,0.06650000065565109,0.6843000054359436
Cre06.g302050.t1.2,Cytoplasm,,Transmembrane,0.32010000944137573,0.1589999943971634,0.04280000180006027,0.3634999990463257,0.15809999406337738,0.05889999866485596,0.1882999986410141,0.2223999947309494,0.16459999978542328,0.004699999932199717,0.20430000126361847,0.9896000027656555,0.023099999874830246,0.11069999635219574
Cre06.g304350.t1.2,Cytoplasm,,Peripheral,0.4740000069141388,0.15919999778270721,0.07649999856948853,0.07919999957084656,0.47760000824928284,0.302700012922287,0.26440000534057617,0.19550000131130219,0.24390000104904175,0.05510000139474869,0.8388000130653381,0.18649999797344208,0.2639999985694885,0.3806999921798706
Cre06.g304650.t1.1,Cytoplasm,,Peripheral|Soluble,0.551800012588501,0.17069999873638153,0.07090000063180923,0.3375000059604645,0.14020000398159027,0.14300000667572021,0.18299999833106995,0.3774000108242035,0.29989999532699585,0.016899999231100082,0.7458999752998352,0.21979999542236328,0.14169999957084656,0.5569000244140625
Cre06.g305900.t1.1,Golgi apparatus,Transmembrane domain,Transmembrane,0.07689999788999557,0.16220000386238098,0.04540000110864639,0.19609999656677246,0.08910000324249268,0.06889999657869339,0.46959999203681946,0.36489999294281006,0.7601000070571899,0.04960000142455101,0.1492999941110611,0.9465000033378601,0.07750000059604645,0.10100000351667404
Cre06.g306300.t1.2,Plastid,Chloroplast transit peptide,Peripheral|Soluble,0.10570000112056732,0.15299999713897705,0.02759999968111515,0.019700000062584877,0.1469999998807907,0.9735999703407288,0.015300000086426735,0.014700000174343586,0.03830000013113022,0.010599999688565731,0.6897000074386597,0.03849999979138374,0.0877000018954277,0.7720000147819519
Cre06.g306350.t1.2,Plastid,Chloroplast transit peptide,Peripheral|Soluble,0.10809999704360962,0.04960000142455101,0.0414000004529953,0.04039999842643738,0.14229999482631683,0.9700999855995178,0.015699999406933784,0.01489999983459711,0.03440000116825104,0.004600000102072954,0.8486999869346619,0.08380000293254852,0.03629999980330467,0.5579000115394592
Cre06.g306400.t1.2,Cytoplasm,Nuclear localization signal,Soluble,0.6675000190734863,0.23510000109672546,0.1168999969959259,0.19599999487400055,0.2298000007867813,0.17059999704360962,0.30709999799728394,0.16869999468326569,0.08969999849796295,0.006000000052154064,0.33980000019073486,0.2766999900341034,0.0658000037074089,0.7369999885559082
Cre06.g306601.t1.1,Plastid,Chloroplast transit peptide,Soluble,0.19529999792575836,0.09099999815225601,0.047200001776218414,0.03750000149011612,0.15440000593662262,0.9869999885559082,0.02539999969303608,0.02850000001490116,0.06700000166893005,0.00860000029206276,0.42750000953674316,0.07530000060796738,0.1120000034570694,0.8547000288963318
Cre06.g307150.t1.1,Plastid,Chloroplast transit peptide,Peripheral|Soluble,0.2581999897956848,0.1290999948978424,0.05119999870657921,0.05040000006556511,0.08649999648332596,0.9528999924659729,0.02539999969303608,0.05979999899864197,0.07999999821186066,0.028699999675154686,0.6459000110626221,0.0860000029206276,0.1282999962568283,0.7709000110626221
Cre06.g307300.t1.1,Mitochondrion,,Transmembrane,0.32440000772476196,0.1062999963760376,0.12240000069141388,0.20350000262260437,0.692799985408783,0.20010000467300415,0.22380000352859497,0.09989999979734421,0.09009999781847,0.0689999982714653,0.17990000545978546,0.9031000137329102,0.05249999836087227,0.2498999983072281
Cre06.g308100.t1.2,Peroxisome,Peroxisomal targeting signal,Soluble,0.2822999954223633,0.06260000169277191,0.02969999983906746,0.09179999679327011,0.3156999945640564,0.13539999723434448,0.054499998688697815,0.029400000348687172,0.03840000182390213,0.9739000201225281,0.35269999504089355,0.11649999767541885,0.06849999725818634,0.7847999930381775
Cre06.g308500.t1.2,Plastid,Chloroplast transit peptide,Soluble,0.14650000631809235,0.12690000236034393,0.011699999682605267,0.016300000250339508,0.16760000586509705,0.9825000166893005,0.03750000149011612,0.03620000183582306,0.057100001722574234,0.015799999237060547,0.4424000084400177,0.04749999940395355,0.08590000122785568,0.8228999972343445
Cre06.g309000.t1.2,Plastid,Chloroplast transit peptide,Transmembrane,0.18170000612735748,0.08009999990463257,0.03579999879002571,0.048700001090765,0.1860000044107437,0.9020000100135803,0.02500000037252903,0.045499999076128006,0.032499998807907104,0.006800000090152025,0.27709999680519104,0.8616999983787537,0.034699998795986176,0.15489999949932098
Cre06.g311000.t1.1,Cytoplasm,,Transmembrane,0.27559998631477356,0.1160999983549118,0.1412000060081482,0.34790000319480896,0.11819999665021896,0.19040000438690186,0.13439999520778656,0.30790001153945923,0.17419999837875366,0.05009999871253967,0.19220000505447388,0.9646999835968018,0.05350000038743019,0.15070000290870667
Cre06.g311050.t1.2,Mitochondrion,Mitochondrial transit peptide,Soluble,0.17829999327659607,0.06030000001192093,0.024299999698996544,0.065700002014637,0.8377000093460083,0.05649999901652336,0.061900001019239426,0.10580000281333923,0.06469999998807907,0.1160999983549118,0.4546999931335449,0.1340000033378601,0.07559999823570251,0.7652000188827515
Cre06.g311600.t1.2,Cytoplasm,Nuclear localization signal,Soluble,0.83160001039505,0.3118000030517578,0.13779999315738678,0.07980000227689743,0.20999999344348907,0.031199999153614044,0.1632000058889389,0.155799999833107,0.17550000548362732,0.02889999933540821,0.4219000041484833,0.07670000195503235,0.14910000562667847,0.8393999934196472
Cre07.g312400.t1.1,Cytoplasm,Signal peptide|Transmembrane domain,Transmembrane,0.41179999709129333,0.18459999561309814,0.10639999806880951,0.3109000027179718,0.16290000081062317,0.29919999837875366,0.40070000290870667,0.2888000011444092,0.21070000529289246,0.04520000144839287,0.5450000166893005,0.8185999989509583,0.08799999952316284,0.3070000112056732
Cre07.g313700.t1.1,Plastid,Chloroplast transit peptide,Soluble,0.24660000205039978,0.08630000054836273,0.031700000166893005,0.04450000077486038,0.45489999651908875,0.9054999947547913,0.02199999988079071,0.031700000166893005,0.04989999905228615,0.002199999988079071,0.5081999897956848,0.09210000187158585,0.06729999929666519,0.7897999882698059
Cre07.g314150.t1.2,Plastid,Chloroplast transit peptide,Peripheral|Soluble,0.1834000051021576,0.0632999986410141,0.03869999945163727,0.04399999976158142,0.12600000202655792,0.9593999981880188,0.043699998408555984,0.02850000001490116,0.04690000042319298,0.005200000014156103,0.8604000210762024,0.12720000743865967,0.1850000023841858,0.5404999852180481
Cre07.g318500.t1.1,Endoplasmic reticulum,Signal peptide,Transmembrane,0.23280000686645508,0.18889999389648438,0.08160000294446945,0.3149000108242035,0.3476000130176544,0.11379999667406082,0.5519999861717224,0.13199999928474426,0.24300000071525574,0.10649999976158142,0.33629998564720154,0.8737999796867371,0.14069999754428864,0.225600004196167
Cre07.g318750.t1.2,Plastid,Chloroplast transit peptide,Soluble,0.11810000240802765,0.09769999980926514,0.029500000178813934,0.021299999207258224,0.08969999849796295,0.9797999858856201,0.01850000023841858,0.022299999371170998,0.02810000069439411,0.005799999926239252,0.39340001344680786,0.08489999920129776,0.0754999965429306,0.7904000282287598
Cre07.g319320.t1.1,Plastid,Chloroplast transit peptide,Soluble,0.46219998598098755,0.0917000025510788,0.21050000190734863,0.19259999692440033,0.3723999857902527,0.8051000237464905,0.06080000102519989,0.08799999952316284,0.030400000512599945,0.04910000041127205,0.4772000014781952,0.2272000014781952,0.1736000031232834,0.6205999851226807
Cre07.g319400.t1.2,Cytoplasm,,Soluble,0.6775000095367432,0.18610000610351562,0.11890000104904175,0.09430000185966492,0.30090001225471497,0.11720000207424164,0.12700000405311584,0.14390000700950623,0.04659999907016754,0.13539999723434448,0.3765000104904175,0.17970000207424164,0.06729999929666519,0.7578999996185303
Cre07.g319600.t1.2,Endoplasmic reticulum,,Transmembrane,0.26820001006126404,0.14470000565052032,0.08479999750852585,0.3709000051021576,0.21160000562667847,0.1451999992132187,0.4521999955177307,0.15569999814033508,0.19280000030994415,0.041999999433755875,0.2660999894142151,0.9178000092506409,0.22949999570846558,0.1876000016927719
Cre07.g320550.t1.2,Endoplasmic reticulum,Signal peptide|Transmembrane domain,Transmembrane,0.14419999718666077,0.12939999997615814,0.14059999585151672,0.14710000157356262,0.2363000065088272,0.028999999165534973,0.8605999946594238,0.20880000293254852,0.4083999991416931,0.06480000168085098,0.34200000762939453,0.8867999911308289,0.04390000179409981,0.20679999887943268
Cre07.g320700.t1.1,Cytoplasm,,Peripheral|Soluble,0.7253000140190125,0.15369999408721924,0.06350000202655792,0.27799999713897705,0.09570000320672989,0.041600000113248825,0.15729999542236328,0.4607999920845032,0.24889999628067017,0.05469999834895134,0.6301000118255615,0.08529999852180481,0.21639999747276306,0.7821999788284302
Cre07.g320750.t1.1,Cytoplasm,,Peripheral|Soluble,0.7139000296592712,0.16009999811649323,0.06809999793767929,0.2777999937534332,0.10899999737739563,0.05429999902844429,0.2021999955177307,0.41280001401901245,0.21330000460147858,0.08410000056028366,0.6330999732017517,0.1347000002861023,0.28619998693466187,0.7221999764442444
Cre07.g321050.t1.1,Cytoplasm|Nucleus,Nuclear localization signal,Soluble,0.6200000047683716,0.525600016117096,0.04670000076293945,0.10490000247955322,0.1965000033378601,0.0949999988079071,0.10289999842643738,0.04259999841451645,0.06080000102519989,0.01940000057220459,0.23589999973773956,0.2669000029563904,0.07169999927282333,0.7601000070571899
Cre07.g321100.t1.2,Cytoplasm,Nuclear export signal,Soluble,0.862500011920929,0.490200012922287,0.0949999988079071,0.06689999997615814,0.33730000257492065,0.06509999930858612,0.09950000047683716,0.1225999966263771,0.22689999639987946,0.05570000037550926,0.37290000915527344,0.1039000004529953,0.07680000364780426,0.8105999827384949
Cre07.g321150.t1.1,Cytoplasm,,Peripheral|Soluble,0.6904000043869019,0.15639999508857727,0.07280000299215317,0.30799999833106995,0.09059999883174896,0.0544000007212162,0.12759999930858612,0.42399999499320984,0.18299999833106995,0.029100000858306885,0.616100013256073,0.0820000022649765,0.22169999778270721,0.7824000120162964
Cre07.g321700.t1.2,Cytoplasm,,Soluble,0.5113000273704529,0.3005000054836273,0.15639999508857727,0.35760000348091125,0.1623000055551529,0.08079999685287476,0.3732999861240387,0.3763999938964844,0.3732999861240387,0.3411000072956085,0.546999990940094,0.15240000188350677,0.2702000141143799,0.6765000224113464
Cre07.g322000.t1.2,Mitochondrion,,Soluble,0.3449999988079071,0.06199999898672104,0.24779999256134033,0.1453000009059906,0.620199978351593,0.5796999931335449,0.05739999935030937,0.04910000041127205,0.06909999996423721,0.24799999594688416,0.45419999957084656,0.11230000108480453,0.12460000067949295,0.7778000235557556
Cre07.g322884.t1.2,Endoplasmic reticulum,Signal peptide|Transmembrane domain,Transmembrane,0.21819999814033508,0.10419999808073044,0.05260000005364418,0.33550000190734863,0.1462000012397766,0.03999999910593033,0.8162000179290771,0.42419999837875366,0.32170000672340393,0.043699998408555984,0.5232999920845032,0.8701000213623047,0.21570000052452087,0.14569999277591705
Cre07.g322884.t2.1,Endoplasmic reticulum,Signal peptide|Transmembrane domain,Transmembrane,0.21819999814033508,0.10419999808073044,0.05260000005364418,0.33550000190734863,0.1462000012397766,0.03999999910593033,0.8162000179290771,0.42419999837875366,0.32170000672340393,0.043699998408555984,0.5232999920845032,0.8701000213623047,0.21570000052452087,0.14569999277591705
Cre07.g322900.t1.1,Cell membrane,Transmembrane domain,Transmembrane,0.289000004529953,0.10909999907016754,0.04470000043511391,0.6349999904632568,0.1469999998807907,0.03739999979734421,0.23970000445842743,0.5223000049591064,0.40700000524520874,0.004999999888241291,0.3192000091075897,0.9350000023841858,0.33640000224113464,0.13850000500679016
Cre07.g322950.t1.2,Plastid,Chloroplast transit peptide,Soluble,0.1606999933719635,0.07649999856948853,0.040699999779462814,0.029999999329447746,0.11400000005960464,0.977400004863739,0.034299999475479126,0.030400000512599945,0.055399999022483826,0.010999999940395355,0.5123000144958496,0.10100000351667404,0.2639999985694885,0.7527999877929688
Cre07.g323750.t1.1,Cytoplasm|Nucleus,Nuclear export signal,Soluble,0.5791000127792358,0.5943999886512756,0.0568000003695488,0.07699999958276749,0.13500000536441803,0.0812000036239624,0.17569999396800995,0.08889999985694885,0.08309999853372574,0.2094999998807907,0.29750001430511475,0.10779999941587448,0.12380000203847885,0.8378000259399414
Cre07.g324200.t1.2,Cytoplasm|Lysosome/Vacuole,,Peripheral|Soluble,0.5712000131607056,0.14830000698566437,0.030300000682473183,0.37450000643730164,0.288100004196167,0.02759999968111515,0.4058000147342682,0.5953999757766724,0.48989999294281006,0.022700000554323196,0.8011000156402588,0.33379998803138733,0.12770000100135803,0.5292999744415283
Cre07.g324550.t1.1,Plastid,Chloroplast transit peptide,Soluble,0.15360000729560852,0.07159999758005142,0.03480000048875809,0.03610000014305115,0.10890000313520432,0.9861999750137329,0.01759999990463257,0.049300000071525574,0.08330000191926956,0.0027000000700354576,0.5144000053405762,0.05290000140666962,0.09910000115633011,0.7623999714851379
Cre07.g325150.t1.1,Plastid,,Peripheral,0.38830000162124634,0.07609999924898148,0.09809999912977219,0.2011999934911728,0.33660000562667847,0.5651000142097473,0.3109000027179718,0.35109999775886536,0.2980000078678131,0.09749999642372131,0.7364000082015991,0.41600000858306885,0.11620000004768372,0.460099995136261
Cre07.g325400.t1.2,Plastid,Chloroplast transit peptide,Soluble,0.12449999898672104,0.08810000121593475,0.022099999710917473,0.029600000008940697,0.38420000672340393,0.9269999861717224,0.00989999994635582,0.03869999945163727,0.04729999974370003,0.007799999788403511,0.4009000062942505,0.14100000262260437,0.06310000270605087,0.7810999751091003
Cre07.g325500.t1.1,Plastid,Chloroplast transit peptide,Peripheral|Soluble,0.1500999927520752,0.11330000311136246,0.018200000748038292,0.04749999940395355,0.10809999704360962,0.9771000146865845,0.04899999871850014,0.04129999876022339,0.05939999967813492,0.012199999764561653,0.8971999883651733,0.10939999669790268,0.13660000264644623,0.5935999751091003
Cre07.g325550.t1.1,Cytoplasm,,Peripheral|Soluble,0.5827999711036682,0.15809999406337738,0.14069999754428864,0.4948999881744385,0.1850000023841858,0.25920000672340393,0.19040000438690186,0.28870001435279846,0.2434999942779541,0.030899999663233757,0.734499990940094,0.2029999941587448,0.3675000071525574,0.5192999839782715
Cre07.g325734.t1.1,Plastid,Chloroplast transit peptide,Peripheral|Soluble,0.1307000070810318,0.055799998342990875,0.0357000008225441,0.05559999868273735,0.42879998683929443,0.753000020980835,0.047200001776218414,0.0786999985575676,0.027400000020861626,0.17180000245571136,0.6389999985694885,0.017000000923871994,0.17679999768733978,0.7253999710083008
Cre07.g325740.t1.1,Cell membrane,Transmembrane domain,Transmembrane,0.14970000088214874,0.02199999988079071,0.03959999978542328,0.6474000215530396,0.13979999721050262,0.024399999529123306,0.3522000014781952,0.5508000254631042,0.3644999861717224,0.0017999999690800905,0.026000000536441803,0.9775999784469604,0.16030000150203705,0.17489999532699585
Cre07.g325741.t1.1,Cell membrane,Transmembrane domain,Transmembrane,0.14910000562667847,0.02199999988079071,0.03959999978542328,0.652899980545044,0.12800000607967377,0.022199999541044235,0.33320000767707825,0.5461999773979187,0.3833000063896179,0.0015999999595806003,0.024900000542402267,0.9778000116348267,0.18299999833106995,0.16609999537467957
Cre07.g325748.t1.1,Cytoplasm,,Soluble,0.5425000190734863,0.36730000376701355,0.08100000023841858,0.10040000081062317,0.06210000067949295,0.06560000032186508,0.02759999968111515,0.06769999861717224,0.038600001484155655,0.042100001126527786,0.21809999644756317,0.10980000346899033,0.08820000290870667,0.84170001745224
Cre07.g327400.t1.1,Mitochondrion,Mitochondrial transit peptide,Peripheral|Soluble,0.22380000352859497,0.057500001043081284,0.041099999099969864,0.025200000032782555,0.9408000111579895,0.07720000296831131,0.03889999911189079,0.050700001418590546,0.10769999772310257,0.015300000086426735,0.6675000190734863,0.1388999968767166,0.05820000171661377,0.5048999786376953
Cre07.g328200.t1.2,Plastid,Thylakoid luminal transit peptide,Peripheral,0.16439999639987946,0.03280000016093254,0.09109999984502792,0.03229999914765358,0.15219999849796295,0.9502000212669373,0.054999999701976776,0.012500000186264515,0.021400000900030136,0.004399999976158142,0.8008000254631042,0.23000000417232513,0.048500001430511475,0.4560000002384186
Cre07.g328250.t1.2,Cytoplasm,,Soluble,0.4726000130176544,0.3257000148296356,0.11490000039339066,0.18870000541210175,0.030899999663233757,0.23579999804496765,0.05400000140070915,0.08659999817609787,0.034699998795986176,0.011599999852478504,0.3001999855041504,0.20229999721050262,0.05660000070929527,0.7773000001907349
Cre07.g328500.t1.1,Cytoplasm,,Soluble,0.5242000222206116,0.14480000734329224,0.4575999975204468,0.11879999935626984,0.11789999902248383,0.17730000615119934,0.07159999758005142,0.10369999706745148,0.06199999898672104,0.019600000232458115,0.17980000376701355,0.15449999272823334,0.14839999377727509,0.8222000002861023
Cre07.g329050.t1.2,Cell membrane|Lysosome/Vacuole,Transmembrane domain,Transmembrane,0.14180000126361847,0.07329999655485153,0.014299999922513962,0.6636999845504761,0.11320000141859055,0.015200000256299973,0.20350000262260437,0.5940999984741211,0.33250001072883606,0.0019000000320374966,0.08889999985694885,0.9786999821662903,0.14010000228881836,0.09790000319480896
Cre07.g330100.t1.2,Endoplasmic reticulum,Signal peptide|Transmembrane domain,Transmembrane,0.15129999816417694,0.11270000040531158,0.01979999989271164,0.14270000159740448,0.093299999833107,0.00419999985024333,0.8126000165939331,0.1421000063419342,0.3375000059604645,0.0010000000474974513,0.2802000045776367,0.9363999962806702,0.04520000144839287,0.14880000054836273
Cre07.g330600.t1.1,Golgi apparatus,Signal peptide|Transmembrane domain,Transmembrane,0.164900004863739,0.08820000290870667,0.18310000002384186,0.2151000052690506,0.11400000005960464,0.14569999277591705,0.35199999809265137,0.31850001215934753,0.5307000279426575,0.016499999910593033,0.2484000027179718,0.9135000109672546,0.05739999935030937,0.19470000267028809
Cre07.g331300.t1.2,Plastid,Chloroplast transit peptide,Soluble,0.14800000190734863,0.10610000044107437,0.05310000106692314,0.05730000138282776,0.10019999742507935,0.9804999828338623,0.041999999433755875,0.025299999862909317,0.04899999871850014,0.005799999926239252,0.5830000042915344,0.14429999887943268,0.10199999809265137,0.7369999885559082
Cre07.g331550.t1.2,Plastid,Chloroplast transit peptide,Soluble,0.1289999932050705,0.10779999941587448,0.019099999219179153,0.028200000524520874,0.29649999737739563,0.9291999936103821,0.00930000003427267,0.041999999433755875,0.02979999966919422,0.004999999888241291,0.4366999864578247,0.07119999825954437,0.07050000131130219,0.8181999921798706
Cre07.g333900.t1.1,Cytoplasm,,Peripheral|Soluble,0.4864000082015991,0.18729999661445618,0.11710000038146973,0.05869999900460243,0.511900007724762,0.032999999821186066,0.10450000315904617,0.14749999344348907,0.08669999986886978,0.0024999999441206455,0.6240000128746033,0.07500000298023224,0.0066999997943639755,0.7023000121116638
Cre07.g334550.t1.2,Plastid,Chloroplast transit peptide,Transmembrane,0.1145000010728836,0.07580000162124634,0.04859999939799309,0.02759999968111515,0.15399999916553497,0.9293000102043152,0.012799999676644802,0.012900000438094139,0.03779999911785126,0.002099999925121665,0.20980000495910645,0.9926999807357788,0.01549999974668026,0.07289999723434448
Cre07.g334800.t1.2,Plastid,Chloroplast transit peptide,Peripheral|Soluble,0.08910000324249268,0.05950000137090683,0.0357000008225441,0.027000000700354576,0.22059999406337738,0.8554999828338623,0.022600000724196434,0.02800000086426735,0.04360000044107437,0.001500000013038516,0.8561000227928162,0.053599998354911804,0.0885000005364418,0.5016999840736389
Cre07.g334800.t2.1,Plastid,Chloroplast transit peptide,Peripheral|Soluble,0.08910000324249268,0.05950000137090683,0.0357000008225441,0.027000000700354576,0.22059999406337738,0.8554999828338623,0.022600000724196434,0.02800000086426735,0.04360000044107437,0.001500000013038516,0.8561000227928162,0.053599998354911804,0.0885000005364418,0.5016999840736389
Cre07.g335300.t1.2,Plastid,Chloroplast transit peptide,Soluble,0.08410000056028366,0.10199999809265137,0.0142000000923872,0.045499999076128006,0.25850000977516174,0.9664000272750854,0.02590000070631504,0.04270000010728836,0.021900000050663948,0.029999999329447746,0.33379998803138733,0.13740000128746033,0.09109999984502792,0.7811999917030334
Cre07.g335600.t1.2,Lysosome/Vacuole,,Transmembrane,0.42590001225471497,0.09290000051259995,0.08079999685287476,0.4862000048160553,0.20499999821186066,0.01489999983459711,0.42089998722076416,0.6854000091552734,0.4530999958515167,0.00559999980032444,0.11240000277757645,0.9617999792098999,0.05420000106096268,0.1429000049829483
Cre07.g336600.t1.1,Extracellular,Signal peptide,Soluble,0.18870000541210175,0.07859999686479568,0.6395999789237976,0.17790000140666962,0.0892999991774559,0.1006999984383583,0.2671000063419342,0.2969000041484833,0.28999999165534973,0.029200000688433647,0.31299999356269836,0.2924000024795532,0.11190000176429749,0.6715999841690063
Cre07.g336600.t2.1,Extracellular,Signal peptide,Soluble,0.18870000541210175,0.07859999686479568,0.6395999789237976,0.17790000140666962,0.0892999991774559,0.1006999984383583,0.2671000063419342,0.2969000041484833,0.28999999165534973,0.029200000688433647,0.31299999356269836,0.2924000024795532,0.11190000176429749,0.6715999841690063
Cre07.g336950.t1.1,Plastid,Chloroplast transit peptide,Soluble,0.19699999690055847,0.11559999734163284,0.023499999195337296,0.02979999966919422,0.06239999830722809,0.9469000101089478,0.05660000070929527,0.055799998342990875,0.04259999841451645,0.004900000058114529,0.585099995136261,0.06710000336170197,0.07320000231266022,0.8184999823570251
Cre07.g337650.t1.2,Mitochondrion,Mitochondrial transit peptide,Soluble,0.10869999974966049,0.05849999934434891,0.027000000700354576,0.07400000095367432,0.862500011920929,0.03229999914765358,0.05000000074505806,0.049400001764297485,0.052799999713897705,0.015799999237060547,0.585099995136261,0.06639999896287918,0.07280000299215317,0.724399983882904
Cre07.g338050.t1.2,Mitochondrion,Mitochondrial transit peptide,Peripheral|Soluble,0.15189999341964722,0.10459999740123749,0.11420000344514847,0.10000000149011612,0.8865000009536743,0.18520000576972961,0.033399999141693115,0.013799999840557575,0.08579999953508377,0.010200000368058681,0.6790000200271606,0.14000000059604645,0.10000000149011612,0.6708999872207642
Cre07.g338451.t1.1,Cytoplasm,Nuclear localization signal,Soluble,0.6373000144958496,0.39559999108314514,0.17239999771118164,0.12060000002384186,0.13650000095367432,0.21070000529289246,0.10670000314712524,0.18330000340938568,0.1469999998807907,0.004100000020116568,0.22360000014305115,0.04410000145435333,0.1703999936580658,0.8514000177383423
Cre07.g339554.t1.2,Lysosome/Vacuole,,Transmembrane,0.19380000233650208,0.12710000574588776,0.11020000278949738,0.27000001072883606,0.11379999667406082,0.06289999932050705,0.18490000069141388,0.3905999958515167,0.19670000672340393,0.038100000470876694,0.13500000536441803,0.9635000228881836,0.03060000017285347,0.1542000025510788
Cre07.g339750.t1.2,Plastid,Chloroplast transit peptide,Transmembrane,0.0925000011920929,0.09709999710321426,0.02800000086426735,0.03020000085234642,0.12530000507831573,0.9897000193595886,0.041200000792741776,0.04410000145435333,0.05959999933838844,0.02019999921321869,0.3179999887943268,0.6202999949455261,0.10379999876022339,0.30880001187324524
Cre07.g339750.t2.1,Plastid,Chloroplast transit peptide,Transmembrane,0.0925000011920929,0.09709999710321426,0.02800000086426735,0.03020000085234642,0.12530000507831573,0.9897000193595886,0.041200000792741776,0.04410000145435333,0.05959999933838844,0.02019999921321869,0.3179999887943268,0.6202999949455261,0.10379999876022339,0.30880001187324524
Cre07.g340200.t1.1,Plastid,,Transmembrane,0.11990000307559967,0.06520000100135803,0.05350000038743019,0.025200000032782555,0.24369999766349792,0.9077000021934509,0.09719999879598618,0.026100000366568565,0.08990000188350677,0.004000000189989805,0.30489999055862427,0.9661999940872192,0.026799999177455902,0.10980000346899033
Cre07.g340350.t1.1,Mitochondrion,Mitochondrial transit peptide,Peripheral|Soluble,0.18619999289512634,0.12240000069141388,0.11299999803304672,0.07190000265836716,0.913100004196167,0.029500000178813934,0.03150000050663948,0.03830000013113022,0.08290000259876251,0.002400000113993883,0.7098000049591064,0.2418999969959259,0.05130000039935112,0.6676999926567078
Cre07.g340850.t1.2,Endoplasmic reticulum,Signal peptide|Transmembrane domain,Peripheral|Transmembrane,0.17499999701976776,0.07479999959468842,0.23250000178813934,0.12620000541210175,0.3862000107765198,0.2985999882221222,0.6937999725341797,0.19130000472068787,0.12839999794960022,0.020899999886751175,0.7322999835014343,0.6158999800682068,0.06340000033378601,0.3239000141620636
Cre07.g342150.t1.2,Plastid,Chloroplast transit peptide,Peripheral|Soluble,0.16670000553131104,0.10729999840259552,0.019300000742077827,0.023499999195337296,0.25369998812675476,0.9678999781608582,0.0215000007301569,0.017500000074505806,0.03440000116825104,0.002400000113993883,0.7922999858856201,0.049400001764297485,0.26660001277923584,0.676800012588501
Cre07.g342350.t1.2,Cytoplasm,,Soluble,0.6517999768257141,0.30379998683929443,0.02850000001490116,0.3375000059604645,0.14030000567436218,0.00839999970048666,0.0966000035405159,0.430400013923645,0.2526000142097473,0.022199999541044235,0.5076000094413757,0.0843999981880188,0.28119999170303345,0.7329999804496765
Cre07.g343433.t1.1,Cytoplasm,,Transmembrane|Soluble,0.646399974822998,0.1599999964237213,0.3695000112056732,0.0957999974489212,0.5038999915122986,0.01549999974668026,0.2786000072956085,0.08190000057220459,0.1436000019311905,0.00559999980032444,0.3149999976158142,0.5199999809265137,0.25920000672340393,0.5162000060081482
Cre07.g343700.t1.2,Mitochondrion,Mitochondrial transit peptide,Peripheral|Soluble,0.1306000053882599,0.06759999692440033,0.033799998462200165,0.065700002014637,0.7961999773979187,0.08269999921321869,0.06679999828338623,0.06830000132322311,0.09740000218153,0.025200000032782555,0.7667999863624573,0.03709999844431877,0.12870000302791595,0.6682000160217285
Cre07.g344400.t1.2,Plastid,Chloroplast transit peptide,Peripheral|Soluble,0.13089999556541443,0.09989999979734421,0.03720000013709068,0.029500000178813934,0.1111999973654747,0.9581000208854675,0.015300000086426735,0.028699999675154686,0.0625,0.0019000000320374966,0.6861000061035156,0.12399999797344208,0.2590999901294708,0.645799994468689
Cre07.g344550.t1.2,Plastid,Chloroplast transit peptide,Peripheral|Soluble,0.12790000438690186,0.1200999990105629,0.03709999844431877,0.035999998450279236,0.08699999749660492,0.9785000085830688,0.01600000075995922,0.02850000001490116,0.0658000037074089,0.003100000089034438,0.675599992275238,0.16689999401569366,0.3260999917984009,0.5910999774932861
Cre07.g344600.t1.2,Plastid,Chloroplast transit peptide,Soluble,0.147599995136261,0.06080000102519989,0.0869000032544136,0.08219999819993973,0.13989999890327454,0.965399980545044,0.020999999716877937,0.061500001698732376,0.04479999840259552,0.004600000102072954,0.5367000102996826,0.09309999644756317,0.20679999887943268,0.7006999850273132
Cre07.g344950.t1.2,Plastid,Chloroplast transit peptide,Transmembrane,0.11869999766349792,0.10700000077486038,0.07699999958276749,0.03830000013113022,0.08699999749660492,0.9107000231742859,0.018300000578165054,0.026900000870227814,0.03180000185966492,0.000699999975040555,0.5060999989509583,0.5220999717712402,0.029100000858306885,0.2955000102519989
Cre07.g345300.t1.1,Cytoplasm,,Soluble,0.8159000277519226,0.23909999430179596,0.11150000244379044,0.10130000114440918,0.11879999935626984,0.09059999883174896,0.13089999556541443,0.10989999771118164,0.18029999732971191,0.023800000548362732,0.5867000222206116,0.05260000005364418,0.15360000729560852,0.8210999965667725
Cre07.g347100.t1.2,Peroxisome,Peroxisomal targeting signal,Soluble,0.460999995470047,0.26759999990463257,0.1054999977350235,0.026499999687075615,0.15530000627040863,0.009399999864399433,0.05139999836683273,0.19370000064373016,0.1006999984383583,0.9664000272750854,0.412200003862381,0.06719999760389328,0.07609999924898148,0.8238999843597412
Cre07.g348200.t1.1,Cytoplasm,,Soluble,0.6172000169754028,0.26649999618530273,0.11100000143051147,0.1737000048160553,0.11940000206232071,0.12559999525547028,0.03500000014901161,0.0892999991774559,0.08500000089406967,0.01080000028014183,0.2937000095844269,0.2531999945640564,0.13359999656677246,0.6586999893188477
Cre07.g348650.t1.2,Cell membrane,Signal peptide|Transmembrane domain,Transmembrane,0.24379999935626984,0.09449999779462814,0.06880000233650208,0.7714999914169312,0.022600000724196434,0.02879999950528145,0.26570001244544983,0.399399995803833,0.24709999561309814,0.010300000198185444,0.13910000026226044,0.891700029373169,0.3806000053882599,0.21140000224113464
Cre07.g350500.t1.2,Plastid,Chloroplast transit peptide,Soluble,0.16189999878406525,0.07880000025033951,0.028999999165534973,0.06549999862909317,0.5529999732971191,0.8895000219345093,0.05389999970793724,0.04830000177025795,0.04019999876618385,0.011099999770522118,0.4952999949455261,0.19629999995231628,0.04470000043511391,0.7069000005722046
Cre07.g352400.t1.2,Cytoplasm,,Soluble,0.6506999731063843,0.14079999923706055,0.1436000019311905,0.25060001015663147,0.14110000431537628,0.18469999730587006,0.10019999742507935,0.3061000108718872,0.2581000030040741,0.004600000102072954,0.4869999885559082,0.1378999948501587,0.09780000150203705,0.7472000122070312
Cre07.g352450.t1.2,Plastid,Chloroplast transit peptide,Peripheral,0.17550000548362732,0.06279999762773514,0.19689999520778656,0.05609999969601631,0.12710000574588776,0.9801999926567078,0.13079999387264252,0.0738999992609024,0.09690000116825104,0.00839999970048666,0.6592000126838684,0.382099986076355,0.08669999986886978,0.3968000113964081
Cre07.g353450.t1.2,Cytoplasm,,Soluble,0.31119999289512634,0.14169999957084656,0.08950000256299973,0.12210000306367874,0.3179999887943268,0.0071000000461936,0.07509999722242355,0.2791000008583069,0.10130000114440918,0.14900000393390656,0.45260000228881836,0.18930000066757202,0.066600002348423,0.7581999897956848
Cre07.g354200.t1.2,Cytoplasm,Nuclear localization signal,Soluble,0.8296999931335449,0.22040000557899475,0.06769999861717224,0.07079999893903732,0.2768000066280365,0.02800000086426735,0.11020000278949738,0.03830000013113022,0.07819999754428864,0.0027000000700354576,0.35370001196861267,0.10360000282526016,0.11630000174045563,0.8166000247001648
Cre07.g354250.t1.2,Cytoplasm,,Soluble,0.6500999927520752,0.18729999661445618,0.08540000021457672,0.13459999859333038,0.10509999841451645,0.22699999809265137,0.046300001442432404,0.10170000046491623,0.08389999717473984,0.04859999939799309,0.5299999713897705,0.09040000289678574,0.22190000116825104,0.6978999972343445
Cre07.g354400.t1.1,Endoplasmic reticulum,Signal peptide|Transmembrane domain,Peripheral|Transmembrane,0.18719999492168427,0.0674000009894371,0.10729999840259552,0.14380000531673431,0.32330000400543213,0.11739999800920486,0.7946000099182129,0.2012999951839447,0.1517000049352646,0.06469999998807907,0.6850000023841858,0.7709000110626221,0.06700000166893005,0.24369999766349792
Cre07.g354450.t1.2,Plastid,,Peripheral,0.2190999984741211,0.156700000166893,0.11469999700784683,0.13539999723434448,0.3361000120639801,0.5843999981880188,0.13899999856948853,0.11569999903440475,0.05180000141263008,0.14550000429153442,0.6007999777793884,0.41290000081062317,0.0803999975323677,0.4797999858856201
Cre07.g355100.t1.2,Lysosome/Vacuole,Transmembrane domain,Transmembrane,0.15800000727176666,0.07169999927282333,0.03629999980330467,0.5131999850273132,0.038100000470876694,0.05620000138878822,0.3499999940395355,0.6272000074386597,0.22579999268054962,0.02370000071823597,0.1080000028014183,0.9205999970436096,0.0568000003695488,0.22429999709129333
Cre07.g355150.t1.1,Cell membrane|Lysosome/Vacuole,Transmembrane domain,Transmembrane,0.10010000318288803,0.04470000043511391,0.03139999881386757,0.6205000281333923,0.02459999918937683,0.06430000066757202,0.366100013256073,0.6933000087738037,0.27970001101493835,0.024000000208616257,0.06159999966621399,0.9186000227928162,0.06809999793767929,0.20309999585151672
Cre07.g355600.t1.1,Cytoplasm,Peroxisomal targeting signal,Soluble,0.5285000205039978,0.30219998955726624,0.0803999975323677,0.20069999992847443,0.44760000705718994,0.030899999663233757,0.1509000062942505,0.13019999861717224,0.05810000002384186,0.31929999589920044,0.4090000092983246,0.06859999895095825,0.3977000117301941,0.7232999801635742
Cre07.g355650.t1.1,Cell membrane,,Transmembrane,0.3917999863624573,0.13779999315738678,0.042399998754262924,0.5471000075340271,0.12309999763965607,0.10090000182390213,0.11559999734163284,0.18209999799728394,0.1062999963760376,0.004800000227987766,0.09189999848604202,0.9473000168800354,0.06419999897480011,0.2150000035762787
Cre07.g356350.t1.1,Plastid,Chloroplast transit peptide,Peripheral|Soluble,0.14149999618530273,0.0763000026345253,0.029500000178813934,0.04039999842643738,0.06040000170469284,0.9786999821662903,0.043800000101327896,0.04820000007748604,0.04540000110864639,0.00839999970048666,0.6062999963760376,0.10849999636411667,0.11110000312328339,0.7199000120162964
Cre07.g357200.t1.2,Cytoplasm,Nuclear localization signal,Soluble,0.7455000281333923,0.2362000048160553,0.040300000458955765,0.1972000002861023,0.1907999962568283,0.010599999688565731,0.25780001282691956,0.18039999902248383,0.2962999939918518,0.0215000007301569,0.5777999758720398,0.07079999893903732,0.28369998931884766,0.7019000053405762
Cre08.g358526.t1.1,Plastid,,Transmembrane,0.12189999967813492,0.06750000268220901,0.053599998354911804,0.12210000306367874,0.1818999946117401,0.8521000146865845,0.193900004029274,0.0681999996304512,0.12860000133514404,0.01640000008046627,0.303600013256073,0.9661999940872192,0.019899999722838402,0.08990000188350677
Cre08.g358538.t1.1,Plastid,Chloroplast transit peptide,Peripheral,0.1941000074148178,0.09220000356435776,0.03400000184774399,0.037300001829862595,0.17800000309944153,0.9682000279426575,0.029600000008940697,0.03779999911785126,0.08799999952316284,0.010599999688565731,0.7355999946594238,0.43959999084472656,0.1307000070810318,0.3864000141620636
Cre08.g358580.t1.1,Plastid,Chloroplast transit peptide,Soluble,0.17319999635219574,0.1306000053882599,0.017400000244379044,0.026900000870227814,0.15880000591278076,0.9688000082969666,0.025299999862909317,0.030400000512599945,0.06499999761581421,0.0215000007301569,0.43689998984336853,0.12139999866485596,0.06419999897480011,0.7829999923706055
Cre08.g358900.t1.2,Plastid,Chloroplast transit peptide,Soluble,0.2046000063419342,0.06019999831914902,0.06159999966621399,0.030700000002980232,0.36079999804496765,0.9221000075340271,0.05510000139474869,0.0860000029206276,0.09149999916553497,0.17270000278949738,0.4794999957084656,0.12880000472068787,0.06419999897480011,0.7132999897003174
Cre08.g359350.t1.2,Plastid,Chloroplast transit peptide,Soluble,0.1462000012397766,0.09070000052452087,0.015300000086426735,0.039000000804662704,0.16110000014305115,0.9768999814987183,0.022099999710917473,0.021299999207258224,0.026499999687075615,0.004399999976158142,0.5956000089645386,0.07530000060796738,0.07930000126361847,0.7763000130653381
Cre08.g360050.t1.1,Cytoplasm,Nuclear localization signal,Soluble,0.8355000019073486,0.15629999339580536,0.0754999965429306,0.1923000067472458,0.0982000008225441,0.1462000012397766,0.1607999950647354,0.13079999387264252,0.12280000001192093,0.023499999195337296,0.5315999984741211,0.11559999734163284,0.05380000174045563,0.7950000166893005
Cre08.g360050.t2.1,Cytoplasm,Nuclear localization signal,Soluble,0.8355000019073486,0.15629999339580536,0.0754999965429306,0.1923000067472458,0.0982000008225441,0.1462000012397766,0.1607999950647354,0.13079999387264252,0.12280000001192093,0.023499999195337296,0.5315999984741211,0.11559999734163284,0.05380000174045563,0.7950000166893005
Cre08.g360100.t1.2,Cytoplasm,Chloroplast transit peptide,Soluble,0.7251999974250793,0.09650000184774399,0.19300000369548798,0.1339000016450882,0.2328999936580658,0.5638999938964844,0.17910000681877136,0.10840000212192535,0.1257999986410141,0.07930000126361847,0.48489999771118164,0.1306000053882599,0.08550000190734863,0.723800003528595
Cre08.g360200.t1.2,Cell membrane,Transmembrane domain,Transmembrane,0.15119999647140503,0.01940000057220459,0.03460000082850456,0.8205999732017517,0.12919999659061432,0.010700000450015068,0.35010001063346863,0.3889000117778778,0.2551000118255615,0.00039999998989515007,0.05079999938607216,0.9819999933242798,0.17090000212192535,0.09399999678134918
Cre08.g360250.t1.2,Cell membrane,Transmembrane domain,Transmembrane,0.17020000517368317,0.026000000536441803,0.024700000882148743,0.777999997138977,0.12630000710487366,0.03629999980330467,0.28519999980926514,0.2808000147342682,0.17329999804496765,0.0010999999940395355,0.05299999937415123,0.9833999872207642,0.09229999780654907,0.10620000213384628
Cre08.g360350.t1.1,Cytoplasm|Nucleus,Nuclear localization signal,Soluble,0.6401000022888184,0.5182999968528748,0.0786999985575676,0.0868000015616417,0.07119999825954437,0.013500000350177288,0.024900000542402267,0.08240000158548355,0.05050000175833702,0.0052999998442828655,0.4593999981880188,0.0714000016450882,0.13519999384880066,0.8741000294685364
Cre08.g360350.t2.1,Cytoplasm|Nucleus,Nuclear localization signal,Soluble,0.6401000022888184,0.5182999968528748,0.0786999985575676,0.0868000015616417,0.07119999825954437,0.013500000350177288,0.024900000542402267,0.08240000158548355,0.05050000175833702,0.0052999998442828655,0.4593999981880188,0.0714000016450882,0.13519999384880066,0.8741000294685364
Cre08.g360550.t1.1,Mitochondrion|Plastid,Mitochondrial transit peptide,Transmembrane,0.15139999985694885,0.0697999969124794,0.08470000326633453,0.09139999747276306,0.754800021648407,0.682200014591217,0.1136000007390976,0.03920000046491623,0.10180000215768814,0.06260000169277191,0.27730000019073486,0.7635999917984009,0.09860000014305115,0.3668999969959259
Cre08.g362450.t1.2,Plastid,Chloroplast transit peptide,Peripheral|Soluble,0.17080000042915344,0.12460000067949295,0.04149999842047691,0.029899999499320984,0.08959999680519104,0.9901000261306763,0.03460000082850456,0.042899999767541885,0.04650000110268593,0.012799999676644802,0.6292999982833862,0.07050000131130219,0.11779999732971191,0.7849000096321106
Cre08.g362900.t1.1,Plastid,Thylakoid luminal transit peptide,Peripheral|Soluble,0.12849999964237213,0.04270000010728836,0.08089999854564667,0.02419999986886978,0.11289999634027481,0.9599999785423279,0.038600001484155655,0.010599999688565731,0.0272000003606081,0.006000000052154064,0.7968000173568726,0.1005999967455864,0.027300000190734863,0.6689000129699707
Cre08.g363300.t1.2,Plastid,Chloroplast transit peptide,Soluble,0.24379999935626984,0.05139999836683273,0.08219999819993973,0.03680000081658363,0.1860000044107437,0.9883999824523926,0.029600000008940697,0.06499999761581421,0.11620000004768372,0.03680000081658363,0.5278000235557556,0.0737999975681305,0.1712000072002411,0.8220000267028809
Cre08.g363600.t1.2,Plastid,,Transmembrane,0.18459999561309814,0.07259999960660934,0.09000000357627869,0.2150000035762787,0.17659999430179596,0.5846999883651733,0.4790000021457672,0.1923999935388565,0.4032999873161316,0.03889999911189079,0.156700000166893,0.9294000267982483,0.03500000014901161,0.15469999611377716
Cre08.g364800.t1.2,Plastid,Chloroplast transit peptide,Soluble,0.1873999983072281,0.12110000103712082,0.02879999950528145,0.029999999329447746,0.13449999690055847,0.9758999943733215,0.05209999904036522,0.04309999942779541,0.13459999859333038,0.009999999776482582,0.5455999970436096,0.044199999421834946,0.05350000038743019,0.8783000111579895
Cre08.g365600.t1.2,Cytoplasm,,Soluble,0.6335999965667725,0.21739999949932098,0.1088000014424324,0.14949999749660492,0.10170000046491623,0.18690000474452972,0.03869999945163727,0.10819999873638153,0.054099999368190765,0.05169999971985817,0.3578999936580658,0.20630000531673431,0.05950000137090683,0.7465000152587891
Cre08.g365692.t1.1,Plastid,Chloroplast transit peptide,Soluble,0.19259999692440033,0.08009999990463257,0.05290000140666962,0.049400001764297485,0.14740000665187836,0.989300012588501,0.0471000000834465,0.027499999850988388,0.02250000089406967,0.018799999728798866,0.5995000004768372,0.057100001722574234,0.06759999692440033,0.8242999911308289
Cre08.g367600.t1.2,Peroxisome,Peroxisomal targeting signal,Soluble,0.3747999966144562,0.17970000207424164,0.07039999961853027,0.13130000233650208,0.2838999927043915,0.4124999940395355,0.08460000157356262,0.15410000085830688,0.07069999724626541,0.9074000120162964,0.5282999873161316,0.05559999868273735,0.34769999980926514,0.7689999938011169
Cre08.g367800.t1.2,Peroxisome,Peroxisomal targeting signal,Soluble,0.4375,0.16369999945163727,0.09809999912977219,0.0421999990940094,0.13809999823570251,0.04639999940991402,0.21529999375343323,0.02419999986886978,0.08079999685287476,0.9373999834060669,0.3569999933242798,0.11869999766349792,0.11219999939203262,0.7694000005722046
Cre08.g368400.t1.2,Cytoplasm,Nuclear localization signal,Soluble,0.832099974155426,0.2712000012397766,0.05979999899864197,0.1477999985218048,0.0957999974489212,0.16120000183582306,0.22139999270439148,0.17720000445842743,0.13529999554157257,0.009499999694526196,0.4023999869823456,0.08879999816417694,0.20440000295639038,0.6952999830245972
Cre08.g368450.t1.2,Endoplasmic reticulum,Signal peptide|Transmembrane domain,Transmembrane,0.10999999940395355,0.17790000140666962,0.06759999692440033,0.08150000125169754,0.0934000015258789,0.016899999231100082,0.8565000295639038,0.31150001287460327,0.4569000005722046,0.007300000172108412,0.10819999873638153,0.9726999998092651,0.024000000208616257,0.09600000083446503
Cre08.g368450.t2.1,Endoplasmic reticulum,Signal peptide|Transmembrane domain,Transmembrane,0.10999999940395355,0.17790000140666962,0.06759999692440033,0.08150000125169754,0.0934000015258789,0.016899999231100082,0.8565000295639038,0.31150001287460327,0.4569000005722046,0.007300000172108412,0.10819999873638153,0.9726999998092651,0.024000000208616257,0.09600000083446503
Cre08.g368900.t1.2,Plastid,,Soluble,0.20329999923706055,0.06880000233650208,0.0617000013589859,0.0722000002861023,0.5712000131607056,0.7994999885559082,0.02539999969303608,0.024000000208616257,0.03999999910593033,0.01119999960064888,0.41100001335144043,0.13850000500679016,0.08299999684095383,0.7985000014305115
Cre08.g368900.t2.1,Plastid,,Soluble,0.20329999923706055,0.06880000233650208,0.0617000013589859,0.0722000002861023,0.5712000131607056,0.7994999885559082,0.02539999969303608,0.024000000208616257,0.03999999910593033,0.01119999960064888,0.41100001335144043,0.13850000500679016,0.08299999684095383,0.7985000014305115
Cre08.g368950.t1.2,Plastid,Chloroplast transit peptide,Soluble,0.22769999504089355,0.10209999978542328,0.037300001829862595,0.02969999983906746,0.15219999849796295,0.9872000217437744,0.023499999195337296,0.050999999046325684,0.10400000214576721,0.04129999876022339,0.5105999708175659,0.0771000012755394,0.07810000330209732,0.7944999933242798
Cre08.g369300.t1.2,Lysosome/Vacuole,Signal peptide,Soluble,0.13660000264644623,0.14030000567436218,0.5444999933242798,0.19059999287128448,0.044599998742341995,0.11469999700784683,0.46959999203681946,0.609499990940094,0.37369999289512634,0.0044999998062849045,0.3824999928474426,0.07159999758005142,0.08619999885559082,0.828000009059906
Cre08.g370550.t1.1,Mitochondrion,Mitochondrial transit peptide,Soluble,0.1395999938249588,0.07829999923706055,0.031700000166893005,0.051100000739097595,0.7870000004768372,0.08910000324249268,0.02019999921321869,0.06780000030994415,0.033900000154972076,0.050999999046325684,0.367000013589859,0.1242000013589859,0.07400000095367432,0.7486000061035156
Cre08.g370650.t1.2,Plastid,Chloroplast transit peptide,Peripheral|Soluble,0.1525000035762787,0.06800000369548798,0.05530000105500221,0.03550000116229057,0.09290000051259995,0.9796000123023987,0.013500000350177288,0.018300000578165054,0.03849999979138374,0.003599999938160181,0.6093000173568726,0.04960000142455101,0.1453000009059906,0.8320000171661377
Cre08.g372950.t1.2,Plastid,Chloroplast transit peptide,Soluble,0.09950000047683716,0.09269999712705612,0.031099999323487282,0.017999999225139618,0.1623000055551529,0.9685999751091003,0.019099999219179153,0.03629999980330467,0.042500000447034836,0.003000000026077032,0.589900016784668,0.05609999969601631,0.09969999641180038,0.772599995136261
Cre08.g373050.t1.1,Cytoplasm,,Soluble,0.5820000171661377,0.2102999985218048,0.03830000013113022,0.1965000033378601,0.07739999890327454,0.12999999523162842,0.04430000111460686,0.09480000287294388,0.03500000014901161,0.010300000198185444,0.5259000062942505,0.17800000309944153,0.050700001418590546,0.7207000255584717
Cre08.g373100.t1.1,Plastid,Chloroplast transit peptide,Peripheral,0.17509999871253967,0.06019999831914902,0.06430000066757202,0.031099999323487282,0.11190000176429749,0.9769999980926514,0.031700000166893005,0.020800000056624413,0.04960000142455101,0.0142000000923872,0.8296999931335449,0.2888000011444092,0.17430000007152557,0.38370001316070557
Cre08.g373550.t1.2,Cytoplasm,,Transmembrane,0.4323999881744385,0.3174999952316284,0.14749999344348907,0.18719999492168427,0.1842000037431717,0.3508000075817108,0.12720000743865967,0.033799998462200165,0.04100000113248825,0.05000000074505806,0.23260000348091125,0.7766000032424927,0.1005999967455864,0.41830000281333923
Cre08.g375500.t1.2,Cytoplasm,Nuclear export signal,Soluble,0.7491999864578247,0.328000009059906,0.02319999970495701,0.16519999504089355,0.18449999392032623,0.05249999836087227,0.17339999973773956,0.35440000891685486,0.33329999446868896,0.01549999974668026,0.48809999227523804,0.10939999669790268,0.24459999799728394,0.8166999816894531
Cre08.g376100.t1.2,Cytoplasm|Nucleus,,Soluble,0.7638000249862671,0.5424000024795532,0.14079999923706055,0.1282999962568283,0.28540000319480896,0.04490000009536743,0.23250000178813934,0.17159999907016754,0.24410000443458557,0.012799999676644802,0.42739999294281006,0.15299999713897705,0.42410001158714294,0.6980999708175659
Cre08.g377100.t1.2,Mitochondrion,Mitochondrial transit peptide,Peripheral|Soluble,0.21160000562667847,0.03350000083446503,0.09040000289678574,0.16269999742507935,0.9584000110626221,0.18029999732971191,0.03420000150799751,0.08829999715089798,0.08540000021457672,0.042500000447034836,0.6711000204086304,0.058800000697374344,0.10809999704360962,0.7207000255584717
Cre08.g377350.t1.1,Cytoplasm,,Soluble,0.7357000112533569,0.12870000302791595,0.13840000331401825,0.20640000700950623,0.06120000034570694,0.07930000126361847,0.1111999973654747,0.17470000684261322,0.16459999978542328,0.012900000438094139,0.45739999413490295,0.09319999814033508,0.27309998869895935,0.7821999788284302
Cre08.g378150.t1.1,Plastid,Chloroplast transit peptide,Soluble,0.2529999911785126,0.09470000118017197,0.02290000021457672,0.05050000175833702,0.11159999668598175,0.9769999980926514,0.04529999941587448,0.05490000173449516,0.10520000010728836,0.022700000554323196,0.524399995803833,0.061500001698732376,0.16820000112056732,0.765500009059906
Cre08.g378200.t1.2,Cytoplasm,,Soluble,0.6334999799728394,0.2102999985218048,0.2142000049352646,0.11219999939203262,0.09600000083446503,0.12479999661445618,0.1404000073671341,0.17730000615119934,0.0835999995470047,0.022600000724196434,0.2930000126361847,0.13519999384880066,0.09679999947547913,0.7885000109672546
Cre08.g378850.t1.2,Plastid,Chloroplast transit peptide,Soluble,0.11909999698400497,0.09629999846220016,0.023099999874830246,0.02290000021457672,0.2321999967098236,0.9871000051498413,0.031599998474121094,0.02319999970495701,0.04540000110864639,0.00430000014603138,0.5216000080108643,0.05389999970793724,0.17960000038146973,0.741599977016449
Cre08.g378900.t1.2,Mitochondrion,Mitochondrial transit peptide,Transmembrane,0.12540000677108765,0.046799998730421066,0.03830000013113022,0.042399998754262924,0.7699000239372253,0.2842000126838684,0.08349999785423279,0.04039999842643738,0.06499999761581421,0.014499999582767487,0.272599995136261,0.9395999908447266,0.03620000183582306,0.09589999914169312
Cre08.g379350.t1.1,Plastid,,Transmembrane,0.094200000166893,0.08879999816417694,0.03400000184774399,0.03530000150203705,0.15150000154972076,0.9121999740600586,0.07010000199079514,0.04699999839067459,0.1665000021457672,0.04650000110268593,0.30300000309944153,0.8654000163078308,0.029500000178813934,0.14319999516010284
Cre08.g379450.t1.1,Cytoplasm,,Soluble,0.6732000112533569,0.1615999937057495,0.1867000013589859,0.2303999960422516,0.14579999446868896,0.2556999921798706,0.02239999920129776,0.15379999577999115,0.056699998676776886,0.005799999926239252,0.3215000033378601,0.1996999979019165,0.07670000195503235,0.75
Cre08.g379700.t1.2,Cytoplasm,Nuclear localization signal,Soluble,0.8118000030517578,0.2687000036239624,0.21089999377727509,0.1256999969482422,0.1177000030875206,0.18619999289512634,0.10220000147819519,0.05009999871253967,0.07159999758005142,0.024000000208616257,0.33149999380111694,0.07750000059604645,0.0794999971985817,0.8420000076293945
Cre08.g380201.t1.1,Cytoplasm|Plastid,Chloroplast transit peptide,Soluble,0.6126000285148621,0.1664000004529953,0.3160000145435333,0.12110000103712082,0.16120000183582306,0.7110000252723694,0.03709999844431877,0.093299999833107,0.07370000332593918,0.08089999854564667,0.4205999970436096,0.09239999949932098,0.09359999746084213,0.8151999711990356
Cre08.g381702.t1.1,Mitochondrion,Mitochondrial transit peptide,Soluble,0.28949999809265137,0.09700000286102295,0.039900001138448715,0.10010000318288803,0.554099977016449,0.31470000743865967,0.03150000050663948,0.05400000140070915,0.04309999942779541,0.019700000062584877,0.3513999879360199,0.13830000162124634,0.210099995136261,0.73089998960495
Cre08.g381800.t1.1,Cytoplasm|Nucleus,Peroxisomal targeting signal,Soluble,0.7674999833106995,0.5019000172615051,0.15209999680519104,0.04809999838471413,0.27379998564720154,0.04879999905824661,0.04690000042319298,0.0617000013589859,0.09539999812841415,0.5590999722480774,0.39430001378059387,0.10760000348091125,0.04019999876618385,0.8169999718666077
Cre08.g382350.t1.2,Golgi apparatus,Transmembrane domain,Transmembrane,0.07649999856948853,0.10999999940395355,0.03519999980926514,0.2946999967098236,0.25679999589920044,0.019500000402331352,0.39010000228881836,0.27880001068115234,0.8152999877929688,0.04839999973773956,0.1120000034570694,0.9603999853134155,0.051500000059604645,0.10530000180006027
Cre08.g384750.t1.1,Plastid,Chloroplast transit peptide,Soluble,0.17919999361038208,0.11670000106096268,0.04619999974966049,0.03269999846816063,0.09359999746084213,0.9800000190734863,0.012000000104308128,0.02329999953508377,0.029999999329447746,0.003000000026077032,0.4853000044822693,0.05779999867081642,0.07509999722242355,0.8335999846458435
Cre08.g385400.t1.2,Cytoplasm,,Soluble,0.557200014591217,0.3125,0.10599999874830246,0.10520000010728836,0.09229999780654907,0.03579999879002571,0.04670000076293945,0.04610000178217888,0.03610000014305115,0.02710000053048134,0.28630000352859497,0.2328999936580658,0.08060000091791153,0.7617999911308289
Cre08.g385400.t2.1,Cytoplasm,,Soluble,0.557200014591217,0.3125,0.10599999874830246,0.10520000010728836,0.09229999780654907,0.03579999879002571,0.04670000076293945,0.04610000178217888,0.03610000014305115,0.02710000053048134,0.28630000352859497,0.2328999936580658,0.08060000091791153,0.7617999911308289
Cre08.g385500.t1.2,Cytoplasm,Nuclear localization signal,Soluble,0.7056999802589417,0.3386000096797943,0.26930001378059387,0.1777999997138977,0.2459000051021576,0.12200000137090683,0.26460000872612,0.28360000252723694,0.265500009059906,0.06440000236034393,0.3425000011920929,0.06840000301599503,0.13289999961853027,0.8517000079154968
Cre08.g385500.t2.1,Cytoplasm,Nuclear localization signal,Soluble,0.7056999802589417,0.3386000096797943,0.26930001378059387,0.1777999997138977,0.2459000051021576,0.12200000137090683,0.26460000872612,0.28360000252723694,0.265500009059906,0.06440000236034393,0.3425000011920929,0.06840000301599503,0.13289999961853027,0.8517000079154968
Cre08.g385750.t1.2,Cytoplasm,,Soluble,0.5796999931335449,0.3398999869823456,0.19900000095367432,0.1776999980211258,0.2078000009059906,0.21160000562667847,0.06830000132322311,0.07989999651908875,0.07580000162124634,0.19789999723434448,0.3774999976158142,0.2556999921798706,0.06030000001192093,0.715499997138977
Cre09.g386735.t1.1,Mitochondrion,Mitochondrial transit peptide,Peripheral|Soluble,0.20250000059604645,0.053199999034404755,0.07810000330209732,0.062300000339746475,0.9025999903678894,0.03700000047683716,0.05609999969601631,0.06419999897480011,0.08500000089406967,0.022099999710917473,0.6797000169754028,0.02329999953508377,0.10869999974966049,0.7616999745368958
Cre09.g386758.t1.1,Plastid,Chloroplast transit peptide,Soluble,0.14489999413490295,0.0940999984741211,0.013700000010430813,0.038600001484155655,0.06920000165700912,0.9884999990463257,0.021700000390410423,0.027499999850988388,0.04360000044107437,0.008299999870359898,0.4431999921798706,0.14790000021457672,0.10339999943971634,0.7749999761581421
Cre09.g386912.t1.1,Endoplasmic reticulum,Transmembrane domain,Peripheral|Transmembrane,0.1492999941110611,0.12269999831914902,0.031300000846385956,0.1657000035047531,0.17990000545978546,0.04659999907016754,0.8356000185012817,0.16120000183582306,0.193900004029274,0.004000000189989805,0.6251999735832214,0.7702999711036682,0.05510000139474869,0.2980000078678131
Cre09.g387200.t1.1,Cell membrane,Signal peptide|Transmembrane domain,Transmembrane,0.2644999921321869,0.08110000193119049,0.09650000184774399,0.7850000262260437,0.02810000069439411,0.05700000002980232,0.24410000443458557,0.3424000144004822,0.22660000622272491,0.0142000000923872,0.14489999413490295,0.8945000171661377,0.4262000024318695,0.20309999585151672
Cre09.g387245.t1.1,Endoplasmic reticulum,,Transmembrane,0.22059999406337738,0.07919999957084656,0.08349999785423279,0.07900000363588333,0.08760000020265579,0.028999999165534973,0.6733999848365784,0.14959999918937683,0.3303999900817871,0.004000000189989805,0.32710000872612,0.9283999800682068,0.04560000076889992,0.1437000036239624
Cre09.g387350.t1.2,Cell membrane,Signal peptide|Transmembrane domain,Transmembrane,0.2540999948978424,0.0689999982714653,0.08990000188350677,0.7946000099182129,0.026499999687075615,0.04430000111460686,0.37860000133514404,0.3871999979019165,0.28029999136924744,0.011099999770522118,0.1421000063419342,0.9125999808311462,0.3921999931335449,0.17170000076293945
Cre09.g387726.t1.1,Mitochondrion,Mitochondrial transit peptide,Soluble,0.2865999937057495,0.05420000106096268,0.15770000219345093,0.11810000240802765,0.8761000037193298,0.03200000151991844,0.07769999653100967,0.15469999611377716,0.09099999815225601,0.06549999862909317,0.4352000057697296,0.0778999999165535,0.15129999816417694,0.7835999727249146
Cre09.g387763.t1.1,Mitochondrion,,Transmembrane,0.195700004696846,0.12759999930858612,0.14669999480247498,0.19820000231266022,0.6793000102043152,0.2700999975204468,0.2872999906539917,0.14429999887943268,0.09570000320672989,0.2842999994754791,0.5644999742507935,0.8723000288009644,0.1289999932050705,0.19589999318122864
Cre09.g387800.t1.2,Plastid,Chloroplast transit peptide,Soluble,0.20000000298023224,0.07100000232458115,0.021800000220537186,0.020600000396370888,0.17599999904632568,0.9369000196456909,0.01269999984651804,0.03139999881386757,0.0348999984562397,0.0024999999441206455,0.49779999256134033,0.05889999866485596,0.21580000221729279,0.59170001745224
Cre09.g388060.t1.1,Plastid,,Peripheral|Transmembrane,0.16089999675750732,0.11010000109672546,0.14589999616146088,0.20499999821186066,0.11479999870061874,0.7074999809265137,0.257999986410141,0.0997999981045723,0.11349999904632568,0.05040000006556511,0.6500999927520752,0.5654000043869019,0.07779999822378159,0.36059999465942383
Cre09.g388650.t1.1,Cell membrane,Signal peptide|Transmembrane domain,Transmembrane,0.2784999907016754,0.0763000026345253,0.10159999877214432,0.7472000122070312,0.052400000393390656,0.059700001031160355,0.44999998807907104,0.23350000381469727,0.17030000686645508,0.024900000542402267,0.15209999680519104,0.8892999887466431,0.478300005197525,0.1784999966621399
Cre09.g388800.t1.2,Mitochondrion,Mitochondrial transit peptide,Soluble,0.14079999923706055,0.07500000298023224,0.07450000196695328,0.14350000023841858,0.8062000274658203,0.028200000524520874,0.07850000262260437,0.10819999873638153,0.08940000087022781,0.010499999858438969,0.4657999873161316,0.09969999641180038,0.1477999985218048,0.7458999752998352
Cre09.g388900.t1.2,Cytoplasm,,Soluble,0.6549000144004822,0.22619999945163727,0.0982000008225441,0.16220000386238098,0.10130000114440918,0.11999999731779099,0.22750000655651093,0.15399999916553497,0.17800000309944153,0.09449999779462814,0.4986000061035156,0.0860000029206276,0.21459999680519104,0.7829999923706055
Cre09.g389250.t1.2,Peroxisome,Peroxisomal targeting signal,Soluble,0.2766999900341034,0.11159999668598175,0.055799998342990875,0.0771000012755394,0.15970000624656677,0.006200000178068876,0.08900000154972076,0.04769999906420708,0.2240999937057495,0.8666999936103821,0.4050999879837036,0.07509999722242355,0.16369999945163727,0.7833999991416931
Cre09.g389356.t1.1,Plastid,Chloroplast transit peptide,Transmembrane,0.18889999389648438,0.07890000194311142,0.04320000112056732,0.0632999986410141,0.08879999816417694,0.9591000080108643,0.07050000131130219,0.04619999974966049,0.049800001084804535,0.02979999966919422,0.16189999878406525,0.9606999754905701,0.019600000232458115,0.14650000631809235
Cre09.g389430.t1.1,Cytoplasm|Nucleus,Nuclear localization signal,Soluble,0.5900999903678894,0.5821999907493591,0.03590000048279762,0.10660000145435333,0.2168000042438507,0.027899999171495438,0.18000000715255737,0.042100001126527786,0.07569999992847443,0.09210000187158585,0.2856000065803528,0.07519999891519547,0.03959999978542328,0.8450000286102295
Cre09.g389578.t1.1,Plastid,Thylakoid luminal transit peptide,Peripheral,0.12250000238418579,0.021900000050663948,0.08240000158548355,0.03909999877214432,0.1454000025987625,0.9406999945640564,0.05460000038146973,0.019899999722838402,0.053700000047683716,0.005100000184029341,0.732699990272522,0.47690001130104065,0.01889999955892563,0.44679999351501465
Cre09.g389689.t1.1,Plastid,Chloroplast transit peptide,Soluble,0.16110000014305115,0.10620000213384628,0.01979999989271164,0.023000000044703484,0.1437000036239624,0.9470000267028809,0.01510000042617321,0.019300000742077827,0.03350000083446503,0.003000000026077032,0.5455999970436096,0.07840000092983246,0.0843999981880188,0.7853000164031982
Cre09.g390200.t1.1,Extracellular,Signal peptide,Soluble,0.1754000037908554,0.08799999952316284,0.5238000154495239,0.19089999794960022,0.10300000011920929,0.45329999923706055,0.1624000072479248,0.09120000153779984,0.19020000100135803,0.01759999990463257,0.382099986076355,0.2851000130176544,0.11969999969005585,0.6650000214576721
Cre09.g390986.t1.1,Cytoplasm,,Soluble,0.5982000231742859,0.23409999907016754,0.08479999750852585,0.13220000267028809,0.2651999890804291,0.09669999778270721,0.039900001138448715,0.0869000032544136,0.05270000174641609,0.1257999986410141,0.44839999079704285,0.0828000009059906,0.12939999997615814,0.7681999802589417
Cre09.g391450.t1.2,Plastid,Chloroplast transit peptide,Soluble,0.1396999955177307,0.10869999974966049,0.05429999902844429,0.042399998754262924,0.155799999833107,0.9523000121116638,0.017400000244379044,0.0414000004529953,0.04569999873638153,0.002099999925121665,0.5666999816894531,0.06790000200271606,0.10090000182390213,0.8400999903678894
Cre09.g391650.t1.2,Plastid,Chloroplast transit peptide,Soluble,0.14959999918937683,0.1071000024676323,0.06069999933242798,0.03889999911189079,0.148499995470047,0.9453999996185303,0.01860000006854534,0.046300001442432404,0.04699999839067459,0.0020000000949949026,0.5622000098228455,0.06629999727010727,0.10589999705553055,0.8418999910354614
Cre09.g391986.t1.1,Cytoplasm|Lysosome/Vacuole|Golgi apparatus,,Soluble,0.5138000249862671,0.20499999821186066,0.3228999972343445,0.1671999990940094,0.45249998569488525,0.48350000381469727,0.25450000166893005,0.6761999726295471,0.7210999727249146,0.04490000009536743,0.5745000243186951,0.19329999387264252,0.15060000121593475,0.6365000009536743
Cre09.g392729.t1.1,Mitochondrion|Plastid,Mitochondrial transit peptide,Soluble,0.2978000044822693,0.043699998408555984,0.16169999539852142,0.09849999845027924,0.7976999878883362,0.6707000136375427,0.025800000876188278,0.028200000524520874,0.08370000123977661,0.02290000021457672,0.2840999960899353,0.15440000593662262,0.13619999587535858,0.7663999795913696
Cre09.g393150.t1.2,Cell membrane,,Transmembrane,0.3479999899864197,0.18410000205039978,0.2085999995470047,0.7627000212669373,0.026200000196695328,0.012799999676644802,0.17759999632835388,0.3986999988555908,0.29319998621940613,0.00419999985024333,0.1898999959230423,0.603600025177002,0.22300000488758087,0.46299999952316284
Cre09.g393400.t1.2,Plastid,Chloroplast transit peptide,Peripheral,0.12639999389648438,0.07930000126361847,0.03840000182390213,0.03269999846816063,0.11190000176429749,0.972100019454956,0.04989999905228615,0.045499999076128006,0.044599998742341995,0.004399999976158142,0.7928000092506409,0.23880000412464142,0.09790000319480896,0.48980000615119934
Cre09.g393691.t1.1,Cytoplasm,,Peripheral|Soluble,0.5026000142097473,0.15219999849796295,0.133200004696846,0.4625999927520752,0.15790000557899475,0.1527000069618225,0.16089999675750732,0.49889999628067017,0.227400004863739,0.040699999779462814,0.7085000276565552,0.1687999963760376,0.37400001287460327,0.6108999848365784
Cre09.g393900.t1.2,Plastid,Chloroplast transit peptide,Soluble,0.16200000047683716,0.11550000309944153,0.051100000739097595,0.02879999950528145,0.13819999992847443,0.98580002784729,0.03700000047683716,0.028999999165534973,0.06120000034570694,0.03220000118017197,0.49380001425743103,0.035599999129772186,0.259799987077713,0.8361999988555908
Cre09.g393900.t2.1,Plastid,Chloroplast transit peptide,Soluble,0.16200000047683716,0.11550000309944153,0.051100000739097595,0.02879999950528145,0.13819999992847443,0.98580002784729,0.03700000047683716,0.028999999165534973,0.06120000034570694,0.03220000118017197,0.49380001425743103,0.035599999129772186,0.259799987077713,0.8361999988555908
Cre09.g393913.t1.1,Cytoplasm,,Soluble,0.40459999442100525,0.3743000030517578,0.03269999846816063,0.10610000044107437,0.06159999966621399,0.21860000491142273,0.05079999938607216,0.22460000216960907,0.09920000284910202,0.14239999651908875,0.3172999918460846,0.12559999525547028,0.14730000495910645,0.7965999841690063
Cre09.g394102.t1.1,Cytoplasm,,Peripheral|Soluble,0.6337000131607056,0.21809999644756317,0.20469999313354492,0.21449999511241913,0.3000999987125397,0.15399999916553497,0.16850000619888306,0.3379000127315521,0.19449999928474426,0.03150000050663948,0.6126000285148621,0.12620000541210175,0.7810999751091003,0.5837000012397766
Cre09.g394436.t1.1,Lysosome/Vacuole,Transmembrane domain,Transmembrane,0.08290000259876251,0.05939999967813492,0.01860000006854534,0.5271999835968018,0.11810000240802765,0.013199999928474426,0.4546999931335449,0.8690999746322632,0.453000009059906,0.022299999371170998,0.07370000332593918,0.987500011920929,0.13030000030994415,0.09480000287294388
Cre09.g394550.t1.2,Cytoplasm,Nuclear localization signal,Soluble,0.7728999853134155,0.445499986410141,0.06790000200271606,0.13369999825954437,0.1597999930381775,0.016599999740719795,0.05959999933838844,0.05590000003576279,0.04619999974966049,0.013399999588727951,0.4189999997615814,0.07750000059604645,0.15389999747276306,0.8162000179290771
Cre09.g394658.t1.1,Cytoplasm,Peroxisomal targeting signal,Soluble,0.8607000112533569,0.30219998955726624,0.12449999898672104,0.03750000149011612,0.17080000042915344,0.3025999963283539,0.24539999663829803,0.5170000195503235,0.23649999499320984,0.09719999879598618,0.39250001311302185,0.04820000007748604,0.09139999747276306,0.8456000089645386
Cre09.g394800.t1.1,Mitochondrion,,Transmembrane,0.2401999980211258,0.10679999738931656,0.09239999949932098,0.2061000019311905,0.7372000217437744,0.2134000062942505,0.09179999679327011,0.11890000104904175,0.09449999779462814,0.05079999938607216,0.23479999601840973,0.8759999871253967,0.045899998396635056,0.2782000005245209
Cre09.g395288.t1.1,Plastid,,Transmembrane,0.1451999992132187,0.03889999911189079,0.048700001090765,0.1251000016927719,0.20800000429153442,0.9240000247955322,0.12929999828338623,0.07900000363588333,0.11949999630451202,0.019600000232458115,0.18330000340938568,0.9531000256538391,0.044599998742341995,0.13609999418258667
Cre09.g396000.t1.2,Cell membrane,Transmembrane domain,Transmembrane,0.23649999499320984,0.10740000009536743,0.0681999996304512,0.6119999885559082,0.14190000295639038,0.04859999939799309,0.2621999979019165,0.39329999685287476,0.27079999446868896,0.023000000044703484,0.09399999678134918,0.9692000150680542,0.0860000029206276,0.12189999967813492
Cre09.g396213.t1.1,Plastid,,Peripheral|Soluble,0.08889999985694885,0.03139999881386757,0.08479999750852585,0.04490000009536743,0.15209999680519104,0.8806999921798706,0.057999998331069946,0.01889999955892563,0.05939999967813492,0.0005000000237487257,0.8241999745368958,0.0640999972820282,0.05590000003576279,0.7056999802589417
Cre09.g396250.t1.2,Plastid,Chloroplast transit peptide,Transmembrane,0.09589999914169312,0.09009999781847,0.028999999165534973,0.08630000054836273,0.14110000431537628,0.9574000239372253,0.15410000085830688,0.04179999977350235,0.0746999979019165,0.00860000029206276,0.18880000710487366,0.9492999911308289,0.02969999983906746,0.17159999907016754
Cre09.g396252.t1.1,Mitochondrion|Plastid,,Soluble,0.19580000638961792,0.11060000211000443,0.022700000554323196,0.05339999869465828,0.6449999809265137,0.6419000029563904,0.02539999969303608,0.03799999877810478,0.032099999487400055,0.005900000222027302,0.5564000010490417,0.11209999769926071,0.10760000348091125,0.7081000208854675
Cre09.g396300.t1.2,Plastid,Chloroplast transit peptide,Peripheral|Soluble,0.16599999368190765,0.0689999982714653,0.025499999523162842,0.04490000009536743,0.1753000020980835,0.9725000262260437,0.013899999670684338,0.016300000250339508,0.03660000115633011,0.008799999952316284,0.7454000115394592,0.15039999783039093,0.05490000173449516,0.5830000042915344
Cre09.g396401.t1.1,Plastid,Chloroplast transit peptide,Soluble,0.20890000462532043,0.0674000009894371,0.033399999141693115,0.03420000150799751,0.10360000282526016,0.9914000034332275,0.04749999940395355,0.035100001841783524,0.09669999778270721,0.010999999940395355,0.5860000252723694,0.0689999982714653,0.12759999930858612,0.8040000200271606
Cre09.g396600.t1.1,Plastid,Chloroplast transit peptide,Soluble,0.1315000057220459,0.0949999988079071,0.03519999980926514,0.03610000014305115,0.16290000081062317,0.9919000267982483,0.030300000682473183,0.026000000536441803,0.04410000145435333,0.017100000753998756,0.5943999886512756,0.05510000139474869,0.19470000267028809,0.6924999952316284
Cre09.g396650.t1.2,Plastid,Chloroplast transit peptide,Soluble,0.14920000731945038,0.15299999713897705,0.02239999920129776,0.029999999329447746,0.4726000130176544,0.855400025844574,0.01360000018030405,0.03310000151395798,0.04390000179409981,0.014999999664723873,0.5536999702453613,0.0729999989271164,0.10249999910593033,0.8047000169754028
Cre09.g396700.t1.2,Cytoplasm,Chloroplast transit peptide,Soluble,0.6868000030517578,0.2529999911785126,0.13680000603199005,0.12430000305175781,0.2484000027179718,0.517799973487854,0.030300000682473183,0.14419999718666077,0.061900001019239426,0.07410000264644623,0.39250001311302185,0.06589999794960022,0.17489999532699585,0.8406000137329102
Cre09.g396900.t1.2,Peroxisome,Peroxisomal targeting signal,Soluble,0.3059999942779541,0.11259999871253967,0.03440000116825104,0.05469999834895134,0.25440001487731934,0.16410000622272491,0.0957999974489212,0.05820000171661377,0.0421999990940094,0.7936999797821045,0.413100004196167,0.21400000154972076,0.1023000031709671,0.6565999984741211
Cre09.g397250.t1.2,Plastid,Chloroplast transit peptide,Transmembrane,0.12919999659061432,0.08780000358819962,0.019099999219179153,0.030899999663233757,0.22869999706745148,0.862500011920929,0.11779999732971191,0.026200000196695328,0.0674000009894371,0.0026000000070780516,0.3476000130176544,0.77920001745224,0.03720000013709068,0.32679998874664307
Cre09.g398252.t1.1,Plastid,Chloroplast transit peptide,Peripheral|Soluble,0.24660000205039978,0.07249999791383743,0.11330000311136246,0.05009999871253967,0.15770000219345093,0.9307000041007996,0.021700000390410423,0.03660000115633011,0.04839999973773956,0.0017000000225380063,0.7275999784469604,0.14219999313354492,0.16529999673366547,0.5763999819755554
Cre09.g398289.t1.1,Plastid,Chloroplast transit peptide,Transmembrane,0.11169999837875366,0.08579999953508377,0.03819999843835831,0.11379999667406082,0.14380000531673431,0.9502000212669373,0.07680000364780426,0.05640000104904175,0.09570000320672989,0.020400000736117363,0.585099995136261,0.5131999850273132,0.10499999672174454,0.39239999651908875
Cre09.g398993.t1.1,Cytoplasm,,Soluble,0.7217000126838684,0.3240000009536743,0.030899999663233757,0.15629999339580536,0.14890000224113464,0.10620000213384628,0.17090000212192535,0.25110000371932983,0.2003999948501587,0.08299999684095383,0.4291999936103821,0.11469999700784683,0.039500001817941666,0.7767999768257141
Cre09.g399030.t1.1,Cytoplasm,Nuclear export signal,Soluble,0.7218999862670898,0.31119999289512634,0.028200000524520874,0.188400000333786,0.17949999868869781,0.11640000343322754,0.2529999911785126,0.26339998841285706,0.2759000062942505,0.18700000643730164,0.43720000982284546,0.14079999923706055,0.0421999990940094,0.7623999714851379
Cre09.g400478.t1.1,Cytoplasm,,Peripheral|Soluble,0.63919997215271,0.22030000388622284,0.05559999868273735,0.29760000109672546,0.1606999933719635,0.05040000006556511,0.14190000295639038,0.49570000171661377,0.31200000643730164,0.028300000354647636,0.646399974822998,0.11919999867677689,0.11550000309944153,0.6665999889373779
Cre09.g400516.t1.1,Endoplasmic reticulum,Signal peptide|Transmembrane domain,Transmembrane,0.07320000231266022,0.050200000405311584,0.009600000455975533,0.24570000171661377,0.11980000138282776,0.023499999195337296,0.869700014591217,0.3880000114440918,0.4226999878883362,0.007600000128149986,0.125,0.9817000031471252,0.013199999928474426,0.10639999806880951
Cre09.g400550.t1.2,Plastid,Chloroplast transit peptide,Soluble,0.1665000021457672,0.09679999947547913,0.0869000032544136,0.060100000351667404,0.19740000367164612,0.9327999949455261,0.026399999856948853,0.015300000086426735,0.02889999933540821,0.006599999964237213,0.4056999981403351,0.1679999977350235,0.024299999698996544,0.7752000093460083
Cre09.g400750.t1.2,Cell membrane,Transmembrane domain,Transmembrane,0.30329999327659607,0.04969999939203262,0.032999999821186066,0.6894999742507935,0.11590000241994858,0.12540000677108765,0.1590999960899353,0.3788999915122986,0.20069999992847443,0.004800000227987766,0.07930000126361847,0.9575999975204468,0.0674000009894371,0.1808999925851822
Cre09.g401022.t1.2,Endoplasmic reticulum|Golgi apparatus,Signal peptide|Transmembrane domain,Transmembrane,0.30469998717308044,0.08730000257492065,0.36399999260902405,0.17949999868869781,0.3328999876976013,0.019999999552965164,0.8141999840736389,0.3375000059604645,0.7046999931335449,0.014499999582767487,0.4113999903202057,0.77920001745224,0.375,0.2964000105857849
Cre09.g401100.t1.2,Endoplasmic reticulum,Signal peptide|Transmembrane domain,Transmembrane,0.10530000180006027,0.10989999771118164,0.041099999099969864,0.147599995136261,0.14229999482631683,0.024800000712275505,0.8992999792098999,0.2583000063896179,0.41990000009536743,0.00559999980032444,0.19179999828338623,0.9692999720573425,0.0203000009059906,0.09629999846220016
Cre09.g401886.t1.1,Mitochondrion,Mitochondrial transit peptide,Transmembrane,0.1665000021457672,0.11050000041723251,0.05220000073313713,0.06360000371932983,0.9115999937057495,0.05999999865889549,0.12780000269412994,0.04910000041127205,0.05000000074505806,0.018699999898672104,0.4300999939441681,0.42660000920295715,0.053700000047683716,0.3869999945163727
Cre09.g401960.t1.1,Cytoplasm,Nuclear localization signal|Nuclear export signal,Soluble,0.8267999887466431,0.31690001487731934,0.31360000371932983,0.25450000166893005,0.37290000915527344,0.01549999974668026,0.07739999890327454,0.148499995470047,0.11680000275373459,0.06419999897480011,0.311599999666214,0.08540000021457672,0.09960000216960907,0.8108999729156494
Cre09.g402300.t1.2,Mitochondrion,Transmembrane domain,Transmembrane,0.16259999573230743,0.18960000574588776,0.01140000019222498,0.03840000182390213,0.9352999925613403,0.046799998730421066,0.11800000071525574,0.025200000032782555,0.009499999694526196,0.004600000102072954,0.22619999945163727,0.989799976348877,0.039400000125169754,0.06310000270605087
Cre09.g402515.t1.1,Cytoplasm,Nuclear localization signal,Soluble,0.7754999995231628,0.2624000012874603,0.007799999788403511,0.07329999655485153,0.10360000282526016,0.026100000366568565,0.20350000262260437,0.07490000128746033,0.05730000138282776,0.056299999356269836,0.5667999982833862,0.05400000140070915,0.11020000278949738,0.8064000010490417
Cre09.g402552.t1.1,Mitochondrion,Mitochondrial transit peptide,Transmembrane,0.12430000305175781,0.03880000114440918,0.014499999582767487,0.05469999834895134,0.8264999985694885,0.10949999839067459,0.06030000001192093,0.0714000016450882,0.10429999977350235,0.019899999722838402,0.33889999985694885,0.9226999878883362,0.05810000002384186,0.08240000158548355
Cre09.g403200.t1.2,Cytoplasm,Nuclear export signal,Soluble,0.7146999835968018,0.44929999113082886,0.02160000056028366,0.28119999170303345,0.10029999911785126,0.01730000041425228,0.3418999910354614,0.39500001072883606,0.07500000298023224,0.005100000184029341,0.5566999912261963,0.039400000125169754,0.09650000184774399,0.816100001335144
Cre09.g403200.t2.1,Cytoplasm,Nuclear export signal,Soluble,0.7146999835968018,0.44929999113082886,0.02160000056028366,0.28119999170303345,0.10029999911785126,0.01730000041425228,0.3418999910354614,0.39500001072883606,0.07500000298023224,0.005100000184029341,0.5566999912261963,0.039400000125169754,0.09650000184774399,0.816100001335144
Cre09.g403293.t1.1,Cytoplasm,Peroxisomal targeting signal,Soluble,0.6804999709129333,0.24889999628067017,0.32839998602867126,0.03720000013709068,0.33889999985694885,0.22579999268054962,0.04780000075697899,0.12690000236034393,0.08990000188350677,0.2287999987602234,0.43860000371932983,0.15449999272823334,0.11810000240802765,0.7414000034332275
Cre09.g405750.t1.1,Cytoplasm,,Soluble,0.8499000072479248,0.2619999945163727,0.0917000025510788,0.195700004696846,0.37529999017715454,0.03009999915957451,0.1518000066280365,0.3465999960899353,0.20759999752044678,0.06610000133514404,0.5784000158309937,0.031700000166893005,0.2572999894618988,0.8363000154495239
Cre09.g405850.t1.1,Mitochondrion,Mitochondrial transit peptide,Peripheral|Soluble,0.17180000245571136,0.09440000355243683,0.029400000348687172,0.04879999905824661,0.958899974822998,0.059300001710653305,0.030899999663233757,0.13449999690055847,0.10639999806880951,0.042100001126527786,0.6287000179290771,0.1412000060081482,0.10159999877214432,0.649399995803833
Cre09.g406000.t1.1,Cytoplasm,,Soluble,0.7099000215530396,0.27649998664855957,0.15039999783039093,0.06679999828338623,0.14910000562667847,0.16369999945163727,0.03840000182390213,0.0714000016450882,0.029200000688433647,0.010599999688565731,0.27140000462532043,0.11029999703168869,0.052799999713897705,0.7675999999046326
Cre09.g406050.t1.2,Cytoplasm,,Soluble,0.7797999978065491,0.19609999656677246,0.02590000070631504,0.121799997985363,0.1712999939918518,0.012900000438094139,0.18330000340938568,0.20730000734329224,0.2581000030040741,0.018200000748038292,0.4081000089645386,0.053300000727176666,0.2053000032901764,0.8122000098228455
Cre09.g406200.t1.2,Plastid,Chloroplast transit peptide,Soluble,0.1762000024318695,0.07159999758005142,0.04179999977350235,0.058400001376867294,0.09570000320672989,0.968500018119812,0.02969999983906746,0.015799999237060547,0.017000000923871994,0.003599999938160181,0.4657000005245209,0.1046999990940094,0.10520000010728836,0.7741000056266785
Cre09.g407200.t1.2,Plastid,Chloroplast transit peptide,Peripheral,0.2345000058412552,0.03700000047683716,0.08100000023841858,0.06030000001192093,0.20669999718666077,0.9767000079154968,0.10000000149011612,0.06800000369548798,0.09920000284910202,0.04639999940991402,0.7052000164985657,0.2912999987602234,0.24889999628067017,0.40959998965263367
Cre09.g409100.t1.2,Plastid,Chloroplast transit peptide,Soluble,0.1941000074148178,0.031300000846385956,0.04149999842047691,0.03590000048279762,0.07169999927282333,0.9922999739646912,0.02979999966919422,0.021700000390410423,0.039500001817941666,0.0006000000284984708,0.5511000156402588,0.09700000286102295,0.09719999879598618,0.7337999939918518
Cre09.g410650.t1.2,Plastid,Chloroplast transit peptide,Peripheral|Soluble,0.20489999651908875,0.09740000218153,0.02539999969303608,0.03290000185370445,0.17749999463558197,0.9800000190734863,0.031099999323487282,0.0340999998152256,0.05380000174045563,0.0026000000070780516,0.6175000071525574,0.06459999829530716,0.09000000357627869,0.7483000159263611
Cre09.g410650.t2.1,Plastid,Chloroplast transit peptide,Peripheral|Soluble,0.20489999651908875,0.09740000218153,0.02539999969303608,0.03290000185370445,0.17749999463558197,0.9800000190734863,0.031099999323487282,0.0340999998152256,0.05380000174045563,0.0026000000070780516,0.6175000071525574,0.06459999829530716,0.09000000357627869,0.7483000159263611
Cre09.g410650.t3.1,Plastid,Chloroplast transit peptide,Peripheral|Soluble,0.20489999651908875,0.09740000218153,0.02539999969303608,0.03290000185370445,0.17749999463558197,0.9800000190734863,0.031099999323487282,0.0340999998152256,0.05380000174045563,0.0026000000070780516,0.6175000071525574,0.06459999829530716,0.09000000357627869,0.7483000159263611
Cre09.g410700.t1.2,Plastid,Chloroplast transit peptide,Peripheral|Soluble,0.1168999969959259,0.09229999780654907,0.03680000081658363,0.03189999982714653,0.29089999198913574,0.957099974155426,0.02410000003874302,0.018200000748038292,0.038600001484155655,0.004800000227987766,0.6735000014305115,0.05040000006556511,0.35429999232292175,0.7508999705314636
Cre09.g410750.t1.2,Plastid,Chloroplast transit peptide,Soluble,0.15530000627040863,0.0917000025510788,0.0215000007301569,0.03999999910593033,0.1462000012397766,0.9757000207901001,0.03550000116229057,0.022299999371170998,0.021800000220537186,0.002899999963119626,0.5573999881744385,0.04729999974370003,0.07699999958276749,0.8305000066757202
Cre09.g410950.t1.2,Cytoplasm,,Soluble,0.7825999855995178,0.054099999368190765,0.03669999912381172,0.20579999685287476,0.059300001710653305,0.00559999980032444,0.3231000006198883,0.2978000044822693,0.15719999372959137,0.004399999976158142,0.5088000297546387,0.12280000001192093,0.08089999854564667,0.7239000201225281
Cre09.g411500.t1.1,Extracellular,Signal peptide,Soluble,0.2921000123023987,0.05860000103712082,0.6398000121116638,0.16670000553131104,0.0471000000834465,0.17569999396800995,0.3950999975204468,0.2736000120639801,0.37470000982284546,0.009399999864399433,0.30570000410079956,0.2563000023365021,0.1371999979019165,0.7293000221252441
Cre09.g411500.t2.1,Extracellular,Signal peptide,Soluble,0.2921000123023987,0.05860000103712082,0.6398000121116638,0.16670000553131104,0.0471000000834465,0.17569999396800995,0.3950999975204468,0.2736000120639801,0.37470000982284546,0.009399999864399433,0.30570000410079956,0.2563000023365021,0.1371999979019165,0.7293000221252441
Cre09.g411900.t1.1,Plastid,Chloroplast transit peptide,Soluble,0.11509999632835388,0.1151999980211258,0.020600000396370888,0.028599999845027924,0.15629999339580536,0.9404000043869019,0.05270000174641609,0.01489999983459711,0.017400000244379044,0.0052999998442828655,0.5552999973297119,0.04490000009536743,0.16979999840259552,0.7883999943733215
Cre09.g413750.t1.1,Mitochondrion,Mitochondrial transit peptide,Soluble,0.14010000228881836,0.0406000018119812,0.08640000224113464,0.10920000076293945,0.8445000052452087,0.16820000112056732,0.013799999840557575,0.12639999389648438,0.026799999177455902,0.05730000138282776,0.30160000920295715,0.1793999969959259,0.05469999834895134,0.7361000180244446
Cre09.g414000.t1.2,Endoplasmic reticulum,,Transmembrane,0.1882999986410141,0.09669999778270721,0.03689999878406525,0.13099999725818634,0.3882000148296356,0.25609999895095825,0.7318000197410583,0.14429999887943268,0.29319998621940613,0.03680000081658363,0.17550000548362732,0.9376999735832214,0.026200000196695328,0.15039999783039093
Cre09.g414250.t1.1,Endoplasmic reticulum,Signal peptide|Transmembrane domain,Transmembrane,0.07750000059604645,0.05119999870657921,0.05380000174045563,0.3206999897956848,0.1273999959230423,0.03550000116229057,0.9067000150680542,0.29649999737739563,0.4323999881744385,0.01679999940097332,0.11240000277757645,0.9667999744415283,0.030700000002980232,0.1324000060558319
Cre09.g415550.t1.2,Mitochondrion,Mitochondrial transit peptide,Peripheral|Soluble,0.1404000073671341,0.05939999967813492,0.22010000050067902,0.13770000636577606,0.8944000005722046,0.19920000433921814,0.039900001138448715,0.041099999099969864,0.07919999957084656,0.005799999926239252,0.6116999983787537,0.10689999908208847,0.0575999990105629,0.7523999810218811
Cre09.g415700.t1.2,Plastid,Thylakoid luminal transit peptide,Peripheral|Soluble,0.1573999971151352,0.030799999833106995,0.10029999911785126,0.02879999950528145,0.1770000010728836,0.9822999835014343,0.06499999761581421,0.026900000870227814,0.054099999368190765,0.013799999840557575,0.6363999843597412,0.07190000265836716,0.035999998450279236,0.7613999843597412
Cre09.g415850.t1.2,Mitochondrion,,Soluble,0.35260000824928284,0.10360000282526016,0.13899999856948853,0.08739999681711197,0.5849000215530396,0.29989999532699585,0.17710000276565552,0.2190999984741211,0.22339999675750732,0.13230000436306,0.5823000073432922,0.2282000035047531,0.10869999974966049,0.5210000276565552
Cre09.g415900.t1.2,Golgi apparatus,Transmembrane domain,Transmembrane,0.09399999678134918,0.1111999973654747,0.041999999433755875,0.25110000371932983,0.22910000383853912,0.012400000356137753,0.4016999900341034,0.4431999921798706,0.8245999813079834,0.0989999994635582,0.0860000029206276,0.9575999975204468,0.06300000101327896,0.09669999778270721
Cre09.g416050.t1.2,Plastid,Chloroplast transit peptide,Soluble,0.1826999932527542,0.12120000272989273,0.01720000058412552,0.03449999913573265,0.2159000039100647,0.9704999923706055,0.025200000032782555,0.03420000150799751,0.03280000016093254,0.015399999916553497,0.5443000197410583,0.06729999929666519,0.06800000369548798,0.76910001039505
Cre09.g416150.t1.2,Mitochondrion,Mitochondrial transit peptide,Soluble,0.09040000289678574,0.0828000009059906,0.4059999883174896,0.07859999686479568,0.9293000102043152,0.14839999377727509,0.012600000016391277,0.08720000088214874,0.05480000004172325,0.06970000267028809,0.5777000188827515,0.14059999585151672,0.12319999933242798,0.7174000144004822
Cre09.g417150.t1.2,Cytoplasm|Peroxisome,Peroxisomal targeting signal,Soluble,0.6991999745368958,0.2222999930381775,0.3610000014305115,0.42329999804496765,0.3041999936103821,0.038100000470876694,0.12630000710487366,0.18219999969005585,0.15620000660419464,0.7527999877929688,0.49619999527931213,0.06390000134706497,0.15629999339580536,0.8172000050544739
Cre10.g419050.t1.1,Plastid,Chloroplast transit peptide,Soluble,0.15530000627040863,0.11500000208616257,0.022199999541044235,0.034299999475479126,0.08420000225305557,0.9470999836921692,0.027300000190734863,0.014499999582767487,0.04089999943971634,0.008200000040233135,0.52920001745224,0.10130000114440918,0.07190000265836716,0.7649999856948853
Cre10.g419050.t2.1,Plastid,Chloroplast transit peptide,Soluble,0.15530000627040863,0.11500000208616257,0.022199999541044235,0.034299999475479126,0.08420000225305557,0.9470999836921692,0.027300000190734863,0.014499999582767487,0.04089999943971634,0.008200000040233135,0.52920001745224,0.10130000114440918,0.07190000265836716,0.7649999856948853
Cre10.g419800.t1.2,Endoplasmic reticulum,,Transmembrane,0.12559999525547028,0.35499998927116394,0.041099999099969864,0.09000000357627869,0.28189998865127563,0.031199999153614044,0.6970000267028809,0.18299999833106995,0.13210000097751617,0.01759999990463257,0.10329999774694443,0.9671000242233276,0.013700000010430813,0.12890000641345978
Cre10.g420700.t1.2,Cytoplasm|Nucleus,,Soluble,0.5552999973297119,0.5622000098228455,0.3003000020980835,0.10760000348091125,0.31220000982284546,0.02810000069439411,0.07010000199079514,0.022600000724196434,0.045099999755620956,0.0284000001847744,0.1404999941587448,0.11980000138282776,0.11620000004768372,0.8319000005722046
Cre10.g421600.t1.2,Cytoplasm|Nucleus,,Soluble,0.7371000051498413,0.5231000185012817,0.12020000070333481,0.10260000079870224,0.21580000221729279,0.25679999589920044,0.0697999969124794,0.12319999933242798,0.10909999907016754,0.2071000039577484,0.3765000104904175,0.11980000138282776,0.12530000507831573,0.7857000231742859
Cre10.g421700.t1.2,Plastid,Chloroplast transit peptide,Soluble,0.19519999623298645,0.10610000044107437,0.021900000050663948,0.027899999171495438,0.12150000035762787,0.9559999704360962,0.03519999980926514,0.050599999725818634,0.048700001090765,0.00559999980032444,0.5566999912261963,0.11630000174045563,0.12489999830722809,0.7419000267982483
Cre10.g422450.t1.2,Endoplasmic reticulum,Signal peptide|Transmembrane domain,Transmembrane,0.1754000037908554,0.08789999783039093,0.13729999959468842,0.18209999799728394,0.0723000019788742,0.061400000005960464,0.7135999798774719,0.3846000134944916,0.4388999938964844,0.024900000542402267,0.16169999539852142,0.8960000276565552,0.08389999717473984,0.21320000290870667
Cre10.g422600.t1.1,Mitochondrion,Mitochondrial transit peptide,Peripheral|Soluble,0.19210000336170197,0.1039000004529953,0.028200000524520874,0.12389999628067017,0.8519999980926514,0.05590000003576279,0.16599999368190765,0.08079999685287476,0.05119999870657921,0.08789999783039093,0.6712999939918518,0.07069999724626541,0.26649999618530273,0.5658000111579895
Cre10.g423250.t1.2,Cytoplasm|Mitochondrion,Peroxisomal targeting signal,Soluble,0.7547000050544739,0.058400001376867294,0.038100000470876694,0.1665000021457672,0.7484999895095825,0.031599998474121094,0.08060000091791153,0.243599995970726,0.1324000060558319,0.3260999917984009,0.46810001134872437,0.055399999022483826,0.20260000228881836,0.7498000264167786
Cre10.g423450.t1.2,Nucleus,Nuclear localization signal,Soluble,0.3898000121116638,0.6216999888420105,0.21250000596046448,0.10999999940395355,0.06679999828338623,0.1931000053882599,0.025200000032782555,0.013299999758601189,0.016599999740719795,0.07989999651908875,0.3100000023841858,0.08079999685287476,0.1306000053882599,0.8507000207901001
Cre10.g423500.t1.2,Plastid,Chloroplast transit peptide,Soluble,0.19269999861717224,0.06949999928474426,0.05000000074505806,0.027699999511241913,0.1145000010728836,0.9611999988555908,0.018400000408291817,0.0210999995470047,0.054999999701976776,0.0024999999441206455,0.5371999740600586,0.08060000091791153,0.04129999876022339,0.744700014591217
Cre10.g423550.t1.1,Cytoplasm,,Soluble,0.6312999725341797,0.20350000262260437,0.121799997985363,0.19619999825954437,0.20810000598430634,0.14720000326633453,0.050599999725818634,0.12200000137090683,0.06949999928474426,0.24500000476837158,0.39320001006126404,0.11240000277757645,0.17219999432563782,0.8026999831199646
Cre10.g424500.t1.2,Cytoplasm,Nuclear export signal|Peroxisomal targeting signal,Soluble,0.7702999711036682,0.4474000036716461,0.25200000405311584,0.05829999968409538,0.5604000091552734,0.15240000188350677,0.07890000194311142,0.18310000002384186,0.1412999927997589,0.43380001187324524,0.4510999917984009,0.0860000029206276,0.10670000314712524,0.7953000068664551
Cre10.g424750.t1.2,Cytoplasm,,Soluble,0.6880000233650208,0.17059999704360962,0.17579999566078186,0.2175000011920929,0.11029999703168869,0.12929999828338623,0.03610000014305115,0.2142000049352646,0.18880000710487366,0.016499999910593033,0.36399999260902405,0.11100000143051147,0.06710000336170197,0.8337000012397766
Cre10.g425100.t1.2,Cytoplasm,,Peripheral|Soluble,0.6108999848365784,0.2062000036239624,0.08649999648332596,0.321399986743927,0.11349999904632568,0.08479999750852585,0.07119999825954437,0.2280000001192093,0.1088000014424324,0.03220000118017197,0.6021000146865845,0.18799999356269836,0.2533999979496002,0.642300009727478
Cre10.g425900.t1.2,Plastid,Chloroplast transit peptide,Transmembrane,0.10570000112056732,0.09640000015497208,0.04529999941587448,0.0284000001847744,0.11110000312328339,0.9459999799728394,0.020899999886751175,0.019899999722838402,0.01940000057220459,0.002099999925121665,0.5030999779701233,0.5537999868392944,0.021800000220537186,0.31040000915527344
Cre10.g426292.t1.1,Cytoplasm,,Soluble,0.6388000249862671,0.2248000055551529,0.08990000188350677,0.2840999960899353,0.0658000037074089,0.1354999989271164,0.05119999870657921,0.10090000182390213,0.03620000183582306,0.0066999997943639755,0.4007999897003174,0.08579999953508377,0.12039999663829803,0.8065999746322632
Cre10.g428500.t1.1,Lysosome/Vacuole,Signal peptide,Soluble,0.15379999577999115,0.12839999794960022,0.5070000290870667,0.1088000014424324,0.08749999850988388,0.1712999939918518,0.3837999999523163,0.5584999918937683,0.5983999967575073,0.00139999995008111,0.4253999888896942,0.09740000218153,0.08799999952316284,0.7871999740600586
Cre10.g428550.t1.2,Mitochondrion,Mitochondrial transit peptide,Soluble,0.26339998841285706,0.04989999905228615,0.10999999940395355,0.08879999816417694,0.8492000102996826,0.635200023651123,0.04699999839067459,0.05079999938607216,0.06669999659061432,0.046799998730421066,0.30559998750686646,0.1648000031709671,0.07249999791383743,0.7462999820709229
Cre10.g429100.t1.2,Cytoplasm,Nuclear localization signal,Soluble,0.7918000221252441,0.25839999318122864,0.04780000075697899,0.07930000126361847,0.12700000405311584,0.020999999716877937,0.18970000743865967,0.09160000085830688,0.14139999449253082,0.0005000000237487257,0.38089999556541443,0.10090000182390213,0.1200999990105629,0.7983999848365784
Cre10.g429150.t1.2,Cytoplasm,,Soluble,0.5950000286102295,0.3653999865055084,0.09549999982118607,0.15049999952316284,0.4936000108718872,0.26019999384880066,0.07519999891519547,0.21209999918937683,0.1606999933719635,0.033900000154972076,0.45329999923706055,0.08240000158548355,0.1469999998807907,0.7914999723434448
Cre10.g430200.t1.2,Extracellular,Signal peptide,Soluble,0.2070000022649765,0.0430000014603138,0.7009999752044678,0.11349999904632568,0.03660000115633011,0.17100000381469727,0.29159998893737793,0.26440000534057617,0.20970000326633453,0.010300000198185444,0.22849999368190765,0.1785999983549118,0.10100000351667404,0.8027999997138977
Cre10.g430200.t2.1,Extracellular,Signal peptide,Soluble,0.2070000022649765,0.0430000014603138,0.7009999752044678,0.11349999904632568,0.03660000115633011,0.17100000381469727,0.29159998893737793,0.26440000534057617,0.20970000326633453,0.010300000198185444,0.22849999368190765,0.1785999983549118,0.10100000351667404,0.8027999997138977
Cre10.g430450.t1.2,Plastid,Chloroplast transit peptide,Soluble,0.1949000060558319,0.08959999680519104,0.05299999937415123,0.06310000270605087,0.29109999537467957,0.9932000041007996,0.023800000548362732,0.09539999812841415,0.07840000092983246,0.07660000026226044,0.4681999981403351,0.1080000028014183,0.15320000052452087,0.7677000164985657
Cre10.g431650.t1.2,Cytoplasm,,Soluble,0.6427000164985657,0.19169999659061432,0.04430000111460686,0.23070000112056732,0.04010000079870224,0.21490000188350677,0.06369999796152115,0.11980000138282776,0.0737999975681305,0.025200000032782555,0.5268999934196472,0.10840000212192535,0.2741999924182892,0.7498000264167786
Cre10.g431800.t1.2,Extracellular,Signal peptide,Soluble,0.16820000112056732,0.060499999672174454,0.8144999742507935,0.121799997985363,0.025100000202655792,0.15680000185966492,0.44510000944137573,0.47769999504089355,0.24889999628067017,0.0017000000225380063,0.22589999437332153,0.09759999811649323,0.18690000474452972,0.8493000268936157
Cre10.g432600.t1.1,Extracellular,Signal peptide,Soluble,0.25,0.08209999650716782,0.5049999952316284,0.14839999377727509,0.030799999833106995,0.0917000025510788,0.11840000003576279,0.3831000030040741,0.13120000064373016,0.002899999963119626,0.29100000858306885,0.20880000293254852,0.24300000071525574,0.7404000163078308
Cre10.g433000.t1.1,Plastid,Chloroplast transit peptide,Soluble,0.26649999618530273,0.05730000138282776,0.06840000301599503,0.06639999896287918,0.21629999577999115,0.9782999753952026,0.02930000051856041,0.04769999906420708,0.08290000259876251,0.006800000090152025,0.5715000033378601,0.09719999879598618,0.08560000360012054,0.7791000008583069
Cre10.g433200.t1.2,Cell membrane,Transmembrane domain,Transmembrane,0.13249999284744263,0.05350000038743019,0.02449999935925007,0.7444000244140625,0.13410000503063202,0.01850000023841858,0.4041999876499176,0.5156000256538391,0.42750000953674316,0.004000000189989805,0.06809999793767929,0.9731000065803528,0.08229999989271164,0.12449999898672104
Cre10.g433250.t1.2,Cell membrane,Transmembrane domain,Transmembrane,0.13249999284744263,0.05350000038743019,0.02449999935925007,0.7444000244140625,0.13410000503063202,0.01850000023841858,0.4041999876499176,0.5156000256538391,0.42750000953674316,0.004000000189989805,0.06809999793767929,0.9731000065803528,0.08229999989271164,0.12449999898672104
Cre10.g433600.t1.2,Cytoplasm,Nuclear localization signal|Nuclear export signal,Soluble,0.8537999987602234,0.2854999899864197,0.08349999785423279,0.1251000016927719,0.1615999937057495,0.028200000524520874,0.21539999544620514,0.20550000667572021,0.24650000035762787,0.007899999618530273,0.5042999982833862,0.0803999975323677,0.10109999775886536,0.809499979019165
Cre10.g434450.t1.2,Mitochondrion,Mitochondrial transit peptide,Peripheral|Soluble,0.19359999895095825,0.0714000016450882,0.05249999836087227,0.06449999660253525,0.9150999784469604,0.024000000208616257,0.024900000542402267,0.06469999998807907,0.05299999937415123,0.00279999990016222,0.7289000153541565,0.20839999616146088,0.11389999836683273,0.513700008392334
Cre10.g434750.t1.2,Plastid,Chloroplast transit peptide,Peripheral|Soluble,0.15369999408721924,0.09839999675750732,0.016899999231100082,0.03739999979734421,0.30160000920295715,0.7267000079154968,0.014600000344216824,0.03840000182390213,0.057100001722574234,0.05040000006556511,0.699400007724762,0.08209999650716782,0.3384000062942505,0.6352999806404114
Cre10.g434900.t1.1,Mitochondrion,Mitochondrial transit peptide,Soluble,0.30550000071525574,0.051899999380111694,0.05469999834895134,0.061900001019239426,0.7548999786376953,0.48739999532699585,0.029899999499320984,0.04659999907016754,0.0803999975323677,0.08269999921321869,0.462799996137619,0.12189999967813492,0.11060000211000443,0.795199990272522
Cre10.g435250.t1.1,Cytoplasm,,Soluble,0.6219000220298767,0.24320000410079956,0.12520000338554382,0.08049999922513962,0.14589999616146088,0.06069999933242798,0.03849999979138374,0.08299999684095383,0.03849999979138374,0.07649999856948853,0.38920000195503235,0.1826999932527542,0.04050000011920929,0.8140000104904175
Cre10.g436150.t1.1,Mitochondrion,,Transmembrane,0.11490000039339066,0.12210000306367874,0.027000000700354576,0.2053000032901764,0.5788999795913696,0.21940000355243683,0.5485000014305115,0.07900000363588333,0.22169999778270721,0.4832000136375427,0.4941999912261963,0.9291999936103821,0.08399999886751175,0.1500999927520752
Cre10.g436350.t1.1,Plastid,Chloroplast transit peptide,Peripheral|Soluble,0.13529999554157257,0.1216999962925911,0.026799999177455902,0.01759999990463257,0.09719999879598618,0.9757000207901001,0.020400000736117363,0.016100000590085983,0.039900001138448715,0.004600000102072954,0.6610000133514404,0.07900000363588333,0.07410000264644623,0.7049000263214111
Cre10.g436500.t1.2,Peroxisome,Peroxisomal targeting signal,Soluble,0.3224000036716461,0.15710000693798065,0.20550000667572021,0.02759999968111515,0.2459000051021576,0.009700000286102295,0.024700000882148743,0.08879999816417694,0.13840000331401825,0.9207000136375427,0.322299987077713,0.06949999928474426,0.13120000064373016,0.789900004863739
Cre10.g437950.t1.2,Cytoplasm,,Soluble,0.6571000218391418,0.27720001339912415,0.09139999747276306,0.1437000036239624,0.06669999659061432,0.14350000023841858,0.034699998795986176,0.17579999566078186,0.060600001364946365,0.004699999932199717,0.37709999084472656,0.1793999969959259,0.093299999833107,0.7990999817848206
Cre10.g438050.t1.1,Plastid,Chloroplast transit peptide,Soluble,0.17919999361038208,0.06270000338554382,0.04690000042319298,0.05849999934434891,0.39250001311302185,0.9516000151634216,0.02969999983906746,0.03849999979138374,0.053300000727176666,0.02539999969303608,0.33180001378059387,0.17720000445842743,0.0658000037074089,0.7821999788284302
Cre10.g438100.t1.2,Cytoplasm|Cell membrane,Peroxisomal targeting signal,Lipid anchor|Soluble,0.5831999778747559,0.14380000531673431,0.02419999986886978,0.6638000011444092,0.3066999912261963,0.028200000524520874,0.18050000071525574,0.33869999647140503,0.3138999938964844,0.09740000218153,0.4555000066757202,0.09430000185966492,0.8295999765396118,0.5557000041007996
Cre10.g438650.t1.2,Mitochondrion,Mitochondrial transit peptide,Soluble,0.3393000066280365,0.054499998688697815,0.08429999649524689,0.07859999686479568,0.8881999850273132,0.16899999976158142,0.02669999934732914,0.11670000106096268,0.13779999315738678,0.054999999701976776,0.5830000042915344,0.0348999984562397,0.1720999926328659,0.7972999811172485
Cre10.g440450.t1.2,Plastid,Chloroplast transit peptide,Peripheral|Soluble,0.14480000734329224,0.07450000196695328,0.03700000047683716,0.017999999225139618,0.14309999346733093,0.9434999823570251,0.011500000022351742,0.0071000000461936,0.0210999995470047,0.001500000013038516,0.8032000064849854,0.041099999099969864,0.058400001376867294,0.6245999932289124
Cre10.g442200.t1.2,Endoplasmic reticulum,Signal peptide,Peripheral|Transmembrane,0.28790000081062317,0.17030000686645508,0.23800000548362732,0.11720000207424164,0.3646000027656555,0.10220000147819519,0.8830000162124634,0.3199999928474426,0.3587999939918518,0.005499999970197678,0.6769999861717224,0.7584999799728394,0.13279999792575836,0.29330000281333923
Cre10.g442600.t1.2,Cell membrane,Transmembrane domain,Transmembrane,0.1535000056028366,0.07100000232458115,0.023600000888109207,0.7301999926567078,0.12139999866485596,0.015599999576807022,0.4431999921798706,0.4027999937534332,0.3828999996185303,0.0066999997943639755,0.07079999893903732,0.9710999727249146,0.08609999716281891,0.12110000103712082
Cre10.g442600.t2.1,Cell membrane,Transmembrane domain,Transmembrane,0.1535000056028366,0.07100000232458115,0.023600000888109207,0.7301999926567078,0.12139999866485596,0.015599999576807022,0.4431999921798706,0.4027999937534332,0.3828999996185303,0.0066999997943639755,0.07079999893903732,0.9710999727249146,0.08609999716281891,0.12110000103712082
Cre10.g442800.t1.1,Cell membrane,Transmembrane domain,Transmembrane,0.11670000106096268,0.053700000047683716,0.017400000244379044,0.7724999785423279,0.1363999992609024,0.020800000056624413,0.4397999942302704,0.4650999903678894,0.4323999881744385,0.006500000134110451,0.06639999896287918,0.9746000170707703,0.10369999706745148,0.11990000307559967
Cre10.g443050.t1.2,Extracellular,Signal peptide,Soluble,0.1891999989748001,0.13609999418258667,0.717199981212616,0.0632999986410141,0.1111999973654747,0.019600000232458115,0.3781000077724457,0.3167000114917755,0.289900004863739,0.0008999999845400453,0.3240000009536743,0.03880000114440918,0.09489999711513519,0.8727999925613403
Cre10.g444700.t1.1,Plastid,Chloroplast transit peptide,Soluble,0.19359999895095825,0.1445000022649765,0.04960000142455101,0.03959999978542328,0.10939999669790268,0.9535999894142151,0.060100000351667404,0.05310000106692314,0.07540000230073929,0.011800000444054604,0.4796999990940094,0.1331000030040741,0.02969999983906746,0.7491000294685364
Cre10.g445050.t1.2,Cell membrane|Lysosome/Vacuole,Transmembrane domain,Transmembrane,0.1662999987602234,0.05860000103712082,0.020500000566244125,0.5821999907493591,0.06729999929666519,0.053700000047683716,0.4140999913215637,0.6603999733924866,0.42329999804496765,0.008200000040233135,0.12049999833106995,0.9487000107765198,0.07419999688863754,0.14229999482631683
Cre10.g446100.t1.2,Plastid,Chloroplast transit peptide,Peripheral|Soluble,0.09009999781847,0.09200000017881393,0.027400000020861626,0.034699998795986176,0.2386000007390976,0.8641999959945679,0.0031999999191612005,0.011500000022351742,0.02669999934732914,0.0035000001080334187,0.7975999712944031,0.04259999841451645,0.09950000047683716,0.5995000004768372
Cre10.g448500.t1.1,Cytoplasm,Peroxisomal targeting signal,Soluble,0.7997000217437744,0.10459999740123749,0.23649999499320984,0.17139999568462372,0.0421999990940094,0.056299999356269836,0.11829999834299088,0.4650999903678894,0.3529999852180481,0.09239999949932098,0.4702000021934509,0.12160000205039978,0.10769999772310257,0.7669000029563904
Cre10.g448650.t1.1,Plastid,,Transmembrane,0.3116999864578247,0.1347000002861023,0.1111999973654747,0.30720001459121704,0.2484000027179718,0.6783999800682068,0.23100000619888306,0.1225999966263771,0.10970000177621841,0.15870000422000885,0.49320000410079956,0.6898999810218811,0.16329999268054962,0.28870001435279846
Cre10.g450400.t1.2,Mitochondrion,Mitochondrial transit peptide,Peripheral|Soluble,0.1348000019788742,0.07289999723434448,0.019600000232458115,0.030899999663233757,0.9420999884605408,0.04919999837875366,0.04699999839067459,0.03590000048279762,0.05990000069141388,0.016599999740719795,0.6384999752044678,0.041999999433755875,0.08609999716281891,0.6439999938011169
Cre10.g451900.t1.1,Plastid,Chloroplast transit peptide,Soluble,0.17649999260902405,0.11159999668598175,0.05260000005364418,0.03929999843239784,0.3799000084400177,0.9097999930381775,0.008799999952316284,0.05339999869465828,0.05480000004172325,0.00419999985024333,0.538100004196167,0.08980000019073486,0.07689999788999557,0.7904999852180481
Cre10.g451950.t1.2,Mitochondrion,Mitochondrial transit peptide,Soluble,0.25769999623298645,0.1225999966263771,0.03920000046491623,0.06960000097751617,0.9434999823570251,0.03889999911189079,0.06840000301599503,0.13330000638961792,0.156700000166893,0.03500000014901161,0.5162000060081482,0.09769999980926514,0.13279999792575836,0.8202000260353088
Cre10.g452050.t1.2,Plastid,Chloroplast transit peptide,Peripheral,0.15379999577999115,0.08020000159740448,0.06679999828338623,0.03840000182390213,0.13369999825954437,0.9686999917030334,0.01979999989271164,0.02710000053048134,0.03460000082850456,0.001500000013038516,0.6065999865531921,0.48089998960494995,0.023499999195337296,0.30239999294281006
Cre10.g452100.t1.1,Plastid,Chloroplast transit peptide,Transmembrane,0.12449999898672104,0.1324000060558319,0.032600000500679016,0.03700000047683716,0.20229999721050262,0.8407999873161316,0.023399999365210533,0.022299999371170998,0.02449999935925007,0.00279999990016222,0.20569999516010284,0.7932999730110168,0.11659999936819077,0.38519999384880066
Cre10.g456400.t1.1,Lysosome/Vacuole,Transmembrane domain,Transmembrane,0.19609999656677246,0.09220000356435776,0.04360000044107437,0.5116999745368958,0.10170000046491623,0.09390000253915787,0.2168000042438507,0.6266000270843506,0.24220000207424164,0.029400000348687172,0.1225999966263771,0.9236000180244446,0.03849999979138374,0.22769999504089355
Cre10.g456400.t2.1,Lysosome/Vacuole,Transmembrane domain,Transmembrane,0.19609999656677246,0.09220000356435776,0.04360000044107437,0.5116999745368958,0.10170000046491623,0.09390000253915787,0.2168000042438507,0.6266000270843506,0.24220000207424164,0.029400000348687172,0.1225999966263771,0.9236000180244446,0.03849999979138374,0.22769999504089355
Cre10.g456750.t1.2,Cytoplasm,Nuclear localization signal,Soluble,0.7842000126838684,0.30709999799728394,0.12479999661445618,0.13439999520778656,0.30320000648498535,0.01510000042617321,0.22910000383853912,0.04969999939203262,0.09139999747276306,0.015200000256299973,0.46399998664855957,0.07519999891519547,0.06970000267028809,0.7124000191688538
Cre10.g456900.t1.2,Mitochondrion,Mitochondrial transit peptide,Soluble,0.23600000143051147,0.11069999635219574,0.051500000059604645,0.04259999841451645,0.8108000159263611,0.5284000039100647,0.03530000150203705,0.04919999837875366,0.1257999986410141,0.013500000350177288,0.5460000038146973,0.18070000410079956,0.0681999996304512,0.6808000206947327
Cre10.g458050.t1.2,Cytoplasm,Peroxisomal targeting signal,Soluble,0.6787999868392944,0.1509999930858612,0.09200000017881393,0.060499999672174454,0.07639999687671661,0.09759999811649323,0.11400000005960464,0.23510000109672546,0.11379999667406082,0.20980000495910645,0.4180999994277954,0.10090000182390213,0.0754999965429306,0.8058000206947327
Cre10.g458450.t1.1,Cytoplasm,Nuclear export signal|Peroxisomal targeting signal,Soluble,0.7336000204086304,0.46799999475479126,0.06120000034570694,0.20600000023841858,0.5342000126838684,0.07090000063180923,0.08879999816417694,0.36809998750686646,0.10849999636411667,0.4465999901294708,0.5863999724388123,0.12430000305175781,0.15039999783039093,0.6187000274658203
Cre10.g458500.t1.2,Plastid,Chloroplast transit peptide,Soluble,0.1307000070810318,0.11169999837875366,0.01940000057220459,0.022099999710917473,0.0860000029206276,0.9869999885559082,0.020500000566244125,0.03280000016093254,0.0640999972820282,0.007699999958276749,0.5723000168800354,0.04089999943971634,0.1436000019311905,0.796999990940094
Cre10.g459000.t1.1,Cytoplasm,,Soluble,0.6431000232696533,0.16300000250339508,0.11010000109672546,0.08349999785423279,0.1891999989748001,0.4101000130176544,0.061799999326467514,0.021900000050663948,0.02370000071823597,0.01510000042617321,0.3628000020980835,0.10589999705553055,0.0421999990940094,0.8094000220298767
Cre10.g459200.t1.2,Cell membrane,Transmembrane domain,Transmembrane,0.23499999940395355,0.12150000035762787,0.011900000274181366,0.5716000199317932,0.09059999883174896,0.02459999918937683,0.4203000068664551,0.572700023651123,0.43630000948905945,0.002400000113993883,0.08889999985694885,0.9675999879837036,0.0892999991774559,0.1298000067472458
Cre10.g459900.t1.1,Extracellular,Signal peptide,Soluble,0.19830000400543213,0.08969999849796295,0.8766000270843506,0.12389999628067017,0.04349999874830246,0.16189999878406525,0.21199999749660492,0.2280000001192093,0.35359999537467957,0.0012000000569969416,0.2921999990940094,0.0544000007212162,0.09040000289678574,0.8561000227928162
Cre10.g459900.t2.1,Extracellular,Signal peptide,Soluble,0.19830000400543213,0.08969999849796295,0.8766000270843506,0.12389999628067017,0.04349999874830246,0.16189999878406525,0.21199999749660492,0.2280000001192093,0.35359999537467957,0.0012000000569969416,0.2921999990940094,0.0544000007212162,0.09040000289678574,0.8561000227928162
Cre10.g460300.t1.2,Cytoplasm|Plastid,Chloroplast transit peptide,Soluble,0.6359999775886536,0.20980000495910645,0.23899999260902405,0.18850000202655792,0.47870001196861267,0.8187000155448914,0.050599999725818634,0.09059999883174896,0.07240000367164612,0.055799998342990875,0.3912000060081482,0.12060000002384186,0.24860000610351562,0.7251999974250793
Cre10.g460350.t1.1,Endoplasmic reticulum,,Transmembrane,0.2581999897956848,0.19820000231266022,0.08410000056028366,0.24459999799728394,0.15109999477863312,0.08669999986886978,0.4097000062465668,0.08780000358819962,0.13410000503063202,0.012799999676644802,0.3084999918937683,0.8070999979972839,0.1137000024318695,0.37310001254081726
Cre10.g461750.t1.1,Nucleus,Nuclear localization signal,Soluble,0.29440000653266907,0.782800018787384,0.0430000014603138,0.08720000088214874,0.03319999948143959,0.14589999616146088,0.020099999383091927,0.030500000342726707,0.026900000870227814,0.0010999999940395355,0.19529999792575836,0.1306000053882599,0.036400001496076584,0.8496000170707703
Cre10.g463150.t1.1,Peroxisome,Peroxisomal targeting signal,Soluble,0.3783999979496002,0.12240000069141388,0.04010000079870224,0.04129999876022339,0.22669999301433563,0.10980000346899033,0.22310000658035278,0.022099999710917473,0.02329999953508377,0.9305999875068665,0.27410000562667847,0.1899999976158142,0.10980000346899033,0.6804999709129333
Cre10.g465450.t1.2,Plastid,,Soluble,0.23090000450611115,0.05090000107884407,0.43959999084472656,0.23469999432563782,0.18039999902248383,0.519599974155426,0.23600000143051147,0.04639999940991402,0.07760000228881836,0.012799999676644802,0.4602999985218048,0.24199999868869781,0.08219999819993973,0.6830000281333923
Cre10.g466500.t1.2,Plastid,Chloroplast transit peptide,Peripheral|Soluble,0.19470000267028809,0.07360000163316727,0.05570000037550926,0.023800000548362732,0.21140000224113464,0.9735000133514404,0.012299999594688416,0.03970000147819519,0.07670000195503235,0.017100000753998756,0.6618000268936157,0.08869999647140503,0.04360000044107437,0.7080000042915344
Cre10.g466750.t1.1,Plastid,Chloroplast transit peptide,Peripheral|Soluble,0.16429999470710754,0.11169999837875366,0.031199999153614044,0.018799999728798866,0.08380000293254852,0.9891999959945679,0.046300001442432404,0.04500000178813934,0.09860000014305115,0.018799999728798866,0.6456999778747559,0.0723000019788742,0.24289999902248383,0.6872000098228455
Cre10.g466750.t2.1,Plastid,Chloroplast transit peptide,Peripheral|Soluble,0.16429999470710754,0.11169999837875366,0.031199999153614044,0.018799999728798866,0.08380000293254852,0.9891999959945679,0.046300001442432404,0.04500000178813934,0.09860000014305115,0.018799999728798866,0.6456999778747559,0.0723000019788742,0.24289999902248383,0.6872000098228455
Cre11.g467350.t1.2,Cytoplasm,Peroxisomal targeting signal,Soluble,0.7148000001907349,0.13289999961853027,0.06750000268220901,0.14920000731945038,0.04879999905824661,0.16410000622272491,0.17489999532699585,0.38119998574256897,0.12770000100135803,0.5978999733924866,0.5764999985694885,0.19020000100135803,0.065700002014637,0.6628000140190125
Cre11.g467524.t1.1,Cytoplasm,,Soluble,0.7577000260353088,0.27300000190734863,0.18170000612735748,0.08659999817609787,0.2393999993801117,0.05590000003576279,0.061400000005960464,0.33239999413490295,0.19850000739097595,0.1754000037908554,0.2770000100135803,0.25119999051094055,0.09290000051259995,0.7008000016212463
Cre11.g467544.t1.1,Cytoplasm|Peroxisome,Peroxisomal targeting signal,Soluble,0.7347999811172485,0.42239999771118164,0.07810000330209732,0.0421999990940094,0.35670000314712524,0.017000000923871994,0.12200000137090683,0.2768000066280365,0.2502000033855438,0.8105000257492065,0.36239999532699585,0.10050000250339508,0.14309999346733093,0.8282999992370605
Cre11.g467547.t1.1,Cytoplasm,,Soluble,0.6886000037193298,0.12200000137090683,0.03700000047683716,0.13449999690055847,0.0949999988079071,0.02280000038444996,0.06809999793767929,0.09130000323057175,0.10249999910593033,0.003000000026077032,0.2782000005245209,0.06019999831914902,0.08420000225305557,0.8323000073432922
Cre11.g467550.t1.2,Plastid,Chloroplast transit peptide,Soluble,0.18960000574588776,0.0674000009894371,0.06270000338554382,0.06270000338554382,0.2809999883174896,0.9603000283241272,0.011599999852478504,0.032999999821186066,0.022600000724196434,0.005900000222027302,0.48330000042915344,0.05920000001788139,0.07609999924898148,0.8198999762535095
Cre11.g467552.t1.1,Plastid,Chloroplast transit peptide,Soluble,0.15680000185966492,0.13930000364780426,0.06750000268220901,0.09109999984502792,0.10939999669790268,0.9217000007629395,0.03689999878406525,0.014499999582767487,0.03370000049471855,0.009100000374019146,0.424699991941452,0.2809999883174896,0.20229999721050262,0.6814000010490417
Cre11.g467573.t1.1,Plastid,Chloroplast transit peptide,Transmembrane,0.13109999895095825,0.10209999978542328,0.05299999937415123,0.03680000081658363,0.08290000259876251,0.9143999814987183,0.015699999406933784,0.01759999990463257,0.02419999986886978,0.0012000000569969416,0.5884000062942505,0.5192999839782715,0.022199999541044235,0.2822999954223633
Cre11.g467617.t1.1,Cytoplasm,Peroxisomal targeting signal,Soluble,0.7226999998092651,0.2687999904155731,0.1453000009059906,0.21490000188350677,0.24060000479221344,0.06509999930858612,0.10679999738931656,0.18129999935626984,0.2387000024318695,0.16169999539852142,0.4853000044822693,0.17710000276565552,0.20559999346733093,0.6376000046730042
Cre11.g467622.t1.1,Cytoplasm,Nuclear localization signal,Soluble,0.8865000009536743,0.32010000944137573,0.125,0.1340000033378601,0.1907999962568283,0.09690000116825104,0.17890000343322754,0.3330000042915344,0.12610000371932983,0.008100000210106373,0.41589999198913574,0.04309999942779541,0.12770000100135803,0.8162999749183655
Cre11.g467630.t1.1,Plastid,Mitochondrial transit peptide,Soluble,0.19830000400543213,0.1160999983549118,0.11420000344514847,0.10750000178813934,0.5616999864578247,0.7468000054359436,0.015799999237060547,0.044599998742341995,0.04650000110268593,0.015699999406933784,0.4950999915599823,0.05959999933838844,0.10040000081062317,0.7782999873161316
Cre11.g467630.t2.1,Plastid,Mitochondrial transit peptide,Soluble,0.19830000400543213,0.1160999983549118,0.11420000344514847,0.10750000178813934,0.5616999864578247,0.7468000054359436,0.015799999237060547,0.044599998742341995,0.04650000110268593,0.015699999406933784,0.4950999915599823,0.05959999933838844,0.10040000081062317,0.7782999873161316
Cre11.g467630.t3.1,Plastid,Mitochondrial transit peptide,Soluble,0.19830000400543213,0.1160999983549118,0.11420000344514847,0.10750000178813934,0.5616999864578247,0.7468000054359436,0.015799999237060547,0.044599998742341995,0.04650000110268593,0.015699999406933784,0.4950999915599823,0.05959999933838844,0.10040000081062317,0.7782999873161316
Cre11.g467673.t1.1,Cell membrane,Signal peptide|Transmembrane domain,Transmembrane,0.299699991941452,0.11749999970197678,0.08640000224113464,0.6647999882698059,0.05380000174045563,0.06080000102519989,0.1867000013589859,0.3043999969959259,0.19499999284744263,0.009600000455975533,0.1881999969482422,0.8977000117301941,0.3100000023841858,0.18970000743865967
Cre11.g467678.t1.1,Cytoplasm,,Transmembrane,0.42149999737739563,0.17880000174045563,0.05469999834895134,0.4065000116825104,0.06129999831318855,0.08749999850988388,0.1046999990940094,0.19120000302791595,0.04879999905824661,0.02979999966919422,0.34850001335144043,0.870199978351593,0.05790000036358833,0.29829999804496765
Cre11.g467688.t1.1,Cytoplasm,Nuclear localization signal,Soluble,0.6901000142097473,0.14259999990463257,0.10830000042915344,0.1581999957561493,0.10320000350475311,0.093299999833107,0.04820000007748604,0.07980000227689743,0.044199999421834946,0.004399999976158142,0.2533999979496002,0.19189999997615814,0.09080000221729279,0.7907999753952026
Cre11.g467688.t2.1,Cytoplasm,Nuclear localization signal,Soluble,0.6901000142097473,0.14259999990463257,0.10830000042915344,0.1581999957561493,0.10320000350475311,0.093299999833107,0.04820000007748604,0.07980000227689743,0.044199999421834946,0.004399999976158142,0.2533999979496002,0.19189999997615814,0.09080000221729279,0.7907999753952026
Cre11.g467690.t1.1,Cytoplasm,Peroxisomal targeting signal,Soluble,0.7160999774932861,0.10520000010728836,0.2718000113964081,0.12800000607967377,0.20399999618530273,0.39500001072883606,0.05550000071525574,0.10260000079870224,0.13449999690055847,0.5084999799728394,0.32190001010894775,0.266400009393692,0.057100001722574234,0.6926000118255615
Cre11.g467700.t1.1,Plastid,Chloroplast transit peptide,Soluble,0.12970000505447388,0.1062999963760376,0.024900000542402267,0.023499999195337296,0.13099999725818634,0.9868999719619751,0.01119999960064888,0.01080000028014183,0.016200000420212746,0.002400000113993883,0.5242999792098999,0.07699999958276749,0.06790000200271606,0.7929999828338623
Cre11.g467707.t1.1,Mitochondrion,Mitochondrial transit peptide,Peripheral|Soluble,0.1664000004529953,0.10010000318288803,0.05119999870657921,0.0674000009894371,0.9495999813079834,0.0052999998442828655,0.045499999076128006,0.07320000231266022,0.09780000150203705,0.002099999925121665,0.7925000190734863,0.03220000118017197,0.07440000027418137,0.7010999917984009
Cre11.g467717.t1.1,Plastid,,Peripheral|Soluble,0.20990000665187836,0.1370999962091446,0.12349999696016312,0.14650000631809235,0.5264000296592712,0.6965000033378601,0.08669999986886978,0.07580000162124634,0.09920000284910202,0.16699999570846558,0.6092000007629395,0.3321000039577484,0.08320000022649765,0.5846999883651733
Cre11.g467723.t1.1,Plastid,Chloroplast transit peptide,Soluble,0.10300000011920929,0.10620000213384628,0.008200000040233135,0.07349999994039536,0.14980000257492065,0.9890999794006348,0.03200000151991844,0.04349999874830246,0.012900000438094139,0.024399999529123306,0.3756999969482422,0.1420000046491623,0.08839999884366989,0.7577000260353088
Cre11.g467723.t2.1,Plastid,Chloroplast transit peptide,Soluble,0.10300000011920929,0.10620000213384628,0.008200000040233135,0.07349999994039536,0.14980000257492065,0.9890999794006348,0.03200000151991844,0.04349999874830246,0.012900000438094139,0.024399999529123306,0.3756999969482422,0.1420000046491623,0.08839999884366989,0.7577000260353088
Cre11.g467753.t1.1,Endoplasmic reticulum,Signal peptide|Transmembrane domain,Transmembrane,0.27889999747276306,0.22040000557899475,0.09989999979734421,0.15039999783039093,0.42089998722076416,0.07069999724626541,0.7436000108718872,0.15039999783039093,0.39149999618530273,0.05079999938607216,0.42080000042915344,0.9070000052452087,0.2134000062942505,0.13580000400543213
Cre11.g467754.t1.1,Golgi apparatus,Signal peptide|Transmembrane domain,Transmembrane,0.08990000188350677,0.1111999973654747,0.026100000366568565,0.18549999594688416,0.14159999787807465,0.024299999698996544,0.41290000081062317,0.3059999942779541,0.8393999934196472,0.020600000396370888,0.12800000607967377,0.9498999714851379,0.0544000007212162,0.09769999980926514
Cre11.g467767.t1.1,Mitochondrion,Peroxisomal targeting signal,Peripheral,0.23639999330043793,0.038100000470876694,0.05559999868273735,0.0575999990105629,0.8718000054359436,0.1543000042438507,0.0786999985575676,0.06729999929666519,0.06159999966621399,0.3255000114440918,0.7749000191688538,0.11800000071525574,0.06509999930858612,0.3982999920845032
Cre11.g467770.t1.1,Plastid,Chloroplast transit peptide,Peripheral|Soluble,0.06669999659061432,0.15219999849796295,0.01600000075995922,0.04450000077486038,0.12939999997615814,0.9728000164031982,0.03189999982714653,0.042500000447034836,0.04569999873638153,0.026200000196695328,0.6452999711036682,0.05530000105500221,0.15809999406337738,0.6940000057220459
Cre11.g467778.t1.1,Plastid,Chloroplast transit peptide,Soluble,0.23019999265670776,0.050599999725818634,0.03460000082850456,0.029400000348687172,0.13670000433921814,0.9648000001907349,0.013700000010430813,0.029200000688433647,0.041999999433755875,0.006800000090152025,0.4973999857902527,0.038600001484155655,0.12160000205039978,0.7495999932289124
Cre11.g468950.t1.2,Mitochondrion,Transmembrane domain,Transmembrane,0.12549999356269836,0.15129999816417694,0.04859999939799309,0.08219999819993973,0.8658000230789185,0.04899999871850014,0.03629999980330467,0.06279999762773514,0.06509999930858612,0.027000000700354576,0.19820000231266022,0.9735999703407288,0.0406000018119812,0.09260000288486481
Cre11.g474800.t1.2,Mitochondrion,Mitochondrial transit peptide,Soluble,0.19059999287128448,0.07989999651908875,0.0406000018119812,0.11949999630451202,0.9067999720573425,0.03500000014901161,0.03319999948143959,0.13259999454021454,0.07660000026226044,0.008899999782443047,0.48179998993873596,0.14249999821186066,0.17020000517368317,0.7466999888420105
Cre11.g476325.t1.1,Cytoplasm,,Soluble,0.7384999990463257,0.2207999974489212,0.14740000665187836,0.1281999945640564,0.2599000036716461,0.11230000108480453,0.10100000351667404,0.15320000052452087,0.05719999969005585,0.0333000011742115,0.5364000201225281,0.10509999841451645,0.148499995470047,0.7702999711036682
Cre11.g476650.t1.1,Plastid,,Soluble,0.18520000576972961,0.07490000128746033,0.11879999935626984,0.04600000008940697,0.1257999986410141,0.9067000150680542,0.04390000179409981,0.0333000011742115,0.07540000230073929,0.016100000590085983,0.3522000014781952,0.1193000003695488,0.05040000006556511,0.7922999858856201
Cre11.g476750.t1.2,Plastid,Chloroplast transit peptide,Peripheral|Soluble,0.14949999749660492,0.09099999815225601,0.025800000876188278,0.042899999767541885,0.10499999672174454,0.9696000218391418,0.016499999910593033,0.014999999664723873,0.0348999984562397,0.0013000000035390258,0.6822999715805054,0.1193000003695488,0.14920000731945038,0.6685000061988831
Cre11.g477625.t1.1,Plastid,Chloroplast transit peptide,Peripheral|Soluble,0.19460000097751617,0.08760000020265579,0.057500001043081284,0.09350000321865082,0.12870000302791595,0.9614999890327454,0.06430000066757202,0.026200000196695328,0.04740000143647194,0.009800000116229057,0.7732999920845032,0.17679999768733978,0.1404999941587448,0.5246000289916992
Cre11.g481200.t1.2,Extracellular,Signal peptide,Soluble,0.1687999963760376,0.06909999996423721,0.6470999717712402,0.1444000005722046,0.048900000751018524,0.06710000336170197,0.25999999046325684,0.41110000014305115,0.4772000014781952,0.0006000000284984708,0.32170000672340393,0.08560000360012054,0.060499999672174454,0.8388000130653381
Cre11.g481500.t1.2,Plastid,Chloroplast transit peptide,Soluble,0.25110000371932983,0.06909999996423721,0.041999999433755875,0.0414000004529953,0.07400000095367432,0.9807000160217285,0.040699999779462814,0.014399999752640724,0.02759999968111515,0.004600000102072954,0.4771000146865845,0.06400000303983688,0.1356000006198883,0.8166999816894531
Cre12.g483950.t1.2,Mitochondrion,Mitochondrial transit peptide,Peripheral|Soluble,0.19820000231266022,0.03909999877214432,0.03830000013113022,0.16670000553131104,0.8589000105857849,0.1378999948501587,0.018400000408291817,0.04690000042319298,0.0729999989271164,0.014999999664723873,0.6980999708175659,0.0494999997317791,0.2784999907016754,0.6693999767303467
Cre12.g484000.t1.2,Plastid,Chloroplast transit peptide,Peripheral|Soluble,0.18639999628067017,0.17880000174045563,0.042899999767541885,0.09120000153779984,0.4124000072479248,0.9192000031471252,0.1137000024318695,0.04569999873638153,0.013700000010430813,0.20640000700950623,0.7056000232696533,0.13249999284744263,0.061900001019239426,0.646399974822998
Cre12.g484200.t1.2,Plastid,Chloroplast transit peptide,Soluble,0.14190000295639038,0.12039999663829803,0.03310000151395798,0.01810000091791153,0.29440000653266907,0.9660999774932861,0.008500000461935997,0.026499999687075615,0.02710000053048134,0.01140000019222498,0.4724000096321106,0.07150000333786011,0.10249999910593033,0.8173999786376953
Cre12.g484600.t1.2,Plastid,,Soluble,0.323199987411499,0.3513999879360199,0.32499998807907104,0.08780000358819962,0.16459999978542328,0.5802000164985657,0.01080000028014183,0.03020000085234642,0.029500000178813934,0.030899999663233757,0.22139999270439148,0.20829999446868896,0.05909999832510948,0.820900022983551
Cre12.g484750.t1.1,Plastid,Thylakoid luminal transit peptide,Soluble,0.16670000553131104,0.02969999983906746,0.19660000503063202,0.08470000326633453,0.12399999797344208,0.9757000207901001,0.049800001084804535,0.02199999988079071,0.05079999938607216,0.030899999663233757,0.5756000280380249,0.3249000012874603,0.15199999511241913,0.5722000002861023
Cre12.g485050.t1.2,Cytoplasm|Cell membrane|Lysosome/Vacuole,,Peripheral|Lipid anchor,0.5690000057220459,0.14810000360012054,0.24539999663829803,0.652899980545044,0.2973000109195709,0.019200000911951065,0.06790000200271606,0.604200005531311,0.32409998774528503,0.01080000028014183,0.6240000128746033,0.13860000669956207,0.9642999768257141,0.40869998931884766
Cre12.g485150.t1.2,Plastid,Chloroplast transit peptide,Soluble,0.16249999403953552,0.09399999678134918,0.021199999377131462,0.02979999966919422,0.1289999932050705,0.919700026512146,0.02419999986886978,0.045899998396635056,0.024000000208616257,0.004699999932199717,0.5490000247955322,0.045899998396635056,0.11069999635219574,0.8104000091552734
Cre12.g485550.t1.2,Mitochondrion,Mitochondrial transit peptide,Soluble,0.22589999437332153,0.035599999129772186,0.08590000122785568,0.07339999824762344,0.7921000123023987,0.46720001101493835,0.026000000536441803,0.04619999974966049,0.06430000066757202,0.019700000062584877,0.4253999888896942,0.12600000202655792,0.13429999351501465,0.7741000056266785
Cre12.g486300.t1.2,Plastid,Chloroplast transit peptide,Transmembrane,0.07959999889135361,0.05429999902844429,0.04100000113248825,0.028300000354647636,0.3197000026702881,0.9577000141143799,0.03420000150799751,0.02329999953508377,0.04670000076293945,0.013500000350177288,0.5163000226020813,0.9768000245094299,0.019600000232458115,0.046300001442432404
Cre12.g487100.t1.2,Plastid,,Soluble,0.22689999639987946,0.0722000002861023,0.05959999933838844,0.06499999761581421,0.5250999927520752,0.7214999794960022,0.05420000106096268,0.042899999767541885,0.07349999994039536,0.008700000122189522,0.3910999894142151,0.2304999977350235,0.05689999833703041,0.6880000233650208
Cre12.g487900.t1.2,Cytoplasm,Peroxisomal targeting signal,Peripheral|Soluble,0.6345999836921692,0.13840000331401825,0.07010000199079514,0.23739999532699585,0.5299999713897705,0.26809999346733093,0.20649999380111694,0.05990000069141388,0.10760000348091125,0.13819999992847443,0.6517999768257141,0.11670000106096268,0.027400000020861626,0.6717000007629395
Cre12.g488000.t1.2,Cytoplasm,Peroxisomal targeting signal,Soluble,0.7849000096321106,0.20489999651908875,0.24269999563694,0.15320000052452087,0.11060000211000443,0.015699999406933784,0.18400000035762787,0.41510000824928284,0.17960000038146973,0.3215999901294708,0.3012999892234802,0.13369999825954437,0.08940000087022781,0.8001000285148621
Cre12.g488050.t1.2,Cytoplasm,,Soluble,0.6179999709129333,0.3082999885082245,0.10019999742507935,0.23999999463558197,0.049300000071525574,0.12720000743865967,0.042899999767541885,0.17000000178813934,0.05909999832510948,0.011500000022351742,0.39410001039505005,0.22169999778270721,0.10019999742507935,0.7541999816894531
Cre12.g489050.t1.2,Plastid,,Transmembrane,0.09969999641180038,0.05050000175833702,0.1023000031709671,0.08950000256299973,0.3797000050544739,0.8804000020027161,0.2700999975204468,0.094200000166893,0.20679999887943268,0.039000000804662704,0.21770000457763672,0.9688000082969666,0.01640000008046627,0.1379999965429306
Cre12.g489400.t1.2,Cell membrane,Transmembrane domain,Transmembrane,0.15219999849796295,0.042899999767541885,0.020400000736117363,0.4894999861717224,0.13179999589920044,0.06520000100135803,0.25609999895095825,0.41130000352859497,0.17669999599456787,0.006099999882280827,0.05299999937415123,0.978600025177002,0.07280000299215317,0.17080000042915344
Cre12.g489700.t1.2,Plastid,Chloroplast transit peptide,Soluble,0.14720000326633453,0.11339999735355377,0.011599999852478504,0.02019999921321869,0.2012999951839447,0.8962000012397766,0.010200000368058681,0.02850000001490116,0.03579999879002571,0.012000000104308128,0.4999000132083893,0.07519999891519547,0.06530000269412994,0.7922999858856201
Cre12.g490350.t1.1,Cytoplasm,,Soluble,0.607699990272522,0.2045000046491623,0.0737999975681305,0.1695999950170517,0.37779998779296875,0.16019999980926514,0.07890000194311142,0.14329999685287476,0.12430000305175781,0.0142000000923872,0.46810001134872437,0.07649999856948853,0.21480000019073486,0.786899983882904
Cre12.g491050.t1.2,Cytoplasm|Nucleus,Nuclear localization signal,Soluble,0.5673999786376953,0.7529000043869019,0.015200000256299973,0.08950000256299973,0.10639999806880951,0.010999999940395355,0.06210000067949295,0.07720000296831131,0.022700000554323196,0.007600000128149986,0.39469999074935913,0.04960000142455101,0.2809999883174896,0.8130999803543091
Cre12.g491600.t1.1,Cell membrane,,Transmembrane,0.35600000619888306,0.10490000247955322,0.05180000141263008,0.462799996137619,0.1137000024318695,0.09149999916553497,0.18129999935626984,0.3301999866962433,0.133200004696846,0.004800000227987766,0.07769999653100967,0.9714999794960022,0.06520000100135803,0.188400000333786
Cre12.g492300.t1.2,Mitochondrion,,Peripheral,0.3488999903202057,0.2831999957561493,0.04100000113248825,0.12520000338554382,0.7121000289916992,0.2345999926328659,0.19020000100135803,0.09380000084638596,0.09059999883174896,0.16030000150203705,0.6449999809265137,0.15189999341964722,0.15199999511241913,0.47839999198913574
Cre12.g492950.t1.2,Cytoplasm,,Soluble,0.6542999744415283,0.3061000108718872,0.022299999371170998,0.22439999878406525,0.17329999804496765,0.02800000086426735,0.13529999554157257,0.1420000046491623,0.15790000557899475,0.03500000014901161,0.42969998717308044,0.08190000057220459,0.18070000410079956,0.7885000109672546
Cre12.g494850.t1.2,Plastid,Chloroplast transit peptide,Peripheral|Soluble,0.14090000092983246,0.0478999987244606,0.05429999902844429,0.03449999913573265,0.10830000042915344,0.9789000153541565,0.023600000888109207,0.012400000356137753,0.03909999877214432,0.0012000000569969416,0.677299976348877,0.0284000001847744,0.15539999306201935,0.8213000297546387
Cre12.g495300.t1.2,Plastid,Chloroplast transit peptide,Soluble,0.36010000109672546,0.1071000024676323,0.08380000293254852,0.07370000332593918,0.2062000036239624,0.9869999885559082,0.037700001150369644,0.052400000393390656,0.05889999866485596,0.024000000208616257,0.47920000553131104,0.06700000166893005,0.07150000333786011,0.7580999732017517
Cre12.g496750.t1.2,Mitochondrion,Mitochondrial transit peptide,Peripheral|Transmembrane,0.1257999986410141,0.05420000106096268,0.03530000150203705,0.13449999690055847,0.9513999819755554,0.04309999942779541,0.06069999933242798,0.09539999812841415,0.20190000534057617,0.0746999979019165,0.7562000155448914,0.6164000034332275,0.03849999979138374,0.2815000116825104
Cre12.g496950.t1.1,Cytoplasm,Nuclear export signal,Soluble,0.6273999810218811,0.2948000133037567,0.05299999937415123,0.32760000228881836,0.09650000184774399,0.05640000104904175,0.08560000360012054,0.2921000123023987,0.1225999966263771,0.01860000006854534,0.4438000023365021,0.18400000035762787,0.10729999840259552,0.7301999926567078
Cre12.g497750.t1.2,Cytoplasm,Nuclear export signal,Peripheral|Soluble,0.6886000037193298,0.32989999651908875,0.10409999638795853,0.243599995970726,0.14470000565052032,0.026000000536441803,0.14339999854564667,0.5339000225067139,0.20110000669956207,0.015200000256299973,0.64410001039505,0.03480000048875809,0.3714999854564667,0.8033000230789185
Cre12.g498550.t1.1,Plastid,Chloroplast transit peptide,Peripheral|Transmembrane,0.14880000054836273,0.09619999676942825,0.07940000295639038,0.04149999842047691,0.23109999299049377,0.9663000106811523,0.048500001430511475,0.01979999989271164,0.0658000037074089,0.0008999999845400453,0.671999990940094,0.8098000288009644,0.050599999725818634,0.19629999995231628
Cre12.g498750.t1.1,Extracellular,Signal peptide,Soluble,0.23010000586509705,0.048700001090765,0.7749999761581421,0.1688999980688095,0.046300001442432404,0.07890000194311142,0.3391999900341034,0.43650001287460327,0.2969000041484833,0.008500000461935997,0.4212999939918518,0.26010000705718994,0.16500000655651093,0.6699000000953674
Cre12.g499250.t1.1,Cytoplasm,,Soluble,0.5723999738693237,0.2020999938249588,0.06939999759197235,0.35179999470710754,0.21320000290870667,0.058400001376867294,0.16349999606609344,0.35089999437332153,0.24400000274181366,0.05719999969005585,0.45329999923706055,0.10090000182390213,0.2985000014305115,0.751800000667572
Cre12.g499300.t1.2,Cytoplasm,,Soluble,0.5608999729156494,0.16500000655651093,0.05180000141263008,0.3589000105857849,0.20319999754428864,0.08460000157356262,0.16290000081062317,0.3596000075340271,0.2782999873161316,0.12240000069141388,0.5250999927520752,0.11299999803304672,0.31630000472068787,0.6715999841690063
Cre12.g500150.t1.1,Mitochondrion,Mitochondrial transit peptide,Soluble,0.19009999930858612,0.1265999972820282,0.052400000393390656,0.11069999635219574,0.9135000109672546,0.07249999791383743,0.04259999841451645,0.1607999950647354,0.09220000356435776,0.03959999978542328,0.4544999897480011,0.08049999922513962,0.23229999840259552,0.7573999762535095
Cre12.g500715.t1.2,Cytoplasm,,Soluble,0.5331000089645386,0.12700000405311584,0.18320000171661377,0.27090001106262207,0.14409999549388885,0.1720999926328659,0.11749999970197678,0.258899986743927,0.11840000003576279,0.050999999046325684,0.4740000069141388,0.32409998774528503,0.08950000256299973,0.6274999976158142
Cre12.g503000.t1.2,Endoplasmic reticulum|Lysosome/Vacuole,,Transmembrane,0.1462000012397766,0.09939999878406525,0.05270000174641609,0.49410000443458557,0.15449999272823334,0.0348999984562397,0.6230000257492065,0.6589999794960022,0.5133000016212463,0.0949999988079071,0.14069999754428864,0.9753999710083008,0.13089999556541443,0.09220000356435776
Cre12.g503300.t1.2,Plastid,Chloroplast transit peptide,Soluble,0.2727999985218048,0.08330000191926956,0.03909999877214432,0.0430000014603138,0.11720000207424164,0.954800009727478,0.02199999988079071,0.02539999969303608,0.04529999941587448,0.013899999670684338,0.44269999861717224,0.10719999670982361,0.10639999806880951,0.8330000042915344
Cre12.g503550.t1.2,Plastid,Chloroplast transit peptide,Soluble,0.1737000048160553,0.12200000137090683,0.014999999664723873,0.033799998462200165,0.35260000824928284,0.9771000146865845,0.00930000003427267,0.0203000009059906,0.021900000050663948,0.020800000056624413,0.2971999943256378,0.11569999903440475,0.06159999966621399,0.8198000192642212
Cre12.g503650.t1.2,Mitochondrion,,Peripheral|Transmembrane,0.265500009059906,0.12690000236034393,0.23589999973773956,0.15219999849796295,0.4925999939441681,0.1451999992132187,0.32120001316070557,0.1882999986410141,0.21170000731945038,0.25850000977516174,0.6068000197410583,0.7990000247955322,0.03929999843239784,0.2549000084400177
Cre12.g504050.t1.1,Endoplasmic reticulum,Signal peptide|Transmembrane domain,Transmembrane,0.21690000593662262,0.12870000302791595,0.04270000010728836,0.2370000034570694,0.19760000705718994,0.10100000351667404,0.6873000264167786,0.21299999952316284,0.22679999470710754,0.03629999980330467,0.25049999356269836,0.9592000246047974,0.03009999915957451,0.14229999482631683
Cre12.g504950.t1.2,Peroxisome,Peroxisomal targeting signal,Soluble,0.37209999561309814,0.17260000109672546,0.06620000302791595,0.07259999960660934,0.27469998598098755,0.003800000064074993,0.06650000065565109,0.09920000284910202,0.09019999951124191,0.9873999953269958,0.4300999939441681,0.049400001764297485,0.15119999647140503,0.8241999745368958
Cre12.g506600.t1.2,Cytoplasm,,Peripheral|Soluble,0.5633000135421753,0.20080000162124634,0.06989999860525131,0.2921000123023987,0.11479999870061874,0.13300000131130219,0.15070000290870667,0.23440000414848328,0.16120000183582306,0.019300000742077827,0.6722999811172485,0.22030000388622284,0.12690000236034393,0.5903000235557556
Cre12.g507051.t1.1,Cell membrane,,Transmembrane,0.24549999833106995,0.13539999723434448,0.2621999979019165,0.5175999999046326,0.04479999840259552,0.07270000129938126,0.09309999644756317,0.24779999256134033,0.15209999680519104,0.004600000102072954,0.2085999995470047,0.8704000115394592,0.0494999997317791,0.3005000054836273
Cre12.g507400.t1.2,Cytoplasm,,Soluble,0.6480000019073486,0.16130000352859497,0.07209999859333038,0.3301999866962433,0.19179999828338623,0.03869999945163727,0.31290000677108765,0.3555000126361847,0.2493000030517578,0.15489999949932098,0.48190000653266907,0.10769999772310257,0.15520000457763672,0.7558000087738037
Cre12.g507950.t1.1,Plastid,,Transmembrane,0.13339999318122864,0.07500000298023224,0.06069999933242798,0.0803999975323677,0.121799997985363,0.9559000134468079,0.08399999886751175,0.05290000140666962,0.1818999946117401,0.02250000089406967,0.25760000944137573,0.9603999853134155,0.04839999973773956,0.09319999814033508
Cre12.g508550.t1.1,Plastid,Mitochondrial transit peptide,Soluble,0.19660000503063202,0.1111999973654747,0.05849999934434891,0.06419999897480011,0.6187999844551086,0.7626000046730042,0.05959999933838844,0.03150000050663948,0.0478999987244606,0.035100001841783524,0.4219000041484833,0.13570000231266022,0.13510000705718994,0.7677000164985657
Cre12.g508750.t1.2,Plastid,Chloroplast transit peptide,Transmembrane,0.13619999587535858,0.09679999947547913,0.04569999873638153,0.030300000682473183,0.10289999842643738,0.9284999966621399,0.026000000536441803,0.03220000118017197,0.035999998450279236,0.0012000000569969416,0.4268999993801117,0.7092999815940857,0.025699999183416367,0.24120000004768372
Cre12.g508852.t1.1,Cytoplasm,,Soluble,0.661899983882904,0.17479999363422394,0.17249999940395355,0.17820000648498535,0.08609999716281891,0.22699999809265137,0.026499999687075615,0.11079999804496765,0.0722000002861023,0.062300000339746475,0.4196000099182129,0.2386000007390976,0.11309999972581863,0.7448999881744385
Cre12.g509050.t1.1,Plastid,Thylakoid luminal transit peptide,Peripheral|Soluble,0.11829999834299088,0.05530000105500221,0.09059999883174896,0.02290000021457672,0.14579999446868896,0.9605000019073486,0.03280000016093254,0.010999999940395355,0.026200000196695328,0.002899999963119626,0.7720000147819519,0.09290000051259995,0.0340999998152256,0.6797999739646912
Cre12.g509400.t1.2,Cytoplasm,,Soluble,0.6949999928474426,0.3952000141143799,0.0560000017285347,0.11169999837875366,0.09719999879598618,0.02889999933540821,0.13500000536441803,0.1348000019788742,0.0794999971985817,0.1031000018119812,0.3564000129699707,0.08990000188350677,0.34940001368522644,0.7785000205039978
Cre12.g509550.t1.1,Cytoplasm,Nuclear localization signal|Nuclear export signal,Peripheral|Soluble,0.5845000147819519,0.40619999170303345,0.02889999933540821,0.3375000059604645,0.13660000264644623,0.01510000042617321,0.1808999925851822,0.3386000096797943,0.328900009393692,0.026799999177455902,0.6008999943733215,0.09719999879598618,0.2515999972820282,0.6937999725341797
Cre12.g509600.t1.1,Cytoplasm,Peroxisomal targeting signal,Soluble,0.7275999784469604,0.2581000030040741,0.010300000198185444,0.017899999395012856,0.26330000162124634,0.19259999692440033,0.1396999955177307,0.05990000069141388,0.20329999923706055,0.2671000063419342,0.23589999973773956,0.07800000160932541,0.18440000712871552,0.8105000257492065
Cre12.g509650.t1.2,Plastid,,Peripheral|Transmembrane,0.10419999808073044,0.09309999644756317,0.05380000174045563,0.05050000175833702,0.2667999863624573,0.9280999898910522,0.20520000159740448,0.07970000058412552,0.09489999711513519,0.046300001442432404,0.6708999872207642,0.7782999873161316,0.3571999967098236,0.10729999840259552
Cre12.g510050.t1.2,Plastid,Chloroplast transit peptide,Peripheral,0.19629999995231628,0.1453000009059906,0.029899999499320984,0.025299999862909317,0.1274999976158142,0.9581000208854675,0.023399999365210533,0.02590000070631504,0.05130000039935112,0.003100000089034438,0.7096999883651733,0.4507000148296356,0.11559999734163284,0.29820001125335693
Cre12.g510650.t1.2,Plastid,Chloroplast transit peptide,Peripheral|Soluble,0.12200000137090683,0.10480000078678131,0.027899999171495438,0.031199999153614044,0.1386999934911728,0.9869999885559082,0.026900000870227814,0.022700000554323196,0.05209999904036522,0.003100000089034438,0.6425999999046326,0.053199999034404755,0.07500000298023224,0.7681999802589417
Cre12.g510800.t1.2,Plastid,Chloroplast transit peptide,Peripheral|Soluble,0.12280000001192093,0.12250000238418579,0.07240000367164612,0.0357000008225441,0.18559999763965607,0.9517999887466431,0.028200000524520874,0.027400000020861626,0.0478999987244606,0.021800000220537186,0.6431000232696533,0.06599999964237213,0.12129999697208405,0.7788000106811523
Cre12.g511150.t1.2,Mitochondrion,Mitochondrial transit peptide,Soluble,0.2971999943256378,0.12870000302791595,0.01590000092983246,0.07840000092983246,0.8245000243186951,0.09730000048875809,0.0364999994635582,0.13040000200271606,0.03669999912381172,0.09350000321865082,0.5278000235557556,0.13429999351501465,0.375,0.7279000282287598
Cre12.g511200.t1.2,Mitochondrion,,Peripheral|Soluble,0.34290000796318054,0.29750001430511475,0.07280000299215317,0.10700000077486038,0.598800003528595,0.021700000390410423,0.41600000858306885,0.21709999442100525,0.19380000233650208,0.004600000102072954,0.6376000046730042,0.04179999977350235,0.017899999395012856,0.6450999975204468
Cre12.g511700.t1.2,Mitochondrion,Mitochondrial transit peptide,Soluble,0.1915999948978424,0.13840000331401825,0.030899999663233757,0.08900000154972076,0.9398999810218811,0.06350000202655792,0.07980000227689743,0.09520000219345093,0.0997999981045723,0.15369999408721924,0.4077000021934509,0.12099999934434891,0.20319999754428864,0.8023999929428101
Cre12.g511900.t1.2,Plastid,Chloroplast transit peptide,Peripheral|Soluble,0.12439999729394913,0.07150000333786011,0.032999999821186066,0.039900001138448715,0.1655000001192093,0.9902999997138977,0.011800000444054604,0.013899999670684338,0.028200000524520874,0.004800000227987766,0.6089000105857849,0.033799998462200165,0.1776999980211258,0.7644000053405762
Cre12.g512300.t1.2,Plastid,,Peripheral|Soluble,0.24449999630451202,0.05990000069141388,0.12610000371932983,0.09719999879598618,0.13950000703334808,0.9598000049591064,0.03240000084042549,0.07360000163316727,0.14339999854564667,0.05480000004172325,0.6880999803543091,0.1850000023841858,0.1137000024318695,0.6075999736785889
Cre12.g513200.t1.2,Cytoplasm,Nuclear localization signal|Nuclear export signal,Soluble,0.8578000068664551,0.3384000062942505,0.13519999384880066,0.2451000064611435,0.3596000075340271,0.027000000700354576,0.21400000154972076,0.29429998993873596,0.32199999690055847,0.026499999687075615,0.4690000116825104,0.04960000142455101,0.1876000016927719,0.7773000001907349
Cre12.g514000.t1.2,Endoplasmic reticulum,Signal peptide|Transmembrane domain,Transmembrane,0.12269999831914902,0.07339999824762344,0.04919999837875366,0.24300000071525574,0.1096000000834465,0.042899999767541885,0.7767999768257141,0.27880001068115234,0.34130001068115234,0.010400000028312206,0.22830000519752502,0.9620000123977661,0.014100000262260437,0.14659999310970306
Cre12.g514050.t1.2,Plastid,Chloroplast transit peptide,Soluble,0.20919999480247498,0.1550000011920929,0.032099999487400055,0.028599999845027924,0.12919999659061432,0.9508000016212463,0.04039999842643738,0.039799999445676804,0.05389999970793724,0.018400000408291817,0.5654000043869019,0.06480000168085098,0.05249999836087227,0.8465999960899353
Cre12.g514300.t1.2,Endoplasmic reticulum,Signal peptide|Transmembrane domain,Transmembrane,0.12559999525547028,0.06350000202655792,0.03449999913573265,0.18529999256134033,0.11550000309944153,0.030400000512599945,0.8641999959945679,0.28690001368522644,0.3328000009059906,0.0012000000569969416,0.1720000058412552,0.9592999815940857,0.013000000268220901,0.14329999685287476
Cre12.g514750.t1.2,Mitochondrion,Mitochondrial transit peptide,Peripheral|Soluble,0.1965000033378601,0.05660000070929527,0.044599998742341995,0.06689999997615814,0.9386000037193298,0.06589999794960022,0.08699999749660492,0.12970000505447388,0.15440000593662262,0.08550000190734863,0.6347000002861023,0.08550000190734863,0.0820000022649765,0.7319999933242798
Cre12.g516350.t1.2,Mitochondrion,Transmembrane domain,Transmembrane,0.18490000069141388,0.051899999380111694,0.049300000071525574,0.14300000667572021,0.8165000081062317,0.4810999929904938,0.4699000120162964,0.12430000305175781,0.125900000333786,0.06300000101327896,0.16930000483989716,0.9668999910354614,0.047200001776218414,0.13590000569820404
Cre12.g516450.t1.2,Mitochondrion,Mitochondrial transit peptide,Peripheral|Soluble,0.30149999260902405,0.10949999839067459,0.16830000281333923,0.18700000643730164,0.7013000249862671,0.10010000318288803,0.12269999831914902,0.15199999511241913,0.16609999537467957,0.10490000247955322,0.6604999899864197,0.11249999701976776,0.10920000076293945,0.5964999794960022
Cre12.g516550.t1.2,Endoplasmic reticulum,,Peripheral|Soluble,0.3140999972820282,0.15399999916553497,0.11289999634027481,0.4027000069618225,0.5916000008583069,0.17720000445842743,0.6728000044822693,0.14300000667572021,0.13220000267028809,0.016200000420212746,0.669700026512146,0.3458000123500824,0.0966000035405159,0.5169000029563904
Cre12.g517150.t1.1,Plastid,Chloroplast transit peptide,Peripheral|Soluble,0.13040000200271606,0.09669999778270721,0.0333000011742115,0.03180000185966492,0.1331000030040741,0.9085999727249146,0.011800000444054604,0.017000000923871994,0.029500000178813934,0.000699999975040555,0.6485999822616577,0.05299999937415123,0.07670000195503235,0.7797999978065491
Cre12.g517700.t1.2,Endoplasmic reticulum,,Transmembrane,0.16850000619888306,0.10930000245571136,0.09109999984502792,0.1818999946117401,0.5274999737739563,0.544700026512146,0.7773000001907349,0.1454000025987625,0.1720999926328659,0.25060001015663147,0.5404999852180481,0.8604999780654907,0.07150000333786011,0.24060000479221344
Cre12.g518650.t1.2,Cytoplasm,,Soluble,0.40230000019073486,0.10260000079870224,0.30239999294281006,0.23849999904632568,0.17000000178813934,0.36419999599456787,0.46320000290870667,0.20200000703334808,0.22849999368190765,0.010999999940395355,0.42910000681877136,0.390500009059906,0.06549999862909317,0.5011000037193298
Cre12.g518950.t1.2,Cytoplasm,Nuclear localization signal,Soluble,0.6988000273704529,0.45969998836517334,0.08399999886751175,0.17219999432563782,0.25209999084472656,0.32199999690055847,0.1923000067472458,0.09610000252723694,0.05730000138282776,0.21549999713897705,0.2621999979019165,0.07750000059604645,0.21729999780654907,0.8273000121116638
Cre12.g519000.t1.1,Plastid,Chloroplast transit peptide,Soluble,0.17489999532699585,0.06270000338554382,0.04230000078678131,0.041200000792741776,0.2718000113964081,0.9643999934196472,0.010700000450015068,0.0357000008225441,0.07530000060796738,0.0017999999690800905,0.390500009059906,0.07100000232458115,0.051100000739097595,0.8131999969482422
Cre12.g519100.t1.2,Plastid,Chloroplast transit peptide,Peripheral|Soluble,0.11940000206232071,0.0729999989271164,0.04170000180602074,0.03920000046491623,0.13230000436306,0.9926999807357788,0.02590000070631504,0.022299999371170998,0.028200000524520874,0.004800000227987766,0.8385000228881836,0.08489999920129776,0.30410000681877136,0.597100019454956
Cre12.g519950.t1.1,Cytoplasm,Nuclear localization signal,Soluble,0.7961000204086304,0.13089999556541443,0.0681999996304512,0.2513999938964844,0.06700000166893005,0.012900000438094139,0.07689999788999557,0.09220000356435776,0.18520000576972961,0.0031999999191612005,0.4952000081539154,0.1459999978542328,0.0966000035405159,0.7232000231742859
Cre12.g520350.t1.2,Mitochondrion,Mitochondrial transit peptide,Soluble,0.2915000021457672,0.11469999700784683,0.0632999986410141,0.08209999650716782,0.845300018787384,0.006300000008195639,0.06340000033378601,0.14100000262260437,0.11029999703168869,0.030300000682473183,0.5932999849319458,0.10679999738931656,0.218299999833107,0.7684999704360962
Cre12.g521700.t1.2,Plastid,Chloroplast transit peptide,Soluble,0.23960000276565552,0.09390000253915787,0.0617000013589859,0.09109999984502792,0.08730000257492065,0.9550999999046326,0.0340999998152256,0.048700001090765,0.041999999433755875,0.016499999910593033,0.5134000182151794,0.10339999943971634,0.0608999989926815,0.7850000262260437
Cre12.g522350.t1.2,Cytoplasm,,Soluble,0.671999990940094,0.3310999870300293,0.09539999812841415,0.16940000653266907,0.24459999799728394,0.055399999022483826,0.14509999752044678,0.21040000021457672,0.0820000022649765,0.05820000171661377,0.4512999951839447,0.04600000008940697,0.23309999704360962,0.8345999717712402
Cre12.g523050.t1.1,Cytoplasm,,Soluble,0.6072999835014343,0.17649999260902405,0.05009999871253967,0.23250000178813934,0.06800000369548798,0.08640000224113464,0.10119999945163727,0.3052999973297119,0.10199999809265137,0.01600000075995922,0.48539999127388,0.19030000269412994,0.0763000026345253,0.673799991607666
Cre12.g523300.t1.2,Endoplasmic reticulum,Signal peptide|Transmembrane domain,Transmembrane,0.16920000314712524,0.09529999643564224,0.08709999918937683,0.10989999771118164,0.03310000151395798,0.019300000742077827,0.7347000241279602,0.30869999527931213,0.3553999960422516,0.0034000000450760126,0.24709999561309814,0.9362999796867371,0.10559999942779541,0.15029999613761902
Cre12.g524000.t1.2,Cytoplasm,,Soluble,0.5256999731063843,0.33550000190734863,0.048500001430511475,0.21480000019073486,0.06270000338554382,0.16040000319480896,0.03689999878406525,0.12999999523162842,0.055399999022483826,0.010200000368058681,0.40720000863075256,0.23510000109672546,0.09309999644756317,0.6948000192642212
Cre12.g525650.t1.2,Mitochondrion,Mitochondrial transit peptide,Soluble,0.24869999289512634,0.06019999831914902,0.08309999853372574,0.13449999690055847,0.8982999920845032,0.20829999446868896,0.021199999377131462,0.12229999899864197,0.07829999923706055,0.016100000590085983,0.4765999913215637,0.10450000315904617,0.1103999987244606,0.7184000015258789
Cre12.g525700.t1.2,Cytoplasm,,Peripheral,0.582099974155426,0.14259999990463257,0.05649999901652336,0.06679999828338623,0.42309999465942383,0.35679998993873596,0.2978000044822693,0.12700000405311584,0.1949000060558319,0.05719999969005585,0.7455000281333923,0.21490000188350677,0.4309999942779541,0.3124000132083893
Cre12.g526800.t1.2,Plastid,Chloroplast transit peptide,Peripheral|Soluble,0.12960000336170197,0.11259999871253967,0.019600000232458115,0.02800000086426735,0.1298999935388565,0.9872999787330627,0.024900000542402267,0.03519999980926514,0.050599999725818634,0.019500000402331352,0.6134999990463257,0.051100000739097595,0.21320000290870667,0.7734000086784363
Cre12.g527400.t1.1,Cytoplasm,,Soluble,0.7723000049591064,0.4178999960422516,0.05000000074505806,0.06870000064373016,0.1867000013589859,0.042100001126527786,0.11190000176429749,0.14409999549388885,0.11259999871253967,0.09120000153779984,0.41999998688697815,0.10440000146627426,0.18039999902248383,0.7595000267028809
Cre12.g527700.t1.1,Cell membrane,,Transmembrane,0.31790000200271606,0.210099995136261,0.09709999710321426,0.5396000146865845,0.13740000128746033,0.14920000731945038,0.14560000598430634,0.21330000460147858,0.07429999858140945,0.11949999630451202,0.39250001311302185,0.957099974155426,0.10189999639987946,0.20069999992847443
Cre12.g528450.t1.2,Plastid,Chloroplast transit peptide,Soluble,0.15559999644756317,0.09319999814033508,0.03200000151991844,0.025499999523162842,0.10859999805688858,0.9678999781608582,0.02759999968111515,0.03999999910593033,0.05790000036358833,0.010900000110268593,0.5408999919891357,0.11089999973773956,0.08709999918937683,0.7522000074386597
Cre12.g528550.t1.1,Endoplasmic reticulum,Transmembrane domain,Transmembrane,0.11869999766349792,0.09600000083446503,0.018300000578165054,0.4293999969959259,0.16140000522136688,0.05979999899864197,0.805400013923645,0.3921999931335449,0.4767000079154968,0.0020000000949949026,0.13989999890327454,0.9598000049591064,0.020600000396370888,0.12929999828338623
Cre12.g528700.t1.2,Plastid,Chloroplast transit peptide,Soluble,0.1331000030040741,0.08860000222921371,0.08420000225305557,0.0357000008225441,0.16449999809265137,0.9638000130653381,0.016899999231100082,0.026499999687075615,0.039799999445676804,0.0027000000700354576,0.4779999852180481,0.06520000100135803,0.14149999618530273,0.8065999746322632
Cre12.g530050.t1.2,Cytoplasm,,Peripheral|Soluble,0.637499988079071,0.18799999356269836,0.09210000187158585,0.24480000138282776,0.08879999816417694,0.060499999672174454,0.1881999969482422,0.4074000120162964,0.33719998598098755,0.014499999582767487,0.7425000071525574,0.14339999854564667,0.06759999692440033,0.6183000206947327
Cre12.g530350.t1.1,Lysosome/Vacuole,Transmembrane domain,Transmembrane,0.20090000331401825,0.05139999836683273,0.05719999969005585,0.5511999726295471,0.12380000203847885,0.1298999935388565,0.2784000039100647,0.6579999923706055,0.32510000467300415,0.010900000110268593,0.03709999844431877,0.9276999831199646,0.1404999941587448,0.23680000007152557
Cre12.g530550.t1.1,Cytoplasm,,Peripheral|Soluble,0.5356000065803528,0.1428000032901764,0.09769999980926514,0.3912000060081482,0.26420000195503235,0.1996999979019165,0.25110000371932983,0.4124999940395355,0.32010000944137573,0.025699999183416367,0.6279000043869019,0.17649999260902405,0.1754000037908554,0.6355999708175659
Cre12.g530600.t1.1,Plastid,Chloroplast transit peptide,Soluble,0.19200000166893005,0.09099999815225601,0.02669999934732914,0.030500000342726707,0.08640000224113464,0.947700023651123,0.03610000014305115,0.03229999914765358,0.05950000137090683,0.0008999999845400453,0.325300008058548,0.053199999034404755,0.09780000150203705,0.8817999958992004
