Protein_ID,Localizations,Signals,Membrane types,Cytoplasm,Nucleus,Extracellular,Cell membrane,Mitochondrion,Plastid,Endoplasmic reticulum,Lysosome/Vacuole,Golgi apparatus,Peroxisome,Peripheral,Transmembrane,Lipid anchor,Soluble
Cre01.g000350.t1.1,Plastid,Chloroplast transit peptide,Soluble,0.1274999976158142,0.11949999630451202,0.01590000092983246,0.027799999341368675,0.07509999722242355,0.9836999773979187,0.017999999225139618,0.009499999694526196,0.024800000712275505,0.004600000102072954,0.5648000240325928,0.22310000658035278,0.13410000503063202,0.6643000245094299
Cre01.g000650.t1.1,Cytoplasm|Peroxisome,Peroxisomal targeting signal,Peripheral|Soluble,0.548799991607666,0.10029999911785126,0.014499999582767487,0.23420000076293945,0.09149999916553497,0.01860000006854534,0.1574999988079071,0.12710000574588776,0.09939999878406525,0.880299985408783,0.6500999927520752,0.07850000262260437,0.10750000178813934,0.7616999745368958
Cre01.g002400.t1.1,Cytoplasm|Lysosome/Vacuole,Peroxisomal targeting signal,Soluble,0.5206000208854675,0.2551000118255615,0.26080000400543213,0.08889999985694885,0.3749000132083893,0.5084999799728394,0.35179999470710754,0.6078000068664551,0.5809000134468079,0.09309999644756317,0.5572999715805054,0.1363999992609024,0.1315000057220459,0.6481000185012817
Cre01.g002500.t1.2,Cytoplasm,,Soluble,0.4401000142097473,0.3806999921798706,0.3028999865055084,0.21889999508857727,0.4041000008583069,0.42419999837875366,0.09239999949932098,0.06759999692440033,0.1071000024676323,0.03240000084042549,0.4975999891757965,0.243599995970726,0.1160999983549118,0.5698999762535095
Cre01.g004300.t1.2,Cytoplasm,Nuclear localization signal,Soluble,0.4616999924182892,0.48579999804496765,0.16120000183582306,0.04690000042319298,0.1257999986410141,0.10700000077486038,0.059300001710653305,0.07599999755620956,0.06620000302791595,0.011900000274181366,0.4228000044822693,0.12110000103712082,0.2547000050544739,0.7179999947547913
Cre01.g004500.t1.2,Plastid,Chloroplast transit peptide,Soluble,0.22040000557899475,0.08619999885559082,0.0284000001847744,0.04859999939799309,0.15080000460147858,0.9722999930381775,0.016499999910593033,0.021900000050663948,0.04520000144839287,0.004100000020116568,0.5982000231742859,0.05959999933838844,0.06210000067949295,0.7556999921798706
Cre01.g005150.t1.1,Mitochondrion,Mitochondrial transit peptide,Soluble,0.21629999577999115,0.10599999874830246,0.05559999868273735,0.06419999897480011,0.9315999746322632,0.08820000290870667,0.027499999850988388,0.09220000356435776,0.06989999860525131,0.03929999843239784,0.574999988079071,0.09220000356435776,0.13860000669956207,0.7465000152587891
Cre01.g006100.t1.2,Cytoplasm|Plastid,Chloroplast transit peptide,Peripheral,0.5831999778747559,0.06260000169277191,0.08429999649524689,0.186599999666214,0.6111000180244446,0.6571000218391418,0.12849999964237213,0.0608999989926815,0.10719999670982361,0.02449999935925007,0.8657000064849854,0.10429999977350235,0.10750000178813934,0.4546999931335449
Cre01.g006950.t1.1,Plastid,Chloroplast transit peptide,Soluble,0.11900000274181366,0.08049999922513962,0.02410000003874302,0.030300000682473183,0.1370999962091446,0.9534000158309937,0.025800000876188278,0.017999999225139618,0.034299999475479126,0.000699999975040555,0.4708000123500824,0.031300000846385956,0.09179999679327011,0.8597000241279602
Cre01.g006950.t2.1,Plastid,Chloroplast transit peptide,Soluble,0.11900000274181366,0.08049999922513962,0.02410000003874302,0.030300000682473183,0.1370999962091446,0.9534000158309937,0.025800000876188278,0.017999999225139618,0.034299999475479126,0.000699999975040555,0.4708000123500824,0.031300000846385956,0.09179999679327011,0.8597000241279602
Cre01.g007700.t1.1,Plastid,Mitochondrial transit peptide,Soluble,0.2660999894142151,0.048700001090765,0.10279999673366547,0.07119999825954437,0.6046000123023987,0.7803000211715698,0.02459999918937683,0.028999999165534973,0.09839999675750732,0.008100000210106373,0.4781999886035919,0.11020000278949738,0.06499999761581421,0.7754999995231628
Cre01.g007737.t1.1,Lysosome/Vacuole,,Transmembrane,0.2152000069618225,0.15080000460147858,0.11559999734163284,0.2087000012397766,0.12300000339746475,0.28760001063346863,0.3264000117778778,0.423799991607666,0.27129998803138733,0.11659999936819077,0.2354000061750412,0.9674999713897705,0.04529999941587448,0.11050000041723251
Cre01.g009350.t1.2,Mitochondrion,Mitochondrial transit peptide,Soluble,0.3292999863624573,0.09440000355243683,0.18549999594688416,0.17589999735355377,0.9211000204086304,0.26510000228881836,0.01810000091791153,0.07999999821186066,0.07090000063180923,0.09210000187158585,0.4636000096797943,0.09189999848604202,0.048500001430511475,0.8190000057220459
Cre01.g011100.t1.2,Cytoplasm,Peroxisomal targeting signal,Peripheral,0.6978999972343445,0.16519999504089355,0.06710000336170197,0.32739999890327454,0.31220000982284546,0.022700000554323196,0.6068000197410583,0.5214999914169312,0.3116999864578247,0.08780000358819962,0.6313999891281128,0.45100000500679016,0.08389999717473984,0.4392000138759613
Cre01.g011100.t2.1,Cytoplasm,Peroxisomal targeting signal,Peripheral,0.6978999972343445,0.16519999504089355,0.06710000336170197,0.32739999890327454,0.31220000982284546,0.022700000554323196,0.6068000197410583,0.5214999914169312,0.3116999864578247,0.08780000358819962,0.6313999891281128,0.45100000500679016,0.08389999717473984,0.4392000138759613
Cre01.g011901.t1.1,Extracellular,Signal peptide,Soluble,0.385699987411499,0.07660000026226044,0.7278000116348267,0.20250000059604645,0.047200001776218414,0.12370000034570694,0.1062999963760376,0.34299999475479126,0.20739999413490295,0.01140000019222498,0.30070000886917114,0.1875,0.16179999709129333,0.7874000072479248
Cre01.g012050.t1.2,Cytoplasm|Cell membrane|Lysosome/Vacuole,,Transmembrane,0.4885999858379364,0.05249999836087227,0.12399999797344208,0.6195999979972839,0.08869999647140503,0.0272000003606081,0.4311000108718872,0.6381999850273132,0.46700000762939453,0.009100000374019146,0.14020000398159027,0.9610000252723694,0.061400000005960464,0.15919999778270721
Cre01.g012100.t1.1,Extracellular,Signal peptide,Soluble,0.28610000014305115,0.044199999421834946,0.7638999819755554,0.1347000002861023,0.065700002014637,0.3154999911785126,0.1356000006198883,0.2362000048160553,0.18039999902248383,0.019099999219179153,0.26260000467300415,0.1736000031232834,0.1316000074148178,0.7997999787330627
Cre01.g012126.t1.2,Cytoplasm,,Soluble,0.6116999983787537,0.1770000010728836,0.36820000410079956,0.23600000143051147,0.2168000042438507,0.1590999960899353,0.15000000596046448,0.10379999876022339,0.0820000022649765,0.060600001364946365,0.20499999821186066,0.1843000054359436,0.1665000021457672,0.7993000149726868
Cre01.g012126.t2.1,Cytoplasm,,Soluble,0.6116999983787537,0.1770000010728836,0.36820000410079956,0.23600000143051147,0.2168000042438507,0.1590999960899353,0.15000000596046448,0.10379999876022339,0.0820000022649765,0.060600001364946365,0.20499999821186066,0.1843000054359436,0.1665000021457672,0.7993000149726868
Cre01.g012600.t1.1,Plastid,Chloroplast transit peptide,Soluble,0.31790000200271606,0.10779999941587448,0.24410000443458557,0.13169999420642853,0.07410000264644623,0.7386000156402588,0.06459999829530716,0.06430000066757202,0.03020000085234642,0.007000000216066837,0.4083000123500824,0.11460000276565552,0.2215999960899353,0.7759000062942505
Cre01.g013801.t1.2,Plastid,Chloroplast transit peptide,Peripheral,0.14309999346733093,0.039400000125169754,0.12890000641345978,0.08160000294446945,0.09849999845027924,0.9668999910354614,0.07249999791383743,0.05050000175833702,0.04270000010728836,0.01759999990463257,0.8508999943733215,0.3199000060558319,0.13040000200271606,0.3901999890804291
Cre01.g014650.t1.2,Extracellular,Signal peptide,Soluble,0.164000004529953,0.08950000256299973,0.7850000262260437,0.1234000027179718,0.11980000138282776,0.04749999940395355,0.3682999908924103,0.35690000653266907,0.59170001745224,0.0013000000035390258,0.3783999979496002,0.0674000009894371,0.045899998396635056,0.8490999937057495
Cre01.g015000.t1.2,Plastid,Chloroplast transit peptide,Soluble,0.08089999854564667,0.0982000008225441,0.011900000274181366,0.03700000047683716,0.11330000311136246,0.9883000254631042,0.030500000342726707,0.03880000114440918,0.031700000166893005,0.025699999183416367,0.40720000863075256,0.08290000259876251,0.17589999735355377,0.7184000015258789
Cre01.g015200.t1.1,Cell membrane,Signal peptide|Transmembrane domain,Transmembrane,0.33809998631477356,0.09669999778270721,0.066600002348423,0.7777000069618225,0.05999999865889549,0.0617000013589859,0.14800000190734863,0.28780001401901245,0.19619999825954437,0.01140000019222498,0.17020000517368317,0.7870000004768372,0.29649999737739563,0.25690001249313354
Cre01.g016500.t1.1,Cell membrane,,Peripheral|Soluble,0.4706999957561493,0.1128000020980835,0.5192000269889832,0.5770999789237976,0.2621999979019165,0.5199000239372253,0.2092999964952469,0.06700000166893005,0.1582999974489212,0.023600000888109207,0.7297999858856201,0.18209999799728394,0.13109999895095825,0.5706999897956848
Cre01.g016528.t1.1,Nucleus,Nuclear localization signal,Soluble,0.4237000048160553,0.6211000084877014,0.1143999993801117,0.032600000500679016,0.030799999833106995,0.08500000089406967,0.016100000590085983,0.034699998795986176,0.01679999940097332,0.06520000100135803,0.3172000050544739,0.07150000333786011,0.08420000225305557,0.8210999965667725
Cre01.g016600.t1.2,Plastid,Chloroplast transit peptide,Transmembrane,0.10649999976158142,0.08079999685287476,0.055799998342990875,0.03519999980926514,0.11020000278949738,0.9221000075340271,0.016200000420212746,0.01940000057220459,0.03310000151395798,0.0008999999845400453,0.2913999855518341,0.9196000099182129,0.051600001752376556,0.11659999936819077
Cre01.g016750.t1.2,Plastid,Chloroplast transit peptide,Transmembrane,0.10350000113248825,0.08320000022649765,0.055799998342990875,0.03610000014305115,0.11670000106096268,0.9186000227928162,0.017100000753998756,0.019200000911951065,0.03319999948143959,0.0007999999797903001,0.29269999265670776,0.9197999835014343,0.051500000059604645,0.11640000343322754
Cre01.g018400.t1.1,Cytoplasm,,Soluble,0.6504999995231628,0.2971000075340271,0.1826999932527542,0.24130000174045563,0.11460000276565552,0.11640000343322754,0.14810000360012054,0.1979999989271164,0.1940000057220459,0.04610000178217888,0.3666999936103821,0.12430000305175781,0.1793999969959259,0.8166999816894531
Cre01.g018500.t1.1,Plastid,Chloroplast transit peptide,Soluble,0.2410999983549118,0.1257999986410141,0.2087000012397766,0.14830000698566437,0.3718999922275543,0.92330002784729,0.03680000081658363,0.03370000049471855,0.06549999862909317,0.06449999660253525,0.2897000014781952,0.2662000060081482,0.09939999878406525,0.7448999881744385
Cre01.g018800.t1.2,Mitochondrion,Mitochondrial transit peptide,Transmembrane,0.07999999821186066,0.06620000302791595,0.07339999824762344,0.06669999659061432,0.7836999893188477,0.4562000036239624,0.07479999959468842,0.025699999183416367,0.06780000030994415,0.04560000076889992,0.4090000092983246,0.9351999759674072,0.027699999511241913,0.10620000213384628
Cre01.g019100.t1.2,Cytoplasm,,Soluble,0.7915999889373779,0.2433999925851822,0.06369999796152115,0.09030000120401382,0.2754000127315521,0.20640000700950623,0.15710000693798065,0.11959999799728394,0.16869999468326569,0.11249999701976776,0.37619999051094055,0.12150000035762787,0.05009999871253967,0.7657999992370605
Cre01.g019250.t1.2,Cytoplasm,Nuclear localization signal,Soluble,0.7890999913215637,0.2953000068664551,0.2630000114440918,0.34290000796318054,0.19429999589920044,0.027899999171495438,0.19699999690055847,0.16120000183582306,0.26269999146461487,0.0044999998062849045,0.5212000012397766,0.04699999839067459,0.2583000063896179,0.8003000020980835
Cre01.g020223.t1.1,Plastid,,Soluble,0.2526000142097473,0.12549999356269836,0.06800000369548798,0.16680000722408295,0.3953000009059906,0.6204000115394592,0.038600001484155655,0.03150000050663948,0.06629999727010727,0.07540000230073929,0.40450000762939453,0.18569999933242798,0.19419999420642853,0.6693999767303467
Cre01.g020350.t1.2,Mitochondrion,Mitochondrial transit peptide,Transmembrane,0.12200000137090683,0.040300000458955765,0.07500000298023224,0.04610000178217888,0.8741000294685364,0.1014999970793724,0.05550000071525574,0.06960000097751617,0.07410000264644623,0.019099999219179153,0.219200000166893,0.9749000072479248,0.014399999752640724,0.08560000360012054
Cre01.g021251.t1.1,Plastid,Chloroplast transit peptide,Soluble,0.20569999516010284,0.09470000118017197,0.03660000115633011,0.033399999141693115,0.19769999384880066,0.9598000049591064,0.016699999570846558,0.05119999870657921,0.03680000081658363,0.004000000189989805,0.5767999887466431,0.07819999754428864,0.08100000023841858,0.8095999956130981
Cre01.g022500.t1.2,Plastid,,Soluble,0.17159999907016754,0.06759999692440033,0.08049999922513962,0.09709999710321426,0.18979999423027039,0.9726999998092651,0.05339999869465828,0.023499999195337296,0.04910000041127205,0.02410000003874302,0.4077000021934509,0.21469999849796295,0.09560000151395798,0.7145000100135803
Cre01.g022650.t1.2,Cytoplasm,Peroxisomal targeting signal,Soluble,0.7008000016212463,0.27300000190734863,0.05640000104904175,0.17090000212192535,0.0885000005364418,0.06700000166893005,0.1460999995470047,0.14110000431537628,0.1606999933719635,0.3407999873161316,0.5295000076293945,0.06750000268220901,0.3531999886035919,0.7610999941825867
Cre01.g025250.t1.1,Plastid,Chloroplast transit peptide,Peripheral|Soluble,0.19020000100135803,0.10270000249147415,0.05920000001788139,0.052299998700618744,0.2628999948501587,0.9718000292778015,0.02419999986886978,0.045499999076128006,0.0828000009059906,0.006500000134110451,0.6528000235557556,0.07819999754428864,0.08760000020265579,0.7991999983787537
Cre01.g025850.t1.2,Cytoplasm,Nuclear localization signal,Soluble,0.636900007724762,0.29829999804496765,0.039400000125169754,0.2824000120162964,0.04100000113248825,0.11900000274181366,0.09459999948740005,0.15209999680519104,0.06260000169277191,0.0071000000461936,0.45159998536109924,0.1509999930858612,0.20280000567436218,0.7648000121116638
Cre01.g026250.t1.2,Endoplasmic reticulum|Golgi apparatus,Signal peptide|Transmembrane domain,Transmembrane,0.22849999368190765,0.14710000157356262,0.17319999635219574,0.3375999927520752,0.09520000219345093,0.11420000344514847,0.6542999744415283,0.38690000772476196,0.7010999917984009,0.49639999866485596,0.3093999922275543,0.8616999983787537,0.27559998631477356,0.26910001039505005
Cre01.g026650.t1.2,Mitochondrion|Plastid,Mitochondrial transit peptide,Peripheral|Soluble,0.23559999465942383,0.03370000049471855,0.08820000290870667,0.06319999694824219,0.6693999767303467,0.722100019454956,0.032099999487400055,0.03060000017285347,0.05400000140070915,0.0364999994635582,0.61080002784729,0.07329999655485153,0.0820000022649765,0.7057999968528748
Cre01.g027550.t1.1,Plastid,,Peripheral,0.32510000467300415,0.08860000222921371,0.11389999836683273,0.1859000027179718,0.6018000245094299,0.6226999759674072,0.2727999985218048,0.13930000364780426,0.14390000700950623,0.09799999743700027,0.7815999984741211,0.35190001130104065,0.1809999942779541,0.3125
Cre01.g028250.t1.2,Peroxisome,Peroxisomal targeting signal,Peripheral|Soluble,0.23469999432563782,0.09220000356435776,0.17659999430179596,0.11330000311136246,0.2134000062942505,0.05730000138282776,0.31290000677108765,0.1168999969959259,0.19269999861717224,0.9501000046730042,0.7002000212669373,0.20919999480247498,0.13279999792575836,0.5551999807357788
Cre01.g029300.t1.2,Plastid,Chloroplast transit peptide,Soluble,0.14669999480247498,0.07460000365972519,0.044599998742341995,0.026499999687075615,0.11869999766349792,0.9524999856948853,0.026499999687075615,0.025299999862909317,0.029999999329447746,0.002199999988079071,0.4611999988555908,0.026799999177455902,0.10559999942779541,0.8223000168800354
Cre01.g029750.t1.1,Cytoplasm,Nuclear localization signal,Soluble,0.743399977684021,0.241799995303154,0.22110000252723694,0.38909998536109924,0.23170000314712524,0.025100000202655792,0.12849999964237213,0.28209999203681946,0.14409999549388885,0.006599999964237213,0.583899974822998,0.12200000137090683,0.8003000020980835,0.6148999929428101
Cre01.g030250.t1.2,Cytoplasm,,Soluble,0.8679999709129333,0.2921999990940094,0.08980000019073486,0.13570000231266022,0.24869999289512634,0.2087000012397766,0.1995999962091446,0.12860000133514404,0.21330000460147858,0.08150000125169754,0.4180000126361847,0.09059999883174896,0.065700002014637,0.8245999813079834
Cre01.g031500.t1.2,Extracellular,Signal peptide,Soluble,0.2071000039577484,0.08129999786615372,0.5521000027656555,0.13009999692440033,0.026399999856948853,0.07819999754428864,0.31529998779296875,0.3529999852180481,0.133200004696846,0.0017999999690800905,0.2865999937057495,0.2102999985218048,0.05299999937415123,0.75
Cre01.g031550.t1.1,Mitochondrion,,Soluble,0.24060000479221344,0.1242000013589859,0.30979999899864197,0.16369999945163727,0.5507000088691711,0.47450000047683716,0.349700003862381,0.11379999667406082,0.12060000002384186,0.13500000536441803,0.5559999942779541,0.3686000108718872,0.07209999859333038,0.5468000173568726
Cre01.g032050.t1.2,Endoplasmic reticulum,,Transmembrane,0.15150000154972076,0.13040000200271606,0.059700001031160355,0.14790000021457672,0.155799999833107,0.03610000014305115,0.7590000033378601,0.3091000020503998,0.5792999863624573,0.006899999920278788,0.17350000143051147,0.9413999915122986,0.017000000923871994,0.12070000171661377
Cre01.g032650.t1.2,Plastid,Chloroplast transit peptide,Soluble,0.16599999368190765,0.11630000174045563,0.021299999207258224,0.03420000150799751,0.21660000085830688,0.9467999935150146,0.022299999371170998,0.05649999901652336,0.046799998730421066,0.003700000001117587,0.505299985408783,0.03480000048875809,0.0925000011920929,0.855400025844574
Cre01.g032650.t2.1,Plastid,Chloroplast transit peptide,Soluble,0.16599999368190765,0.11630000174045563,0.021299999207258224,0.03420000150799751,0.21660000085830688,0.9467999935150146,0.022299999371170998,0.05649999901652336,0.046799998730421066,0.003700000001117587,0.505299985408783,0.03480000048875809,0.0925000011920929,0.855400025844574
Cre01.g032700.t1.2,Plastid,Chloroplast transit peptide,Soluble,0.186599999666214,0.08789999783039093,0.05220000073313713,0.03400000184774399,0.11429999768733978,0.9587000012397766,0.03060000017285347,0.07320000231266022,0.08449999988079071,0.011900000274181366,0.40070000290870667,0.16419999301433563,0.03929999843239784,0.7458999752998352
Cre01.g034400.t1.1,Plastid,Chloroplast transit peptide,Soluble,0.15299999713897705,0.12359999865293503,0.021900000050663948,0.02889999933540821,0.16089999675750732,0.9369000196456909,0.01269999984651804,0.020099999383091927,0.05209999904036522,0.003100000089034438,0.5795000195503235,0.027300000190734863,0.10670000314712524,0.861299991607666
Cre01.g035300.t1.2,Plastid,Chloroplast transit peptide,Soluble,0.42340001463890076,0.11029999703168869,0.20569999516010284,0.1404000073671341,0.1265999972820282,0.8738999962806702,0.05739999935030937,0.0421999990940094,0.03750000149011612,0.149399995803833,0.5195000171661377,0.06520000100135803,0.14169999957084656,0.7784000039100647
Cre01.g035350.t1.2,Cytoplasm,,Soluble,0.7506999969482422,0.12559999525547028,0.34389999508857727,0.10140000283718109,0.15770000219345093,0.06040000170469284,0.10329999774694443,0.2069000005722046,0.054999999701976776,0.07890000194311142,0.4722000062465668,0.11339999735355377,0.0674000009894371,0.7728999853134155
Cre01.g035500.t1.2,Cytoplasm,,Peripheral|Soluble,0.5924000144004822,0.21539999544620514,0.0649000033736229,0.29109999537467957,0.15479999780654907,0.08100000023841858,0.12200000137090683,0.4002000093460083,0.26579999923706055,0.006899999920278788,0.6793000102043152,0.10000000149011612,0.1477999985218048,0.6557000279426575
Cre01.g036850.t1.2,Mitochondrion,Mitochondrial transit peptide,Peripheral|Soluble,0.1988999992609024,0.03590000048279762,0.07639999687671661,0.11590000241994858,0.8434000015258789,0.04259999841451645,0.06509999930858612,0.09529999643564224,0.14000000059604645,0.006300000008195639,0.7275999784469604,0.1453000009059906,0.26460000872612,0.5120000243186951
Cre01.g037350.t1.1,Mitochondrion,Mitochondrial transit peptide,Soluble,0.21330000460147858,0.03689999878406525,0.1316000074148178,0.051100000739097595,0.8190000057220459,0.34549999237060547,0.027499999850988388,0.0284000001847744,0.11460000276565552,0.062199998646974564,0.4546999931335449,0.13510000705718994,0.07880000025033951,0.7766000032424927
Cre01.g037600.t1.1,Cell membrane,Signal peptide,Transmembrane,0.2459000051021576,0.09700000286102295,0.3569999933242798,0.580299973487854,0.041999999433755875,0.1647000014781952,0.1143999993801117,0.22290000319480896,0.1559000015258789,0.010400000028312206,0.16689999401569366,0.8791999816894531,0.25119999051094055,0.2176000028848648
Cre01.g037650.t1.2,Cytoplasm|Nucleus,,Soluble,0.5584999918937683,0.5052000284194946,0.0544000007212162,0.01640000008046627,0.051899999380111694,0.0786999985575676,0.094200000166893,0.1088000014424324,0.10189999639987946,0.017400000244379044,0.38989999890327454,0.08649999648332596,0.26829999685287476,0.733299970626831
Cre01.g037700.t1.2,Plastid,Chloroplast transit peptide,Transmembrane,0.1462000012397766,0.08540000021457672,0.026200000196695328,0.03400000184774399,0.07890000194311142,0.9419000148773193,0.04580000042915344,0.017100000753998756,0.05139999836683273,0.0015999999595806003,0.43689998984336853,0.7843000292778015,0.015699999406933784,0.3043999969959259
Cre01.g038151.t1.1,Nucleus,Nuclear localization signal,Soluble,0.23260000348091125,0.8597999811172485,0.02290000021457672,0.07000000029802322,0.0430000014603138,0.04769999906420708,0.03819999843835831,0.017500000074505806,0.010499999858438969,0.002899999963119626,0.21639999747276306,0.1290999948978424,0.042399998754262924,0.859000027179718
Cre01.g038250.t1.2,Cytoplasm,Nuclear localization signal,Soluble,0.6546000242233276,0.3813000023365021,0.14059999585151672,0.33980000019073486,0.12999999523162842,0.1379999965429306,0.09009999781847,0.18389999866485596,0.11980000138282776,0.05270000174641609,0.36070001125335693,0.11599999666213989,0.21770000457763672,0.801800012588501
Cre01.g038550.t1.1,Plastid,Chloroplast transit peptide,Peripheral|Soluble,0.17560000717639923,0.10679999738931656,0.04560000076889992,0.04740000143647194,0.08190000057220459,0.9872000217437744,0.030500000342726707,0.022600000724196434,0.05220000073313713,0.00839999970048666,0.7329999804496765,0.20829999446868896,0.1850000023841858,0.5745999813079834
Cre01.g038600.t1.2,Plastid,Chloroplast transit peptide,Transmembrane,0.13269999623298645,0.07989999651908875,0.024800000712275505,0.03759999945759773,0.219200000166893,0.9517999887466431,0.08320000022649765,0.04399999976158142,0.06970000267028809,0.0031999999191612005,0.3407999873161316,0.8748999834060669,0.021400000900030136,0.22519999742507935
Cre01.g038900.t1.1,Cytoplasm,Nuclear localization signal,Peripheral|Soluble,0.6014999747276306,0.48910000920295715,0.02800000086426735,0.17919999361038208,0.16429999470710754,0.11659999936819077,0.27140000462532043,0.3874000012874603,0.39070001244544983,0.003000000026077032,0.7092999815940857,0.1784999966621399,0.12269999831914902,0.5907999873161316
Cre01.g039350.t1.2,Endoplasmic reticulum,Signal peptide|Transmembrane domain,Transmembrane,0.23690000176429749,0.11029999703168869,0.09059999883174896,0.33000001311302185,0.30889999866485596,0.13760000467300415,0.8831999897956848,0.1281999945640564,0.3125,0.17069999873638153,0.5439000129699707,0.754800021648407,0.05660000070929527,0.2176000028848648
Cre01.g040050.t1.1,Cytoplasm,,Soluble,0.7304999828338623,0.2540000081062317,0.11900000274181366,0.1436000019311905,0.25110000371932983,0.08980000019073486,0.07769999653100967,0.12189999967813492,0.11060000211000443,0.010499999858438969,0.3578999936580658,0.2110999971628189,0.04569999873638153,0.7092000246047974
Cre01.g041050.t1.1,Cell membrane,Transmembrane domain,Transmembrane,0.15950000286102295,0.06610000133514404,0.031099999323487282,0.5410000085830688,0.18549999594688416,0.07649999856948853,0.24390000104904175,0.5299999713897705,0.35670000314712524,0.013100000098347664,0.13009999692440033,0.9711999893188477,0.0608999989926815,0.11710000038146973
Cre01.g041050.t2.1,Cell membrane,Transmembrane domain,Transmembrane,0.15950000286102295,0.06610000133514404,0.031099999323487282,0.5410000085830688,0.18549999594688416,0.07649999856948853,0.24390000104904175,0.5299999713897705,0.35670000314712524,0.013100000098347664,0.13009999692440033,0.9711999893188477,0.0608999989926815,0.11710000038146973
Cre01.g042750.t1.2,Mitochondrion,Mitochondrial transit peptide,Peripheral|Soluble,0.18970000743865967,0.17000000178813934,0.03700000047683716,0.0723000019788742,0.679099977016449,0.03290000185370445,0.04190000146627426,0.03750000149011612,0.0544000007212162,0.012000000104308128,0.6050000190734863,0.07530000060796738,0.09510000050067902,0.7506999969482422
Cre01.g042800.t1.2,Plastid,Chloroplast transit peptide,Peripheral,0.1459999978542328,0.11079999804496765,0.02160000056028366,0.019600000232458115,0.06120000034570694,0.9889000058174133,0.016599999740719795,0.020400000736117363,0.055399999022483826,0.003800000064074993,0.8205000162124634,0.15219999849796295,0.21610000729560852,0.39890000224113464
Cre01.g044100.t1.2,Cytoplasm,,Soluble,0.7013999819755554,0.3264999985694885,0.1023000031709671,0.1931000053882599,0.06589999794960022,0.11620000004768372,0.08649999648332596,0.24869999289512634,0.121799997985363,0.12600000202655792,0.5612000226974487,0.2273000031709671,0.2468000054359436,0.6717000007629395
Cre01.g044800.t1.2,Plastid,Mitochondrial transit peptide,Soluble,0.23330000042915344,0.15049999952316284,0.04270000010728836,0.03680000081658363,0.5371000170707703,0.6291999816894531,0.026200000196695328,0.04919999837875366,0.14630000293254852,0.023099999874830246,0.5741000175476074,0.0794999971985817,0.05490000173449516,0.819599986076355
Cre01.g045640.t1.2,Cytoplasm,,Soluble,0.6924999952316284,0.1876000016927719,0.148499995470047,0.18459999561309814,0.1273999959230423,0.2906999886035919,0.061000000685453415,0.10350000113248825,0.07280000299215317,0.05350000038743019,0.4505999982357025,0.1362999975681305,0.0729999989271164,0.758400022983551
Cre01.g045700.t1.1,Lysosome/Vacuole,Signal peptide,Soluble,0.35510000586509705,0.03370000049471855,0.3395000100135803,0.12939999997615814,0.07729999721050262,0.3151000142097473,0.47769999504089355,0.598800003528595,0.30970001220703125,0.033900000154972076,0.46869999170303345,0.05389999970793724,0.1477999985218048,0.8070999979972839
Cre01.g045903.t1.1,Endoplasmic reticulum,,Transmembrane,0.2759999930858612,0.11940000206232071,0.09359999746084213,0.20160000026226044,0.2903999984264374,0.09000000357627869,0.6111000180244446,0.24650000035762787,0.24220000207424164,0.030300000682473183,0.2003999948501587,0.973800003528595,0.04610000178217888,0.1281999945640564
Cre01.g047600.t1.2,Cytoplasm,,Soluble,0.6872000098228455,0.2150000035762787,0.10419999808073044,0.08990000188350677,0.5830000042915344,0.10830000042915344,0.13740000128746033,0.3142000138759613,0.2696000039577484,0.15080000460147858,0.51419997215271,0.09120000153779984,0.09359999746084213,0.7213000059127808
Cre01.g048050.t1.2,Cytoplasm,,Soluble,0.6967999935150146,0.2240000069141388,0.1891999989748001,0.09200000017881393,0.15800000727176666,0.20360000431537628,0.09049999713897705,0.1729000061750412,0.22930000722408295,0.09960000216960907,0.29159998893737793,0.13699999451637268,0.06989999860525131,0.8223000168800354
Cre01.g048950.t1.2,Cytoplasm,,Soluble,0.6086999773979187,0.09880000352859497,0.15449999272823334,0.19769999384880066,0.23469999432563782,0.3547999858856201,0.09969999641180038,0.2321999967098236,0.24549999833106995,0.08860000222921371,0.49869999289512634,0.06539999693632126,0.14090000092983246,0.7786999940872192
Cre01.g049500.t1.2,Endoplasmic reticulum,,Peripheral,0.40059998631477356,0.09229999780654907,0.21289999783039093,0.25119999051094055,0.5608999729156494,0.4936999976634979,0.7477999925613403,0.0568000003695488,0.06360000371932983,0.23330000042915344,0.8174999952316284,0.3637000024318695,0.10530000180006027,0.2809999883174896
Cre01.g049600.t1.2,Plastid,Chloroplast transit peptide,Transmembrane,0.12129999697208405,0.054499998688697815,0.05009999871253967,0.04749999940395355,0.09070000052452087,0.9868000149726868,0.04600000008940697,0.02759999968111515,0.05180000141263008,0.008100000210106373,0.3684999942779541,0.973800003528595,0.021800000220537186,0.06549999862909317
Cre01.g050100.t1.2,Plastid,Chloroplast transit peptide,Soluble,0.16169999539852142,0.1242000013589859,0.032999999821186066,0.01679999940097332,0.22669999301433563,0.9560999870300293,0.017100000753998756,0.03790000081062317,0.052400000393390656,0.0007999999797903001,0.4512999951839447,0.0608999989926815,0.06870000064373016,0.8392999768257141
Cre01.g050950.t1.2,Plastid,Chloroplast transit peptide,Peripheral,0.1266999989748001,0.10700000077486038,0.021299999207258224,0.027799999341368675,0.13379999995231628,0.9678999781608582,0.030400000512599945,0.0203000009059906,0.055399999022483826,0.008100000210106373,0.8992999792098999,0.15360000729560852,0.27869999408721924,0.3262999951839447
Cre01.g051900.t1.2,Mitochondrion,Mitochondrial transit peptide,Transmembrane,0.11710000038146973,0.05380000174045563,0.015200000256299973,0.10939999669790268,0.8888000249862671,0.39969998598098755,0.11159999668598175,0.022600000724196434,0.07419999688863754,0.07199999690055847,0.24480000138282776,0.8974999785423279,0.01600000075995922,0.24199999868869781
Cre01.g053000.t1.2,Plastid,Chloroplast transit peptide,Soluble,0.18690000474452972,0.10189999639987946,0.027799999341368675,0.03970000147819519,0.20720000565052032,0.9519000053405762,0.0357000008225441,0.05979999899864197,0.08479999750852585,0.007600000128149986,0.59170001745224,0.155799999833107,0.19380000233650208,0.6552000045776367
Cre01.g053150.t1.2,Cytoplasm,,Soluble,0.6567000150680542,0.2054000049829483,0.0632999986410141,0.12240000069141388,0.23899999260902405,0.03060000017285347,0.3221000134944916,0.25450000166893005,0.3028999865055084,0.031300000846385956,0.4431999921798706,0.1468999981880188,0.18629999458789825,0.6977999806404114
Cre01.g053150.t2.1,Cytoplasm,,Soluble,0.6567000150680542,0.2054000049829483,0.0632999986410141,0.12240000069141388,0.23899999260902405,0.03060000017285347,0.3221000134944916,0.25450000166893005,0.3028999865055084,0.031300000846385956,0.4431999921798706,0.1468999981880188,0.18629999458789825,0.6977999806404114
Cre01.g053300.t1.1,Plastid,,Soluble,0.17980000376701355,0.07410000264644623,0.17880000174045563,0.11729999631643295,0.46380001306533813,0.8841000199317932,0.01209999993443489,0.014299999922513962,0.07090000063180923,0.02239999920129776,0.40880000591278076,0.10520000010728836,0.09309999644756317,0.8077999949455261
Cre01.g053450.t1.1,Cytoplasm,,Peripheral|Soluble,0.5432999730110168,0.17020000517368317,0.04899999871850014,0.4587000012397766,0.07689999788999557,0.0868000015616417,0.12630000710487366,0.2689000070095062,0.09929999709129333,0.03680000081658363,0.616100013256073,0.23100000619888306,0.29829999804496765,0.5996999740600586
Cre01.g054150.t1.2,Plastid,Chloroplast transit peptide,Peripheral|Soluble,0.2012999951839447,0.09529999643564224,0.014600000344216824,0.05169999971985817,0.10700000077486038,0.9869999885559082,0.02239999920129776,0.01979999989271164,0.01979999989271164,0.007799999788403511,0.673799991607666,0.08479999750852585,0.10270000249147415,0.6514000296592712
Cre01.g054500.t1.2,Mitochondrion,,Transmembrane,0.14509999752044678,0.03530000150203705,0.03319999948143959,0.11320000141859055,0.8019999861717224,0.5145000219345093,0.06909999996423721,0.1266999989748001,0.16369999945163727,0.017100000753998756,0.45649999380111694,0.8798999786376953,0.024700000882148743,0.14139999449253082
Cre01.g055408.t1.1,Plastid,Chloroplast transit peptide,Soluble,0.22380000352859497,0.11860000342130661,0.020899999886751175,0.02889999933540821,0.05860000103712082,0.906499981880188,0.03830000013113022,0.042100001126527786,0.0421999990940094,0.005900000222027302,0.5020999908447266,0.16750000417232513,0.07859999686479568,0.7443000078201294
Cre01.g055453.t1.1,Plastid,Chloroplast transit peptide,Peripheral|Soluble,0.12030000239610672,0.07670000195503235,0.031199999153614044,0.019300000742077827,0.12890000641345978,0.9693999886512756,0.027699999511241913,0.027300000190734863,0.04659999907016754,0.004000000189989805,0.7358999848365784,0.06270000338554382,0.06889999657869339,0.7247999906539917
Cre01.g058521.t1.1,Endoplasmic reticulum,Signal peptide,Transmembrane,0.37549999356269836,0.17419999837875366,0.14790000021457672,0.13760000467300415,0.18029999732971191,0.1005999967455864,0.8773999810218811,0.16099999845027924,0.3433000147342682,0.006899999920278788,0.45579999685287476,0.5702000260353088,0.13729999959468842,0.4555000066757202
Cre01.g066187.t1.1,Lysosome/Vacuole,Transmembrane domain,Transmembrane,0.19249999523162842,0.0722000002861023,0.029500000178813934,0.5364999771118164,0.07859999686479568,0.11389999836683273,0.28679999709129333,0.6100999712944031,0.2939999997615814,0.010700000450015068,0.07980000227689743,0.9293000102043152,0.08579999953508377,0.1817999929189682
Cre01.g066552.t1.1,Plastid,Chloroplast transit peptide,Peripheral|Soluble,0.16220000386238098,0.07599999755620956,0.06930000334978104,0.039900001138448715,0.13210000097751617,0.9686999917030334,0.012199999764561653,0.020099999383091927,0.051600001752376556,0.003000000026077032,0.6067000031471252,0.08420000225305557,0.05590000003576279,0.7418000102043152
Cre01.g069472.t1.1,Plastid,Chloroplast transit peptide,Soluble,0.31439998745918274,0.06650000065565109,0.11400000005960464,0.0754999965429306,0.326200008392334,0.8851000070571899,0.03359999880194664,0.03629999980330467,0.0478999987244606,0.04729999974370003,0.3855000138282776,0.1632000058889389,0.10289999842643738,0.7458999752998352
Cre01.g071662.t1.1,Cytoplasm,Peroxisomal targeting signal,Soluble,0.7979000210762024,0.2818000018596649,0.06710000336170197,0.33309999108314514,0.18449999392032623,0.019600000232458115,0.23929999768733978,0.29030001163482666,0.4092000126838684,0.23340000212192535,0.435699999332428,0.16529999673366547,0.09080000221729279,0.7735999822616577
Cre02.g073200.t1.2,Plastid,Chloroplast transit peptide,Soluble,0.15410000085830688,0.1062999963760376,0.05079999938607216,0.02280000038444996,0.09459999948740005,0.9697999954223633,0.02500000037252903,0.03200000151991844,0.0658000037074089,0.00419999985024333,0.5716000199317932,0.11100000143051147,0.09120000153779984,0.7664999961853027
Cre02.g073700.t1.2,Plastid,Chloroplast transit peptide,Soluble,0.11860000342130661,0.10170000046491623,0.02019999921321869,0.020400000736117363,0.10980000346899033,0.9689000248908997,0.014999999664723873,0.01889999955892563,0.009999999776482582,0.00860000029206276,0.5250999927520752,0.05040000006556511,0.10899999737739563,0.8226000070571899
Cre02.g073700.t2.1,Plastid,Chloroplast transit peptide,Soluble,0.11860000342130661,0.10170000046491623,0.02019999921321869,0.020400000736117363,0.10980000346899033,0.9689000248908997,0.014999999664723873,0.01889999955892563,0.009999999776482582,0.00860000029206276,0.5250999927520752,0.05040000006556511,0.10899999737739563,0.8226000070571899
Cre02.g073900.t1.1,Plastid,Chloroplast transit peptide,Peripheral|Soluble,0.22310000658035278,0.09650000184774399,0.04540000110864639,0.03610000014305115,0.08510000258684158,0.9760000109672546,0.04430000111460686,0.04280000180006027,0.06989999860525131,0.006300000008195639,0.7152000069618225,0.10639999806880951,0.0763000026345253,0.7127000093460083
Cre02.g074150.t1.1,Cytoplasm,,Transmembrane,0.3977000117301941,0.16619999706745148,0.039400000125169754,0.40400001406669617,0.0737999975681305,0.04960000142455101,0.22630000114440918,0.25940001010894775,0.15610000491142273,0.014299999922513962,0.2712000012397766,0.9128000140190125,0.0560000017285347,0.2624000012874603
Cre02.g074150.t2.1,Cytoplasm,,Transmembrane,0.3977000117301941,0.16619999706745148,0.039400000125169754,0.40400001406669617,0.0737999975681305,0.04960000142455101,0.22630000114440918,0.25940001010894775,0.15610000491142273,0.014299999922513962,0.2712000012397766,0.9128000140190125,0.0560000017285347,0.2624000012874603
Cre02.g075050.t1.2,Cell membrane,Transmembrane domain,Transmembrane,0.1809999942779541,0.07989999651908875,0.05079999938607216,0.7139000296592712,0.1898999959230423,0.004699999932199717,0.27399998903274536,0.5493999719619751,0.35740000009536743,0.030799999833106995,0.019600000232458115,0.9588000178337097,0.10279999673366547,0.22939999401569366
Cre02.g076300.t1.1,Plastid,Chloroplast transit peptide,Soluble,0.09480000287294388,0.10909999907016754,0.02419999986886978,0.05040000006556511,0.39010000228881836,0.9761000275611877,0.008999999612569809,0.04809999838471413,0.02419999986886978,0.01590000092983246,0.576200008392334,0.10199999809265137,0.08089999854564667,0.7642999887466431
Cre02.g076600.t1.2,Nucleus,Nuclear localization signal,Soluble,0.44589999318122864,0.8090999722480774,0.22200000286102295,0.018699999898672104,0.26190000772476196,0.33709999918937683,0.012400000356137753,0.010099999606609344,0.036400001496076584,0.03669999912381172,0.3124000132083893,0.08009999990463257,0.06960000097751617,0.79830002784729
Cre02.g076800.t1.2,Endoplasmic reticulum,Transmembrane domain,Transmembrane,0.11509999632835388,0.1103999987244606,0.013000000268220901,0.22550000250339508,0.10869999974966049,0.024900000542402267,0.8518999814987183,0.22370000183582306,0.4041999876499176,0.001500000013038516,0.1282999962568283,0.9735999703407288,0.021900000050663948,0.11249999701976776
Cre02.g077100.t1.2,Plastid,Chloroplast transit peptide,Soluble,0.1639000028371811,0.11879999935626984,0.02930000051856041,0.032099999487400055,0.09809999912977219,0.9842000007629395,0.02889999933540821,0.07500000298023224,0.04780000075697899,0.03750000149011612,0.555400013923645,0.07660000026226044,0.05829999968409538,0.7989000082015991
Cre02.g077350.t1.2,Cytoplasm,Nuclear export signal,Soluble,0.7667999863624573,0.4819999933242798,0.08070000261068344,0.12389999628067017,0.20509999990463257,0.25949999690055847,0.11209999769926071,0.15240000188350677,0.1404999941587448,0.26109999418258667,0.4413999915122986,0.08500000089406967,0.13819999992847443,0.8203999996185303
Cre02.g078300.t1.1,Cytoplasm,Peroxisomal targeting signal,Soluble,0.5070000290870667,0.29260000586509705,0.20640000700950623,0.22179999947547913,0.2678999900817871,0.23929999768733978,0.3165999948978424,0.2159000039100647,0.05660000070929527,0.6908000111579895,0.29260000586509705,0.10140000283718109,0.08100000023841858,0.7738000154495239
Cre02.g079050.t1.1,Endoplasmic reticulum,Transmembrane domain,Transmembrane,0.2750999927520752,0.1624000072479248,0.054999999701976776,0.219200000166893,0.2842000126838684,0.2475000023841858,0.536300003528595,0.09539999812841415,0.08839999884366989,0.022299999371170998,0.5873000025749207,0.6973999738693237,0.08609999716281891,0.3483000099658966
Cre02.g079600.t1.2,Mitochondrion|Plastid,Chloroplast transit peptide,Soluble,0.20600000023841858,0.120899997651577,0.03530000150203705,0.03819999843835831,0.650600016117096,0.897599995136261,0.01850000023841858,0.050200000405311584,0.06750000268220901,0.011800000444054604,0.4357999861240387,0.0851999968290329,0.062199998646974564,0.8201000094413757
Cre02.g079700.t1.2,Plastid,Chloroplast transit peptide,Soluble,0.13860000669956207,0.10869999974966049,0.012900000438094139,0.030700000002980232,0.17599999904632568,0.9858999848365784,0.013899999670684338,0.019099999219179153,0.030300000682473183,0.007499999832361937,0.5530999898910522,0.04639999940991402,0.07429999858140945,0.7821999788284302
Cre02.g079800.t1.2,Mitochondrion,Mitochondrial transit peptide,Transmembrane,0.10899999737739563,0.051100000739097595,0.163100004196167,0.10649999976158142,0.9021000266075134,0.12559999525547028,0.07240000367164612,0.05180000141263008,0.21389999985694885,0.03999999910593033,0.19460000097751617,0.9799000024795532,0.07639999687671661,0.15479999780654907
Cre02.g080200.t1.2,Plastid,Chloroplast transit peptide,Soluble,0.12890000641345978,0.16339999437332153,0.01769999973475933,0.031099999323487282,0.16509999334812164,0.9406999945640564,0.022700000554323196,0.02329999953508377,0.01899999938905239,0.005100000184029341,0.4390000104904175,0.10480000078678131,0.06549999862909317,0.776199996471405
Cre02.g080550.t1.1,Cytoplasm,,Soluble,0.5612000226974487,0.28459998965263367,0.16200000047683716,0.18639999628067017,0.12240000069141388,0.061000000685453415,0.07429999858140945,0.09000000357627869,0.04899999871850014,0.008500000461935997,0.2232999950647354,0.22259999811649323,0.10249999910593033,0.7714999914169312
Cre02.g081350.t1.1,Cytoplasm,,Soluble,0.6837999820709229,0.2816999852657318,0.14149999618530273,0.2110999971628189,0.13500000536441803,0.16979999840259552,0.05290000140666962,0.20160000026226044,0.06870000064373016,0.024299999698996544,0.2897000014781952,0.21950000524520874,0.11699999868869781,0.7594000101089478
Cre02.g081400.t1.2,Cytoplasm,,Soluble,0.6753000020980835,0.24369999766349792,0.14329999685287476,0.1412999927997589,0.07559999823570251,0.06279999762773514,0.06210000067949295,0.10760000348091125,0.0843999981880188,0.01899999938905239,0.2639000117778778,0.14720000326633453,0.1543000042438507,0.7957000136375427
Cre02.g081550.t1.2,Cytoplasm,,Soluble,0.6797000169754028,0.4632999897003174,0.12970000505447388,0.028599999845027924,0.13819999992847443,0.017100000753998756,0.10429999977350235,0.18619999289512634,0.2409999966621399,0.04010000079870224,0.2711000144481659,0.034299999475479126,0.1006999984383583,0.8702999949455261
Cre02.g082200.t1.1,Endoplasmic reticulum,Transmembrane domain,Transmembrane,0.2892000079154968,0.23759999871253967,0.1340000033378601,0.32339999079704285,0.39239999651908875,0.16920000314712524,0.7250000238418579,0.3456999957561493,0.30410000681877136,0.1842000037431717,0.35179999470710754,0.958299994468689,0.11620000004768372,0.16500000655651093
Cre02.g082500.t1.1,Plastid,,Peripheral,0.0885000005364418,0.04690000042319298,0.20669999718666077,0.043699998408555984,0.1598999947309494,0.9312999844551086,0.04479999840259552,0.009800000116229057,0.03240000084042549,0.0010999999940395355,0.6675000190734863,0.24369999766349792,0.052799999713897705,0.43880000710487366
Cre02.g082550.t1.2,Plastid,Chloroplast transit peptide,Peripheral|Transmembrane,0.2727999985218048,0.1234000027179718,0.034299999475479126,0.061799999326467514,0.1597999930381775,0.9480000138282776,0.05990000069141388,0.050999999046325684,0.07819999754428864,0.00989999994635582,0.760699987411499,0.7939000129699707,0.1468999981880188,0.1467999964952469
Cre02.g082700.t1.2,Mitochondrion,Mitochondrial transit peptide,Transmembrane,0.10589999705553055,0.056699998676776886,0.020999999716877937,0.06509999930858612,0.8583999872207642,0.23559999465942383,0.10729999840259552,0.024800000712275505,0.0575999990105629,0.038100000470876694,0.22579999268054962,0.9430000185966492,0.01940000057220459,0.18479999899864197
Cre02.g082750.t1.2,Plastid,Chloroplast transit peptide,Transmembrane,0.05730000138282776,0.09290000051259995,0.07289999723434448,0.02879999950528145,0.22380000352859497,0.9455000162124634,0.013100000098347664,0.006800000090152025,0.025299999862909317,0.001500000013038516,0.20749999582767487,0.9605000019073486,0.06449999660253525,0.11469999700784683
Cre02.g082825.t1.1,Cytoplasm,Nuclear localization signal,Soluble,0.7666000127792358,0.38609999418258667,0.06379999965429306,0.0430000014603138,0.24549999833106995,0.032099999487400055,0.07989999651908875,0.03579999879002571,0.061000000685453415,0.003100000089034438,0.18070000410079956,0.07029999792575836,0.03440000116825104,0.7791000008583069
Cre02.g082877.t1.1,Cytoplasm|Nucleus,Nuclear localization signal,Soluble,0.6575000286102295,0.6775000095367432,0.04729999974370003,0.10520000010728836,0.039799999445676804,0.14270000159740448,0.15459999442100525,0.013000000268220901,0.10989999771118164,0.022199999541044235,0.36010000109672546,0.11230000108480453,0.07930000126361847,0.8217999935150146
Cre02.g084450.t1.2,Endoplasmic reticulum,Signal peptide,Soluble,0.22519999742507935,0.12399999797344208,0.490200012922287,0.18119999766349792,0.07750000059604645,0.01889999955892563,0.6805999875068665,0.49729999899864197,0.5097000002861023,0.006300000008195639,0.31029999256134033,0.06530000269412994,0.0908999964594841,0.7851999998092651
Cre02.g084950.t1.2,Mitochondrion|Plastid,Mitochondrial transit peptide,Soluble,0.15780000388622284,0.0786999985575676,0.042500000447034836,0.03229999914765358,0.7263000011444092,0.6654999852180481,0.01590000092983246,0.03060000017285347,0.10010000318288803,0.016200000420212746,0.5389000177383423,0.053199999034404755,0.19460000097751617,0.758899986743927
Cre02.g085257.t1.2,Cell membrane,Transmembrane domain,Transmembrane,0.2913999855518341,0.186599999666214,0.030799999833106995,0.42899999022483826,0.06199999898672104,0.010400000028312206,0.27489998936653137,0.21690000593662262,0.22390000522136688,0.015200000256299973,0.12839999794960022,0.9605000019073486,0.07689999788999557,0.16869999468326569
Cre02.g085450.t1.2,Plastid,Chloroplast transit peptide,Soluble,0.11680000275373459,0.08879999816417694,0.014600000344216824,0.02370000071823597,0.260699987411499,0.9814000129699707,0.01810000091791153,0.024299999698996544,0.031700000166893005,0.008700000122189522,0.5149000287055969,0.07660000026226044,0.061500001698732376,0.7627999782562256
Cre02.g085850.t1.1,Extracellular,Signal peptide,Soluble,0.257099986076355,0.04639999940991402,0.6309000253677368,0.2451999932527542,0.06889999657869339,0.24789999425411224,0.21739999949932098,0.3264999985694885,0.24500000476837158,0.007000000216066837,0.24050000309944153,0.22599999606609344,0.12870000302791595,0.769599974155426
Cre02.g085900.t1.2,Plastid,Chloroplast transit peptide,Soluble,0.1469999998807907,0.04899999871850014,0.04690000042319298,0.027300000190734863,0.10029999911785126,0.9696000218391418,0.014000000432133675,0.02669999934732914,0.028999999165534973,0.0010000000474974513,0.5891000032424927,0.09560000151395798,0.09830000251531601,0.7831000089645386
Cre02.g086000.t1.1,Extracellular,Signal peptide,Soluble,0.31790000200271606,0.07090000063180923,0.7258999943733215,0.15440000593662262,0.08889999985694885,0.07900000363588333,0.2879999876022339,0.3481999933719635,0.23319999873638153,0.06019999831914902,0.1785999983549118,0.21709999442100525,0.18219999969005585,0.7821000218391418
Cre02.g087300.t1.1,Cytoplasm,,Soluble,0.6962000131607056,0.35120001435279846,0.16339999437332153,0.08320000022649765,0.23499999940395355,0.1738000065088272,0.10580000281333923,0.16699999570846558,0.0794999971985817,0.08429999649524689,0.37450000643730164,0.09709999710321426,0.07329999655485153,0.7771000266075134
Cre02.g087700.t1.2,Plastid,Chloroplast transit peptide,Soluble,0.10819999873638153,0.08640000224113464,0.03620000183582306,0.027499999850988388,0.19830000400543213,0.9247000217437744,0.014399999752640724,0.021700000390410423,0.01730000041425228,0.0017999999690800905,0.5909000039100647,0.012900000438094139,0.06440000236034393,0.888700008392334
Cre02.g087950.t1.2,Cytoplasm,Nuclear localization signal,Soluble,0.8151999711990356,0.10840000212192535,0.05590000003576279,0.1282999962568283,0.11100000143051147,0.060499999672174454,0.2029000073671341,0.09000000357627869,0.12129999697208405,0.004100000020116568,0.4713999927043915,0.13369999825954437,0.041099999099969864,0.7698000073432922
Cre02.g088250.t1.2,Cytoplasm,,Soluble,0.6676999926567078,0.12849999964237213,0.10769999772310257,0.13199999928474426,0.14239999651908875,0.16030000150203705,0.04839999973773956,0.11180000007152557,0.05939999967813492,0.031700000166893005,0.3472999930381775,0.09910000115633011,0.0892999991774559,0.8234000205993652
Cre02.g088600.t1.2,Cytoplasm,,Peripheral|Soluble,0.7462999820709229,0.23819999396800995,0.06689999997615814,0.17569999396800995,0.1720999926328659,0.09040000289678574,0.14839999377727509,0.25929999351501465,0.17470000684261322,0.147599995136261,0.6549999713897705,0.09780000150203705,0.10909999907016754,0.7332000136375427
Cre02.g088850.t1.2,Plastid,Chloroplast transit peptide,Peripheral|Soluble,0.10920000076293945,0.06279999762773514,0.028300000354647636,0.016599999740719795,0.15880000591278076,0.9799000024795532,0.021900000050663948,0.02070000022649765,0.04690000042319298,0.006500000134110451,0.661300003528595,0.05169999971985817,0.15029999613761902,0.7207000255584717
Cre02.g090150.t1.2,Cytoplasm,Nuclear localization signal,Soluble,0.7480999827384949,0.44130000472068787,0.11060000211000443,0.042899999767541885,0.3167000114917755,0.08860000222921371,0.061500001698732376,0.09120000153779984,0.05979999899864197,0.005499999970197678,0.24079999327659607,0.11990000307559967,0.1216999962925911,0.8662999868392944
Cre02.g090550.t1.1,Extracellular,Signal peptide,Soluble,0.2962999939918518,0.057999998331069946,0.5547999739646912,0.18150000274181366,0.06400000303983688,0.21889999508857727,0.30799999833106995,0.2004999965429306,0.20080000162124634,0.013500000350177288,0.2078000009059906,0.3181999921798706,0.1160999983549118,0.7152000069618225
Cre02.g091050.t1.2,Plastid,Chloroplast transit peptide,Soluble,0.1850000023841858,0.11100000143051147,0.03099999949336052,0.018699999898672104,0.1274999976158142,0.9681000113487244,0.028300000354647636,0.02539999969303608,0.032600000500679016,0.0010999999940395355,0.46149998903274536,0.0625,0.07129999995231628,0.8112000226974487
Cre02.g091200.t1.1,Cytoplasm,Peroxisomal targeting signal,Soluble,0.5447999835014343,0.25760000944137573,0.10930000245571136,0.19840000569820404,0.09950000047683716,0.2727000117301941,0.05510000139474869,0.2264000028371811,0.08529999852180481,0.29120001196861267,0.4830999970436096,0.1103999987244606,0.09730000048875809,0.7896000146865845
Cre02.g091850.t1.2,Mitochondrion,Mitochondrial transit peptide,Soluble,0.16300000250339508,0.061000000685453415,0.15940000116825104,0.06800000369548798,0.7594000101089478,0.6119999885559082,0.031599998474121094,0.01889999955892563,0.06809999793767929,0.007600000128149986,0.5376999974250793,0.04800000041723251,0.24089999496936798,0.7621999979019165
Cre02.g092350.t1.2,Endoplasmic reticulum,Signal peptide|Transmembrane domain,Peripheral|Transmembrane,0.15189999341964722,0.07580000162124634,0.066600002348423,0.1331000030040741,0.23180000483989716,0.04960000142455101,0.9169999957084656,0.20819999277591705,0.15680000185966492,0.08460000157356262,0.7860000133514404,0.7039999961853027,0.11779999732971191,0.1761000007390976
Cre02.g092600.t1.2,Plastid,Chloroplast transit peptide,Soluble,0.15320000052452087,0.09369999915361404,0.028699999675154686,0.01889999955892563,0.25609999895095825,0.9624999761581421,0.027799999341368675,0.04569999873638153,0.05620000138878822,0.0203000009059906,0.49410000443458557,0.08219999819993973,0.053199999034404755,0.7695000171661377
Cre02.g092900.t1.2,Cytoplasm,Nuclear export signal,Soluble,0.7996000051498413,0.40220001339912415,0.060600001364946365,0.07649999856948853,0.3971000015735626,0.07119999825954437,0.10670000314712524,0.23810000717639923,0.1014999970793724,0.05139999836683273,0.42250001430511475,0.10649999976158142,0.1371999979019165,0.8174999952316284
Cre02.g093450.t1.2,Cytoplasm,,Soluble,0.673799991607666,0.16169999539852142,0.1932000070810318,0.3095000088214874,0.23109999299049377,0.060499999672174454,0.07050000131130219,0.31529998779296875,0.08190000057220459,0.01590000092983246,0.4481000006198883,0.02969999983906746,0.2734000086784363,0.8202999830245972
Cre02.g093950.t1.2,Mitochondrion|Plastid,Mitochondrial transit peptide,Soluble,0.1932000070810318,0.08219999819993973,0.05490000173449516,0.04270000010728836,0.756600022315979,0.7337999939918518,0.01730000041425228,0.04969999939203262,0.10360000282526016,0.013100000098347664,0.3984000086784363,0.13420000672340393,0.1932000070810318,0.6995000243186951
Cre02.g094300.t1.2,Cytoplasm,,Peripheral,0.5443999767303467,0.1817999929189682,0.07400000095367432,0.16500000655651093,0.2987000048160553,0.46000000834465027,0.42399999499320984,0.17270000278949738,0.23749999701976776,0.030899999663233757,0.8070999979972839,0.1728000044822693,0.07129999995231628,0.45829999446868896
Cre02.g095000.t1.2,Extracellular,Signal peptide,Soluble,0.07739999890327454,0.09570000320672989,0.9348000288009644,0.14030000567436218,0.16050000488758087,0.015399999916553497,0.51910001039505,0.20520000159740448,0.09099999815225601,0.03350000083446503,0.4108000099658966,0.048700001090765,0.2337999939918518,0.7551000118255615
Cre02.g095076.t1.1,Cell membrane,Transmembrane domain,Transmembrane,0.14869999885559082,0.06199999898672104,0.07810000330209732,0.7851999998092651,0.21629999577999115,0.02239999920129776,0.38089999556541443,0.3837999999523163,0.38999998569488525,0.02459999918937683,0.07339999824762344,0.9402999877929688,0.08739999681711197,0.21359999477863312
Cre02.g095089.t1.1,Cytoplasm|Nucleus,Nuclear localization signal,Soluble,0.7416999936103821,0.5907999873161316,0.08030000329017639,0.05810000002384186,0.35019999742507935,0.015699999406933784,0.10369999706745148,0.05460000038146973,0.08410000056028366,0.0333000011742115,0.2085999995470047,0.08820000290870667,0.027699999511241913,0.8485999703407288
Cre02.g095092.t1.1,Plastid,Chloroplast transit peptide,Peripheral,0.1981000006198883,0.10530000180006027,0.06369999796152115,0.04820000007748604,0.2786000072956085,0.9702000021934509,0.02199999988079071,0.05700000002980232,0.05209999904036522,0.005200000014156103,0.7246999740600586,0.35420000553131104,0.09040000289678574,0.326200008392334
Cre02.g095100.t1.1,Cytoplasm,Peroxisomal targeting signal,Soluble,0.682200014591217,0.48030000925064087,0.20260000228881836,0.06909999996423721,0.1501999944448471,0.1388999968767166,0.41600000858306885,0.35929998755455017,0.0966000035405159,0.11729999631643295,0.263700008392334,0.09319999814033508,0.06870000064373016,0.7832000255584717
Cre02.g095106.t1.1,Mitochondrion,,Transmembrane,0.12939999997615814,0.23440000414848328,0.044599998742341995,0.1451999992132187,0.6370999813079834,0.020999999716877937,0.5968999862670898,0.20919999480247498,0.11389999836683273,0.014399999752640724,0.11100000143051147,0.9491000175476074,0.01679999940097332,0.1550000011920929
Cre02.g095137.t1.1,Plastid,Chloroplast transit peptide,Soluble,0.17890000343322754,0.12549999356269836,0.026499999687075615,0.06509999930858612,0.1761000007390976,0.9422000050544739,0.025100000202655792,0.04899999871850014,0.05990000069141388,0.006599999964237213,0.5045999884605408,0.10570000112056732,0.07460000365972519,0.7910000085830688
Cre02.g095137.t2.1,Plastid,Chloroplast transit peptide,Soluble,0.17890000343322754,0.12549999356269836,0.026499999687075615,0.06509999930858612,0.1761000007390976,0.9422000050544739,0.025100000202655792,0.04899999871850014,0.05990000069141388,0.006599999964237213,0.5045999884605408,0.10570000112056732,0.07460000365972519,0.7910000085830688
Cre02.g095147.t1.1,Endoplasmic reticulum,,Soluble,0.32359999418258667,0.16519999504089355,0.1551000028848648,0.22439999878406525,0.28769999742507935,0.31610000133514404,0.7142999768257141,0.18940000236034393,0.30219998955726624,0.023000000044703484,0.5228999853134155,0.4336000084877014,0.14229999482631683,0.48030000925064087
Cre02.g095350.t1.1,Plastid,Chloroplast transit peptide,Soluble,0.2425999939441681,0.11630000174045563,0.0357000008225441,0.051500000059604645,0.4269999861717224,0.9103000164031982,0.01730000041425228,0.029100000858306885,0.09229999780654907,0.023000000044703484,0.39890000224113464,0.09390000253915787,0.0860000029206276,0.7804999947547913
Cre02.g097000.t1.2,Endoplasmic reticulum,Signal peptide,Soluble,0.29750001430511475,0.07280000299215317,0.3294000029563904,0.2328999936580658,0.13650000095367432,0.02969999983906746,0.6363000273704529,0.41269999742507935,0.3361999988555908,0.07980000227689743,0.2822999954223633,0.125,0.3246999979019165,0.791100025177002
Cre02.g097450.t1.2,Nucleus,Nuclear localization signal,Soluble,0.42559999227523804,0.7105000019073486,0.024900000542402267,0.23589999973773956,0.2793999910354614,0.12449999898672104,0.0414000004529953,0.11980000138282776,0.13220000267028809,0.40880000591278076,0.4025999903678894,0.10700000077486038,0.09740000218153,0.8046000003814697
Cre02.g097900.t1.2,Plastid,,Soluble,0.15870000422000885,0.1031000018119812,0.060499999672174454,0.0544000007212162,0.41510000824928284,0.6740999817848206,0.017400000244379044,0.051600001752376556,0.032600000500679016,0.0044999998062849045,0.4478999972343445,0.07289999723434448,0.08720000088214874,0.8151000142097473
Cre02.g098350.t1.1,Cell membrane,Signal peptide,Transmembrane,0.2076999992132187,0.049800001084804535,0.35409998893737793,0.6064000129699707,0.0348999984562397,0.02250000089406967,0.17470000684261322,0.5515999794006348,0.30959999561309814,0.04910000041127205,0.0738999992609024,0.8848000168800354,0.26669999957084656,0.24269999563694
Cre02.g098850.t1.1,Plastid,Chloroplast transit peptide,Soluble,0.19370000064373016,0.07900000363588333,0.020600000396370888,0.039400000125169754,0.4341000020503998,0.8285999894142151,0.03840000182390213,0.04039999842643738,0.06129999831318855,0.01590000092983246,0.5946999788284302,0.09440000355243683,0.20440000295639038,0.6431999802589417
Cre02.g099850.t1.1,Plastid,Chloroplast transit peptide,Peripheral|Soluble,0.0869000032544136,0.17829999327659607,0.026100000366568565,0.03720000013709068,0.2361000031232834,0.9182999730110168,0.0215000007301569,0.025100000202655792,0.0210999995470047,0.007899999618530273,0.6158000230789185,0.07590000331401825,0.1412000060081482,0.6664999723434448
Cre02.g101000.t1.1,Plastid,Chloroplast transit peptide,Soluble,0.19480000436306,0.06620000302791595,0.10490000247955322,0.03240000084042549,0.11949999630451202,0.9746999740600586,0.016100000590085983,0.0272000003606081,0.05810000002384186,0.0071000000461936,0.3499000072479248,0.04100000113248825,0.07280000299215317,0.8518999814987183
Cre02.g103350.t1.1,Cytoplasm,Peroxisomal targeting signal,Soluble,0.5738999843597412,0.12120000272989273,0.1550000011920929,0.17339999973773956,0.24690000712871552,0.25060001015663147,0.12150000035762787,0.25060001015663147,0.1509999930858612,0.35910001397132874,0.4805000126361847,0.23399999737739563,0.27070000767707825,0.6571999788284302
Cre02.g103500.t1.2,Endoplasmic reticulum,,Transmembrane,0.13539999723434448,0.13249999284744263,0.03660000115633011,0.11339999735355377,0.20309999585151672,0.04910000041127205,0.8661999702453613,0.1256999969482422,0.23999999463558197,0.029600000008940697,0.09279999881982803,0.9656999707221985,0.017799999564886093,0.18690000474452972
Cre02.g103850.t1.2,Plastid,Chloroplast transit peptide,Soluble,0.18449999392032623,0.07050000131130219,0.028699999675154686,0.017999999225139618,0.28380000591278076,0.9465000033378601,0.017999999225139618,0.024700000882148743,0.03189999982714653,0.0052999998442828655,0.5576000213623047,0.06629999727010727,0.08560000360012054,0.769599974155426
Cre02.g105150.t1.1,Plastid,Chloroplast transit peptide,Soluble,0.20419999957084656,0.0706000030040741,0.0471000000834465,0.08429999649524689,0.14000000059604645,0.9810000061988831,0.021800000220537186,0.03350000083446503,0.07500000298023224,0.017799999564886093,0.424699991941452,0.17149999737739563,0.08900000154972076,0.758899986743927
Cre02.g105500.t1.2,Cytoplasm|Nucleus,Nuclear localization signal|Nuclear export signal,Soluble,0.8051999807357788,0.5425000190734863,0.05849999934434891,0.1257999986410141,0.18170000612735748,0.05689999833703041,0.17739999294281006,0.16339999437332153,0.125,0.053300000727176666,0.2930000126361847,0.1973000019788742,0.1347000002861023,0.786899983882904
Cre02.g106200.t1.2,Golgi apparatus,Signal peptide|Transmembrane domain,Transmembrane,0.09740000218153,0.1500999927520752,0.06210000067949295,0.1703999936580658,0.26660001277923584,0.011900000274181366,0.31630000472068787,0.3488999903202057,0.8641999959945679,0.052299998700618744,0.10029999911785126,0.9700999855995178,0.09000000357627869,0.07440000027418137
Cre02.g106400.t1.1,Endoplasmic reticulum,Signal peptide,Transmembrane,0.29019999504089355,0.11299999803304672,0.22179999947547913,0.15800000727176666,0.11299999803304672,0.08500000089406967,0.5157999992370605,0.23409999907016754,0.28450000286102295,0.019999999552965164,0.4717000126838684,0.7297999858856201,0.06109999865293503,0.35370001196861267
Cre02.g106500.t1.2,Cytoplasm|Nucleus,,Soluble,0.6159999966621399,0.5205000042915344,0.08789999783039093,0.1080000028014183,0.11720000207424164,0.2328999936580658,0.057100001722574234,0.05420000106096268,0.0406000018119812,0.032499998807907104,0.2802000045776367,0.06650000065565109,0.15459999442100525,0.8510000109672546
Cre02.g107300.t1.2,Plastid,Chloroplast transit peptide,Soluble,0.2946000099182129,0.1370999962091446,0.07259999960660934,0.10939999669790268,0.22679999470710754,0.8339999914169312,0.017899999395012856,0.07599999755620956,0.06849999725818634,0.030700000002980232,0.5724999904632568,0.05620000138878822,0.23960000276565552,0.7926999926567078
Cre02.g107450.t1.2,Mitochondrion,Mitochondrial transit peptide,Peripheral|Soluble,0.3052999973297119,0.11840000003576279,0.04320000112056732,0.03920000046491623,0.8980000019073486,0.1687999963760376,0.0348999984562397,0.07329999655485153,0.08889999985694885,0.00570000009611249,0.6359000205993652,0.0430000014603138,0.04100000113248825,0.7982000112533569
Cre02.g107600.t1.2,Cytoplasm,,Soluble,0.8616999983787537,0.3580999970436096,0.07240000367164612,0.07720000296831131,0.3165999948978424,0.057500001043081284,0.09470000118017197,0.1462000012397766,0.09489999711513519,0.054499998688697815,0.47189998626708984,0.08950000256299973,0.11810000240802765,0.7689999938011169
Cre02.g109550.t1.2,Cytoplasm,,Soluble,0.8137000203132629,0.2468000054359436,0.07199999690055847,0.08839999884366989,0.3578000068664551,0.23000000417232513,0.12639999389648438,0.20280000567436218,0.1412999927997589,0.010999999940395355,0.3986999988555908,0.12770000100135803,0.06809999793767929,0.7634999752044678
Cre02.g109600.t1.2,Plastid,Chloroplast transit peptide,Soluble,0.18639999628067017,0.042899999767541885,0.09390000253915787,0.039900001138448715,0.13760000467300415,0.9818000197410583,0.03240000084042549,0.06800000369548798,0.11900000274181366,0.016100000590085983,0.5309000015258789,0.08550000190734863,0.09589999914169312,0.7560999989509583
Cre02.g110800.t1.1,Cytoplasm,,Transmembrane,0.4372999966144562,0.19699999690055847,0.09839999675750732,0.4345000088214874,0.06210000067949295,0.14409999549388885,0.09969999641180038,0.15929999947547913,0.07029999792575836,0.03970000147819519,0.25369998812675476,0.9222999811172485,0.07519999891519547,0.19419999420642853
Cre02.g111050.t1.1,Lysosome/Vacuole,Signal peptide,Transmembrane,0.1371999979019165,0.055799998342990875,0.20080000162124634,0.3276999890804291,0.1453000009059906,0.008700000122189522,0.43790000677108765,0.5192999839782715,0.46970000863075256,0.006000000052154064,0.08879999816417694,0.9552000164985657,0.05649999901652336,0.19480000436306
Cre02.g112000.t1.1,Lysosome/Vacuole,,Transmembrane,0.18780000507831573,0.05660000070929527,0.09650000184774399,0.2280000001192093,0.10400000214576721,0.05700000002980232,0.42739999294281006,0.8392999768257141,0.4634999930858612,0.019999999552965164,0.08399999886751175,0.9627000093460083,0.04659999907016754,0.15399999916553497
Cre02.g112850.t1.1,Cytoplasm|Mitochondrion,,Peripheral,0.47749999165534973,0.20319999754428864,0.06849999725818634,0.1006999984383583,0.6603999733924866,0.5684000253677368,0.18950000405311584,0.131400004029274,0.08889999985694885,0.0272000003606081,0.7351999878883362,0.2345999926328659,0.04100000113248825,0.4909999966621399
Cre02.g113200.t1.1,Cytoplasm|Cell membrane,,Peripheral|Lipid anchor,0.6337000131607056,0.2029000073671341,0.08320000022649765,0.5813999772071838,0.16060000658035278,0.029999999329447746,0.11900000274181366,0.2578999996185303,0.3124000132083893,0.02969999983906746,0.6554999947547913,0.12680000066757202,0.9610000252723694,0.4320000112056732
Cre02.g113850.t1.1,Plastid,Chloroplast transit peptide,Soluble,0.24629999697208405,0.044199999421834946,0.04190000146627426,0.038600001484155655,0.25870001316070557,0.965499997138977,0.024900000542402267,0.03310000151395798,0.04969999939203262,0.007000000216066837,0.4106000065803528,0.10080000013113022,0.0723000019788742,0.8019999861717224
Cre02.g115650.t1.2,Endoplasmic reticulum,Signal peptide|Transmembrane domain,Transmembrane,0.272599995136261,0.10989999771118164,0.16990000009536743,0.25850000977516174,0.1891999989748001,0.09380000084638596,0.7698000073432922,0.23559999465942383,0.4302000105381012,0.007199999876320362,0.45019999146461487,0.7228999733924866,0.10980000346899033,0.329800009727478
Cre02.g116150.t1.1,Golgi apparatus,Signal peptide|Transmembrane domain,Transmembrane,0.16009999811649323,0.1046999990940094,0.31769999861717224,0.335999995470047,0.06620000302791595,0.08839999884366989,0.33880001306533813,0.11110000312328339,0.42969998717308044,0.020600000396370888,0.2874000072479248,0.8910999894142151,0.11779999732971191,0.24490000307559967
Cre02.g116450.t1.2,Cytoplasm,,Soluble,0.7074000239372253,0.2581000030040741,0.09690000116825104,0.0851999968290329,0.44119998812675476,0.06769999861717224,0.06480000168085098,0.14740000665187836,0.12549999356269836,0.01759999990463257,0.30889999866485596,0.059700001031160355,0.09749999642372131,0.803600013256073
Cre02.g116750.t1.1,Mitochondrion,Mitochondrial transit peptide,Peripheral|Soluble,0.1193000003695488,0.057100001722574234,0.017899999395012856,0.050700001418590546,0.9075999855995178,0.01489999983459711,0.035100001841783524,0.07199999690055847,0.11829999834299088,0.0632999986410141,0.6966999769210815,0.08820000290870667,0.12890000641345978,0.7135999798774719
Cre02.g116750.t2.1,Mitochondrion,Mitochondrial transit peptide,Peripheral|Soluble,0.1193000003695488,0.057100001722574234,0.017899999395012856,0.050700001418590546,0.9075999855995178,0.01489999983459711,0.035100001841783524,0.07199999690055847,0.11829999834299088,0.0632999986410141,0.6966999769210815,0.08820000290870667,0.12890000641345978,0.7135999798774719
Cre02.g117000.t1.1,Cell membrane,,Soluble,0.41350001096725464,0.3158000111579895,0.05550000071525574,0.5144000053405762,0.05730000138282776,0.10599999874830246,0.08799999952316284,0.22110000252723694,0.07270000129938126,0.08030000329017639,0.5450000166893005,0.37720000743865967,0.2939000129699707,0.5625
Cre02.g117200.t1.2,Golgi apparatus,Signal peptide|Transmembrane domain,Transmembrane,0.20999999344348907,0.11180000007152557,0.47769999504089355,0.2475000023841858,0.05130000039935112,0.07270000129938126,0.6054999828338623,0.4332999885082245,0.7914999723434448,0.01850000023841858,0.4146000146865845,0.7753999829292297,0.08139999955892563,0.30809998512268066
Cre02.g117250.t1.1,Cytoplasm|Extracellular,Signal peptide,Soluble,0.4970000088214874,0.07540000230073929,0.6998000144958496,0.15219999849796295,0.23600000143051147,0.16449999809265137,0.10140000283718109,0.41119998693466187,0.28360000252723694,0.03189999982714653,0.5382000207901001,0.3116999864578247,0.0632999986410141,0.6909999847412109
Cre02.g117250.t2.1,Cytoplasm|Extracellular,Signal peptide,Soluble,0.4970000088214874,0.07540000230073929,0.6998000144958496,0.15219999849796295,0.23600000143051147,0.16449999809265137,0.10140000283718109,0.41119998693466187,0.28360000252723694,0.03189999982714653,0.5382000207901001,0.3116999864578247,0.0632999986410141,0.6909999847412109
Cre02.g117500.t1.2,Mitochondrion,Peroxisomal targeting signal,Transmembrane,0.43479999899864197,0.16509999334812164,0.10270000249147415,0.1876000016927719,0.5896000266075134,0.149399995803833,0.3634999990463257,0.21199999749660492,0.17339999973773956,0.20569999516010284,0.5591999888420105,0.5842999815940857,0.09220000356435776,0.41119998693466187
Cre02.g119050.t1.1,Endoplasmic reticulum,Signal peptide|Transmembrane domain,Peripheral|Transmembrane,0.31299999356269836,0.14339999854564667,0.12960000336170197,0.41130000352859497,0.3813999891281128,0.14740000665187836,0.8377000093460083,0.33809998631477356,0.6136000156402588,0.05299999937415123,0.8551999926567078,0.6312999725341797,0.6241000294685364,0.24580000340938568
Cre02.g119100.t1.2,Endoplasmic reticulum,Transmembrane domain,Peripheral,0.3052000105381012,0.1404000073671341,0.15309999883174896,0.4269999861717224,0.3677000105381012,0.16990000009536743,0.801800012588501,0.4803999960422516,0.6263999938964844,0.013399999588727951,0.8479999899864197,0.41440001130104065,0.6313999891281128,0.3027999997138977
Cre02.g119700.t1.1,Golgi apparatus,Signal peptide|Transmembrane domain,Transmembrane,0.19779999554157257,0.057100001722574234,0.4253000020980835,0.24779999256134033,0.04170000180602074,0.09390000253915787,0.32120001316070557,0.4936999976634979,0.684499979019165,0.02160000056028366,0.4456000030040741,0.5232999920845032,0.10090000182390213,0.4383000135421753
Cre02.g141200.t1.2,Cytoplasm|Nucleus,Nuclear localization signal,Soluble,0.8130999803543091,0.5146999955177307,0.0820000022649765,0.09440000355243683,0.3098999857902527,0.04349999874830246,0.049800001084804535,0.07280000299215317,0.09480000287294388,0.023499999195337296,0.22120000422000885,0.17020000517368317,0.10019999742507935,0.7634999752044678
Cre02.g141400.t1.2,Plastid,,Peripheral|Soluble,0.335099995136261,0.08470000326633453,0.03099999949336052,0.07559999823570251,0.48080000281333923,0.5081999897956848,0.011800000444054604,0.17139999568462372,0.16419999301433563,0.024900000542402267,0.6355000138282776,0.08630000054836273,0.13349999487400055,0.7526999711990356
Cre02.g141786.t1.1,Cell membrane,Transmembrane domain,Transmembrane,0.4075999855995178,0.11509999632835388,0.07680000364780426,0.6815000176429749,0.07649999856948853,0.13019999861717224,0.15839999914169312,0.25589999556541443,0.12870000302791595,0.009800000116229057,0.34380000829696655,0.7049000263214111,0.4862000048160553,0.32019999623298645
Cre02.g142266.t1.1,Plastid,Chloroplast transit peptide,Peripheral,0.16660000383853912,0.09080000221729279,0.03400000184774399,0.04490000009536743,0.09629999846220016,0.921500027179718,0.026599999517202377,0.0272000003606081,0.04809999838471413,0.023600000888109207,0.7946000099182129,0.2937999963760376,0.2676999866962433,0.3961000144481659
Cre02.g142352.t1.1,Cytoplasm,Nuclear localization signal,Soluble,0.6614000201225281,0.20739999413490295,0.08139999955892563,0.07029999792575836,0.1459999978542328,0.07349999994039536,0.03959999978542328,0.061500001698732376,0.08699999749660492,0.00139999995008111,0.35749998688697815,0.21899999678134918,0.09059999883174896,0.7383999824523926
Cre02.g143000.t1.2,Plastid,Chloroplast transit peptide,Peripheral|Soluble,0.17219999432563782,0.12610000371932983,0.055399999022483826,0.02969999983906746,0.11819999665021896,0.9068999886512756,0.017000000923871994,0.01730000041425228,0.03709999844431877,0.000699999975040555,0.6796000003814697,0.09929999709129333,0.08139999955892563,0.7451000213623047
Cre02.g143200.t1.1,Cytoplasm,,Soluble,0.7900999784469604,0.10719999670982361,0.13590000569820404,0.1388999968767166,0.10580000281333923,0.052799999713897705,0.24860000610351562,0.1574999988079071,0.2248000055551529,0.009499999694526196,0.4498000144958496,0.12729999423027039,0.07509999722242355,0.7940000295639038
Cre02.g143250.t1.2,Mitochondrion,Mitochondrial transit peptide,Soluble,0.2328999936580658,0.09480000287294388,0.0340999998152256,0.03009999915957451,0.9230999946594238,0.01759999990463257,0.025200000032782555,0.025499999523162842,0.019099999219179153,0.08190000057220459,0.37869998812675476,0.09480000287294388,0.16060000658035278,0.7975000143051147
Cre02.g144650.t1.2,Cell membrane,Transmembrane domain,Transmembrane,0.13009999692440033,0.029999999329447746,0.02449999935925007,0.6593000292778015,0.1395999938249588,0.02590000070631504,0.3253999948501587,0.5031999945640564,0.3440999984741211,0.0010999999940395355,0.03150000050663948,0.9793999791145325,0.0828000009059906,0.1589999943971634
Cre02.g144700.t1.2,Cell membrane,Transmembrane domain,Transmembrane,0.18070000410079956,0.035100001841783524,0.024399999529123306,0.5985000133514404,0.11729999631643295,0.019200000911951065,0.31520000100135803,0.4690999984741211,0.31220000982284546,0.00039999998989515007,0.040699999779462814,0.9753999710083008,0.09920000284910202,0.1656000018119812
Cre02.g144750.t1.1,Cell membrane,Transmembrane domain,Transmembrane,0.16130000352859497,0.03970000147819519,0.03269999846816063,0.6103000044822693,0.12549999356269836,0.017899999395012856,0.3280999958515167,0.4320000112056732,0.2741999924182892,0.0006000000284984708,0.04410000145435333,0.975600004196167,0.09049999713897705,0.16290000081062317
Cre02.g144800.t1.1,Plastid,Chloroplast transit peptide,Peripheral|Soluble,0.20080000162124634,0.08609999716281891,0.0348999984562397,0.02410000003874302,0.1324000060558319,0.9301999807357788,0.03420000150799751,0.06350000202655792,0.0778999999165535,0.011900000274181366,0.6255999803543091,0.10620000213384628,0.08640000224113464,0.7468000054359436
Cre02.g145050.t1.2,Plastid,Chloroplast transit peptide,Peripheral|Soluble,0.19629999995231628,0.08669999986886978,0.03359999880194664,0.032600000500679016,0.12839999794960022,0.972100019454956,0.021400000900030136,0.023399999365210533,0.04340000078082085,0.004600000102072954,0.641700029373169,0.08510000258684158,0.03539999946951866,0.7541999816894531
Cre02.g145200.t1.1,Mitochondrion,Mitochondrial transit peptide,Soluble,0.20659999549388885,0.0658000037074089,0.07720000296831131,0.07050000131130219,0.8765000104904175,0.4277999997138977,0.02850000001490116,0.05889999866485596,0.09780000150203705,0.027799999341368675,0.5070000290870667,0.1873999983072281,0.0551999993622303,0.6891999840736389
Cre02.g145800.t1.2,Mitochondrion,Peroxisomal targeting signal,Transmembrane,0.35519999265670776,0.1266999989748001,0.10249999910593033,0.19619999825954437,0.6068000197410583,0.2345999926328659,0.2498999983072281,0.13989999890327454,0.06430000066757202,0.2745000123977661,0.49320000410079956,0.7569000124931335,0.05339999869465828,0.35370001196861267
Cre02.g146050.t1.2,Peroxisome,Peroxisomal targeting signal,Soluble,0.2858999967575073,0.0640999972820282,0.14990000426769257,0.12530000507831573,0.16539999842643738,0.2816999852657318,0.0568000003695488,0.10159999877214432,0.026900000870227814,0.921999990940094,0.43130001425743103,0.13600000739097595,0.06379999965429306,0.7516999840736389
Cre02.g147302.t1.1,Cytoplasm,Chloroplast transit peptide,Soluble,0.6801000237464905,0.21310000121593475,0.13259999454021454,0.18690000474452972,0.17399999499320984,0.414900004863739,0.04600000008940697,0.15839999914169312,0.07020000368356705,0.06449999660253525,0.45489999651908875,0.15520000457763672,0.10369999706745148,0.7565000057220459
Cre02.g147650.t1.2,Cytoplasm,,Soluble,0.6987000107765198,0.2434999942779541,0.18549999594688416,0.19689999520778656,0.1379999965429306,0.05959999933838844,0.163100004196167,0.2289000004529953,0.20360000431537628,0.009999999776482582,0.4657000005245209,0.11659999936819077,0.1843000054359436,0.7473000288009644
Cre02.g147900.t1.1,Cytoplasm|Nucleus,Nuclear localization signal,Soluble,0.6525999903678894,0.6873999834060669,0.026000000536441803,0.037300001829862595,0.07729999721050262,0.051899999380111694,0.022199999541044235,0.12600000202655792,0.05979999899864197,0.003599999938160181,0.4065999984741211,0.052400000393390656,0.2160000056028366,0.863099992275238
Cre02.g147900.t2.1,Cytoplasm|Nucleus,Nuclear localization signal,Soluble,0.6525999903678894,0.6873999834060669,0.026000000536441803,0.037300001829862595,0.07729999721050262,0.051899999380111694,0.022199999541044235,0.12600000202655792,0.05979999899864197,0.003599999938160181,0.4065999984741211,0.052400000393390656,0.2160000056028366,0.863099992275238
Cre02.g147900.t3.1,Cytoplasm|Nucleus,Nuclear localization signal,Soluble,0.6525999903678894,0.6873999834060669,0.026000000536441803,0.037300001829862595,0.07729999721050262,0.051899999380111694,0.022199999541044235,0.12600000202655792,0.05979999899864197,0.003599999938160181,0.4065999984741211,0.052400000393390656,0.2160000056028366,0.863099992275238
Cre02.g147900.t4.1,Cytoplasm|Nucleus,Nuclear localization signal,Soluble,0.6525999903678894,0.6873999834060669,0.026000000536441803,0.037300001829862595,0.07729999721050262,0.051899999380111694,0.022199999541044235,0.12600000202655792,0.05979999899864197,0.003599999938160181,0.4065999984741211,0.052400000393390656,0.2160000056028366,0.863099992275238
Cre03.g143887.t1.1,Cytoplasm,,Soluble,0.7666000127792358,0.25679999589920044,0.1454000025987625,0.0640999972820282,0.17440000176429749,0.07020000368356705,0.16660000383853912,0.19789999723434448,0.133200004696846,0.025100000202655792,0.366100013256073,0.18070000410079956,0.060100000351667404,0.7196000218391418
Cre03.g144524.t1.1,Cytoplasm,,Peripheral|Soluble,0.4999000132083893,0.22030000388622284,0.06650000065565109,0.26840001344680786,0.17030000686645508,0.1251000016927719,0.19290000200271606,0.31529998779296875,0.19050000607967377,0.015399999916553497,0.6399999856948853,0.39070001244544983,0.2053000032901764,0.5038999915122986
Cre03.g144627.t1.1,Plastid,Chloroplast transit peptide,Soluble,0.14949999749660492,0.1339000016450882,0.02410000003874302,0.08919999748468399,0.29280000925064087,0.9801999926567078,0.016699999570846558,0.058800000697374344,0.048500001430511475,0.024299999698996544,0.4092999994754791,0.10320000350475311,0.1509000062942505,0.8050000071525574
Cre03.g144707.t1.1,Plastid,Chloroplast transit peptide,Soluble,0.17880000174045563,0.08869999647140503,0.061900001019239426,0.06520000100135803,0.09880000352859497,0.9843999743461609,0.026200000196695328,0.022600000724196434,0.04820000007748604,0.003800000064074993,0.33730000257492065,0.12530000507831573,0.10920000076293945,0.8206999897956848
Cre03.g144807.t1.1,Peroxisome,Peroxisomal targeting signal,Soluble,0.2678999900817871,0.06040000170469284,0.054999999701976776,0.28600001335144043,0.2922999858856201,0.016499999910593033,0.01769999973475933,0.1177000030875206,0.04149999842047691,0.9775000214576721,0.3880000114440918,0.05909999832510948,0.16269999742507935,0.7889999747276306
Cre03.g144847.t1.1,Cytoplasm,Nuclear localization signal,Soluble,0.7724999785423279,0.3165999948978424,0.03819999843835831,0.3569999933242798,0.14489999413490295,0.04650000110268593,0.1120000034570694,0.25619998574256897,0.09920000284910202,0.013700000010430813,0.5085999965667725,0.09960000216960907,0.33169999718666077,0.739300012588501
Cre03.g145267.t1.1,Nucleus,Nuclear localization signal,Soluble,0.40119999647140503,0.8628000020980835,0.2703999876976013,0.023399999365210533,0.08380000293254852,0.019700000062584877,0.06650000065565109,0.04149999842047691,0.09480000287294388,0.052400000393390656,0.2791999876499176,0.05530000105500221,0.2475000023841858,0.8719000220298767
Cre03.g145727.t1.1,Cytoplasm,Nuclear localization signal,Soluble,0.7954000234603882,0.35530000925064087,0.1080000028014183,0.131400004029274,0.179299995303154,0.04699999839067459,0.1932000070810318,0.15639999508857727,0.1543000042438507,0.008299999870359898,0.38119998574256897,0.051100000739097595,0.16539999842643738,0.8317999839782715
Cre03.g145747.t1.1,Plastid,Chloroplast transit peptide,Soluble,0.11620000004768372,0.05550000071525574,0.026399999856948853,0.03220000118017197,0.2198999971151352,0.9800999760627747,0.027400000020861626,0.026200000196695328,0.03180000185966492,0.013100000098347664,0.42480000853538513,0.1005999967455864,0.13009999692440033,0.7269999980926514
Cre03.g146187.t1.1,Plastid,Chloroplast transit peptide,Peripheral|Soluble,0.09690000116825104,0.07639999687671661,0.02969999983906746,0.042100001126527786,0.22200000286102295,0.9851999878883362,0.041600000113248825,0.026799999177455902,0.03720000013709068,0.008200000040233135,0.6254000067710876,0.041600000113248825,0.23119999468326569,0.6905999779701233
Cre03.g146247.t1.1,Mitochondrion,Peroxisomal targeting signal,Soluble,0.21879999339580536,0.12559999525547028,0.029200000688433647,0.02500000037252903,0.9039000272750854,0.36230000853538513,0.05649999901652336,0.021199999377131462,0.006399999838322401,0.13860000669956207,0.48559999465942383,0.045499999076128006,0.032999999821186066,0.6899999976158142
Cre03.g146507.t1.1,Endoplasmic reticulum,Signal peptide|Transmembrane domain,Transmembrane,0.11990000307559967,0.1754000037908554,0.02280000038444996,0.05550000071525574,0.10980000346899033,0.14059999585151672,0.8482999801635742,0.07540000230073929,0.13860000669956207,0.08389999717473984,0.3057999908924103,0.9372000098228455,0.28220000863075256,0.16459999978542328
Cre03.g146527.t1.1,Cell membrane,Peroxisomal targeting signal,Soluble,0.43209999799728394,0.1264999955892563,0.07069999724626541,0.618399977684021,0.18780000507831573,0.21410000324249268,0.1876000016927719,0.28130000829696655,0.37540000677108765,0.32910001277923584,0.5907999873161316,0.07909999787807465,0.7616999745368958,0.6205000281333923
Cre03.g146627.t1.1,Cytoplasm,Nuclear localization signal,Soluble,0.7910000085830688,0.36800000071525574,0.043800000101327896,0.12449999898672104,0.0851999968290329,0.23090000450611115,0.07050000131130219,0.12470000237226486,0.08299999684095383,0.029500000178813934,0.34459999203681946,0.11890000104904175,0.1046999990940094,0.8095999956130981
Cre03.g148750.t1.2,Cytoplasm|Extracellular,,Soluble,0.5582000017166138,0.27619999647140503,0.7688000202178955,0.2549000084400177,0.15150000154972076,0.06340000033378601,0.15459999442100525,0.5339999794960022,0.26249998807907104,0.017999999225139618,0.33489999175071716,0.13510000705718994,0.3131999969482422,0.7235999703407288
Cre03.g149100.t1.2,Cytoplasm,Peroxisomal targeting signal,Soluble,0.7888000011444092,0.23469999432563782,0.11829999834299088,0.12110000103712082,0.30799999833106995,0.028699999675154686,0.14480000734329224,0.14380000531673431,0.09679999947547913,0.6022999882698059,0.37610000371932983,0.08540000021457672,0.09610000252723694,0.8083000183105469
Cre03.g150950.t1.1,Golgi apparatus,,Peripheral,0.41519999504089355,0.387800008058548,0.07800000160932541,0.22599999606609344,0.2329999953508377,0.15219999849796295,0.6025000214576721,0.37599998712539673,0.6703000068664551,0.05490000173449516,0.5558000206947327,0.2786000072956085,0.33340001106262207,0.4180999994277954
Cre03.g153900.t1.2,Endoplasmic reticulum,,Transmembrane,0.2793000042438507,0.10769999772310257,0.20659999549388885,0.15060000121593475,0.5216000080108643,0.4772000014781952,0.5921000242233276,0.11140000075101852,0.17569999396800995,0.016899999231100082,0.48179998993873596,0.838100016117096,0.053199999034404755,0.26159998774528503
Cre03.g154350.t1.2,Mitochondrion,,Transmembrane,0.15289999544620514,0.06549999862909317,0.04749999940395355,0.09640000015497208,0.5848000049591064,0.267300009727478,0.15379999577999115,0.02329999953508377,0.09369999915361404,0.009999999776482582,0.17100000381469727,0.9897000193595886,0.04919999837875366,0.07029999792575836
Cre03.g154550.t1.1,Mitochondrion,Mitochondrial transit peptide,Soluble,0.3808000087738037,0.16200000047683716,0.03500000014901161,0.08070000261068344,0.7721999883651733,0.3580000102519989,0.02539999969303608,0.06469999998807907,0.1891999989748001,0.020099999383091927,0.4066999852657318,0.1509000062942505,0.11079999804496765,0.6586999893188477
Cre03.g155051.t1.1,Endoplasmic reticulum,Signal peptide,Transmembrane,0.2295999974012375,0.06310000270605087,0.21490000188350677,0.22190000116825104,0.30790001153945923,0.20810000598430634,0.7692999839782715,0.1712000072002411,0.2020999938249588,0.5058000087738037,0.2696000039577484,0.9643999934196472,0.2125999927520752,0.15539999306201935
Cre03.g155200.t1.1,Plastid,Chloroplast transit peptide,Peripheral|Soluble,0.23659999668598175,0.08410000056028366,0.07349999994039536,0.031300000846385956,0.2655999958515167,0.8901000022888184,0.04800000041723251,0.06719999760389328,0.1388999968767166,0.023399999365210533,0.6175000071525574,0.08410000056028366,0.11240000277757645,0.6255000233650208
Cre03.g157700.t1.2,Mitochondrion,Transmembrane domain,Transmembrane,0.1354999989271164,0.2101999968290329,0.027300000190734863,0.03550000116229057,0.8960999846458435,0.06030000001192093,0.125,0.04390000179409981,0.019700000062584877,0.024299999698996544,0.22100000083446503,0.9894000291824341,0.05889999866485596,0.08659999817609787
Cre03.g158900.t1.2,Plastid,Chloroplast transit peptide,Peripheral|Soluble,0.09690000116825104,0.06499999761581421,0.0272000003606081,0.09719999879598618,0.1517000049352646,0.9589999914169312,0.045499999076128006,0.02410000003874302,0.029100000858306885,0.005799999926239252,0.7174000144004822,0.023499999195337296,0.1437000036239624,0.7440000176429749
Cre03.g159254.t1.2,Cell membrane,Transmembrane domain,Transmembrane,0.25519999861717224,0.03480000048875809,0.028599999845027924,0.633400022983551,0.17080000042915344,0.033799998462200165,0.2782000005245209,0.5386000275611877,0.45669999718666077,0.003800000064074993,0.08839999884366989,0.9663000106811523,0.10580000281333923,0.15289999544620514
Cre03.g159254.t2.1,Cell membrane,Transmembrane domain,Transmembrane,0.25519999861717224,0.03480000048875809,0.028599999845027924,0.633400022983551,0.17080000042915344,0.033799998462200165,0.2782000005245209,0.5386000275611877,0.45669999718666077,0.003800000064074993,0.08839999884366989,0.9663000106811523,0.10580000281333923,0.15289999544620514
Cre03.g159500.t1.2,Cytoplasm,,Soluble,0.5049999952316284,0.25999999046325684,0.39480000734329224,0.17520000040531158,0.1607999950647354,0.020400000736117363,0.06930000334978104,0.25699999928474426,0.24529999494552612,0.016899999231100082,0.3880000114440918,0.1728000044822693,0.2483000010251999,0.671500027179718
Cre03.g159500.t2.1,Cytoplasm,,Soluble,0.5049999952316284,0.25999999046325684,0.39480000734329224,0.17520000040531158,0.1607999950647354,0.020400000736117363,0.06930000334978104,0.25699999928474426,0.24529999494552612,0.016899999231100082,0.3880000114440918,0.1728000044822693,0.2483000010251999,0.671500027179718
Cre03.g159500.t3.1,Cytoplasm,,Soluble,0.5049999952316284,0.25999999046325684,0.39480000734329224,0.17520000040531158,0.1607999950647354,0.020400000736117363,0.06930000334978104,0.25699999928474426,0.24529999494552612,0.016899999231100082,0.3880000114440918,0.1728000044822693,0.2483000010251999,0.671500027179718
Cre03.g159500.t4.1,Cytoplasm,,Soluble,0.5049999952316284,0.25999999046325684,0.39480000734329224,0.17520000040531158,0.1607999950647354,0.020400000736117363,0.06930000334978104,0.25699999928474426,0.24529999494552612,0.016899999231100082,0.3880000114440918,0.1728000044822693,0.2483000010251999,0.671500027179718
Cre03.g159500.t5.1,Cytoplasm,,Soluble,0.5049999952316284,0.25999999046325684,0.39480000734329224,0.17520000040531158,0.1607999950647354,0.020400000736117363,0.06930000334978104,0.25699999928474426,0.24529999494552612,0.016899999231100082,0.3880000114440918,0.1728000044822693,0.2483000010251999,0.671500027179718
Cre03.g159800.t1.1,Plastid,Chloroplast transit peptide,Soluble,0.2590999901294708,0.0771000012755394,0.058400001376867294,0.0812000036239624,0.0925000011920929,0.9905999898910522,0.05130000039935112,0.04960000142455101,0.16410000622272491,0.02930000051856041,0.5461000204086304,0.12559999525547028,0.10760000348091125,0.7818999886512756
Cre03.g160200.t1.2,Extracellular,Signal peptide,Soluble,0.11460000276565552,0.14429999887943268,0.638700008392334,0.09939999878406525,0.08079999685287476,0.030899999663233757,0.551800012588501,0.5177000164985657,0.3255000114440918,0.0013000000035390258,0.31839999556541443,0.0706000030040741,0.07289999723434448,0.8432000279426575
Cre03.g160200.t2.1,Extracellular,Signal peptide,Soluble,0.11460000276565552,0.14429999887943268,0.638700008392334,0.09939999878406525,0.08079999685287476,0.030899999663233757,0.551800012588501,0.5177000164985657,0.3255000114440918,0.0013000000035390258,0.31839999556541443,0.0706000030040741,0.07289999723434448,0.8432000279426575
Cre03.g160400.t1.2,Cell membrane|Lysosome/Vacuole,Transmembrane domain,Transmembrane,0.1251000016927719,0.061400000005960464,0.015599999576807022,0.5795999765396118,0.0794999971985817,0.03700000047683716,0.49639999866485596,0.6608999967575073,0.46779999136924744,0.013000000268220901,0.18850000202655792,0.9537000060081482,0.06459999829530716,0.1282999962568283
Cre03.g160500.t1.2,Cytoplasm,Nuclear localization signal,Soluble,0.8019000291824341,0.3222000002861023,0.02810000069439411,0.06369999796152115,0.14419999718666077,0.00800000037997961,0.14030000567436218,0.05829999968409538,0.0794999971985817,0.002899999963119626,0.2883000075817108,0.0478999987244606,0.0860000029206276,0.8543999791145325
Cre03.g161000.t1.1,Cytoplasm,,Soluble,0.7443000078201294,0.2231999933719635,0.12110000103712082,0.10989999771118164,0.09860000014305115,0.10159999877214432,0.06120000034570694,0.1665000021457672,0.10419999808073044,0.048500001430511475,0.3407000005245209,0.09019999951124191,0.07069999724626541,0.8580999970436096
Cre03.g161400.t1.2,Plastid,Chloroplast transit peptide,Soluble,0.17720000445842743,0.13600000739097595,0.022299999371170998,0.027699999511241913,0.054499998688697815,0.972000002861023,0.010400000028312206,0.019999999552965164,0.020999999716877937,0.003800000064074993,0.4106000065803528,0.0681999996304512,0.0723000019788742,0.8220000267028809
Cre03.g162000.t1.2,Golgi apparatus,Transmembrane domain,Transmembrane,0.06809999793767929,0.11050000041723251,0.03790000081062317,0.3224000036716461,0.211899995803833,0.012799999676644802,0.3756999969482422,0.3467999994754791,0.8223999738693237,0.12520000338554382,0.09210000187158585,0.9729999899864197,0.1023000031709671,0.07639999687671661
Cre03.g162550.t1.1,Cytoplasm,Peroxisomal targeting signal,Soluble,0.7817999720573425,0.27880001068115234,0.22939999401569366,0.08839999884366989,0.1914999932050705,0.04529999941587448,0.14499999582767487,0.20239999890327454,0.26019999384880066,0.07000000029802322,0.5788999795913696,0.10119999945163727,0.10869999974966049,0.7649000287055969
Cre03.g162601.t1.1,Mitochondrion,Mitochondrial transit peptide,Transmembrane,0.12219999730587006,0.05649999901652336,0.04969999939203262,0.0617000013589859,0.8307999968528748,0.3926999866962433,0.0502999983727932,0.029500000178813934,0.09120000153779984,0.013500000350177288,0.21359999477863312,0.9323999881744385,0.02410000003874302,0.17000000178813934
Cre03.g162650.t1.2,Mitochondrion,Mitochondrial transit peptide,Soluble,0.2222999930381775,0.033900000154972076,0.08950000256299973,0.11159999668598175,0.8901000022888184,0.38499999046325684,0.03500000014901161,0.08009999990463257,0.09049999713897705,0.021199999377131462,0.33709999918937683,0.15929999947547913,0.10570000112056732,0.7562000155448914
Cre03.g163350.t1.2,Cytoplasm,Peroxisomal targeting signal,Soluble,0.6625999808311462,0.1348000019788742,0.19769999384880066,0.15000000596046448,0.24140000343322754,0.10400000214576721,0.10289999842643738,0.1851000040769577,0.23739999532699585,0.12960000336170197,0.28360000252723694,0.37709999084472656,0.24390000104904175,0.6104000210762024
Cre03.g163950.t1.1,Cytoplasm,,Soluble,0.6258999705314636,0.3644999861717224,0.07909999787807465,0.1363999992609024,0.1737000048160553,0.08380000293254852,0.08820000290870667,0.12160000205039978,0.2134999930858612,0.06340000033378601,0.3750999867916107,0.16979999840259552,0.07909999787807465,0.7360000014305115
Cre03.g164350.t1.1,Cytoplasm,,Soluble,0.6692000031471252,0.35420000553131104,0.06440000236034393,0.04820000007748604,0.507099986076355,0.05550000071525574,0.04610000178217888,0.15070000290870667,0.02800000086426735,0.10429999977350235,0.3458000123500824,0.05909999832510948,0.05730000138282776,0.8539000153541565
Cre03.g164600.t1.2,Cell membrane,Transmembrane domain,Transmembrane,0.27619999647140503,0.11150000244379044,0.018799999728798866,0.6179999709129333,0.11739999800920486,0.008100000210106373,0.49050000309944153,0.5414999723434448,0.4634999930858612,0.0017999999690800905,0.13099999725818634,0.9786999821662903,0.0860000029206276,0.08590000122785568
Cre03.g165050.t1.2,Cell membrane,Transmembrane domain,Transmembrane,0.30320000648498535,0.11190000176429749,0.021800000220537186,0.5307999849319458,0.07540000230073929,0.021400000900030136,0.4277999997138977,0.4415000081062317,0.2793000042438507,0.002899999963119626,0.11010000109672546,0.9666000008583069,0.05620000138878822,0.12700000405311584
Cre03.g165100.t1.2,Plastid,,Transmembrane,0.07970000058412552,0.07039999961853027,0.051100000739097595,0.04170000180602074,0.12710000574588776,0.9696000218391418,0.015200000256299973,0.009800000116229057,0.06040000170469284,0.0026000000070780516,0.18389999866485596,0.9824000000953674,0.04430000111460686,0.07750000059604645
Cre03.g165700.t1.1,Cytoplasm,Nuclear localization signal,Soluble,0.7986999750137329,0.2750999927520752,0.03680000081658363,0.22759999334812164,0.06390000134706497,0.02930000051856041,0.358599990606308,0.4496000111103058,0.29120001196861267,0.02370000071823597,0.3781000077724457,0.11840000003576279,0.07880000025033951,0.8420000076293945
Cre03.g166950.t1.2,Cytoplasm,,Soluble,0.5870000123977661,0.211899995803833,0.22030000388622284,0.22689999639987946,0.1535000056028366,0.4011000096797943,0.07190000265836716,0.08500000089406967,0.033799998462200165,0.02889999933540821,0.263700008392334,0.21930000185966492,0.12039999663829803,0.7645000219345093
Cre03.g167051.t1.2,Cytoplasm,Peroxisomal targeting signal,Soluble,0.7889999747276306,0.2222999930381775,0.027499999850988388,0.09279999881982803,0.4325999915599823,0.14800000190734863,0.20509999990463257,0.29910001158714294,0.16519999504089355,0.46650001406669617,0.43639999628067017,0.06790000200271606,0.10189999639987946,0.7651000022888184
Cre03.g168550.t1.1,Plastid,Chloroplast transit peptide,Transmembrane,0.13670000433921814,0.058800000697374344,0.019700000062584877,0.051899999380111694,0.07569999992847443,0.9775000214576721,0.031199999153614044,0.03970000147819519,0.03280000016093254,0.006899999920278788,0.1046999990940094,0.9528999924659729,0.024299999698996544,0.14980000257492065
Cre03.g168700.t1.2,Cytoplasm,,Soluble,0.6586999893188477,0.290800005197525,0.06729999929666519,0.30079999566078186,0.5015000104904175,0.1444000005722046,0.05820000171661377,0.14560000598430634,0.049300000071525574,0.10899999737739563,0.41850000619888306,0.060600001364946365,0.23690000176429749,0.8044999837875366
Cre03.g169400.t1.2,Cytoplasm,,Soluble,0.7718999981880188,0.3921000063419342,0.053700000047683716,0.2037999927997589,0.29899999499320984,0.022600000724196434,0.1632000058889389,0.08789999783039093,0.09989999979734421,0.11400000005960464,0.26030001044273376,0.045499999076128006,0.1671999990940094,0.8553000092506409
Cre03.g169850.t1.2,Cytoplasm,Nuclear localization signal,Soluble,0.6736000180244446,0.2554999887943268,0.07890000194311142,0.12880000472068787,0.2728999853134155,0.0272000003606081,0.21660000085830688,0.11020000278949738,0.18150000274181366,0.007000000216066837,0.4677000045776367,0.0934000015258789,0.10010000318288803,0.7537000179290771
Cre03.g171300.t1.2,Peroxisome,Peroxisomal targeting signal,Soluble,0.2651999890804291,0.17100000381469727,0.016599999740719795,0.06970000267028809,0.30469998717308044,0.04039999842643738,0.2948000133037567,0.1348000019788742,0.05700000002980232,0.9864000082015991,0.435699999332428,0.10119999945163727,0.1145000010728836,0.7537999749183655
Cre03.g171461.t1.1,Plastid,,Soluble,0.23199999332427979,0.06589999794960022,0.12870000302791595,0.10350000113248825,0.5992000102996826,0.8691999912261963,0.026799999177455902,0.027499999850988388,0.06390000134706497,0.011800000444054604,0.35179999470710754,0.1673000007867813,0.18160000443458557,0.7188000082969666
Cre03.g171950.t1.1,Cytoplasm,,Soluble,0.6413999795913696,0.1858000010251999,0.04820000007748604,0.21709999442100525,0.120899997651577,0.3564000129699707,0.0723000019788742,0.22010000050067902,0.05849999934434891,0.01590000092983246,0.5525000095367432,0.12330000102519989,0.06549999862909317,0.7455000281333923
Cre03.g172000.t1.2,Plastid,Chloroplast transit peptide,Peripheral|Soluble,0.11869999766349792,0.07020000368356705,0.0272000003606081,0.022700000554323196,0.12960000336170197,0.9894000291824341,0.03310000151395798,0.02500000037252903,0.04569999873638153,0.0032999999821186066,0.6019999980926514,0.11509999632835388,0.1923999935388565,0.5995000004768372
Cre03.g172250.t1.1,Plastid,,Soluble,0.12780000269412994,0.09449999779462814,0.10270000249147415,0.09139999747276306,0.4819999933242798,0.7570000290870667,0.04430000111460686,0.020400000736117363,0.02979999966919422,0.019700000062584877,0.32820001244544983,0.17679999768733978,0.034699998795986176,0.8141000270843506
Cre03.g172300.t1.2,Mitochondrion,,Transmembrane,0.20250000059604645,0.1177000030875206,0.058400001376867294,0.18150000274181366,0.7914999723434448,0.04390000179409981,0.31279999017715454,0.1185000017285347,0.18359999358654022,0.0340999998152256,0.40139999985694885,0.7588000297546387,0.10830000042915344,0.18320000171661377
Cre03.g172850.t1.2,Plastid,Chloroplast transit peptide,Soluble,0.15070000290870667,0.10509999841451645,0.026100000366568565,0.028300000354647636,0.15760000050067902,0.9663000106811523,0.012600000016391277,0.019600000232458115,0.01810000091791153,0.00430000014603138,0.5192000269889832,0.06239999830722809,0.12919999659061432,0.8188999891281128
Cre03.g173800.t1.2,Plastid,,Soluble,0.27090001106262207,0.09679999947547913,0.20970000326633453,0.20659999549388885,0.5838000178337097,0.8277000188827515,0.030799999833106995,0.07410000264644623,0.17720000445842743,0.04179999977350235,0.4097000062465668,0.18199999630451202,0.09049999713897705,0.7228999733924866
Cre03.g173800.t2.1,Plastid,,Soluble,0.27090001106262207,0.09679999947547913,0.20970000326633453,0.20659999549388885,0.5838000178337097,0.8277000188827515,0.030799999833106995,0.07410000264644623,0.17720000445842743,0.04179999977350235,0.4097000062465668,0.18199999630451202,0.09049999713897705,0.7228999733924866
Cre03.g174400.t1.2,Cytoplasm,Nuclear export signal,Soluble,0.7332000136375427,0.39489999413490295,0.02590000070631504,0.08340000361204147,0.18870000541210175,0.020099999383091927,0.29750001430511475,0.36899998784065247,0.5685999989509583,0.08070000261068344,0.4440999925136566,0.0966000035405159,0.05130000039935112,0.7979000210762024
Cre03.g175250.t1.2,Endoplasmic reticulum,Signal peptide|Transmembrane domain,Transmembrane,0.17319999635219574,0.15729999542236328,0.20810000598430634,0.3070000112056732,0.3910999894142151,0.048900000751018524,0.6643999814987183,0.2962000072002411,0.4494999945163727,0.12389999628067017,0.5019999742507935,0.8569999933242798,0.18639999628067017,0.16220000386238098
Cre03.g175250.t2.1,Endoplasmic reticulum,Signal peptide|Transmembrane domain,Transmembrane,0.17319999635219574,0.15729999542236328,0.20810000598430634,0.3070000112056732,0.3910999894142151,0.048900000751018524,0.6643999814987183,0.2962000072002411,0.4494999945163727,0.12389999628067017,0.5019999742507935,0.8569999933242798,0.18639999628067017,0.16220000386238098
Cre03.g175400.t1.2,Plastid,Chloroplast transit peptide,Peripheral|Soluble,0.20990000665187836,0.10040000081062317,0.026399999856948853,0.07509999722242355,0.22040000557899475,0.975600004196167,0.023900000378489494,0.07530000060796738,0.08370000123977661,0.01360000018030405,0.6464999914169312,0.0917000025510788,0.12919999659061432,0.7706000208854675
Cre03.g175400.t2.1,Plastid,Chloroplast transit peptide,Peripheral|Soluble,0.20990000665187836,0.10040000081062317,0.026399999856948853,0.07509999722242355,0.22040000557899475,0.975600004196167,0.023900000378489494,0.07530000060796738,0.08370000123977661,0.01360000018030405,0.6464999914169312,0.0917000025510788,0.12919999659061432,0.7706000208854675
Cre03.g176800.t1.1,Cytoplasm,,Soluble,0.7171000242233276,0.19189999997615814,0.17270000278949738,0.09690000116825104,0.19020000100135803,0.3479999899864197,0.039500001817941666,0.05119999870657921,0.05480000004172325,0.0210999995470047,0.30090001225471497,0.16380000114440918,0.059300001710653305,0.7813000082969666
Cre03.g180250.t1.2,Cytoplasm,Nuclear localization signal|Nuclear export signal,Soluble,0.7634000182151794,0.4205999970436096,0.0820000022649765,0.13230000436306,0.14869999885559082,0.02630000002682209,0.08470000326633453,0.20669999718666077,0.19859999418258667,0.03099999949336052,0.44200000166893005,0.04780000075697899,0.20509999990463257,0.8044000267982483
Cre03.g180300.t1.2,Mitochondrion,,Peripheral|Transmembrane,0.29490000009536743,0.1429000049829483,0.08910000324249268,0.2867000102996826,0.5275999903678894,0.11590000241994858,0.47200000286102295,0.07000000029802322,0.1298999935388565,0.11779999732971191,0.6762999892234802,0.64410001039505,0.10000000149011612,0.2644999921321869
Cre03.g180450.t1.2,Cytoplasm,,Peripheral|Lipid anchor,0.579800009727478,0.19859999418258667,0.12809999287128448,0.48240000009536743,0.1306000053882599,0.017899999395012856,0.12620000541210175,0.5264000296592712,0.4221999943256378,0.023600000888109207,0.6539000272750854,0.25,0.9632999897003174,0.30550000071525574
Cre03.g180550.t1.2,Cytoplasm,,Soluble,0.8222000002861023,0.3086000084877014,0.060100000351667404,0.12380000203847885,0.16249999403953552,0.007699999958276749,0.11159999668598175,0.36500000953674316,0.2547000050544739,0.012799999676644802,0.4668999910354614,0.0494999997317791,0.25600001215934753,0.7892000079154968
Cre03.g180600.t1.1,Cytoplasm,,Lipid anchor,0.6215999722480774,0.20720000565052032,0.1589999943971634,0.44290000200271606,0.16670000553131104,0.030700000002980232,0.15610000491142273,0.5331000089645386,0.4131999909877777,0.009700000286102295,0.5382999777793884,0.1712999939918518,0.948199987411499,0.39640000462532043
Cre03.g180750.t1.2,Cytoplasm,,Soluble,0.7113000154495239,0.2556999921798706,0.10890000313520432,0.163100004196167,0.18870000541210175,0.07559999823570251,0.06120000034570694,0.11900000274181366,0.0560000017285347,0.03849999979138374,0.36039999127388,0.10760000348091125,0.08049999922513962,0.8373000025749207
Cre03.g181200.t1.2,Mitochondrion,Mitochondrial transit peptide,Soluble,0.22869999706745148,0.06790000200271606,0.04529999941587448,0.038600001484155655,0.8981999754905701,0.08500000089406967,0.05350000038743019,0.05909999832510948,0.06750000268220901,0.04010000079870224,0.5956000089645386,0.15299999713897705,0.11069999635219574,0.6776000261306763
Cre03.g181300.t1.2,Plastid,Chloroplast transit peptide,Soluble,0.15119999647140503,0.1151999980211258,0.024900000542402267,0.02979999966919422,0.1445000022649765,0.9854999780654907,0.02370000071823597,0.026200000196695328,0.04129999876022339,0.008700000122189522,0.5687000155448914,0.10540000349283218,0.09589999914169312,0.6888999938964844
Cre03.g181400.t1.1,Cytoplasm,,Soluble,0.729200005531311,0.2176000028848648,0.06909999996423721,0.14509999752044678,0.1387999951839447,0.09769999980926514,0.07769999653100967,0.1688999980688095,0.0860000029206276,0.0608999989926815,0.30720001459121704,0.12880000472068787,0.10400000214576721,0.8273000121116638
Cre03.g182050.t1.2,Cytoplasm,,Soluble,0.6219000220298767,0.1273999959230423,0.10819999873638153,0.32710000872612,0.11309999972581863,0.06669999659061432,0.2054000049829483,0.3328999876976013,0.34360000491142273,0.03869999945163727,0.5722000002861023,0.17100000381469727,0.1589999943971634,0.633899986743927
Cre03.g182100.t1.1,Cytoplasm|Nucleus,Nuclear localization signal,Soluble,0.48350000381469727,0.6549000144004822,0.12240000069141388,0.024700000882148743,0.060600001364946365,0.12129999697208405,0.08169999718666077,0.09529999643564224,0.12559999525547028,0.027899999171495438,0.34779998660087585,0.09269999712705612,0.1242000013589859,0.8079000115394592
Cre03.g182300.t1.1,Plastid,Chloroplast transit peptide,Peripheral|Soluble,0.22100000083446503,0.10019999742507935,0.0414000004529953,0.03590000048279762,0.21699999272823334,0.9498000144958496,0.054499998688697815,0.048700001090765,0.10270000249147415,0.015399999916553497,0.7264000177383423,0.05490000173449516,0.13410000503063202,0.7656000256538391
Cre03.g182450.t1.2,Plastid,Chloroplast transit peptide,Soluble,0.13850000500679016,0.07909999787807465,0.03319999948143959,0.04910000041127205,0.22619999945163727,0.965399980545044,0.017500000074505806,0.025599999353289604,0.04190000146627426,0.003000000026077032,0.5386999845504761,0.06319999694824219,0.07530000060796738,0.7858999967575073
Cre03.g182650.t1.2,Mitochondrion|Plastid,,Peripheral,0.3375000059604645,0.09480000287294388,0.1445000022649765,0.12559999525547028,0.6444000005722046,0.8064000010490417,0.1289999932050705,0.048900000751018524,0.05139999836683273,0.13169999420642853,0.6758999824523926,0.428600013256073,0.11140000075101852,0.46950000524520874
Cre03.g182800.t1.1,Cytoplasm,Nuclear export signal,Soluble,0.698199987411499,0.3686000108718872,0.12409999966621399,0.16990000009536743,0.444599986076355,0.045099999755620956,0.1867000013589859,0.33570000529289246,0.2451000064611435,0.08139999955892563,0.3646000027656555,0.13699999451637268,0.08699999749660492,0.792900025844574
Cre03.g183700.t1.1,Cytoplasm,,Transmembrane,0.2919999957084656,0.15639999508857727,0.0625,0.31839999556541443,0.12700000405311584,0.13359999656677246,0.14180000126361847,0.22599999606609344,0.14509999752044678,0.015699999406933784,0.2386000007390976,0.9904000163078308,0.02810000069439411,0.09690000116825104
Cre03.g183850.t1.2,Plastid,Chloroplast transit peptide,Peripheral|Soluble,0.1265999972820282,0.06769999861717224,0.023000000044703484,0.022600000724196434,0.1256999969482422,0.9721999764442444,0.02800000086426735,0.015799999237060547,0.057500001043081284,0.0024999999441206455,0.8597999811172485,0.11240000277757645,0.04859999939799309,0.5214999914169312
Cre03.g184400.t1.2,Cytoplasm|Nucleus,,Soluble,0.7081000208854675,0.6545000076293945,0.10499999672174454,0.05660000070929527,0.4000000059604645,0.020600000396370888,0.05869999900460243,0.08869999647140503,0.07270000129938126,0.22030000388622284,0.2971000075340271,0.06790000200271606,0.0632999986410141,0.8292999863624573
Cre03.g184800.t1.1,Golgi apparatus,Signal peptide|Transmembrane domain,Transmembrane,0.16019999980926514,0.07509999722242355,0.16429999470710754,0.3885999917984009,0.08500000089406967,0.12110000103712082,0.3930000066757202,0.421999990940094,0.5329999923706055,0.017899999395012856,0.25920000672340393,0.9553999900817871,0.10570000112056732,0.11580000072717667
Cre03.g185000.t1.1,Cytoplasm,,Transmembrane,0.352400004863739,0.1324000060558319,0.06019999831914902,0.3709000051021576,0.20630000531673431,0.07079999893903732,0.21709999442100525,0.24819999933242798,0.21729999780654907,0.008700000122189522,0.2483000010251999,0.9878000020980835,0.03440000116825104,0.09969999641180038
Cre03.g185250.t1.2,Plastid,Chloroplast transit peptide,Soluble,0.14589999616146088,0.10530000180006027,0.02280000038444996,0.03700000047683716,0.04410000145435333,0.9889000058174133,0.04529999941587448,0.028699999675154686,0.04780000075697899,0.007699999958276749,0.5884000062942505,0.06499999761581421,0.06930000334978104,0.8300999999046326
Cre03.g185300.t1.2,Cytoplasm,,Soluble,0.8374000191688538,0.39980000257492065,0.08529999852180481,0.10270000249147415,0.45350000262260437,0.20239999890327454,0.10559999942779541,0.07919999957084656,0.09719999879598618,0.2745000123977661,0.5205000042915344,0.15199999511241913,0.1688999980688095,0.7833999991416931
Cre03.g185350.t1.1,Cytoplasm,Transmembrane domain,Transmembrane,0.3230000138282776,0.12489999830722809,0.06800000369548798,0.38029998540878296,0.2190999984741211,0.09019999951124191,0.23770000040531158,0.2653999924659729,0.23100000619888306,0.01269999984651804,0.24560000002384186,0.9883000254631042,0.0333000011742115,0.09860000014305115
Cre03.g185550.t1.2,Plastid,Chloroplast transit peptide,Peripheral|Soluble,0.14710000157356262,0.10660000145435333,0.026100000366568565,0.032099999487400055,0.03869999945163727,0.9767000079154968,0.018300000578165054,0.027499999850988388,0.05700000002980232,0.0044999998062849045,0.7412999868392944,0.041600000113248825,0.14090000092983246,0.7060999870300293
Cre03.g186200.t1.2,Endoplasmic reticulum,Transmembrane domain,Transmembrane,0.16259999573230743,0.16110000014305115,0.012400000356137753,0.12549999356269836,0.14640000462532043,0.006399999838322401,0.7825000286102295,0.20469999313354492,0.4569999873638153,0.002899999963119626,0.13099999725818634,0.9617000222206116,0.018200000748038292,0.16899999976158142
Cre03.g187450.t1.2,Plastid,Chloroplast transit peptide,Soluble,0.13650000095367432,0.08370000123977661,0.06340000033378601,0.03590000048279762,0.31119999289512634,0.8485999703407288,0.004999999888241291,0.03189999982714653,0.03020000085234642,0.002400000113993883,0.5080999732017517,0.03669999912381172,0.06300000101327896,0.777999997138977
Cre03.g188250.t1.2,Plastid,Chloroplast transit peptide,Soluble,0.1315000057220459,0.16619999706745148,0.024800000712275505,0.020500000566244125,0.12219999730587006,0.9789000153541565,0.02160000056028366,0.02630000002682209,0.03200000151991844,0.0044999998062849045,0.5249000191688538,0.06080000102519989,0.11509999632835388,0.8047000169754028
Cre03.g188800.t1.1,Cytoplasm,,Soluble,0.7635999917984009,0.1768999993801117,0.13819999992847443,0.2160000056028366,0.1551000028848648,0.14229999482631683,0.030300000682473183,0.262800008058548,0.20100000500679016,0.13429999351501465,0.43320000171661377,0.08799999952316284,0.12720000743865967,0.8575999736785889
Cre03.g189400.t1.2,Cytoplasm,Nuclear localization signal,Soluble,0.7275999784469604,0.2004999965429306,0.08389999717473984,0.06830000132322311,0.28630000352859497,0.013199999928474426,0.163100004196167,0.0957999974489212,0.12929999828338623,0.00800000037997961,0.41019999980926514,0.05209999904036522,0.10559999942779541,0.8025000095367432
Cre03.g189450.t1.2,Cytoplasm|Nucleus,Peroxisomal targeting signal,Soluble,0.520799994468689,0.5361999869346619,0.2757999897003174,0.08969999849796295,0.29440000653266907,0.11159999668598175,0.15469999611377716,0.15719999372959137,0.17239999771118164,0.10459999740123749,0.4056999981403351,0.09669999778270721,0.10270000249147415,0.821399986743927
Cre03.g189500.t1.2,Mitochondrion,,Transmembrane,0.36010000109672546,0.2558000087738037,0.27880001068115234,0.21580000221729279,0.6244999766349792,0.4810999929904938,0.25440001487731934,0.14350000023841858,0.10830000042915344,0.11060000211000443,0.367900013923645,0.6460000276565552,0.033399999141693115,0.36090001463890076
Cre03.g190500.t1.2,Extracellular|Endoplasmic reticulum|Lysosome/Vacuole,Signal peptide,Soluble,0.1615999937057495,0.0697999969124794,0.6388000249862671,0.08810000121593475,0.07050000131130219,0.019600000232458115,0.6564000248908997,0.6171000003814697,0.27549999952316284,0.00430000014603138,0.38609999418258667,0.12049999833106995,0.06199999898672104,0.7943000197410583
Cre03.g190750.t1.1,Mitochondrion,Mitochondrial transit peptide,Soluble,0.260699987411499,0.065700002014637,0.05920000001788139,0.05079999938607216,0.7773000001907349,0.3767000138759613,0.021299999207258224,0.0560000017285347,0.09239999949932098,0.02459999918937683,0.5598000288009644,0.08250000327825546,0.2535000145435333,0.7348999977111816
Cre03.g190800.t1.1,Cytoplasm,,Soluble,0.713699996471405,0.322299987077713,0.11819999665021896,0.07810000330209732,0.36090001463890076,0.049800001084804535,0.10700000077486038,0.19020000100135803,0.11869999766349792,0.04989999905228615,0.5166000127792358,0.05860000103712082,0.24899999797344208,0.7975999712944031
Cre03.g190850.t1.2,Peroxisome,Peroxisomal targeting signal,Soluble,0.40880000591278076,0.10899999737739563,0.018799999728798866,0.019899999722838402,0.2533999979496002,0.01590000092983246,0.1136000007390976,0.050599999725818634,0.042500000447034836,0.9825999736785889,0.45410001277923584,0.09399999678134918,0.13779999315738678,0.6704000234603882
Cre03.g192050.t1.1,Cell membrane|Lysosome/Vacuole,Transmembrane domain,Transmembrane,0.1657000035047531,0.0414000004529953,0.030700000002980232,0.7462999820709229,0.11150000244379044,0.022600000724196434,0.38440001010894775,0.6044999957084656,0.28459998965263367,0.004399999976158142,0.0414000004529953,0.982699990272522,0.17640000581741333,0.12929999828338623
Cre03.g192600.t1.1,Cytoplasm,Peroxisomal targeting signal,Soluble,0.5688999891281128,0.22179999947547913,0.09200000017881393,0.14139999449253082,0.18639999628067017,0.05609999969601631,0.050200000405311584,0.11079999804496765,0.14959999918937683,0.04399999976158142,0.40400001406669617,0.06239999830722809,0.10480000078678131,0.8450999855995178
Cre03.g193500.t1.2,Cytoplasm,,Soluble,0.5286999940872192,0.1624000072479248,0.11309999972581863,0.23250000178813934,0.1656000018119812,0.22040000557899475,0.13940000534057617,0.2705000042915344,0.22709999978542328,0.02979999966919422,0.5889999866485596,0.29660001397132874,0.1873999983072281,0.5430999994277954
Cre03.g193750.t1.1,Mitochondrion,Mitochondrial transit peptide,Soluble,0.1655000001192093,0.09120000153779984,0.04410000145435333,0.05770000070333481,0.9057999849319458,0.02160000056028366,0.03929999843239784,0.05660000070929527,0.04410000145435333,0.006099999882280827,0.5102999806404114,0.0786999985575676,0.06199999898672104,0.7613000273704529
Cre03.g193800.t1.1,Cytoplasm,Nuclear localization signal,Soluble,0.7218000292778015,0.4645000100135803,0.05609999969601631,0.09910000115633011,0.19750000536441803,0.0820000022649765,0.17159999907016754,0.1151999980211258,0.11710000038146973,0.006899999920278788,0.4498000144958496,0.07559999823570251,0.08730000257492065,0.7574999928474426
Cre03.g193850.t1.2,Mitochondrion,Mitochondrial transit peptide,Peripheral|Soluble,0.16899999976158142,0.06970000267028809,0.02019999921321869,0.1387999951839447,0.9294999837875366,0.025299999862909317,0.10320000350475311,0.0544000007212162,0.08489999920129776,0.055399999022483826,0.6748999953269958,0.06260000169277191,0.16200000047683716,0.7303000092506409
Cre03.g193950.t1.2,Plastid,Chloroplast transit peptide,Peripheral|Soluble,0.11129999905824661,0.06289999932050705,0.04390000179409981,0.030300000682473183,0.1014999970793724,0.9609000086784363,0.01600000075995922,0.017100000753998756,0.030799999833106995,0.0017999999690800905,0.7398999929428101,0.07010000199079514,0.04430000111460686,0.6086000204086304
Cre03.g194200.t1.2,Plastid,Chloroplast transit peptide,Soluble,0.06790000200271606,0.11909999698400497,0.02290000021457672,0.0406000018119812,0.121799997985363,0.927299976348877,0.010099999606609344,0.024700000882148743,0.02630000002682209,0.00279999990016222,0.5296000242233276,0.05990000069141388,0.1574999988079071,0.7440999746322632
Cre03.g194700.t1.1,Extracellular,Signal peptide,Soluble,0.29660001397132874,0.061000000685453415,0.6647999882698059,0.1818999946117401,0.06069999933242798,0.11580000072717667,0.1695999950170517,0.22840000689029694,0.1128000020980835,0.013100000098347664,0.2842000126838684,0.18569999933242798,0.065700002014637,0.7809000015258789
Cre03.g194850.t1.2,Plastid,Chloroplast transit peptide,Soluble,0.10530000180006027,0.057500001043081284,0.03009999915957451,0.04019999876618385,0.22050000727176666,0.8489999771118164,0.017100000753998756,0.03359999880194664,0.04089999943971634,0.006800000090152025,0.5508999824523926,0.041200000792741776,0.20640000700950623,0.7458999752998352
Cre03.g195600.t1.2,Cytoplasm,Peroxisomal targeting signal,Soluble,0.7730000019073486,0.1655000001192093,0.3070000112056732,0.262800008058548,0.10869999974966049,0.10970000177621841,0.1597999930381775,0.15440000593662262,0.07259999960660934,0.1468999981880188,0.3939000070095062,0.23070000112056732,0.07339999824762344,0.7577999830245972
Cre03.g197750.t1.2,Plastid,Chloroplast transit peptide,Peripheral|Soluble,0.16050000488758087,0.09629999846220016,0.04989999905228615,0.031700000166893005,0.1842000037431717,0.9215999841690063,0.029200000688433647,0.016899999231100082,0.02280000038444996,0.0027000000700354576,0.8108999729156494,0.05000000074505806,0.17470000684261322,0.6069999933242798
Cre03.g198200.t1.1,Cell membrane,Transmembrane domain,Transmembrane,0.3285999894142151,0.12720000743865967,0.033900000154972076,0.4307999908924103,0.22310000658035278,0.05860000103712082,0.34700000286102295,0.3353999853134155,0.33149999380111694,0.0052999998442828655,0.16269999742507935,0.9896000027656555,0.028200000524520874,0.10029999911785126
Cre03.g198850.t1.2,Plastid,Thylakoid luminal transit peptide,Peripheral|Soluble,0.14020000398159027,0.04149999842047691,0.07900000363588333,0.02319999970495701,0.1354999989271164,0.9715999960899353,0.027400000020861626,0.012900000438094139,0.03519999980926514,0.004999999888241291,0.6949999928474426,0.16110000014305115,0.02539999969303608,0.6929000020027161
Cre03.g199423.t1.1,Mitochondrion,Mitochondrial transit peptide,Peripheral,0.22769999504089355,0.09880000352859497,0.12080000340938568,0.08950000256299973,0.9205999970436096,0.09870000183582306,0.18000000715255737,0.14489999413490295,0.05420000106096268,0.033900000154972076,0.7390000224113464,0.27070000767707825,0.1582999974489212,0.47130000591278076
Cre03.g199800.t1.1,Plastid,Chloroplast transit peptide,Soluble,0.1745000034570694,0.0746999979019165,0.060100000351667404,0.032099999487400055,0.20389999449253082,0.9634000062942505,0.01720000058412552,0.019200000911951065,0.039000000804662704,0.003100000089034438,0.5875999927520752,0.04439999908208847,0.09860000014305115,0.7484999895095825
Cre03.g200250.t1.2,Plastid,Chloroplast transit peptide,Soluble,0.1264999955892563,0.14010000228881836,0.05689999833703041,0.0348999984562397,0.08749999850988388,0.9075999855995178,0.014700000174343586,0.04439999908208847,0.027499999850988388,0.004800000227987766,0.524399995803833,0.07370000332593918,0.09480000287294388,0.7961999773979187
Cre03.g200543.t1.1,Mitochondrion,,Transmembrane,0.14980000257492065,0.07270000129938126,0.25600001215934753,0.1678999960422516,0.7943000197410583,0.24300000071525574,0.20980000495910645,0.21379999816417694,0.14499999582767487,0.27619999647140503,0.12700000405311584,0.9221000075340271,0.10610000044107437,0.23190000653266907
Cre03.g202113.t1.1,Plastid,Chloroplast transit peptide,Soluble,0.2126999944448471,0.10300000011920929,0.032999999821186066,0.023900000378489494,0.18860000371932983,0.9668999910354614,0.018799999728798866,0.019600000232458115,0.03579999879002571,0.00559999980032444,0.491100013256073,0.03290000185370445,0.08169999718666077,0.8592000007629395
Cre03.g203600.t1.2,Cytoplasm,,Soluble,0.7609999775886536,0.2142000049352646,0.1979999989271164,0.17190000414848328,0.21950000524520874,0.09860000014305115,0.06400000303983688,0.2944999933242798,0.1347000002861023,0.01209999993443489,0.3366999924182892,0.12370000034570694,0.13220000267028809,0.7742000222206116
Cre03.g203850.t1.2,Plastid,Chloroplast transit peptide,Peripheral|Soluble,0.20260000228881836,0.10760000348091125,0.023800000548362732,0.025599999353289604,0.11720000207424164,0.9861999750137329,0.023099999874830246,0.02410000003874302,0.05829999968409538,0.00279999990016222,0.6270999908447266,0.030899999663233757,0.05420000106096268,0.8393999934196472
Cre03.g204250.t1.2,Cytoplasm,,Soluble,0.6118000149726868,0.2721000015735626,0.13300000131130219,0.357699990272522,0.28940001130104065,0.04650000110268593,0.0803999975323677,0.15289999544620514,0.07519999891519547,0.04340000078082085,0.46720001101493835,0.07169999927282333,0.1981000006198883,0.7376999855041504
Cre03.g204601.t1.1,Cytoplasm,Nuclear localization signal|Nuclear export signal,Soluble,0.8600000143051147,0.3691999912261963,0.09740000218153,0.24210000038146973,0.16850000619888306,0.021900000050663948,0.29910001158714294,0.18199999630451202,0.3199000060558319,0.032499998807907104,0.3968000113964081,0.06159999966621399,0.2011999934911728,0.809499979019165
Cre03.g205050.t1.2,Endoplasmic reticulum,Transmembrane domain,Transmembrane,0.20000000298023224,0.08540000021457672,0.04989999905228615,0.1062999963760376,0.23109999299049377,0.07169999927282333,0.8166000247001648,0.1906999945640564,0.24770000576972961,0.010099999606609344,0.5012999773025513,0.8021000027656555,0.06700000166893005,0.2750000059604645
Cre03.g205900.t1.2,Cytoplasm|Nucleus,Nuclear export signal,Soluble,0.7731000185012817,0.54339998960495,0.05420000106096268,0.18000000715255737,0.17560000717639923,0.00839999970048666,0.07100000232458115,0.2168000042438507,0.15559999644756317,0.041600000113248825,0.2782000005245209,0.04600000008940697,0.17829999327659607,0.8992000222206116
Cre03.g206600.t1.2,Plastid,Chloroplast transit peptide,Soluble,0.10970000177621841,0.08810000121593475,0.032600000500679016,0.04280000180006027,0.19480000436306,0.9758999943733215,0.01759999990463257,0.03139999881386757,0.03999999910593033,0.004000000189989805,0.5943999886512756,0.07500000298023224,0.1979999989271164,0.7465000152587891
Cre03.g206800.t1.1,Plastid,Chloroplast transit peptide,Transmembrane,0.18469999730587006,0.03449999913573265,0.06889999657869339,0.08079999685287476,0.14959999918937683,0.9699000120162964,0.03280000016093254,0.030500000342726707,0.05950000137090683,0.029899999499320984,0.2705000042915344,0.9035999774932861,0.05649999901652336,0.19220000505447388
Cre03.g207250.t1.2,Cytoplasm,Nuclear localization signal,Soluble,0.7121000289916992,0.3644999861717224,0.09269999712705612,0.21610000729560852,0.10729999840259552,0.011500000022351742,0.04729999974370003,0.1776999980211258,0.1648000031709671,0.01119999960064888,0.25110000371932983,0.08720000088214874,0.34529998898506165,0.8148000240325928
Cre03.g207700.t1.1,Cytoplasm|Nucleus,Nuclear localization signal,Soluble,0.5809000134468079,0.6692000031471252,0.17350000143051147,0.05920000001788139,0.23100000619888306,0.010999999940395355,0.06449999660253525,0.09260000288486481,0.027499999850988388,0.01080000028014183,0.19499999284744263,0.10440000146627426,0.05770000070333481,0.8737999796867371
Cre03.g207713.t1.1,Plastid,Chloroplast transit peptide,Soluble,0.16099999845027924,0.12460000067949295,0.02979999966919422,0.024900000542402267,0.06960000097751617,0.9846000075340271,0.03290000185370445,0.031300000846385956,0.03869999945163727,0.00419999985024333,0.3716000020503998,0.08789999783039093,0.053599998354911804,0.8303999900817871
Cre03.g208050.t1.2,Plastid,Chloroplast transit peptide,Soluble,0.14259999990463257,0.05810000002384186,0.04179999977350235,0.01769999973475933,0.10040000081062317,0.9793000221252441,0.019700000062584877,0.013100000098347664,0.033399999141693115,0.0031999999191612005,0.5163999795913696,0.1103999987244606,0.11640000343322754,0.6133999824523926
Cre03.g211745.t1.1,Peroxisome,Peroxisomal targeting signal,Soluble,0.2791000008583069,0.1143999993801117,0.01889999955892563,0.11599999666213989,0.10520000010728836,0.03240000084042549,0.26420000195503235,0.2011999934911728,0.12800000607967377,0.9538000226020813,0.36239999532699585,0.12430000305175781,0.09539999812841415,0.7638000249862671
Cre03.g213313.t1.1,Mitochondrion,Mitochondrial transit peptide,Soluble,0.2773999869823456,0.05130000039935112,0.11860000342130661,0.03319999948143959,0.6722999811172485,0.3492000102996826,0.12200000137090683,0.09239999949932098,0.16850000619888306,0.1891999989748001,0.569599986076355,0.1256999969482422,0.13689999282360077,0.6040999889373779
Cre04.g213250.t1.2,Cytoplasm,,Soluble,0.8392999768257141,0.20649999380111694,0.0908999964594841,0.09200000017881393,0.14190000295639038,0.10840000212192535,0.25839999318122864,0.0414000004529953,0.06650000065565109,0.03629999980330467,0.46810001134872437,0.10119999945163727,0.0674000009894371,0.8216000199317932
Cre04.g214100.t1.2,Plastid,Chloroplast transit peptide,Soluble,0.13830000162124634,0.05310000106692314,0.04989999905228615,0.05480000004172325,0.12229999899864197,0.9937999844551086,0.03220000118017197,0.044599998742341995,0.04659999907016754,0.021900000050663948,0.5806999802589417,0.08420000225305557,0.10660000145435333,0.7195000052452087
Cre04.g214500.t1.1,Mitochondrion,Mitochondrial transit peptide,Soluble,0.24279999732971191,0.1469999998807907,0.03530000150203705,0.03689999878406525,0.9025999903678894,0.003000000026077032,0.028599999845027924,0.05270000174641609,0.039900001138448715,0.019899999722838402,0.519599974155426,0.04800000041723251,0.058400001376867294,0.7817000150680542
Cre04.g214502.t1.1,Cytoplasm,,Soluble,0.8784999847412109,0.462799996137619,0.05090000107884407,0.05339999869465828,0.22390000522136688,0.023399999365210533,0.14079999923706055,0.20759999752044678,0.23770000040531158,0.012400000356137753,0.34130001068115234,0.05169999971985817,0.14259999990463257,0.8614000082015991
Cre04.g214650.t1.1,Cytoplasm,,Transmembrane,0.3102000057697296,0.15929999947547913,0.06270000338554382,0.2955999970436096,0.19089999794960022,0.10999999940395355,0.18389999866485596,0.22689999639987946,0.20280000567436218,0.0020000000949949026,0.211899995803833,0.9890999794006348,0.02319999970495701,0.11729999631643295
Cre04.g215000.t1.2,Endoplasmic reticulum,Transmembrane domain,Transmembrane,0.21870000660419464,0.052299998700618744,0.054499998688697815,0.20100000500679016,0.27709999680519104,0.17980000376701355,0.5995000004768372,0.20759999752044678,0.3165000081062317,0.019300000742077827,0.16439999639987946,0.9217000007629395,0.02800000086426735,0.2720000147819519
Cre04.g215050.t1.2,Plastid,,Transmembrane,0.12269999831914902,0.08420000225305557,0.03229999914765358,0.044599998742341995,0.18060000240802765,0.8130000233650208,0.2257000058889389,0.039400000125169754,0.0868000015616417,0.006300000008195639,0.12049999833106995,0.9768000245094299,0.016200000420212746,0.1467999964952469
Cre04.g215150.t1.2,Plastid,Chloroplast transit peptide,Soluble,0.148499995470047,0.10189999639987946,0.03959999978542328,0.040300000458955765,0.08009999990463257,0.9922000169754028,0.025200000032782555,0.023099999874830246,0.031700000166893005,0.0066999997943639755,0.46880000829696655,0.1160999983549118,0.08250000327825546,0.8041999936103821
Cre04.g215150.t2.1,Plastid,Chloroplast transit peptide,Soluble,0.148499995470047,0.10189999639987946,0.03959999978542328,0.040300000458955765,0.08009999990463257,0.9922000169754028,0.025200000032782555,0.023099999874830246,0.031700000166893005,0.0066999997943639755,0.46880000829696655,0.1160999983549118,0.08250000327825546,0.8041999936103821
Cre04.g216100.t1.1,Mitochondrion|Plastid,Mitochondrial transit peptide,Soluble,0.27639999985694885,0.15160000324249268,0.09019999951124191,0.06360000371932983,0.6615999937057495,0.7297000288963318,0.010700000450015068,0.05559999868273735,0.08869999647140503,0.0877000018954277,0.5339999794960022,0.09399999678134918,0.04500000178813934,0.7290999889373779
Cre04.g216350.t1.2,Cytoplasm|Plastid,Chloroplast transit peptide|Peroxisomal targeting signal,Peripheral|Soluble,0.7462000250816345,0.14239999651908875,0.13120000064373016,0.20180000364780426,0.3653999865055084,0.9193999767303467,0.37599998712539673,0.4207000136375427,0.28290000557899475,0.2590000033378601,0.8030999898910522,0.14499999582767487,0.2554999887943268,0.5706999897956848
Cre04.g216950.t1.2,Plastid,Chloroplast transit peptide,Soluble,0.1678999960422516,0.06809999793767929,0.025699999183416367,0.03280000016093254,0.09709999710321426,0.9836999773979187,0.019200000911951065,0.0210999995470047,0.018300000578165054,0.00800000037997961,0.4083000123500824,0.17900000512599945,0.07540000230073929,0.7315000295639038
Cre04.g217915.t1.1,Cell membrane|Lysosome/Vacuole,,Transmembrane,0.4268999993801117,0.06449999660253525,0.06679999828338623,0.5666999816894531,0.14380000531673431,0.040699999779462814,0.3257000148296356,0.5982999801635742,0.41530001163482666,0.04919999837875366,0.14900000393390656,0.9563999772071838,0.054999999701976776,0.1762000024318695
Cre04.g217929.t1.1,Mitochondrion,Mitochondrial transit peptide,Soluble,0.25769999623298645,0.1128000020980835,0.03370000049471855,0.03750000149011612,0.8177000284194946,0.31049999594688416,0.06750000268220901,0.023800000548362732,0.0560000017285347,0.02669999934732914,0.5415999889373779,0.23559999465942383,0.05790000036358833,0.6057000160217285
Cre04.g217931.t1.1,Extracellular,Signal peptide,Soluble,0.17810000479221344,0.13529999554157257,0.4916999936103821,0.10440000146627426,0.11050000041723251,0.0478999987244606,0.3398999869823456,0.36800000071525574,0.3801000118255615,0.0034000000450760126,0.2824999988079071,0.05739999935030937,0.07739999890327454,0.8395000100135803
Cre04.g217934.t1.1,Nucleus,Nuclear localization signal,Soluble,0.45159998536109924,0.7300999760627747,0.032999999821186066,0.05510000139474869,0.30630001425743103,0.005100000184029341,0.06549999862909317,0.04729999974370003,0.06030000001192093,0.01080000028014183,0.3596999943256378,0.054499998688697815,0.0649000033736229,0.8012999892234802
Cre04.g217945.t1.1,Plastid,Chloroplast transit peptide,Transmembrane,0.14059999585151672,0.06300000101327896,0.010200000368058681,0.02759999968111515,0.16380000114440918,0.9283999800682068,0.1306000053882599,0.03290000185370445,0.10440000146627426,0.006099999882280827,0.34709998965263367,0.8131999969482422,0.03220000118017197,0.30630001425743103
Cre04.g217945.t2.1,Plastid,Chloroplast transit peptide,Transmembrane,0.14059999585151672,0.06300000101327896,0.010200000368058681,0.02759999968111515,0.16380000114440918,0.9283999800682068,0.1306000053882599,0.03290000185370445,0.10440000146627426,0.006099999882280827,0.34709998965263367,0.8131999969482422,0.03220000118017197,0.30630001425743103
Cre04.g217945.t3.1,Plastid,Chloroplast transit peptide,Transmembrane,0.14059999585151672,0.06300000101327896,0.010200000368058681,0.02759999968111515,0.16380000114440918,0.9283999800682068,0.1306000053882599,0.03290000185370445,0.10440000146627426,0.006099999882280827,0.34709998965263367,0.8131999969482422,0.03220000118017197,0.30630001425743103
Cre04.g217959.t1.1,Cytoplasm,,Soluble,0.7621999979019165,0.49900001287460327,0.04410000145435333,0.17229999601840973,0.5026000142097473,0.00430000014603138,0.03920000046491623,0.12540000677108765,0.053199999034404755,0.06310000270605087,0.32030001282691956,0.08739999681711197,0.2029000073671341,0.7491000294685364
Cre04.g217959.t2.1,Cytoplasm,,Soluble,0.7621999979019165,0.49900001287460327,0.04410000145435333,0.17229999601840973,0.5026000142097473,0.00430000014603138,0.03920000046491623,0.12540000677108765,0.053199999034404755,0.06310000270605087,0.32030001282691956,0.08739999681711197,0.2029000073671341,0.7491000294685364
Cre04.g221700.t1.2,Mitochondrion,Mitochondrial transit peptide,Transmembrane,0.13940000534057617,0.04410000145435333,0.055399999022483826,0.04600000008940697,0.8578000068664551,0.0843999981880188,0.052400000393390656,0.04390000179409981,0.1606999933719635,0.020500000566244125,0.18400000035762787,0.9430999755859375,0.020500000566244125,0.14830000698566437
Cre04.g224100.t1.2,Cytoplasm,Peroxisomal targeting signal,Soluble,0.41990000009536743,0.11620000004768372,0.13670000433921814,0.19419999420642853,0.10440000146627426,0.4577000141143799,0.0812000036239624,0.23980000615119934,0.15240000188350677,0.6657999753952026,0.45730000734329224,0.13179999589920044,0.14020000398159027,0.7353000044822693
Cre04.g224100.t2.1,Cytoplasm,Peroxisomal targeting signal,Soluble,0.41990000009536743,0.11620000004768372,0.13670000433921814,0.19419999420642853,0.10440000146627426,0.4577000141143799,0.0812000036239624,0.23980000615119934,0.15240000188350677,0.6657999753952026,0.45730000734329224,0.13179999589920044,0.14020000398159027,0.7353000044822693
Cre04.g224150.t1.2,Cytoplasm,,Soluble,0.753000020980835,0.2930999994277954,0.10040000081062317,0.18199999630451202,0.11699999868869781,0.016599999740719795,0.06289999932050705,0.16660000383853912,0.14470000565052032,0.12620000541210175,0.304500013589859,0.1776999980211258,0.1200999990105629,0.7627000212669373
Cre04.g226050.t1.1,Extracellular,,Soluble,0.4447000026702881,0.14390000700950623,0.6276000142097473,0.14560000598430634,0.05999999865889549,0.04320000112056732,0.16130000352859497,0.10679999738931656,0.14669999480247498,0.006200000178068876,0.1972000002861023,0.15459999442100525,0.12330000102519989,0.8230000138282776
Cre04.g226150.t1.1,Cell membrane|Lysosome/Vacuole,Transmembrane domain,Transmembrane,0.22020000219345093,0.060100000351667404,0.023499999195337296,0.5900999903678894,0.046799998730421066,0.009200000204145908,0.3416000008583069,0.6309999823570251,0.3400000035762787,0.023099999874830246,0.050200000405311584,0.9726999998092651,0.13030000030994415,0.11699999868869781
Cre04.g226550.t1.2,Extracellular,Signal peptide,Soluble,0.4733999967575073,0.11420000344514847,0.680899977684021,0.1307000070810318,0.07970000058412552,0.0989999994635582,0.13050000369548798,0.1573999971151352,0.156700000166893,0.01080000028014183,0.2037999927997589,0.17479999363422394,0.12370000034570694,0.8180000185966492
Cre04.g226550.t2.1,Extracellular,Signal peptide,Soluble,0.4733999967575073,0.11420000344514847,0.680899977684021,0.1307000070810318,0.07970000058412552,0.0989999994635582,0.13050000369548798,0.1573999971151352,0.156700000166893,0.01080000028014183,0.2037999927997589,0.17479999363422394,0.12370000034570694,0.8180000185966492
Cre04.g226600.t1.1,Cytoplasm|Extracellular,,Soluble,0.5095000267028809,0.11919999867677689,0.828499972820282,0.1420000046491623,0.05590000003576279,0.037700001150369644,0.10740000009536743,0.18140000104904175,0.11089999973773956,0.013799999840557575,0.18629999458789825,0.1014999970793724,0.2646999955177307,0.8427000045776367
Cre04.g227400.t1.2,Cell membrane,Signal peptide|Transmembrane domain,Transmembrane,0.15209999680519104,0.05310000106692314,0.032600000500679016,0.5533000230789185,0.10289999842643738,0.04989999905228615,0.4681999981403351,0.5134000182151794,0.3707999885082245,0.006200000178068876,0.08919999748468399,0.9915000200271606,0.08550000190734863,0.0803999975323677
Cre04.g228150.t1.2,Cytoplasm,,Transmembrane,0.4982999861240387,0.1882999986410141,0.05009999871253967,0.28540000319480896,0.22779999673366547,0.164000004529953,0.15970000624656677,0.17720000445842743,0.09889999777078629,0.044199999421834946,0.560699999332428,0.49380001425743103,0.19529999792575836,0.37459999322891235
Cre04.g228350.t1.1,Mitochondrion,Mitochondrial transit peptide,Soluble,0.1932000070810318,0.03920000046491623,0.049800001084804535,0.11749999970197678,0.7681000232696533,0.31060001254081726,0.027000000700354576,0.03660000115633011,0.04969999939203262,0.019600000232458115,0.48170000314712524,0.1137000024318695,0.05420000106096268,0.746999979019165
Cre04.g229000.t1.1,Cytoplasm,,Soluble,0.6269000172615051,0.3255999982357025,0.11469999700784683,0.08089999854564667,0.14560000598430634,0.06499999761581421,0.15770000219345093,0.1307000070810318,0.15150000154972076,0.019200000911951065,0.29339998960494995,0.15189999341964722,0.09040000289678574,0.8215000033378601
Cre04.g229700.t1.2,Cytoplasm,,Soluble,0.8453999757766724,0.10819999873638153,0.421099990606308,0.30239999294281006,0.0478999987244606,0.05909999832510948,0.1387999951839447,0.3221000134944916,0.48089998960494995,0.007000000216066837,0.5446000099182129,0.041200000792741776,0.18379999697208405,0.8468999862670898
Cre04.g230144.t1.1,Endoplasmic reticulum,,Transmembrane,0.304500013589859,0.25279998779296875,0.07100000232458115,0.16220000386238098,0.13230000436306,0.08500000089406967,0.5264999866485596,0.11500000208616257,0.14790000021457672,0.032600000500679016,0.5358999967575073,0.6898000240325928,0.27469998598098755,0.3138999938964844
Cre05.g230900.t1.1,Endoplasmic reticulum,Signal peptide|Transmembrane domain,Transmembrane,0.10249999910593033,0.03590000048279762,0.08340000361204147,0.5224999785423279,0.07890000194311142,0.03319999948143959,0.7009999752044678,0.5029000043869019,0.4537999927997589,0.0026000000070780516,0.08739999681711197,0.9645000100135803,0.04610000178217888,0.163100004196167
Cre05.g232002.t1.1,Cytoplasm,Peroxisomal targeting signal,Peripheral|Soluble,0.578499972820282,0.2517000138759613,0.06809999793767929,0.1784999966621399,0.22949999570846558,0.07829999923706055,0.3531999886035919,0.42660000920295715,0.21799999475479126,0.6453999876976013,0.7285000085830688,0.1981000006198883,0.19200000166893005,0.5622000098228455
Cre05.g232002.t2.1,Cytoplasm,Peroxisomal targeting signal,Peripheral|Soluble,0.578499972820282,0.2517000138759613,0.06809999793767929,0.1784999966621399,0.22949999570846558,0.07829999923706055,0.3531999886035919,0.42660000920295715,0.21799999475479126,0.6453999876976013,0.7285000085830688,0.1981000006198883,0.19200000166893005,0.5622000098228455
Cre05.g232150.t1.2,Mitochondrion,Mitochondrial transit peptide,Soluble,0.14020000398159027,0.07810000330209732,0.062199998646974564,0.08100000023841858,0.833899974822998,0.0284000001847744,0.06639999896287918,0.12399999797344208,0.06750000268220901,0.01080000028014183,0.5329999923706055,0.09350000321865082,0.05469999834895134,0.7422999739646912
Cre05.g232200.t1.2,Plastid,Chloroplast transit peptide,Peripheral|Transmembrane,0.16750000417232513,0.0723000019788742,0.0203000009059906,0.03999999910593033,0.1387999951839447,0.9771000146865845,0.053199999034404755,0.029500000178813934,0.047200001776218414,0.008200000040233135,0.7820000052452087,0.5519000291824341,0.14800000190734863,0.28940001130104065
Cre05.g232550.t1.2,Plastid,Chloroplast transit peptide,Soluble,0.3977000117301941,0.09910000115633011,0.11919999867677689,0.10109999775886536,0.25200000405311584,0.901199996471405,0.03020000085234642,0.03359999880194664,0.02419999986886978,0.03060000017285347,0.3684000074863434,0.12849999964237213,0.09179999679327011,0.7465000152587891
Cre05.g233800.t1.2,Cytoplasm,,Soluble,0.7282999753952026,0.14730000495910645,0.14030000567436218,0.1088000014424324,0.10029999911785126,0.0024999999441206455,0.3930000066757202,0.25589999556541443,0.3384999930858612,0.012600000016391277,0.41190001368522644,0.08470000326633453,0.15399999916553497,0.7940999865531921
Cre05.g233950.t1.2,Plastid,Chloroplast transit peptide,Transmembrane,0.07050000131130219,0.09790000319480896,0.03020000085234642,0.023600000888109207,0.11150000244379044,0.9359999895095825,0.02019999921321869,0.016200000420212746,0.0333000011742115,0.0034000000450760126,0.47200000286102295,0.9266999959945679,0.07689999788999557,0.09239999949932098
Cre05.g234638.t1.1,Plastid,Chloroplast transit peptide,Soluble,0.21570000052452087,0.10440000146627426,0.04830000177025795,0.057100001722574234,0.29510000348091125,0.95169997215271,0.03970000147819519,0.06880000233650208,0.13189999759197235,0.015699999406933784,0.5583999752998352,0.09870000183582306,0.17329999804496765,0.7660999894142151
Cre05.g234700.t1.1,Cytoplasm,Nuclear localization signal,Peripheral|Soluble,0.7376999855041504,0.28929999470710754,0.052000001072883606,0.5504999756813049,0.1768999993801117,0.04600000008940697,0.10270000249147415,0.24449999630451202,0.15139999985694885,0.006500000134110451,0.61080002784729,0.14249999821186066,0.5986999869346619,0.583299994468689
Cre05.g234801.t1.1,Extracellular,Signal peptide,Soluble,0.16279999911785126,0.08349999785423279,0.6331999897956848,0.2467000037431717,0.027300000190734863,0.2378000020980835,0.26080000400543213,0.3314000070095062,0.3325999975204468,0.008200000040233135,0.4438999891281128,0.2087000012397766,0.09950000047683716,0.718500018119812
Cre05.g236500.t1.1,Extracellular,Signal peptide,Soluble,0.2750999927520752,0.1136000007390976,0.4366999864578247,0.14640000462532043,0.07159999758005142,0.16269999742507935,0.2206999957561493,0.1581999957561493,0.14010000228881836,0.006800000090152025,0.47110000252723694,0.3100999891757965,0.12290000170469284,0.6951000094413757
Cre05.g237400.t1.2,Plastid,Chloroplast transit peptide,Soluble,0.19419999420642853,0.11940000206232071,0.037700001150369644,0.0364999994635582,0.4255000054836273,0.9351999759674072,0.012500000186264515,0.0284000001847744,0.030300000682473183,0.00279999990016222,0.4657000005245209,0.11829999834299088,0.05299999937415123,0.7450000047683716
Cre05.g238322.t1.1,Plastid,Chloroplast transit peptide,Peripheral|Soluble,0.1687999963760376,0.06469999998807907,0.04500000178813934,0.05990000069141388,0.5644000172615051,0.9677000045776367,0.029200000688433647,0.03449999913573265,0.04349999874830246,0.025599999353289604,0.604200005531311,0.12929999828338623,0.06539999693632126,0.6875
Cre05.g239067.t1.1,Mitochondrion,Mitochondrial transit peptide,Soluble,0.2004999965429306,0.06780000030994415,0.10689999908208847,0.11659999936819077,0.6197999715805054,0.6273999810218811,0.01549999974668026,0.02370000071823597,0.04580000042915344,0.00419999985024333,0.3345000147819519,0.13539999723434448,0.07339999824762344,0.7778000235557556
Cre05.g239100.t1.1,Mitochondrion,Mitochondrial transit peptide,Soluble,0.2660999894142151,0.07609999924898148,0.09560000151395798,0.13019999861717224,0.6121000051498413,0.5322999954223633,0.02250000089406967,0.031700000166893005,0.050599999725818634,0.006899999920278788,0.2994000017642975,0.21889999508857727,0.07880000025033951,0.7124999761581421
Cre05.g239750.t1.2,Extracellular,Signal peptide,Soluble,0.33390000462532043,0.06340000033378601,0.63919997215271,0.09179999679327011,0.044199999421834946,0.19779999554157257,0.3305000066757202,0.36419999599456787,0.2354000061750412,0.008200000040233135,0.1859000027179718,0.1808999925851822,0.15629999339580536,0.8285999894142151
Cre05.g239800.t1.1,Extracellular,Signal peptide,Soluble,0.20469999313354492,0.06440000236034393,0.6294999718666077,0.16680000722408295,0.043800000101327896,0.14270000159740448,0.3224000036716461,0.25769999623298645,0.15449999272823334,0.004100000020116568,0.211899995803833,0.22339999675750732,0.11869999766349792,0.7960000038146973
Cre05.g239800.t2.1,Extracellular,Signal peptide,Soluble,0.20469999313354492,0.06440000236034393,0.6294999718666077,0.16680000722408295,0.043800000101327896,0.14270000159740448,0.3224000036716461,0.25769999623298645,0.15449999272823334,0.004100000020116568,0.211899995803833,0.22339999675750732,0.11869999766349792,0.7960000038146973
Cre05.g239850.t1.1,Extracellular,Signal peptide,Soluble,0.2214999943971634,0.050700001418590546,0.7907999753952026,0.1597999930381775,0.020600000396370888,0.05990000069141388,0.20080000162124634,0.42329999804496765,0.3801000118255615,0.0017000000225380063,0.3361999988555908,0.164900004863739,0.09860000014305115,0.7946000099182129
Cre05.g239850.t2.1,Extracellular,Signal peptide,Soluble,0.2214999943971634,0.050700001418590546,0.7907999753952026,0.1597999930381775,0.020600000396370888,0.05990000069141388,0.20080000162124634,0.42329999804496765,0.3801000118255615,0.0017000000225380063,0.3361999988555908,0.164900004863739,0.09860000014305115,0.7946000099182129
Cre05.g239850.t3.1,Extracellular,Signal peptide,Soluble,0.2214999943971634,0.050700001418590546,0.7907999753952026,0.1597999930381775,0.020600000396370888,0.05990000069141388,0.20080000162124634,0.42329999804496765,0.3801000118255615,0.0017000000225380063,0.3361999988555908,0.164900004863739,0.09860000014305115,0.7946000099182129
Cre05.g239900.t1.1,Extracellular,Signal peptide,Soluble,0.20180000364780426,0.053300000727176666,0.7226999998092651,0.13369999825954437,0.04340000078082085,0.41679999232292175,0.23119999468326569,0.23759999871253967,0.23669999837875366,0.00989999994635582,0.20819999277591705,0.2087000012397766,0.15119999647140503,0.8130999803543091
Cre05.g240000.t1.2,Endoplasmic reticulum,Signal peptide|Transmembrane domain,Transmembrane,0.08250000327825546,0.031300000846385956,0.06419999897480011,0.5558000206947327,0.06530000269412994,0.06859999895095825,0.6675999760627747,0.21539999544620514,0.2574999928474426,0.00139999995008111,0.06449999660253525,0.9860000014305115,0.05480000004172325,0.1136000007390976
Cre05.g240850.t1.2,Plastid,Chloroplast transit peptide,Soluble,0.19580000638961792,0.10130000114440918,0.026499999687075615,0.021900000050663948,0.15070000290870667,0.9883999824523926,0.0333000011742115,0.02250000089406967,0.050999999046325684,0.001500000013038516,0.45170000195503235,0.07000000029802322,0.12780000269412994,0.8324999809265137
Cre05.g241850.t1.2,Cytoplasm,Peroxisomal targeting signal,Soluble,0.8467000126838684,0.16850000619888306,0.14429999887943268,0.2773999869823456,0.22439999878406525,0.01140000019222498,0.11169999837875366,0.1234000027179718,0.15610000491142273,0.04839999973773956,0.5157999992370605,0.051600001752376556,0.12099999934434891,0.8015000224113464
Cre05.g242000.t1.2,Plastid,Chloroplast transit peptide,Soluble,0.20069999992847443,0.15960000455379486,0.018400000408291817,0.03779999911785126,0.19120000302791595,0.9039000272750854,0.06970000267028809,0.02850000001490116,0.08489999920129776,0.015300000086426735,0.5569999814033508,0.07580000162124634,0.12240000069141388,0.7642999887466431
Cre05.g242400.t1.2,Plastid,Chloroplast transit peptide,Peripheral|Soluble,0.1590999960899353,0.07320000231266022,0.0625,0.04859999939799309,0.17069999873638153,0.9735999703407288,0.013899999670684338,0.0210999995470047,0.05270000174641609,0.01510000042617321,0.6725999712944031,0.17100000381469727,0.062199998646974564,0.5202999711036682
Cre05.g243050.t1.2,Mitochondrion|Plastid,Chloroplast transit peptide,Soluble,0.18930000066757202,0.10719999670982361,0.05990000069141388,0.07129999995231628,0.7045999765396118,0.9501000046730042,0.01899999938905239,0.03610000014305115,0.06729999929666519,0.04600000008940697,0.4943000078201294,0.04439999908208847,0.04650000110268593,0.7904999852180481
Cre05.g243800.t1.2,Plastid,Thylakoid luminal transit peptide,Peripheral,0.0885000005364418,0.043699998408555984,0.12999999523162842,0.02539999969303608,0.19699999690055847,0.9301000237464905,0.02329999953508377,0.008999999612569809,0.03959999978542328,0.004600000102072954,0.7695000171661377,0.11240000277757645,0.08720000088214874,0.4934000074863434
Cre05.g244700.t1.1,Nucleus,Nuclear localization signal,Soluble,0.2782999873161316,0.49900001287460327,0.24490000307559967,0.13349999487400055,0.21629999577999115,0.049400001764297485,0.5223000049591064,0.11320000141859055,0.21130000054836273,0.008500000461935997,0.35850000381469727,0.19679999351501465,0.07909999787807465,0.6527000069618225
Cre05.g245550.t1.1,Cytoplasm,,Soluble,0.5141000151634216,0.3837999999523163,0.0544000007212162,0.21289999783039093,0.12800000607967377,0.052299998700618744,0.08030000329017639,0.2433999925851822,0.09989999979734421,0.010499999858438969,0.5252000093460083,0.26260000467300415,0.0820000022649765,0.6047000288963318
Cre05.g245900.t1.2,Plastid,,Soluble,0.17170000076293945,0.1014999970793724,0.0471000000834465,0.048500001430511475,0.4431000053882599,0.6947000026702881,0.01979999989271164,0.04740000143647194,0.061799999326467514,0.007499999832361937,0.4528999924659729,0.11580000072717667,0.06040000170469284,0.7714999914169312
Cre05.g246377.t1.1,Plastid,Chloroplast transit peptide,Soluble,0.398499995470047,0.04809999838471413,0.4350000023841858,0.2768000066280365,0.23839999735355377,0.9025999903678894,0.05050000175833702,0.10109999775886536,0.09830000251531601,0.21330000460147858,0.36390000581741333,0.17170000076293945,0.04809999838471413,0.7867000102996826
Cre05.g248150.t1.2,Endoplasmic reticulum,Transmembrane domain,Transmembrane,0.17059999704360962,0.17640000581741333,0.05180000141263008,0.35030001401901245,0.1362999975681305,0.04740000143647194,0.7062000036239624,0.1421000063419342,0.3264999985694885,0.0012000000569969416,0.3709999918937683,0.8072999715805054,0.09870000183582306,0.3402000069618225
Cre05.g248400.t1.2,Mitochondrion,Mitochondrial transit peptide,Soluble,0.21459999680519104,0.05790000036358833,0.04479999840259552,0.06759999692440033,0.8568000197410583,0.28519999980926514,0.01759999990463257,0.05040000006556511,0.120899997651577,0.05079999938607216,0.5108000040054321,0.042399998754262924,0.10689999908208847,0.8579000234603882
Cre05.g248450.t1.2,Mitochondrion,Mitochondrial transit peptide,Soluble,0.20810000598430634,0.05770000070333481,0.04320000112056732,0.06589999794960022,0.8495000004768372,0.2955000102519989,0.01720000058412552,0.04839999973773956,0.1143999993801117,0.046799998730421066,0.5139999985694885,0.04270000010728836,0.10509999841451645,0.8569999933242798
Cre06.g249950.t1.1,Cytoplasm,,Soluble,0.5981000065803528,0.1808999925851822,0.04619999974966049,0.2818000018596649,0.09549999982118607,0.15160000324249268,0.1152999997138977,0.22750000655651093,0.1445000022649765,0.017100000753998756,0.5277000069618225,0.13729999959468842,0.07020000368356705,0.697700023651123
Cre06.g250902.t1.1,Cytoplasm,,Soluble,0.47839999198913574,0.24789999425411224,0.11299999803304672,0.295199990272522,0.3758000135421753,0.18549999594688416,0.19050000607967377,0.218299999833107,0.13289999961853027,0.08709999918937683,0.5152999758720398,0.4174000024795532,0.0940999984741211,0.5807999968528748
Cre06.g251400.t1.2,Mitochondrion,Mitochondrial transit peptide,Peripheral|Soluble,0.2563000023365021,0.06629999727010727,0.033900000154972076,0.06109999865293503,0.888700008392334,0.06480000168085098,0.05900000035762787,0.19280000030994415,0.13269999623298645,0.04670000076293945,0.6176999807357788,0.08910000324249268,0.11710000038146973,0.791700005531311
Cre06.g251450.t1.1,Plastid,Chloroplast transit peptide,Soluble,0.23989999294281006,0.06989999860525131,0.03440000116825104,0.0203000009059906,0.1509000062942505,0.9702000021934509,0.039400000125169754,0.0284000001847744,0.08510000258684158,0.011099999770522118,0.4375999867916107,0.0803999975323677,0.1404000073671341,0.8482000231742859
Cre06.g251500.t1.2,Cytoplasm,,Soluble,0.7544999718666077,0.3601999878883362,0.12770000100135803,0.09709999710321426,0.22939999401569366,0.037300001829862595,0.12240000069141388,0.2524000108242035,0.2849000096321106,0.08139999955892563,0.3215999901294708,0.12639999389648438,0.28130000829696655,0.7944999933242798
Cre06.g252550.t1.1,Mitochondrion,Mitochondrial transit peptide,Peripheral|Soluble,0.21809999644756317,0.04639999940991402,0.06599999964237213,0.0649000033736229,0.8396999835968018,0.06679999828338623,0.14659999310970306,0.06040000170469284,0.1256999969482422,0.03629999980330467,0.6290000081062317,0.03799999877810478,0.10649999976158142,0.7839000225067139
Cre06.g252650.t1.2,Plastid,Chloroplast transit peptide,Peripheral|Soluble,0.16369999945163727,0.06260000169277191,0.0746999979019165,0.034299999475479126,0.2199999988079071,0.9632999897003174,0.026799999177455902,0.030799999833106995,0.05849999934434891,0.004900000058114529,0.67330002784729,0.08219999819993973,0.05999999865889549,0.6531999707221985
Cre06.g253350.t1.2,Mitochondrion,Mitochondrial transit peptide,Soluble,0.08179999887943268,0.05290000140666962,0.06449999660253525,0.1445000022649765,0.9327999949455261,0.019700000062584877,0.036400001496076584,0.09220000356435776,0.10029999911785126,0.020400000736117363,0.5418999791145325,0.03840000182390213,0.06319999694824219,0.7835999727249146
Cre06.g254400.t1.1,Mitochondrion,Mitochondrial transit peptide,Soluble,0.24709999561309814,0.08609999716281891,0.047200001776218414,0.04430000111460686,0.9322999715805054,0.08590000122785568,0.06849999725818634,0.10729999840259552,0.12839999794960022,0.035999998450279236,0.5187000036239624,0.10859999805688858,0.11010000109672546,0.8090999722480774
Cre06.g255350.t1.2,Cytoplasm|Nucleus,Nuclear export signal,Soluble,0.8137000203132629,0.5151000022888184,0.17069999873638153,0.07660000026226044,0.2020999938249588,0.055799998342990875,0.11180000007152557,0.2653000056743622,0.17229999601840973,0.1770000010728836,0.24269999563694,0.09749999642372131,0.09839999675750732,0.7972999811172485
Cre06.g256750.t1.2,Plastid,Chloroplast transit peptide,Soluble,0.1550000011920929,0.1251000016927719,0.028200000524520874,0.022299999371170998,0.11320000141859055,0.977400004863739,0.02199999988079071,0.03269999846816063,0.03759999945759773,0.008500000461935997,0.5672000050544739,0.07649999856948853,0.0681999996304512,0.8087999820709229
Cre06.g257000.t1.2,Cytoplasm|Plastid,Peroxisomal targeting signal,Soluble,0.5023000240325928,0.04800000041723251,0.27619999647140503,0.33880001306533813,0.11869999766349792,0.7578999996185303,0.038100000470876694,0.09019999951124191,0.09269999712705612,0.3668000102043152,0.5954999923706055,0.13339999318122864,0.09009999781847,0.7257999777793884
Cre06.g257950.t1.2,Mitochondrion,Mitochondrial transit peptide,Soluble,0.24580000340938568,0.09719999879598618,0.05249999836087227,0.2125999927520752,0.815500020980835,0.18230000138282776,0.0215000007301569,0.11860000342130661,0.05810000002384186,0.0640999972820282,0.49059998989105225,0.08829999715089798,0.10849999636411667,0.7698000073432922
Cre06.g258700.t1.1,Cytoplasm,,Soluble,0.7900999784469604,0.15800000727176666,0.17399999499320984,0.08460000157356262,0.29350000619888306,0.023600000888109207,0.12049999833106995,0.2799000144004822,0.1843000054359436,0.021199999377131462,0.3889999985694885,0.04149999842047691,0.10999999940395355,0.83160001039505
Cre06.g258733.t1.1,Plastid,Chloroplast transit peptide,Soluble,0.08479999750852585,0.09309999644756317,0.023099999874830246,0.045899998396635056,0.2888000011444092,0.8662999868392944,0.01889999955892563,0.014000000432133675,0.024800000712275505,0.10279999673366547,0.38510000705718994,0.0982000008225441,0.09130000323057175,0.7652999758720398
Cre06.g258733.t2.1,Plastid,Chloroplast transit peptide,Soluble,0.08479999750852585,0.09309999644756317,0.023099999874830246,0.045899998396635056,0.2888000011444092,0.8662999868392944,0.01889999955892563,0.014000000432133675,0.024800000712275505,0.10279999673366547,0.38510000705718994,0.0982000008225441,0.09130000323057175,0.7652999758720398
Cre06.g260100.t1.2,Golgi apparatus,Signal peptide|Transmembrane domain,Transmembrane,0.093299999833107,0.0723000019788742,0.05079999938607216,0.28519999980926514,0.20589999854564667,0.011800000444054604,0.48910000920295715,0.5278000235557556,0.7785999774932861,0.021400000900030136,0.1445000022649765,0.9531999826431274,0.032600000500679016,0.10140000283718109
Cre06.g260200.t1.2,Mitochondrion,Mitochondrial transit peptide,Transmembrane,0.14090000092983246,0.18770000338554382,0.09629999846220016,0.13449999690055847,0.892300009727478,0.08179999887943268,0.1298999935388565,0.16760000586509705,0.17170000076293945,0.04010000079870224,0.17900000512599945,0.8493000268936157,0.08150000125169754,0.20649999380111694
Cre06.g260450.t1.2,Plastid,Chloroplast transit peptide,Transmembrane,0.16120000183582306,0.07509999722242355,0.0333000011742115,0.08900000154972076,0.1324000060558319,0.933899998664856,0.07259999960660934,0.06400000303983688,0.05530000105500221,0.009100000374019146,0.2475000023841858,0.9289000034332275,0.026200000196695328,0.14749999344348907
Cre06.g261000.t1.2,Plastid,Chloroplast transit peptide,Transmembrane,0.1005999967455864,0.0357000008225441,0.02930000051856041,0.051500000059604645,0.21279999613761902,0.9873999953269958,0.09319999814033508,0.0272000003606081,0.04650000110268593,0.012900000438094139,0.28130000829696655,0.9585999846458435,0.06480000168085098,0.06539999693632126
Cre06.g261150.t1.2,Mitochondrion,Mitochondrial transit peptide,Soluble,0.20069999992847443,0.05380000174045563,0.03240000084042549,0.05180000141263008,0.8463000059127808,0.2581999897956848,0.03310000151395798,0.043299999088048935,0.04859999939799309,0.021800000220537186,0.44589999318122864,0.08669999986886978,0.22059999406337738,0.7214999794960022
Cre06.g261800.t1.2,Plastid,Chloroplast transit peptide,Peripheral|Soluble,0.4050999879837036,0.18610000610351562,0.06780000030994415,0.1039000004529953,0.2768999934196472,0.5792999863624573,0.04729999974370003,0.18549999594688416,0.08739999681711197,0.03819999843835831,0.6175000071525574,0.046300001442432404,0.12520000338554382,0.7695000171661377
Cre06.g262050.t1.2,Lysosome/Vacuole,Signal peptide,Transmembrane,0.25920000672340393,0.13850000500679016,0.42289999127388,0.12449999898672104,0.3928000032901764,0.2493000030517578,0.3100000023841858,0.4032000005245209,0.23350000381469727,0.22869999706745148,0.48019999265670776,0.5720999836921692,0.05620000138878822,0.46549999713897705
Cre06.g262100.t1.1,Peroxisome,Peroxisomal targeting signal,Soluble,0.37779998779296875,0.05270000174641609,0.03830000013113022,0.03229999914765358,0.11050000041723251,0.03610000014305115,0.18379999697208405,0.04529999941587448,0.1809999942779541,0.8988000154495239,0.48559999465942383,0.11940000206232071,0.1485999971628189,0.6833999752998352
Cre06.g262400.t1.1,Cytoplasm,,Peripheral|Soluble,0.548799991607666,0.19210000336170197,0.05570000037550926,0.3052999973297119,0.09399999678134918,0.08100000023841858,0.12800000607967377,0.27469998598098755,0.09309999644756317,0.028699999675154686,0.6118000149726868,0.25099998712539673,0.13950000703334808,0.531000018119812
Cre06.g262450.t1.1,Endoplasmic reticulum,Signal peptide|Transmembrane domain,Transmembrane,0.10040000081062317,0.07569999992847443,0.060100000351667404,0.2037999927997589,0.3862000107765198,0.04800000041723251,0.9222000241279602,0.426800012588501,0.48030000925064087,0.015200000256299973,0.19750000536441803,0.9684000015258789,0.01759999990463257,0.14560000598430634
Cre06.g262700.t1.1,Mitochondrion,Mitochondrial transit peptide,Peripheral,0.1444000005722046,0.024800000712275505,0.0803999975323677,0.07199999690055847,0.9359999895095825,0.03680000081658363,0.01940000057220459,0.11389999836683273,0.05050000175833702,0.006200000178068876,0.8317000269889832,0.2483000010251999,0.049400001764297485,0.3456000089645386
Cre06.g262900.t1.2,Plastid,Chloroplast transit peptide,Soluble,0.13220000267028809,0.07760000228881836,0.02630000002682209,0.027000000700354576,0.10100000351667404,0.9890000224113464,0.037300001829862595,0.039400000125169754,0.05990000069141388,0.002400000113993883,0.5105000138282776,0.0877000018954277,0.17270000278949738,0.7817000150680542
Cre06.g263850.t1.1,Plastid,,Transmembrane,0.0860000029206276,0.08479999750852585,0.026900000870227814,0.05590000003576279,0.15320000052452087,0.8690999746322632,0.08950000256299973,0.03880000114440918,0.133200004696846,0.0203000009059906,0.3034999966621399,0.8820000290870667,0.02889999933540821,0.120899997651577
Cre06.g264200.t1.2,Mitochondrion,Mitochondrial transit peptide,Peripheral|Soluble,0.1964000016450882,0.07670000195503235,0.023600000888109207,0.07699999958276749,0.8891000151634216,0.027300000190734863,0.042100001126527786,0.04729999974370003,0.03150000050663948,0.04729999974370003,0.6765000224113464,0.09109999984502792,0.0617000013589859,0.522599995136261
Cre06.g264450.t1.2,Lysosome/Vacuole,Transmembrane domain,Transmembrane,0.22110000252723694,0.08139999955892563,0.10679999738931656,0.2996000051498413,0.15399999916553497,0.065700002014637,0.29100000858306885,0.692799985408783,0.4666999876499176,0.02889999933540821,0.1005999967455864,0.9585000276565552,0.041600000113248825,0.16140000522136688
Cre06.g267000.t1.1,Cytoplasm,Peroxisomal targeting signal,Soluble,0.5742999911308289,0.1597999930381775,0.19439999759197235,0.06449999660253525,0.2321999967098236,0.359499990940094,0.05609999969601631,0.025299999862909317,0.037300001829862595,0.17739999294281006,0.4138000011444092,0.0957999974489212,0.11129999905824661,0.8561999797821045
Cre06.g267200.t1.2,Mitochondrion,,Transmembrane,0.1451999992132187,0.19480000436306,0.060100000351667404,0.05310000106692314,0.8181999921798706,0.15569999814033508,0.01979999989271164,0.2198999971151352,0.026399999856948853,0.01940000057220459,0.26930001378059387,0.9833999872207642,0.0568000003695488,0.09759999811649323
Cre06.g267600.t1.2,Plastid,Chloroplast transit peptide,Peripheral,0.21610000729560852,0.06809999793767929,0.04360000044107437,0.04010000079870224,0.13410000503063202,0.9778000116348267,0.06499999761581421,0.03750000149011612,0.11020000278949738,0.00279999990016222,0.7814000248908997,0.4602999985218048,0.14139999449253082,0.34299999475479126
Cre06.g267600.t2.1,Plastid,Chloroplast transit peptide,Peripheral,0.21610000729560852,0.06809999793767929,0.04360000044107437,0.04010000079870224,0.13410000503063202,0.9778000116348267,0.06499999761581421,0.03750000149011612,0.11020000278949738,0.00279999990016222,0.7814000248908997,0.4602999985218048,0.14139999449253082,0.34299999475479126
Cre06.g268750.t1.2,Mitochondrion,Mitochondrial transit peptide,Peripheral|Soluble,0.23549999296665192,0.07660000026226044,0.03280000016093254,0.0649000033736229,0.8963000178337097,0.040300000458955765,0.04410000145435333,0.14569999277591705,0.08720000088214874,0.023499999195337296,0.614300012588501,0.10369999706745148,0.11890000104904175,0.774399995803833
Cre06.g270100.t1.1,Plastid,Chloroplast transit peptide,Soluble,0.1745000034570694,0.16590000689029694,0.023000000044703484,0.02500000037252903,0.07259999960660934,0.9649999737739563,0.053599998354911804,0.07000000029802322,0.10140000283718109,0.014399999752640724,0.4652000069618225,0.1298000067472458,0.02969999983906746,0.7476999759674072
Cre06.g270200.t1.1,Cytoplasm,,Peripheral|Soluble,0.5960999727249146,0.20430000126361847,0.22910000383853912,0.5188999772071838,0.2386000007390976,0.03400000184774399,0.18569999933242798,0.4742000102996826,0.29030001163482666,0.0012000000569969416,0.667900025844574,0.05180000141263008,0.4577000141143799,0.737500011920929
Cre06.g270350.t1.1,Plastid,Chloroplast transit peptide,Soluble,0.22020000219345093,0.07980000227689743,0.14350000023841858,0.09589999914169312,0.10400000214576721,0.9370999932289124,0.04340000078082085,0.06769999861717224,0.08820000290870667,0.04780000075697899,0.5023000240325928,0.12639999389648438,0.19300000369548798,0.7512999773025513
Cre06.g271050.t1.1,Cytoplasm,Nuclear localization signal,Soluble,0.7986999750137329,0.4284999966621399,0.20229999721050262,0.10409999638795853,0.263700008392334,0.06289999932050705,0.04540000110864639,0.060100000351667404,0.05640000104904175,0.05290000140666962,0.36169999837875366,0.08869999647140503,0.14579999446868896,0.8568999767303467
Cre06.g271400.t1.1,Plastid,,Soluble,0.2574999928474426,0.057500001043081284,0.12160000205039978,0.09210000187158585,0.5755000114440918,0.8784000277519226,0.0357000008225441,0.047600001096725464,0.09600000083446503,0.03530000150203705,0.5097000002861023,0.15219999849796295,0.05620000138878822,0.7452999949455261
Cre06.g272050.t1.2,Cytoplasm,Nuclear localization signal,Soluble,0.6969000101089478,0.21780000627040863,0.19509999454021454,0.4546999931335449,0.08529999852180481,0.06620000302791595,0.09220000356435776,0.21490000188350677,0.15369999408721924,0.007699999958276749,0.548799991607666,0.1096000000834465,0.5239999890327454,0.690500020980835
Cre06.g272150.t1.2,Endoplasmic reticulum,Signal peptide,Soluble,0.38040000200271606,0.31690001487731934,0.46720001101493835,0.2312999963760376,0.4778999984264374,0.010999999940395355,0.7105000019073486,0.35510000586509705,0.14100000262260437,0.07829999923706055,0.46799999475479126,0.07339999824762344,0.3206000030040741,0.8392999768257141
Cre06.g272650.t1.2,Plastid,Chloroplast transit peptide,Transmembrane,0.12919999659061432,0.0877000018954277,0.05719999969005585,0.0406000018119812,0.13359999656677246,0.9110000133514404,0.025499999523162842,0.023600000888109207,0.041200000792741776,0.0010999999940395355,0.5626999735832214,0.5151000022888184,0.02370000071823597,0.28459998965263367
Cre06.g273000.t1.2,Cytoplasm|Nucleus,Nuclear export signal,Soluble,0.7750999927520752,0.5899999737739563,0.05939999967813492,0.08619999885559082,0.48489999771118164,0.1428000032901764,0.39739999175071716,0.21140000224113464,0.18039999902248383,0.27140000462532043,0.376800000667572,0.09489999711513519,0.11789999902248383,0.6909000277519226
Cre06.g273200.t1.1,Lysosome/Vacuole,,Transmembrane,0.25859999656677246,0.1428000032901764,0.12189999967813492,0.489300012588501,0.2524999976158142,0.15279999375343323,0.21950000524520874,0.6912999749183655,0.40880000591278076,0.06040000170469284,0.1525000035762787,0.9477999806404114,0.06319999694824219,0.1851000040769577
Cre06.g273250.t1.2,Endoplasmic reticulum,Transmembrane domain,Transmembrane,0.1509000062942505,0.12630000710487366,0.011300000362098217,0.29820001125335693,0.23739999532699585,0.017899999395012856,0.7562000155448914,0.19120000302791595,0.4410000145435333,0.00559999980032444,0.2913999855518341,0.9638000130653381,0.10679999738931656,0.16859999299049377
Cre06.g273300.t1.2,Cytoplasm,Nuclear localization signal,Soluble,0.7447999715805054,0.2612000107765198,0.06340000033378601,0.08420000225305557,0.19339999556541443,0.018200000748038292,0.10209999978542328,0.14159999787807465,0.1006999984383583,0.008100000210106373,0.32850000262260437,0.10540000349283218,0.13269999623298645,0.8040000200271606
Cre06.g273500.t1.2,Golgi apparatus,Signal peptide|Transmembrane domain,Transmembrane,0.10700000077486038,0.12960000336170197,0.19249999523162842,0.07500000298023224,0.14180000126361847,0.026799999177455902,0.49459999799728394,0.5331000089645386,0.8452000021934509,0.029400000348687172,0.18629999458789825,0.6951000094413757,0.04769999906420708,0.3456000089645386
Cre06.g273500.t2.1,Golgi apparatus,Signal peptide|Transmembrane domain,Transmembrane,0.10700000077486038,0.12960000336170197,0.19249999523162842,0.07500000298023224,0.14180000126361847,0.026799999177455902,0.49459999799728394,0.5331000089645386,0.8452000021934509,0.029400000348687172,0.18629999458789825,0.6951000094413757,0.04769999906420708,0.3456000089645386
Cre06.g273700.t1.2,Plastid,Thylakoid luminal transit peptide,Peripheral|Soluble,0.13179999589920044,0.06689999997615814,0.10679999738931656,0.03849999979138374,0.11230000108480453,0.9783999919891357,0.044599998742341995,0.008999999612569809,0.032600000500679016,0.00419999985024333,0.6715999841690063,0.11959999799728394,0.04600000008940697,0.6434000134468079
Cre06.g273750.t1.1,Plastid,Chloroplast transit peptide,Soluble,0.15970000624656677,0.052299998700618744,0.09709999710321426,0.12620000541210175,0.051600001752376556,0.986299991607666,0.015200000256299973,0.056699998676776886,0.07859999686479568,0.010900000110268593,0.5755000114440918,0.10920000076293945,0.13439999520778656,0.7124000191688538
Cre06.g275050.t1.1,Extracellular,Signal peptide,Soluble,0.17159999907016754,0.10080000013113022,0.6818000078201294,0.10270000249147415,0.04520000144839287,0.48829999566078186,0.26429998874664307,0.5184999704360962,0.21850000321865082,0.00279999990016222,0.321399986743927,0.04899999871850014,0.17249999940395355,0.8252000212669373
Cre06.g275150.t1.2,Cytoplasm,,Transmembrane,0.5157999992370605,0.1542000025510788,0.11320000141859055,0.35589998960494995,0.19110000133514404,0.1768999993801117,0.16429999470710754,0.25679999589920044,0.19040000438690186,0.08820000290870667,0.5421000123023987,0.7243000268936157,0.11779999732971191,0.3325999975204468
Cre06.g276050.t1.2,Golgi apparatus,Signal peptide|Transmembrane domain,Transmembrane|Soluble,0.19300000369548798,0.07429999858140945,0.3643999993801117,0.18700000643730164,0.07810000330209732,0.15379999577999115,0.25780001282691956,0.2946000099182129,0.5356000065803528,0.00800000037997961,0.2903999984264374,0.5730000138282776,0.03189999982714653,0.5235999822616577
Cre06.g276350.t1.1,Cytoplasm|Nucleus,Nuclear export signal,Soluble,0.7218000292778015,0.6209999918937683,0.08470000326633453,0.10220000147819519,0.3546000123023987,0.09809999912977219,0.19460000097751617,0.12240000069141388,0.07349999994039536,0.24779999256134033,0.35339999198913574,0.07069999724626541,0.0681999996304512,0.7602999806404114
Cre06.g276450.t1.1,Cytoplasm,,Soluble,0.6022999882698059,0.2842999994754791,0.17149999737739563,0.12139999866485596,0.2078000009059906,0.3463999927043915,0.12039999663829803,0.05660000070929527,0.0706000030040741,0.08079999685287476,0.3617999851703644,0.23770000040531158,0.07119999825954437,0.7135999798774719
Cre06.g276450.t2.1,Cytoplasm,,Soluble,0.6022999882698059,0.2842999994754791,0.17149999737739563,0.12139999866485596,0.2078000009059906,0.3463999927043915,0.12039999663829803,0.05660000070929527,0.0706000030040741,0.08079999685287476,0.3617999851703644,0.23770000040531158,0.07119999825954437,0.7135999798774719
Cre06.g276700.t1.2,Peroxisome,Peroxisomal targeting signal,Soluble,0.322299987077713,0.17389999330043793,0.32710000872612,0.07720000296831131,0.14300000667572021,0.02889999933540821,0.06360000371932983,0.5,0.32499998807907104,0.9146000146865845,0.427700012922287,0.07680000364780426,0.2483000010251999,0.7684000134468079
Cre06.g277200.t1.2,Mitochondrion,Mitochondrial transit peptide,Soluble,0.2483000010251999,0.05739999935030937,0.13850000500679016,0.10890000313520432,0.761900007724762,0.34940001368522644,0.029200000688433647,0.04639999940991402,0.07190000265836716,0.03200000151991844,0.376800000667572,0.17900000512599945,0.10499999672174454,0.7669000029563904
Cre06.g278098.t1.1,Cytoplasm,,Soluble,0.6991999745368958,0.1266999989748001,0.13030000030994415,0.18449999392032623,0.3425999879837036,0.1907999962568283,0.0430000014603138,0.09440000355243683,0.027899999171495438,0.013199999928474426,0.4862000048160553,0.12309999763965607,0.056699998676776886,0.7107999920845032
Cre06.g278101.t1.1,Cytoplasm,Peroxisomal targeting signal,Soluble,0.8438000082969666,0.4090999960899353,0.029899999499320984,0.05490000173449516,0.3833000063896179,0.06120000034570694,0.07180000096559525,0.15209999680519104,0.07419999688863754,0.13670000433921814,0.3903000056743622,0.10199999809265137,0.11810000240802765,0.8230999708175659
Cre06.g278143.t1.1,Cytoplasm,Nuclear localization signal|Nuclear export signal,Soluble,0.8395000100135803,0.3747999966144562,0.12049999833106995,0.07850000262260437,0.22139999270439148,0.028999999165534973,0.16439999639987946,0.17900000512599945,0.2615000009536743,0.058400001376867294,0.3296999931335449,0.09070000052452087,0.11990000307559967,0.8313999772071838
Cre06.g278148.t1.1,Plastid,Chloroplast transit peptide,Soluble,0.1597999930381775,0.13220000267028809,0.02630000002682209,0.04740000143647194,0.12309999763965607,0.9735000133514404,0.014600000344216824,0.02410000003874302,0.02160000056028366,0.004399999976158142,0.48570001125335693,0.12809999287128448,0.14509999752044678,0.7063999772071838
