Protein_ID,Localizations,Signals,Membrane types,Cytoplasm,Nucleus,Extracellular,Cell membrane,Mitochondrion,Plastid,Endoplasmic reticulum,Lysosome/Vacuole,Golgi apparatus,Peroxisome,Peripheral,Transmembrane,Lipid anchor,Soluble
AT1G01050,Cytoplasm,,Soluble,0.6883000135421753,0.3781999945640564,0.15160000324249268,0.14509999752044678,0.23659999668598175,0.015200000256299973,0.13740000128746033,0.22020000219345093,0.2078000009059906,0.1429000049829483,0.4765999913215637,0.029899999499320984,0.364300012588501,0.826200008392334
AT1G02500,Cytoplasm,Nuclear export signal,Soluble,0.8723000288009644,0.30869999527931213,0.03759999945759773,0.259799987077713,0.26930001378059387,0.022700000554323196,0.148499995470047,0.156700000166893,0.12800000607967377,0.03180000185966492,0.3179999887943268,0.06710000336170197,0.13729999959468842,0.7990999817848206
AT1G03130,Plastid,Chloroplast transit peptide,Peripheral,0.12280000001192093,0.04430000111460686,0.026399999856948853,0.0617000013589859,0.186599999666214,0.9954000115394592,0.06449999660253525,0.033799998462200165,0.03280000016093254,0.06710000336170197,0.8456000089645386,0.08579999953508377,0.05469999834895134,0.489300012588501
AT1G04410,Cytoplasm,Nuclear export signal,Soluble,0.8460999727249146,0.26989999413490295,0.04989999905228615,0.25040000677108765,0.5526000261306763,0.07620000094175339,0.2937000095844269,0.14509999752044678,0.2874000072479248,0.15880000591278076,0.5160999894142151,0.0877000018954277,0.1657000035047531,0.7712000012397766
AT1G05610,Plastid,Chloroplast transit peptide,Soluble,0.17090000212192535,0.1559000015258789,0.020999999716877937,0.0835999995470047,0.08020000159740448,0.9623000025749207,0.07810000330209732,0.08399999886751175,0.041600000113248825,0.05640000104904175,0.39879998564720154,0.15399999916553497,0.0925000011920929,0.7574999928474426
AT1G06410,Cytoplasm,,Soluble,0.5982000231742859,0.35519999265670776,0.060499999672174454,0.24199999868869781,0.0706000030040741,0.053300000727176666,0.23180000483989716,0.4977000057697296,0.3528999984264374,0.11230000108480453,0.5091000199317932,0.11249999701976776,0.14589999616146088,0.7462999820709229
AT1G06680,Plastid,Thylakoid luminal transit peptide,Peripheral|Soluble,0.07209999859333038,0.042100001126527786,0.05849999934434891,0.060100000351667404,0.15680000185966492,0.9901000261306763,0.05920000001788139,0.02290000021457672,0.04129999876022339,0.037700001150369644,0.7397000193595886,0.14219999313354492,0.04690000042319298,0.6193000078201294
AT1G07110,Cytoplasm,,Peripheral|Lipid anchor,0.633400022983551,0.3808000087738037,0.0617000013589859,0.3962000012397766,0.19599999487400055,0.17440000176429749,0.2800999879837036,0.3440999984741211,0.3057999908924103,0.09589999914169312,0.7049000263214111,0.12349999696016312,0.8921999931335449,0.40220001339912415
AT1G07180,Mitochondrion,Mitochondrial transit peptide,Peripheral,0.14659999310970306,0.06430000066757202,0.014000000432133675,0.11490000039339066,0.847000002861023,0.5622000098228455,0.12240000069141388,0.09279999881982803,0.09600000083446503,0.10180000215768814,0.725600004196167,0.44110000133514404,0.13210000097751617,0.2912999987602234
AT1G07780,Plastid,Chloroplast transit peptide,Soluble,0.14229999482631683,0.08569999784231186,0.013700000010430813,0.041600000113248825,0.18529999256134033,0.9925000071525574,0.01850000023841858,0.02759999968111515,0.06300000101327896,0.0340999998152256,0.3723999857902527,0.10209999978542328,0.03449999913573265,0.794700026512146
AT1G08065,Extracellular|Lysosome/Vacuole,Signal peptide,Soluble,0.16130000352859497,0.05510000139474869,0.7567999958992004,0.16899999976158142,0.012600000016391277,0.23469999432563782,0.5227000117301941,0.7516999840736389,0.29269999265670776,0.008700000122189522,0.32109999656677246,0.029999999329447746,0.08910000324249268,0.8610000014305115
AT1G08080,Extracellular|Lysosome/Vacuole,Signal peptide,Soluble,0.13349999487400055,0.056699998676776886,0.6988999843597412,0.19449999928474426,0.007499999832361937,0.31299999356269836,0.6049000024795532,0.7184000015258789,0.35420000553131104,0.003800000064074993,0.2524000108242035,0.04320000112056732,0.14059999585151672,0.8489999771118164
AT1G08250,Plastid,Chloroplast transit peptide,Soluble,0.11389999836683273,0.0778999999165535,0.015699999406933784,0.08619999885559082,0.17309999465942383,0.9901000261306763,0.02290000021457672,0.03889999911189079,0.06669999659061432,0.08320000022649765,0.427700012922287,0.054099999368190765,0.2637999951839447,0.7161999940872192
AT1G08380,Plastid,,Transmembrane,0.05900000035762787,0.05649999901652336,0.04749999940395355,0.10509999841451645,0.11749999970197678,0.9936000108718872,0.07880000025033951,0.03319999948143959,0.04089999943971634,0.05849999934434891,0.30559998750686646,0.9883999824523926,0.02199999988079071,0.09459999948740005
AT1G08480,Mitochondrion,,Transmembrane,0.18930000066757202,0.24549999833106995,0.09279999881982803,0.03500000014901161,0.8483999967575073,0.25060001015663147,0.10719999670982361,0.2930999994277954,0.04349999874830246,0.010099999606609344,0.4839000105857849,0.9696000218391418,0.05530000105500221,0.10989999771118164
AT1G08630,Cytoplasm,Peroxisomal targeting signal,Soluble,0.6485999822616577,0.4311000108718872,0.07900000363588333,0.13120000064373016,0.34779998660087585,0.044199999421834946,0.14390000700950623,0.09749999642372131,0.1306000053882599,0.3937999904155731,0.4011000096797943,0.09549999982118607,0.24629999697208405,0.832099974155426
AT1G09420,Plastid,Chloroplast transit peptide,Soluble,0.09359999746084213,0.10480000078678131,0.008999999612569809,0.12280000001192093,0.11550000309944153,0.9900000095367432,0.08609999716281891,0.0763000026345253,0.1316000074148178,0.10270000249147415,0.46709999442100525,0.1387999951839447,0.11079999804496765,0.7297999858856201
AT1G09430,Cytoplasm,,Soluble,0.7843999862670898,0.3813000023365021,0.07909999787807465,0.3278999924659729,0.39399999380111694,0.005400000140070915,0.10379999876022339,0.1485999971628189,0.13650000095367432,0.10019999742507935,0.43619999289512634,0.0658000037074089,0.20319999754428864,0.8353999853134155
AT1G09780,Cytoplasm,,Soluble,0.8450999855995178,0.33090001344680786,0.0794999971985817,0.22220000624656677,0.16120000183582306,0.13899999856948853,0.1826999932527542,0.21240000426769257,0.13019999861717224,0.12720000743865967,0.43290001153945923,0.05130000039935112,0.26269999146461487,0.8388000130653381
AT1G09795,Plastid,Chloroplast transit peptide,Peripheral|Soluble,0.1599999964237213,0.08980000019073486,0.01119999960064888,0.08110000193119049,0.10040000081062317,0.9803000092506409,0.06040000170469284,0.09149999916553497,0.06260000169277191,0.06880000233650208,0.6556000113487244,0.121799997985363,0.11420000344514847,0.6252999901771545
AT1G09830,Plastid,Chloroplast transit peptide,Soluble,0.14390000700950623,0.08590000122785568,0.014000000432133675,0.04600000008940697,0.1120000034570694,0.9740999937057495,0.07349999994039536,0.056299999356269836,0.04809999838471413,0.13809999823570251,0.47099998593330383,0.08290000259876251,0.11460000276565552,0.78329998254776
AT1G10070,Mitochondrion,Mitochondrial transit peptide,Soluble,0.1656000018119812,0.10869999974966049,0.023399999365210533,0.08020000159740448,0.8942000269889832,0.18889999389648438,0.05350000038743019,0.10899999737739563,0.07519999891519547,0.023900000378489494,0.40529999136924744,0.12919999659061432,0.09000000357627869,0.746399998664856
AT1G10670,Cytoplasm,,Soluble,0.7358999848365784,0.3125999867916107,0.1145000010728836,0.31209999322891235,0.3903000056743622,0.015799999237060547,0.08250000327825546,0.0835999995470047,0.11230000108480453,0.06030000001192093,0.42969998717308044,0.060100000351667404,0.1964000016450882,0.828000009059906
AT1G10700,Plastid,Chloroplast transit peptide,Soluble,0.12520000338554382,0.09130000323057175,0.016899999231100082,0.08209999650716782,0.14579999446868896,0.9786999821662903,0.06840000301599503,0.05920000001788139,0.0868000015616417,0.12549999356269836,0.4837999939918518,0.1459999978542328,0.1679999977350235,0.7440999746322632
AT1G11720,Plastid,Chloroplast transit peptide,Soluble,0.19020000100135803,0.12610000371932983,0.04670000076293945,0.08389999717473984,0.14190000295639038,0.9850000143051147,0.05700000002980232,0.03849999979138374,0.061799999326467514,0.13760000467300415,0.5109000205993652,0.23989999294281006,0.04879999905824661,0.6891999840736389
AT1G11790,Plastid,Chloroplast transit peptide,Soluble,0.1054999977350235,0.1031000018119812,0.01600000075995922,0.04470000043511391,0.2540999948978424,0.9689000248908997,0.026399999856948853,0.0560000017285347,0.0714000016450882,0.06729999929666519,0.4851999878883362,0.0737999975681305,0.08380000293254852,0.7652000188827515
AT1G11860,Mitochondrion,Mitochondrial transit peptide,Soluble,0.1476999968290329,0.07989999651908875,0.027799999341368675,0.07020000368356705,0.9307000041007996,0.016100000590085983,0.05939999967813492,0.04430000111460686,0.050200000405311584,0.04050000011920929,0.5516999959945679,0.09880000352859497,0.093299999833107,0.7444999814033508
AT1G12000,Cytoplasm,Peroxisomal targeting signal,Soluble,0.7437000274658203,0.21819999814033508,0.22269999980926514,0.2248000055551529,0.12030000239610672,0.09969999641180038,0.15000000596046448,0.3495999872684479,0.16750000417232513,0.2353000044822693,0.4569999873638153,0.08749999850988388,0.49300000071525574,0.816100001335144
AT1G12550,Cytoplasm,,Soluble,0.6263999938964844,0.3172999918460846,0.03610000014305115,0.25040000677108765,0.0803999975323677,0.31029999256134033,0.34529998898506165,0.17470000684261322,0.0502999983727932,0.2224999964237213,0.3472000062465668,0.12610000371932983,0.07519999891519547,0.7092000246047974
AT1G12900,Plastid,Chloroplast transit peptide,Soluble,0.08709999918937683,0.08290000259876251,0.012199999764561653,0.06859999895095825,0.08370000123977661,0.991100013256073,0.047200001776218414,0.02669999934732914,0.04619999974966049,0.14079999923706055,0.5439000129699707,0.07909999787807465,0.10970000177621841,0.7400000095367432
AT1G13440,Cytoplasm,,Soluble,0.789900004863739,0.15639999508857727,0.17000000178813934,0.20960000157356262,0.578499972820282,0.06459999829530716,0.1362999975681305,0.12849999964237213,0.0794999971985817,0.1274999976158142,0.40950000286102295,0.06620000302791595,0.14470000565052032,0.8377000093460083
AT1G13700,Cytoplasm,Peroxisomal targeting signal,Soluble,0.6769999861717224,0.4138000011444092,0.04170000180602074,0.16050000488758087,0.1517000049352646,0.3538999855518341,0.12120000272989273,0.125,0.07540000230073929,0.4571000039577484,0.33250001072883606,0.08190000057220459,0.04879999905824661,0.8080000281333923
AT1G14150,Plastid,Thylakoid luminal transit peptide,Peripheral|Soluble,0.06610000133514404,0.03139999881386757,0.06210000067949295,0.05299999937415123,0.15479999780654907,0.9901000261306763,0.08820000290870667,0.040300000458955765,0.03579999879002571,0.045899998396635056,0.7221999764442444,0.21940000355243683,0.03750000149011612,0.5611000061035156
AT1G15120,Cytoplasm,Peroxisomal targeting signal,Soluble,0.5202000141143799,0.2630000114440918,0.18459999561309814,0.06109999865293503,0.5619999766349792,0.11680000275373459,0.14259999990463257,0.0681999996304512,0.15449999272823334,0.08640000224113464,0.5871000289916992,0.08839999884366989,0.02459999918937683,0.5843999981880188
AT1G15700,Plastid,Chloroplast transit peptide,Peripheral|Soluble,0.08179999887943268,0.051100000739097595,0.024399999529123306,0.0949999988079071,0.1444000005722046,0.9715999960899353,0.09870000183582306,0.05979999899864197,0.06289999932050705,0.2393999993801117,0.7103999853134155,0.04859999939799309,0.19140000641345978,0.6531000137329102
AT1G15710,Plastid,Chloroplast transit peptide,Soluble,0.16120000183582306,0.093299999833107,0.026499999687075615,0.08810000121593475,0.13670000433921814,0.9882000088691711,0.0722000002861023,0.13950000703334808,0.04610000178217888,0.054499998688697815,0.4684000015258789,0.11089999973773956,0.2150000035762787,0.7426000237464905
AT1G15980,Plastid,Chloroplast transit peptide,Peripheral|Soluble,0.12409999966621399,0.07580000162124634,0.03999999910593033,0.10719999670982361,0.08560000360012054,0.9915000200271606,0.060600001364946365,0.06920000165700912,0.05900000035762787,0.01269999984651804,0.6916000247001648,0.1671999990940094,0.13950000703334808,0.6401000022888184
AT1G16300,Plastid,Chloroplast transit peptide,Soluble,0.08129999786615372,0.11190000176429749,0.00860000029206276,0.06289999932050705,0.09790000319480896,0.9921000003814697,0.0333000011742115,0.03880000114440918,0.03660000115633011,0.1014999970793724,0.5541999936103821,0.02019999921321869,0.20569999516010284,0.824999988079071
AT1G16350,Cytoplasm|Nucleus,Nuclear localization signal,Soluble,0.718999981880188,0.5374000072479248,0.03200000151991844,0.054499998688697815,0.13189999759197235,0.042100001126527786,0.20149999856948853,0.17479999363422394,0.09539999812841415,0.008899999782443047,0.4348999857902527,0.0414000004529953,0.16110000014305115,0.802299976348877
AT1G16700,Mitochondrion,Mitochondrial transit peptide,Peripheral|Transmembrane,0.14890000224113464,0.07079999893903732,0.029500000178813934,0.11469999700784683,0.9574000239372253,0.015300000086426735,0.06790000200271606,0.053599998354911804,0.16519999504089355,0.17020000517368317,0.7129999995231628,0.5968000292778015,0.047200001776218414,0.31459999084472656
AT1G16980,Cytoplasm,,Soluble,0.7178999781608582,0.35120001435279846,0.20509999990463257,0.21140000224113464,0.11479999870061874,0.052799999713897705,0.2012999951839447,0.24779999256134033,0.28119999170303345,0.15729999542236328,0.48010000586509705,0.09960000216960907,0.19949999451637268,0.7599999904632568
AT1G17000,Cytoplasm,Nuclear localization signal,Soluble,0.6858999729156494,0.3240000009536743,0.18240000307559967,0.1395999938249588,0.0843999981880188,0.04470000043511391,0.1867000013589859,0.28760001063346863,0.2142000049352646,0.06159999966621399,0.4562000036239624,0.11460000276565552,0.1264999955892563,0.7631000280380249
AT1G17160,Plastid,Chloroplast transit peptide,Soluble,0.14190000295639038,0.0957999974489212,0.01640000008046627,0.052000001072883606,0.12919999659061432,0.9847999811172485,0.04969999939203262,0.06800000369548798,0.058400001376867294,0.11209999769926071,0.5418999791145325,0.11400000005960464,0.10000000149011612,0.7210999727249146
AT1G17290,Mitochondrion,Mitochondrial transit peptide,Soluble,0.23440000414848328,0.17190000414848328,0.03530000150203705,0.12060000002384186,0.8021000027656555,0.5480999946594238,0.08340000361204147,0.13860000669956207,0.0731000006198883,0.1559000015258789,0.47209998965263367,0.12489999830722809,0.1388999968767166,0.722599983215332
AT1G17745,Plastid,Chloroplast transit peptide,Soluble,0.1193000003695488,0.07680000364780426,0.02459999918937683,0.07150000333786011,0.21529999375343323,0.9886000156402588,0.05770000070333481,0.07460000365972519,0.10980000346899033,0.034699998795986176,0.5927000045776367,0.12849999964237213,0.14790000021457672,0.6718999743461609
AT1G18500,Plastid,Chloroplast transit peptide,Soluble,0.14720000326633453,0.09830000251531601,0.010999999940395355,0.06419999897480011,0.28780001401901245,0.9703999757766724,0.06710000336170197,0.06530000269412994,0.02459999918937683,0.08370000123977661,0.34779998660087585,0.10400000214576721,0.13750000298023224,0.777999997138977
AT1G18640,Plastid,Chloroplast transit peptide,Soluble,0.1251000016927719,0.06549999862909317,0.019700000062584877,0.04019999876618385,0.34439998865127563,0.9735999703407288,0.020099999383091927,0.06809999793767929,0.07240000367164612,0.09009999781847,0.4611999988555908,0.1818999946117401,0.056299999356269836,0.690500020980835
AT1G18730,Plastid,,Transmembrane,0.19769999384880066,0.15330000221729279,0.04280000180006027,0.07699999958276749,0.22059999406337738,0.9524000287055969,0.21119999885559082,0.04450000077486038,0.061799999326467514,0.039900001138448715,0.2955000102519989,0.935699999332428,0.10289999842643738,0.20550000667572021
AT1G19920,Plastid,Chloroplast transit peptide,Peripheral|Soluble,0.1387999951839447,0.1014999970793724,0.02930000051856041,0.05939999967813492,0.16689999401569366,0.9868999719619751,0.08240000158548355,0.08510000258684158,0.1046999990940094,0.1088000014424324,0.694100022315979,0.04619999974966049,0.11349999904632568,0.7142999768257141
AT1G20020,Plastid,Chloroplast transit peptide,Peripheral|Soluble,0.09430000185966492,0.0843999981880188,0.010900000110268593,0.06310000270605087,0.07729999721050262,0.9883000254631042,0.04910000041127205,0.026499999687075615,0.05350000038743019,0.033399999141693115,0.6571000218391418,0.08699999749660492,0.18170000612735748,0.6610000133514404
AT1G20620,Cytoplasm|Peroxisome,Peroxisomal targeting signal,Soluble,0.5153999924659729,0.05130000039935112,0.2696000039577484,0.3160000145435333,0.3499000072479248,0.012299999594688416,0.2775000035762787,0.22509999573230743,0.2029999941587448,0.9919000267982483,0.5353000164031982,0.06080000102519989,0.13619999587535858,0.7973999977111816
AT1G20630,Cytoplasm|Peroxisome,Peroxisomal targeting signal,Soluble,0.5986999869346619,0.0714000016450882,0.27790001034736633,0.23970000445842743,0.36090001463890076,0.008700000122189522,0.2944999933242798,0.36489999294281006,0.24449999630451202,0.963699996471405,0.5764999985694885,0.05640000104904175,0.13349999487400055,0.800599992275238
AT1G20950,Cytoplasm,Nuclear export signal,Soluble,0.7024999856948853,0.2971000075340271,0.10249999910593033,0.27070000767707825,0.28859999775886536,0.024399999529123306,0.1923999935388565,0.3682999908924103,0.24560000002384186,0.08479999750852585,0.5497000217437744,0.0908999964594841,0.49390000104904175,0.8208000063896179
AT1G22020,Nucleus,Nuclear localization signal,Soluble,0.2370000034570694,0.8756999969482422,0.006200000178068876,0.08510000258684158,0.04490000009536743,0.1826000064611435,0.20800000429153442,0.20280000567436218,0.06239999830722809,0.1509999930858612,0.4544999897480011,0.0957999974489212,0.26910001039505005,0.763700008392334
AT1G22170,Plastid,Chloroplast transit peptide,Peripheral|Soluble,0.11590000241994858,0.06129999831318855,0.014999999664723873,0.05550000071525574,0.19329999387264252,0.9869999885559082,0.05270000174641609,0.04780000075697899,0.07109999656677246,0.021199999377131462,0.6151000261306763,0.05209999904036522,0.14640000462532043,0.6816999912261963
AT1G22210,Cytoplasm,Nuclear export signal,Soluble,0.609499990940094,0.4587000012397766,0.032600000500679016,0.36550000309944153,0.10649999976158142,0.023399999365210533,0.16449999809265137,0.273499995470047,0.13339999318122864,0.042100001126527786,0.5011000037193298,0.053300000727176666,0.301800012588501,0.7791000008583069
AT1G22450,Cytoplasm,,Peripheral|Soluble,0.477400004863739,0.21580000221729279,0.1225999966263771,0.0877000018954277,0.30469998717308044,0.2214999943971634,0.29589998722076416,0.20200000703334808,0.31619998812675476,0.19220000505447388,0.6037999987602234,0.050999999046325684,0.0414000004529953,0.6449000239372253
AT1G23190,Cytoplasm,,Soluble,0.7682999968528748,0.2867000102996826,0.14180000126361847,0.39750000834465027,0.17599999904632568,0.07639999687671661,0.28999999165534973,0.1784999966621399,0.24690000712871552,0.06679999828338623,0.5515000224113464,0.05849999934434891,0.33730000257492065,0.7847999930381775
AT1G23310,Peroxisome,Peroxisomal targeting signal,Soluble,0.31769999861717224,0.06459999829530716,0.029600000008940697,0.4106999933719635,0.2851000130176544,0.0010000000474974513,0.34540000557899475,0.1665000021457672,0.28949999809265137,0.8634999990463257,0.545199990272522,0.07479999959468842,0.4722999930381775,0.7124000191688538
AT1G23730,Cytoplasm,Peroxisomal targeting signal,Soluble,0.7623999714851379,0.21359999477863312,0.13570000231266022,0.3068999946117401,0.298799991607666,0.08789999783039093,0.14110000431537628,0.16899999976158142,0.12349999696016312,0.31139999628067017,0.557699978351593,0.03280000016093254,0.2700999975204468,0.807200014591217
AT1G24280,Plastid,Chloroplast transit peptide,Soluble,0.11789999902248383,0.08299999684095383,0.014999999664723873,0.06430000066757202,0.10930000245571136,0.9901000261306763,0.05849999934434891,0.08640000224113464,0.065700002014637,0.17810000479221344,0.5249999761581421,0.10109999775886536,0.17980000376701355,0.7211999893188477
AT1G27450,Plastid,Mitochondrial transit peptide,Soluble,0.218299999833107,0.10369999706745148,0.043699998408555984,0.07930000126361847,0.5468000173568726,0.879800021648407,0.05209999904036522,0.09870000183582306,0.05299999937415123,0.12849999964237213,0.38830000162124634,0.09880000352859497,0.13300000131130219,0.7014999985694885
AT1G27680,Plastid,Chloroplast transit peptide,Soluble,0.08429999649524689,0.10300000011920929,0.01510000042617321,0.05790000036358833,0.08510000258684158,0.9866999983787537,0.04560000076889992,0.05469999834895134,0.04470000043511391,0.12139999866485596,0.5623999834060669,0.09099999815225601,0.1509000062942505,0.7516000270843506
AT1G29410,Plastid,Chloroplast transit peptide,Soluble,0.1451999992132187,0.07779999822378159,0.015399999916553497,0.04230000078678131,0.19789999723434448,0.9937000274658203,0.023800000548362732,0.025499999523162842,0.04129999876022339,0.06279999762773514,0.3440000116825104,0.4650000035762787,0.04360000044107437,0.5382000207901001
AT1G29900,Plastid,Chloroplast transit peptide,Soluble,0.1754000037908554,0.12960000336170197,0.007400000002235174,0.05249999836087227,0.21850000321865082,0.979200005531311,0.050700001418590546,0.08250000327825546,0.06849999725818634,0.20900000631809235,0.5414999723434448,0.1664000004529953,0.09109999984502792,0.6942999958992004
AT1G30380,Plastid,Chloroplast transit peptide,Transmembrane,0.09830000251531601,0.0706000030040741,0.054499998688697815,0.056299999356269836,0.22669999301433563,0.9498000144958496,0.03689999878406525,0.016200000420212746,0.05920000001788139,0.0038999998942017555,0.3628999888896942,0.9646000266075134,0.025499999523162842,0.0934000015258789
AT1G31180,Plastid,Chloroplast transit peptide,Soluble,0.11810000240802765,0.05939999967813492,0.01600000075995922,0.04639999940991402,0.3222000002861023,0.9717000126838684,0.029999999329447746,0.06639999896287918,0.0421999990940094,0.11749999970197678,0.45739999413490295,0.11150000244379044,0.14740000665187836,0.7516000270843506
AT1G31220,Plastid,Chloroplast transit peptide,Soluble,0.09690000116825104,0.07010000199079514,0.025599999353289604,0.04529999941587448,0.15039999783039093,0.9940999746322632,0.03240000084042549,0.04800000041723251,0.07779999822378159,0.12849999964237213,0.5223000049591064,0.14390000700950623,0.0892999991774559,0.7484999895095825
AT1G31230,Plastid,Chloroplast transit peptide,Soluble,0.08649999648332596,0.1501999944448471,0.01720000058412552,0.036400001496076584,0.15320000052452087,0.9887999892234802,0.03620000183582306,0.07670000195503235,0.07580000162124634,0.0982000008225441,0.5709999799728394,0.12409999966621399,0.11580000072717667,0.7378000020980835
AT1G31330,Plastid,Thylakoid luminal transit peptide,Transmembrane,0.09179999679327011,0.02810000069439411,0.06319999694824219,0.05990000069141388,0.18119999766349792,0.9911999702453613,0.09870000183582306,0.04560000076889992,0.045099999755620956,0.08250000327825546,0.4943999946117401,0.9577999711036682,0.04309999942779541,0.1054999977350235
AT1G31860,Plastid,Chloroplast transit peptide,Soluble,0.1459999978542328,0.09210000187158585,0.014499999582767487,0.04969999939203262,0.265500009059906,0.9865000247955322,0.02969999983906746,0.05649999901652336,0.050599999725818634,0.05649999901652336,0.427700012922287,0.12229999899864197,0.05640000104904175,0.7422000169754028
AT1G32060,Plastid,Chloroplast transit peptide,Peripheral|Soluble,0.11659999936819077,0.06360000371932983,0.014600000344216824,0.06620000302791595,0.08470000326633453,0.9894999861717224,0.07930000126361847,0.061500001698732376,0.0544000007212162,0.2110999971628189,0.6255999803543091,0.059300001710653305,0.09520000219345093,0.6912000179290771
AT1G32350,Mitochondrion,Mitochondrial transit peptide,Transmembrane,0.1088000014424324,0.11289999634027481,0.02410000003874302,0.11339999735355377,0.9078999757766724,0.32010000944137573,0.1274999976158142,0.05310000106692314,0.1014999970793724,0.17159999907016754,0.5084999799728394,0.5746999979019165,0.09080000221729279,0.33070001006126404
AT1G32380,Plastid,Chloroplast transit peptide,Soluble,0.09459999948740005,0.1054999977350235,0.013100000098347664,0.05999999865889549,0.14560000598430634,0.9894999861717224,0.04129999876022339,0.04259999841451645,0.043299999088048935,0.13289999961853027,0.47279998660087585,0.06859999895095825,0.30320000648498535,0.7282000184059143
AT1G32440,Plastid,Chloroplast transit peptide,Soluble,0.09769999980926514,0.10620000213384628,0.008700000122189522,0.047600001096725464,0.16539999842643738,0.9940999746322632,0.033900000154972076,0.05000000074505806,0.08139999955892563,0.12600000202655792,0.5529999732971191,0.05460000038146973,0.155799999833107,0.8090000152587891
AT1G32480,Cytoplasm,,Soluble,0.7484999895095825,0.296099990606308,0.19290000200271606,0.19339999556541443,0.34869998693466187,0.058400001376867294,0.16030000150203705,0.06469999998807907,0.1445000022649765,0.011599999852478504,0.2549999952316284,0.1670999974012375,0.24369999766349792,0.7569000124931335
AT1G35580,Cytoplasm,Peroxisomal targeting signal,Soluble,0.65420001745224,0.35440000891685486,0.08940000087022781,0.287200003862381,0.0892999991774559,0.01269999984651804,0.2547000050544739,0.4300000071525574,0.22360000014305115,0.23170000314712524,0.4453999996185303,0.23989999294281006,0.23639999330043793,0.738099992275238
AT1G35910,Cytoplasm|Nucleus,Nuclear localization signal,Soluble,0.5426999926567078,0.5206000208854675,0.05959999933838844,0.37389999628067017,0.10320000350475311,0.09070000052452087,0.11410000175237656,0.3294999897480011,0.1476999968290329,0.02590000070631504,0.4401000142097473,0.03909999877214432,0.27889999747276306,0.8113999962806702
AT1G36370,Nucleus,Nuclear localization signal,Soluble,0.367000013589859,0.7301999926567078,0.007600000128149986,0.18960000574588776,0.07720000296831131,0.10440000146627426,0.1257999986410141,0.18219999969005585,0.05169999971985817,0.10840000212192535,0.43880000710487366,0.08579999953508377,0.31450000405311584,0.8137000203132629
AT1G37130,Cytoplasm,Nuclear export signal,Soluble,0.8064000010490417,0.13650000095367432,0.04639999940991402,0.40209999680519104,0.15230000019073486,0.03350000083446503,0.45509999990463257,0.3246999979019165,0.3490999937057495,0.06669999659061432,0.5065000057220459,0.10589999705553055,0.21459999680519104,0.7421000003814697
AT1G42970,Plastid,Chloroplast transit peptide,Peripheral|Soluble,0.08810000121593475,0.09350000321865082,0.017999999225139618,0.06360000371932983,0.09139999747276306,0.9944000244140625,0.043299999088048935,0.02449999935925007,0.04500000178813934,0.12139999866485596,0.6093000173568726,0.051500000059604645,0.2084999978542328,0.7578999996185303
AT1G43670,Cytoplasm,Nuclear localization signal,Soluble,0.7542999982833862,0.3346000015735626,0.08950000256299973,0.24160000681877136,0.25200000405311584,0.026799999177455902,0.34709998965263367,0.17149999737739563,0.21199999749660492,0.029600000008940697,0.4693000018596649,0.05920000001788139,0.13410000503063202,0.7860999703407288
AT1G44170,Cytoplasm,,Peripheral,0.46720001101493835,0.34360000491142273,0.03779999911785126,0.259799987077713,0.19200000166893005,0.44519999623298645,0.5461000204086304,0.23440000414848328,0.2750999927520752,0.10999999940395355,0.609000027179718,0.4677000045776367,0.5770999789237976,0.24539999663829803
AT1G44575,Plastid,Chloroplast transit peptide,Transmembrane,0.06970000267028809,0.0551999993622303,0.032600000500679016,0.060600001364946365,0.061400000005960464,0.9902999997138977,0.05469999834895134,0.049800001084804535,0.05550000071525574,0.07699999958276749,0.3156000077724457,0.8955000042915344,0.051899999380111694,0.1420000046491623
AT1G47420,Mitochondrion,Mitochondrial transit peptide,Peripheral|Soluble,0.11779999732971191,0.20919999480247498,0.05090000107884407,0.08079999685287476,0.7858999967575073,0.4528999924659729,0.04410000145435333,0.022600000724196434,0.08299999684095383,0.1088000014424324,0.6990000009536743,0.15639999508857727,0.1932000070810318,0.6226000189781189
AT1G48030,Mitochondrion,Mitochondrial transit peptide,Soluble,0.1289999932050705,0.10450000315904617,0.020899999886751175,0.12319999933242798,0.8652999997138977,0.3052000105381012,0.07050000131130219,0.053599998354911804,0.03550000116229057,0.1688999980688095,0.5547000169754028,0.15209999680519104,0.15880000591278076,0.6568999886512756
AT1G48470,Cytoplasm,,Soluble,0.8787000179290771,0.38920000195503235,0.06620000302791595,0.15080000460147858,0.1809999942779541,0.015699999406933784,0.24809999763965607,0.10729999840259552,0.19059999287128448,0.06849999725818634,0.35740000009536743,0.03720000013709068,0.14959999918937683,0.8921999931335449
AT1G48850,Plastid,Chloroplast transit peptide,Soluble,0.08760000020265579,0.06159999966621399,0.009600000455975533,0.05380000174045563,0.375,0.986299991607666,0.04839999973773956,0.03550000116229057,0.039900001138448715,0.17159999907016754,0.3686999976634979,0.09939999878406525,0.11810000240802765,0.7603999972343445
AT1G50480,Cytoplasm,Nuclear localization signal,Soluble,0.6079000234603882,0.48829999566078186,0.03819999843835831,0.211899995803833,0.1834000051021576,0.19539999961853027,0.09740000218153,0.13089999556541443,0.03709999844431877,0.10159999877214432,0.4133000075817108,0.11800000071525574,0.10400000214576721,0.8105000257492065
AT1G51650,Cytoplasm|Nucleus,Nuclear localization signal,Soluble,0.5641999840736389,0.6715999841690063,0.2159000039100647,0.2280000001192093,0.2635999917984009,0.06780000030994415,0.02419999986886978,0.014399999752640724,0.020999999716877937,0.012900000438094139,0.16760000586509705,0.16699999570846558,0.19850000739097595,0.8356999754905701
AT1G51980,Mitochondrion,Mitochondrial transit peptide,Peripheral|Soluble,0.11020000278949738,0.12559999525547028,0.020099999383091927,0.09269999712705612,0.8934999704360962,0.45719999074935913,0.08489999920129776,0.11150000244379044,0.050599999725818634,0.08190000057220459,0.804099977016449,0.04919999837875366,0.1736000031232834,0.6746000051498413
AT1G52230,Plastid,Thylakoid luminal transit peptide,Transmembrane,0.08990000188350677,0.039900001138448715,0.02590000070631504,0.03790000081062317,0.1542000025510788,0.989300012588501,0.050700001418590546,0.020999999716877937,0.05079999938607216,0.027400000020861626,0.2485000044107437,0.9743000268936157,0.043800000101327896,0.09780000150203705
AT1G53240,Mitochondrion,Mitochondrial transit peptide,Peripheral|Soluble,0.17159999907016754,0.05889999866485596,0.018799999728798866,0.08820000290870667,0.9251000285148621,0.08649999648332596,0.03200000151991844,0.04360000044107437,0.04859999939799309,0.12720000743865967,0.6061000227928162,0.06520000100135803,0.21559999883174896,0.7200999855995178
AT1G53310,Cytoplasm,Nuclear export signal,Soluble,0.6927000284194946,0.2468000054359436,0.08250000327825546,0.32339999079704285,0.258899986743927,0.18889999389648438,0.11819999665021896,0.24549999833106995,0.10159999877214432,0.025100000202655792,0.5692999958992004,0.1331000030040741,0.20399999618530273,0.7699000239372253
AT1G54100,Cytoplasm,Nuclear export signal,Soluble,0.8008000254631042,0.36149999499320984,0.06750000268220901,0.2808000147342682,0.17900000512599945,0.0868000015616417,0.30379998683929443,0.26269999146461487,0.25429999828338623,0.07490000128746033,0.5349000096321106,0.12430000305175781,0.3012000024318695,0.6478999853134155
AT1G54220,Mitochondrion,Mitochondrial transit peptide,Peripheral|Soluble,0.1362999975681305,0.125900000333786,0.013000000268220901,0.1324000060558319,0.8098999857902527,0.3140999972820282,0.12770000100135803,0.04129999876022339,0.09080000221729279,0.1657000035047531,0.698199987411499,0.030300000682473183,0.09790000319480896,0.7228999733924866
AT1G54340,Peroxisome,Peroxisomal targeting signal,Soluble,0.1728000044822693,0.14589999616146088,0.06270000338554382,0.274399995803833,0.3935000002384186,0.016300000250339508,0.045099999755620956,0.08100000023841858,0.03629999980330467,0.9905999898910522,0.5349000096321106,0.04809999838471413,0.2802000045776367,0.7269999980926514
AT1G55670,Plastid,,Transmembrane,0.059700001031160355,0.04520000144839287,0.02800000086426735,0.07440000027418137,0.14820000529289246,0.9901999831199646,0.11259999871253967,0.03150000050663948,0.05730000138282776,0.03579999879002571,0.29829999804496765,0.9790999889373779,0.041099999099969864,0.07209999859333038
AT1G55920,Cytoplasm,Peroxisomal targeting signal,Peripheral|Soluble,0.565500020980835,0.375,0.02019999921321869,0.2078000009059906,0.19349999725818634,0.5745999813079834,0.21150000393390656,0.18719999492168427,0.07440000027418137,0.41040000319480896,0.6496999859809875,0.0786999985575676,0.4106000065803528,0.6643000245094299
AT1G56190,Plastid,Chloroplast transit peptide,Peripheral|Soluble,0.07280000299215317,0.09279999881982803,0.01590000092983246,0.0658000037074089,0.1770000010728836,0.9922000169754028,0.03180000185966492,0.04309999942779541,0.05779999867081642,0.04610000178217888,0.6642000079154968,0.04410000145435333,0.20919999480247498,0.6951000094413757
AT1G58080,Plastid,Chloroplast transit peptide,Peripheral|Soluble,0.17000000178813934,0.0982000008225441,0.015399999916553497,0.08100000023841858,0.12549999356269836,0.9735999703407288,0.06270000338554382,0.09179999679327011,0.04729999974370003,0.09889999777078629,0.6728000044822693,0.1298000067472458,0.12309999763965607,0.6234999895095825
AT1G58180,Mitochondrion|Plastid,Mitochondrial transit peptide,Peripheral|Soluble,0.18129999935626984,0.10369999706745148,0.031199999153614044,0.10220000147819519,0.676800012588501,0.8120999932289124,0.019099999219179153,0.04879999905824661,0.05480000004172325,0.147599995136261,0.6158999800682068,0.0689999982714653,0.21580000221729279,0.7261999845504761
AT1G59900,Mitochondrion,Mitochondrial transit peptide,Soluble,0.12479999661445618,0.08839999884366989,0.025200000032782555,0.12219999730587006,0.7756999731063843,0.2930000126361847,0.1444000005722046,0.07410000264644623,0.029400000348687172,0.10090000182390213,0.5454999804496765,0.07320000231266022,0.12759999930858612,0.6740999817848206
AT1G60140,Cytoplasm,Peroxisomal targeting signal,Soluble,0.6018999814987183,0.2750000059604645,0.11050000041723251,0.23749999701976776,0.1006999984383583,0.12939999997615814,0.3190999925136566,0.4607999920845032,0.35100001096725464,0.27149999141693115,0.4862000048160553,0.11110000312328339,0.10530000180006027,0.7677000164985657
AT1G60810,Cytoplasm,,Soluble,0.7314000129699707,0.32170000672340393,0.11940000206232071,0.31529998779296875,0.3546000123023987,0.015200000256299973,0.08550000190734863,0.08489999920129776,0.11050000041723251,0.05730000138282776,0.44130000472068787,0.06300000101327896,0.19629999995231628,0.8224999904632568
AT1G62180,Plastid,Chloroplast transit peptide,Peripheral|Soluble,0.07410000264644623,0.08380000293254852,0.010200000368058681,0.03759999945759773,0.11720000207424164,0.992900013923645,0.03370000049471855,0.03099999949336052,0.07880000025033951,0.08370000123977661,0.633400022983551,0.06880000233650208,0.07519999891519547,0.6955000162124634
AT1G62800,Cytoplasm,Nuclear localization signal|Nuclear export signal,Soluble,0.79339998960495,0.34380000829696655,0.09059999883174896,0.2206999957561493,0.30559998750686646,0.0471000000834465,0.08229999989271164,0.12399999797344208,0.15780000388622284,0.030300000682473183,0.2800000011920929,0.13269999623298645,0.15729999542236328,0.8241000175476074
AT1G62960,Endoplasmic reticulum,Peroxisomal targeting signal,Transmembrane,0.22750000655651093,0.16269999742507935,0.14669999480247498,0.20730000734329224,0.6172000169754028,0.44110000133514404,0.6359000205993652,0.0731000006198883,0.21819999814033508,0.7317000031471252,0.28290000557899475,0.9083999991416931,0.31929999589920044,0.20739999413490295
AT1G64190,Cytoplasm,Peroxisomal targeting signal,Soluble,0.6825000047683716,0.1436000019311905,0.025499999523162842,0.23600000143051147,0.149399995803833,0.593500018119812,0.27300000190734863,0.27379998564720154,0.08640000224113464,0.4803999960422516,0.49570000171661377,0.0763000026345253,0.1501999944448471,0.7394999861717224
AT1G65930,Cytoplasm,,Soluble,0.7044000029563904,0.36309999227523804,0.1500999927520752,0.3073999881744385,0.4781999886035919,0.02199999988079071,0.061799999326467514,0.20389999449253082,0.08699999749660492,0.10109999775886536,0.3555999994277954,0.09220000356435776,0.11550000309944153,0.7742000222206116
AT1G65960,Cytoplasm,Nuclear localization signal|Nuclear export signal,Soluble,0.708299994468689,0.49070000648498535,0.09449999779462814,0.38429999351501465,0.1655000001192093,0.08810000121593475,0.19419999420642853,0.05180000141263008,0.07540000230073929,0.13760000467300415,0.43230000138282776,0.08900000154972076,0.2711000144481659,0.7710000276565552
AT1G66200,Cytoplasm,Nuclear localization signal|Nuclear export signal,Soluble,0.8511000275611877,0.38420000672340393,0.042500000447034836,0.21490000188350677,0.16130000352859497,0.005799999926239252,0.22579999268054962,0.13590000569820404,0.1687999963760376,0.07010000199079514,0.31630000472068787,0.045899998396635056,0.19359999895095825,0.8666999936103821
AT1G67090,Plastid,Chloroplast transit peptide,Peripheral|Soluble,0.07569999992847443,0.0502999983727932,0.020400000736117363,0.04039999842643738,0.07090000063180923,0.9968000054359436,0.050599999725818634,0.029500000178813934,0.03680000081658363,0.03929999843239784,0.6653000116348267,0.045099999755620956,0.0851999968290329,0.6541000008583069
AT1G67550,Cytoplasm,Nuclear localization signal,Soluble,0.6793000102043152,0.31610000133514404,0.08380000293254852,0.2615000009536743,0.08869999647140503,0.08640000224113464,0.2152000069618225,0.2743000090122223,0.15199999511241913,0.06300000101327896,0.4458000063896179,0.05429999902844429,0.13030000030994415,0.8431000113487244
AT1G67740,Plastid,,Transmembrane,0.09189999848604202,0.06750000268220901,0.03539999946951866,0.08240000158548355,0.17820000648498535,0.9828000068664551,0.07259999960660934,0.043800000101327896,0.027699999511241913,0.07460000365972519,0.2272000014781952,0.9635999798774719,0.032600000500679016,0.1160999983549118
AT1G68010,Peroxisome,Peroxisomal targeting signal,Soluble,0.23849999904632568,0.23360000550746918,0.034699998795986176,0.06239999830722809,0.32120001316070557,0.03799999877810478,0.0494999997317791,0.03350000083446503,0.07129999995231628,0.9509000182151794,0.49070000648498535,0.13030000030994415,0.3709000051021576,0.6007000207901001
AT1G68750,Cytoplasm,,Soluble,0.7006999850273132,0.2475000023841858,0.04969999939203262,0.20489999651908875,0.24410000443458557,0.298799991607666,0.13760000467300415,0.18889999389648438,0.11320000141859055,0.035599999129772186,0.5764999985694885,0.11339999735355377,0.10899999737739563,0.7766000032424927
AT1G69370,Plastid,Chloroplast transit peptide,Peripheral|Soluble,0.17589999735355377,0.06809999793767929,0.019899999722838402,0.04989999905228615,0.17100000381469727,0.9645000100135803,0.07729999721050262,0.06830000132322311,0.0860000029206276,0.17640000581741333,0.758899986743927,0.20800000429153442,0.05220000073313713,0.5329999923706055
AT1G69830,Plastid,Chloroplast transit peptide,Soluble,0.10649999976158142,0.1168999969959259,0.02239999920129776,0.0502999983727932,0.09300000220537186,0.9800000190734863,0.04960000142455101,0.0430000014603138,0.05820000171661377,0.04520000144839287,0.5911999940872192,0.12349999696016312,0.0608999989926815,0.6315000057220459
AT1G70410,Cytoplasm,,Lipid anchor|Soluble,0.5426999926567078,0.24580000340938568,0.16050000488758087,0.5636000037193298,0.19859999418258667,0.12540000677108765,0.11800000071525574,0.2522999942302704,0.18479999899864197,0.019899999722838402,0.49000000953674316,0.06360000371932983,0.8974999785423279,0.6651999950408936
AT1G70580,Peroxisome,Peroxisomal targeting signal,Soluble,0.29899999499320984,0.06360000371932983,0.04170000180602074,0.367000013589859,0.296099990606308,0.0010000000474974513,0.26489999890327454,0.16920000314712524,0.3637999892234802,0.9057000279426575,0.5820000171661377,0.06310000270605087,0.5508999824523926,0.7027999758720398
AT1G70730,Cytoplasm,,Soluble,0.7756999731063843,0.2800999879837036,0.1193000003695488,0.36410000920295715,0.17389999330043793,0.09229999780654907,0.27489998936653137,0.18230000138282776,0.22010000050067902,0.0851999968290329,0.5511999726295471,0.0560000017285347,0.31290000677108765,0.7885000109672546
AT1G70760,Plastid,Thylakoid luminal transit peptide,Transmembrane,0.08990000188350677,0.05829999968409538,0.03539999946951866,0.0658000037074089,0.2094999998807907,0.9886999726295471,0.07670000195503235,0.042899999767541885,0.08879999816417694,0.07569999992847443,0.2957000136375427,0.9918000102043152,0.020899999886751175,0.06620000302791595
AT1G71920,Plastid,Chloroplast transit peptide,Soluble,0.17520000040531158,0.07259999960660934,0.01679999940097332,0.04580000042915344,0.19910000264644623,0.9879000186920166,0.02370000071823597,0.06620000302791595,0.06319999694824219,0.059300001710653305,0.3952000141143799,0.18369999527931213,0.10930000245571136,0.7497000098228455
AT1G72330,Mitochondrion,Mitochondrial transit peptide,Soluble,0.21449999511241913,0.17970000207424164,0.029400000348687172,0.10760000348091125,0.800000011920929,0.5788999795913696,0.0989999994635582,0.12229999899864197,0.060499999672174454,0.188400000333786,0.46650001406669617,0.12690000236034393,0.10010000318288803,0.7268000245094299
AT1G72810,Plastid,Chloroplast transit peptide,Soluble,0.11959999799728394,0.07880000025033951,0.014299999922513962,0.11050000041723251,0.13989999890327454,0.9890999794006348,0.051600001752376556,0.07199999690055847,0.04089999943971634,0.06639999896287918,0.5054000020027161,0.11309999972581863,0.10010000318288803,0.7354999780654907
AT1G74030,Plastid,Chloroplast transit peptide,Soluble,0.10220000147819519,0.10180000215768814,0.016899999231100082,0.061500001698732376,0.18199999630451202,0.9887999892234802,0.06759999692440033,0.07609999924898148,0.029400000348687172,0.1770000010728836,0.48890000581741333,0.046799998730421066,0.11890000104904175,0.7616000175476074
AT1G74040,Plastid,Chloroplast transit peptide,Soluble,0.12280000001192093,0.09610000252723694,0.007600000128149986,0.06520000100135803,0.16609999537467957,0.9860000014305115,0.054499998688697815,0.06700000166893005,0.028999999165534973,0.10980000346899033,0.391400009393692,0.11159999668598175,0.14630000293254852,0.7486000061035156
AT1G74260,Plastid,Chloroplast transit peptide,Soluble,0.1476999968290329,0.16419999301433563,0.017999999225139618,0.04729999974370003,0.34139999747276306,0.9832000136375427,0.04919999837875366,0.0560000017285347,0.1678999960422516,0.0877000018954277,0.5220999717712402,0.07509999722242355,0.05660000070929527,0.8550999760627747
AT1G74880,Plastid,Chloroplast transit peptide,Peripheral|Soluble,0.11829999834299088,0.06610000133514404,0.03610000014305115,0.04390000179409981,0.17350000143051147,0.9919000267982483,0.04149999842047691,0.02290000021457672,0.03720000013709068,0.05770000070333481,0.7889000177383423,0.09049999713897705,0.06880000233650208,0.6589000225067139
AT1G75330,Plastid,Chloroplast transit peptide,Soluble,0.0940999984741211,0.09700000286102295,0.01209999993443489,0.057999998331069946,0.1703999936580658,0.9765999913215637,0.03739999979734421,0.06509999930858612,0.033900000154972076,0.06960000097751617,0.5289000272750854,0.10400000214576721,0.0925000011920929,0.7235000133514404
AT1G76550,Cytoplasm,Nuclear export signal,Soluble,0.6807000041007996,0.3156999945640564,0.1096000000834465,0.23479999601840973,0.30219998955726624,0.03550000116229057,0.17219999432563782,0.4140999913215637,0.23090000450611115,0.13500000536441803,0.5491999983787537,0.09390000253915787,0.5566999912261963,0.8051999807357788
AT1G77760,Cytoplasm,,Soluble,0.7605000138282776,0.164000004529953,0.04450000077486038,0.38280001282691956,0.1671999990940094,0.07490000128746033,0.4101000130176544,0.3361000120639801,0.274399995803833,0.0934000015258789,0.5436000227928162,0.10939999669790268,0.13850000500679016,0.7440000176429749
AT1G78050,Plastid,Chloroplast transit peptide,Peripheral|Soluble,0.12020000070333481,0.07199999690055847,0.01769999973475933,0.0877000018954277,0.19740000367164612,0.9904000163078308,0.02759999968111515,0.0406000018119812,0.05350000038743019,0.027799999341368675,0.6220999956130981,0.07129999995231628,0.09749999642372131,0.690500020980835
AT1G78580,Cytoplasm,Nuclear localization signal,Soluble,0.767799973487854,0.3287000060081482,0.15489999949932098,0.18970000743865967,0.11490000039339066,0.02419999986886978,0.1768999993801117,0.3815000057220459,0.29649999737739563,0.039400000125169754,0.4034000039100647,0.08380000293254852,0.1746000051498413,0.7875999808311462
AT1G79010,Mitochondrion,Mitochondrial transit peptide,Peripheral|Transmembrane,0.12680000066757202,0.06080000102519989,0.023000000044703484,0.12120000272989273,0.9539999961853027,0.02449999935925007,0.061400000005960464,0.046300001442432404,0.12359999865293503,0.1973000019788742,0.7113000154495239,0.6118999719619751,0.03819999843835831,0.2980000078678131
AT1G79040,Plastid,Chloroplast transit peptide,Transmembrane,0.07500000298023224,0.0340999998152256,0.027400000020861626,0.05950000137090683,0.11209999769926071,0.9948999881744385,0.06040000170469284,0.025800000876188278,0.03779999911785126,0.02800000086426735,0.23909999430179596,0.9645000100135803,0.06509999930858612,0.06920000165700912
AT1G79440,Mitochondrion,Mitochondrial transit peptide,Soluble,0.19509999454021454,0.1527000069618225,0.047200001776218414,0.07680000364780426,0.9025999903678894,0.15109999477863312,0.06539999693632126,0.11219999939203262,0.0723000019788742,0.020999999716877937,0.483599990606308,0.09449999779462814,0.15680000185966492,0.7419000267982483
AT1G79470,Cytoplasm|Nucleus,Nuclear localization signal,Soluble,0.6836000084877014,0.5212000012397766,0.026499999687075615,0.0551999993622303,0.12129999697208405,0.02800000086426735,0.1860000044107437,0.19120000302791595,0.1005999967455864,0.011800000444054604,0.4156000018119812,0.04839999973773956,0.13179999589920044,0.8004999756813049
AT1G79530,Plastid,Chloroplast transit peptide,Soluble,0.08959999680519104,0.13099999725818634,0.011500000022351742,0.07680000364780426,0.10890000313520432,0.9911999702453613,0.026399999856948853,0.042399998754262924,0.03849999979138374,0.2296999990940094,0.5673999786376953,0.021199999377131462,0.2176000028848648,0.800599992275238
AT1G79550,Cytoplasm,Nuclear export signal,Soluble,0.8288999795913696,0.3587999939918518,0.15870000422000885,0.148499995470047,0.3474999964237213,0.3465999960899353,0.08810000121593475,0.15919999778270721,0.14669999480247498,0.1534000039100647,0.5260000228881836,0.06719999760389328,0.14970000088214874,0.7200000286102295
AT1G79750,Plastid,Chloroplast transit peptide,Soluble,0.12439999729394913,0.1307000070810318,0.010099999606609344,0.07890000194311142,0.40950000286102295,0.9829000234603882,0.0575999990105629,0.10679999738931656,0.08190000057220459,0.12489999830722809,0.5914999842643738,0.10159999877214432,0.14419999718666077,0.7418000102043152
AT1G79870,Cytoplasm,Peroxisomal targeting signal,Soluble,0.7024999856948853,0.2362000048160553,0.06319999694824219,0.19949999451637268,0.17249999940395355,0.34610000252723694,0.2879999876022339,0.2728999853134155,0.1599999964237213,0.3418000042438507,0.3756999969482422,0.11180000007152557,0.0771000012755394,0.7001000046730042
AT1G80050,Cytoplasm,,Soluble,0.6912000179290771,0.484499990940094,0.0729999989271164,0.13529999554157257,0.27970001101493835,0.2290000021457672,0.09910000115633011,0.1005999967455864,0.06300000101327896,0.3479999899864197,0.5078999996185303,0.07890000194311142,0.17270000278949738,0.784500002861023
AT1G80230,Mitochondrion,Mitochondrial transit peptide,Peripheral|Soluble,0.13420000672340393,0.1005999967455864,0.022199999541044235,0.06620000302791595,0.9212999939918518,0.5195000171661377,0.07829999923706055,0.08209999650716782,0.10379999876022339,0.14380000531673431,0.7045999765396118,0.03420000150799751,0.0471000000834465,0.6190000176429749
AT1G80380,Plastid,Chloroplast transit peptide,Soluble,0.16279999911785126,0.1476999968290329,0.008899999782443047,0.0632999986410141,0.18930000066757202,0.9725000262260437,0.0430000014603138,0.053199999034404755,0.09319999814033508,0.1671999990940094,0.37599998712539673,0.15559999644756317,0.14100000262260437,0.7620000243186951
AT1G80560,Plastid,Chloroplast transit peptide,Soluble,0.10530000180006027,0.06499999761581421,0.014399999752640724,0.058800000697374344,0.45500001311302185,0.9749000072479248,0.02850000001490116,0.07400000095367432,0.030500000342726707,0.09290000051259995,0.4672999978065491,0.06870000064373016,0.18549999594688416,0.7534000277519226
AT1G80600,Plastid,Chloroplast transit peptide,Soluble,0.07559999823570251,0.06419999897480011,0.015399999916553497,0.05590000003576279,0.2443999946117401,0.9778000116348267,0.02590000070631504,0.08540000021457672,0.05770000070333481,0.06830000132322311,0.4666000008583069,0.1581999957561493,0.12849999964237213,0.7372000217437744
AT2G01090,Cytoplasm,Peroxisomal targeting signal,Soluble,0.5090000033378601,0.26350000500679016,0.17090000212192535,0.015200000256299973,0.43290001153945923,0.035100001841783524,0.10320000350475311,0.041999999433755875,0.09059999883174896,0.4000000059604645,0.3174000084400177,0.07840000092983246,0.3296000063419342,0.7099999785423279
AT2G01140,Plastid,Chloroplast transit peptide,Peripheral|Soluble,0.10199999809265137,0.05860000103712082,0.020899999886751175,0.11219999939203262,0.12300000339746475,0.9904000163078308,0.0551999993622303,0.08940000087022781,0.03889999911189079,0.0869000032544136,0.6100999712944031,0.034699998795986176,0.17579999566078186,0.781000018119812
AT2G02000,Cytoplasm,Peroxisomal targeting signal,Soluble,0.6776000261306763,0.26829999685287476,0.09969999641180038,0.4832000136375427,0.1459999978542328,0.04320000112056732,0.17970000207424164,0.09160000085830688,0.06780000030994415,0.2702000141143799,0.4909000098705292,0.06889999657869339,0.39309999346733093,0.7962999939918518
AT2G02010,Cytoplasm,Nuclear export signal,Soluble,0.6672999858856201,0.3978999853134155,0.0658000037074089,0.3783000111579895,0.2662999927997589,0.05290000140666962,0.19110000133514404,0.0625,0.07689999788999557,0.20589999854564667,0.4634999930858612,0.07419999688863754,0.3887999951839447,0.7961000204086304
AT2G04400,Plastid,Chloroplast transit peptide,Soluble,0.0868000015616417,0.10939999669790268,0.01590000092983246,0.024700000882148743,0.17249999940395355,0.9962999820709229,0.019899999722838402,0.03350000083446503,0.07050000131130219,0.09149999916553497,0.49309998750686646,0.06080000102519989,0.07079999893903732,0.7896000146865845
AT2G05620,Plastid,Chloroplast transit peptide,Peripheral|Soluble,0.10509999841451645,0.11909999698400497,0.0681999996304512,0.07890000194311142,0.16269999742507935,0.9905999898910522,0.06560000032186508,0.019899999722838402,0.028599999845027924,0.06989999860525131,0.6255000233650208,0.1648000031709671,0.11410000175237656,0.6108999848365784
AT2G05710,Mitochondrion,Mitochondrial transit peptide,Soluble,0.23180000483989716,0.210099995136261,0.011699999682605267,0.08290000259876251,0.7935000061988831,0.6324999928474426,0.11249999701976776,0.08910000324249268,0.1200999990105629,0.287200003862381,0.5088000297546387,0.16269999742507935,0.1103999987244606,0.6992999911308289
AT2G07727,Cell membrane|Endoplasmic reticulum,Transmembrane domain,Transmembrane,0.07259999960660934,0.04639999940991402,0.01889999955892563,0.5990999937057495,0.09780000150203705,0.10220000147819519,0.656000018119812,0.16930000483989716,0.12479999661445618,0.012600000016391277,0.22120000422000885,0.9686999917030334,0.08330000191926956,0.07980000227689743
AT2G13360,Peroxisome,Peroxisomal targeting signal,Soluble,0.14589999616146088,0.13089999556541443,0.06340000033378601,0.14650000631809235,0.18559999763965607,0.027499999850988388,0.0348999984562397,0.060600001364946365,0.10140000283718109,0.9722999930381775,0.517799973487854,0.08240000158548355,0.2689000070095062,0.7049999833106995
AT2G13560,Mitochondrion,Mitochondrial transit peptide,Peripheral|Soluble,0.1860000044107437,0.11270000040531158,0.011500000022351742,0.08060000091791153,0.6924999952316284,0.5230000019073486,0.09350000321865082,0.10499999672174454,0.041099999099969864,0.12049999833106995,0.6395999789237976,0.11349999904632568,0.13840000331401825,0.7217000126838684
AT2G15620,Plastid,Chloroplast transit peptide,Soluble,0.16410000622272491,0.08500000089406967,0.023099999874830246,0.06870000064373016,0.13760000467300415,0.9916999936103821,0.10559999942779541,0.05260000005364418,0.037300001829862595,0.016599999740719795,0.5677000284194946,0.07440000027418137,0.07580000162124634,0.8001999855041504
AT2G16370,Cytoplasm,Nuclear export signal,Soluble,0.7317000031471252,0.39890000224113464,0.02800000086426735,0.10679999738931656,0.20469999313354492,0.18410000205039978,0.13760000467300415,0.09290000051259995,0.12759999930858612,0.10239999741315842,0.2944999933242798,0.1281999945640564,0.12049999833106995,0.8133000135421753
AT2G16570,Plastid,Chloroplast transit peptide,Soluble,0.17649999260902405,0.08299999684095383,0.024800000712275505,0.08209999650716782,0.16850000619888306,0.9606000185012817,0.12770000100135803,0.1088000014424324,0.056299999356269836,0.10480000078678131,0.5688999891281128,0.11559999734163284,0.16539999842643738,0.7353000044822693
AT2G17130,Mitochondrion,Mitochondrial transit peptide,Soluble,0.18449999392032623,0.0689999982714653,0.019600000232458115,0.10170000046491623,0.8860999941825867,0.19429999589920044,0.017899999395012856,0.04820000007748604,0.02590000070631504,0.07760000228881836,0.43380001187324524,0.07100000232458115,0.22759999334812164,0.8021000027656555
AT2G17265,Plastid,Chloroplast transit peptide,Soluble,0.15710000693798065,0.08669999986886978,0.0333000011742115,0.05299999937415123,0.17749999463558197,0.9562000036239624,0.05299999937415123,0.03739999979734421,0.03229999914765358,0.0494999997317791,0.47510001063346863,0.14820000529289246,0.07569999992847443,0.7204999923706055
AT2G17420,Mitochondrion|Plastid,Mitochondrial transit peptide,Soluble,0.2289000004529953,0.10109999775886536,0.06679999828338623,0.11659999936819077,0.7178999781608582,0.8743000030517578,0.1656000018119812,0.08209999650716782,0.06889999657869339,0.11129999905824661,0.5069000124931335,0.14949999749660492,0.12430000305175781,0.6043000221252441
AT2G17630,Plastid,Chloroplast transit peptide,Soluble,0.09889999777078629,0.07349999994039536,0.011699999682605267,0.050999999046325684,0.17069999873638153,0.9873999953269958,0.05739999935030937,0.09260000288486481,0.032999999821186066,0.07720000296831131,0.4300999939441681,0.12039999663829803,0.08820000290870667,0.7577000260353088
AT2G17640,Cytoplasm,,Soluble,0.5547000169754028,0.4442000091075897,0.021199999377131462,0.18359999358654022,0.23810000717639923,0.2824000120162964,0.24770000576972961,0.12219999730587006,0.08259999752044678,0.1988999992609024,0.5080999732017517,0.06920000165700912,0.23659999668598175,0.758400022983551
AT2G18230,Cytoplasm,,Soluble,0.70660001039505,0.4991999864578247,0.15440000593662262,0.17329999804496765,0.17389999330043793,0.125900000333786,0.05590000003576279,0.1964000016450882,0.1597999930381775,0.19660000503063202,0.3458999991416931,0.02850000001490116,0.156700000166893,0.8192999958992004
AT2G18450,Mitochondrion,Mitochondrial transit peptide,Peripheral|Soluble,0.13609999418258667,0.11299999803304672,0.014700000174343586,0.12349999696016312,0.8931000232696533,0.21299999952316284,0.13330000638961792,0.10840000212192535,0.06310000270605087,0.05730000138282776,0.6622999906539917,0.1014999970793724,0.10209999978542328,0.6766999959945679
AT2G18700,Cytoplasm,Peroxisomal targeting signal,Soluble,0.5758000016212463,0.4510999917984009,0.10360000282526016,0.23960000276565552,0.06019999831914902,0.07569999992847443,0.19169999659061432,0.48350000381469727,0.22200000286102295,0.24650000035762787,0.47589999437332153,0.13050000369548798,0.12359999865293503,0.7139000296592712
AT2G19860,Mitochondrion,Mitochondrial transit peptide|Peroxisomal targeting signal,Transmembrane,0.2624000012874603,0.17350000143051147,0.11630000174045563,0.2563000023365021,0.7322999835014343,0.3400999903678894,0.26170000433921814,0.2257000058889389,0.13249999284744263,0.5550000071525574,0.3801000118255615,0.6579999923706055,0.26489999890327454,0.3140000104904175
AT2G19900,Cytoplasm,,Soluble,0.6428999900817871,0.22390000522136688,0.03849999979138374,0.3718000054359436,0.16339999437332153,0.12919999659061432,0.14419999718666077,0.3546999990940094,0.09520000219345093,0.3197999894618988,0.588699996471405,0.08479999750852585,0.15049999952316284,0.7714999914169312
AT2G19940,Plastid,Chloroplast transit peptide,Peripheral|Soluble,0.10559999942779541,0.07349999994039536,0.015699999406933784,0.049400001764297485,0.22030000388622284,0.9835000038146973,0.0406000018119812,0.04619999974966049,0.0746999979019165,0.07590000331401825,0.6065000295639038,0.058400001376867294,0.14079999923706055,0.6715999841690063
AT2G20260,Plastid,Chloroplast transit peptide,Peripheral|Soluble,0.07270000129938126,0.0658000037074089,0.045099999755620956,0.09070000052452087,0.13689999282360077,0.9932000041007996,0.0658000037074089,0.019300000742077827,0.048700001090765,0.035599999129772186,0.6452999711036682,0.025299999862909317,0.052400000393390656,0.7537000179290771
AT2G20420,Mitochondrion,Mitochondrial transit peptide,Soluble,0.1500999927520752,0.05939999967813492,0.02449999935925007,0.1728000044822693,0.9189000129699707,0.027400000020861626,0.07620000094175339,0.066600002348423,0.0731000006198883,0.04729999974370003,0.5138000249862671,0.0737999975681305,0.09730000048875809,0.7926999926567078
AT2G20800,Mitochondrion,Peroxisomal targeting signal,Peripheral|Transmembrane,0.23270000517368317,0.1031000018119812,0.02459999918937683,0.11249999701976776,0.840499997138977,0.40939998626708984,0.19539999961853027,0.08799999952316284,0.05979999899864197,0.21379999816417694,0.7526000142097473,0.6481999754905701,0.15309999883174896,0.20440000295639038
AT2G21170,Plastid,Chloroplast transit peptide,Soluble,0.12780000269412994,0.08190000057220459,0.026599999517202377,0.07209999859333038,0.24639999866485596,0.9890999794006348,0.03819999843835831,0.07760000228881836,0.04619999974966049,0.10520000010728836,0.5633000135421753,0.03370000049471855,0.11349999904632568,0.7588000297546387
AT2G21330,Plastid,Chloroplast transit peptide,Peripheral|Soluble,0.07739999890327454,0.06790000200271606,0.015300000086426735,0.07400000095367432,0.1412000060081482,0.9936000108718872,0.026399999856948853,0.05460000038146973,0.037700001150369644,0.07620000094175339,0.6248999834060669,0.03280000016093254,0.19460000097751617,0.7696999907493591
AT2G21590,Plastid,Chloroplast transit peptide,Soluble,0.06239999830722809,0.1225999966263771,0.012799999676644802,0.052299998700618744,0.07720000296831131,0.9876999855041504,0.04619999974966049,0.044599998742341995,0.04769999906420708,0.08240000158548355,0.5577999949455261,0.12359999865293503,0.14790000021457672,0.7286999821662903
AT2G21770,Cell membrane|Endoplasmic reticulum|Golgi apparatus,Signal peptide|Transmembrane domain,Transmembrane,0.10369999706745148,0.07320000231266022,0.017100000753998756,0.6378999948501587,0.1753000020980835,0.013000000268220901,0.6708999872207642,0.36719998717308044,0.6626999974250793,0.020899999886751175,0.1316000074148178,0.9857000112533569,0.04050000011920929,0.09809999912977219
AT2G21790,Cytoplasm,Nuclear export signal,Soluble,0.6309999823570251,0.2231999933719635,0.028200000524520874,0.3682999908924103,0.186599999666214,0.04050000011920929,0.1891999989748001,0.22419999539852142,0.2660999894142151,0.04839999973773956,0.48559999465942383,0.09440000355243683,0.3043000102043152,0.7405999898910522
AT2G21940,Plastid,Chloroplast transit peptide,Soluble,0.08910000324249268,0.08240000158548355,0.016300000250339508,0.018400000408291817,0.1665000021457672,0.9858999848365784,0.016100000590085983,0.031300000846385956,0.06340000033378601,0.08399999886751175,0.5074999928474426,0.06809999793767929,0.1265999972820282,0.7371000051498413
AT2G22190,Cytoplasm|Nucleus,Nuclear localization signal,Soluble,0.5532000064849854,0.5246999859809875,0.039400000125169754,0.4106999933719635,0.13619999587535858,0.05860000103712082,0.13130000233650208,0.1965000033378601,0.10909999907016754,0.032099999487400055,0.3416000008583069,0.06679999828338623,0.27619999647140503,0.7906000018119812
AT2G22250,Plastid,Chloroplast transit peptide,Soluble,0.10679999738931656,0.07410000264644623,0.014299999922513962,0.04129999876022339,0.15160000324249268,0.9890000224113464,0.04320000112056732,0.04800000041723251,0.06040000170469284,0.0835999995470047,0.5005000233650208,0.10289999842643738,0.1655000001192093,0.7279000282287598
AT2G22480,Plastid,Chloroplast transit peptide,Soluble,0.10599999874830246,0.08739999681711197,0.014600000344216824,0.04230000078678131,0.1509999930858612,0.9911999702453613,0.04610000178217888,0.06400000303983688,0.049400001764297485,0.10360000282526016,0.49779999256134033,0.11559999734163284,0.2152000069618225,0.7529000043869019
AT2G22500,Mitochondrion,Transmembrane domain,Transmembrane,0.1639000028371811,0.09480000287294388,0.041099999099969864,0.2662000060081482,0.8151000142097473,0.11630000174045563,0.19189999997615814,0.2531999945640564,0.24539999663829803,0.14180000126361847,0.23499999940395355,0.8863000273704529,0.050200000405311584,0.14730000495910645
AT2G22780,Cytoplasm,,Peripheral|Soluble,0.39100000262260437,0.06480000168085098,0.010700000450015068,0.19439999759197235,0.3199000060558319,0.24539999663829803,0.07620000094175339,0.04740000143647194,0.0632999986410141,0.5958999991416931,0.6039999723434448,0.045099999755620956,0.296099990606308,0.7937999963760376
AT2G24270,Cytoplasm,Nuclear localization signal,Soluble,0.765500009059906,0.38370001316070557,0.043800000101327896,0.4066999852657318,0.2101999968290329,0.07689999788999557,0.3043999969959259,0.13580000400543213,0.1289999932050705,0.10209999978542328,0.5105000138282776,0.15410000085830688,0.3871999979019165,0.6722999811172485
AT2G25540,Cell membrane|Endoplasmic reticulum|Golgi apparatus,Signal peptide|Transmembrane domain,Transmembrane,0.09440000355243683,0.07259999960660934,0.01979999989271164,0.5910000205039978,0.17880000174045563,0.014299999922513962,0.7106999754905701,0.4106000065803528,0.7089999914169312,0.027400000020861626,0.12610000371932983,0.9879999756813049,0.03629999980330467,0.0957999974489212
AT2G26080,Mitochondrion,Mitochondrial transit peptide,Soluble,0.22050000727176666,0.12449999898672104,0.0203000009059906,0.1363999992609024,0.802299976348877,0.3343000113964081,0.06310000270605087,0.10010000318288803,0.07800000160932541,0.18379999697208405,0.5583000183105469,0.12489999830722809,0.10400000214576721,0.7569000124931335
AT2G26900,Plastid,,Transmembrane,0.06750000268220901,0.04780000075697899,0.010099999606609344,0.0731000006198883,0.15770000219345093,0.989300012588501,0.07580000162124634,0.047600001096725464,0.08269999921321869,0.38830000162124634,0.2475000023841858,0.9476000070571899,0.04320000112056732,0.08659999817609787
AT2G27820,Plastid,Chloroplast transit peptide,Soluble,0.13019999861717224,0.10769999772310257,0.015399999916553497,0.08619999885559082,0.1923999935388565,0.9695000052452087,0.026100000366568565,0.05040000006556511,0.04560000076889992,0.05559999868273735,0.47450000047683716,0.06949999928474426,0.2969000041484833,0.6568999886512756
AT2G28210,Lysosome/Vacuole,Signal peptide,Soluble,0.13950000703334808,0.06549999862909317,0.600600004196167,0.15870000422000885,0.015200000256299973,0.3747999966144562,0.44290000200271606,0.6003000140190125,0.24549999833106995,0.010400000028312206,0.28760001063346863,0.09799999743700027,0.06440000236034393,0.8540999889373779
AT2G29560,Cytoplasm,Nuclear localization signal|Nuclear export signal,Soluble,0.8185999989509583,0.34459999203681946,0.09369999915361404,0.186599999666214,0.19599999487400055,0.02759999968111515,0.19280000030994415,0.1835000067949295,0.29510000348091125,0.0430000014603138,0.3564999997615814,0.06610000133514404,0.1973000019788742,0.8082000017166138
AT2G29690,Plastid,Chloroplast transit peptide,Soluble,0.14329999685287476,0.10159999877214432,0.013899999670684338,0.06120000034570694,0.14000000059604645,0.982200026512146,0.08839999884366989,0.06310000270605087,0.06040000170469284,0.08659999817609787,0.41659998893737793,0.13009999692440033,0.11180000007152557,0.8226000070571899
AT2G29990,Mitochondrion,Mitochondrial transit peptide,Peripheral,0.14659999310970306,0.0908999964594841,0.012600000016391277,0.1420000046491623,0.7818999886512756,0.5378000140190125,0.11500000208616257,0.09399999678134918,0.056299999356269836,0.07739999890327454,0.6949999928474426,0.4602000117301941,0.13590000569820404,0.28679999709129333
AT2G30570,Plastid,,Transmembrane,0.05779999867081642,0.07569999992847443,0.033900000154972076,0.05609999969601631,0.10260000079870224,0.9765999913215637,0.06849999725818634,0.021400000900030136,0.04839999973773956,0.004699999932199717,0.10830000042915344,0.9872000217437744,0.052799999713897705,0.08669999986886978
AT2G30970,Mitochondrion,Mitochondrial transit peptide,Soluble,0.13199999928474426,0.10100000351667404,0.03550000116229057,0.21629999577999115,0.8967999815940857,0.08860000222921371,0.031199999153614044,0.07129999995231628,0.04839999973773956,0.013700000010430813,0.4438000023365021,0.10970000177621841,0.12370000034570694,0.7694000005722046
AT2G31390,Cytoplasm,Peroxisomal targeting signal,Soluble,0.8039000034332275,0.40389999747276306,0.11320000141859055,0.11259999871253967,0.1468999981880188,0.5347999930381775,0.16500000655651093,0.19580000638961792,0.10779999941587448,0.47620001435279846,0.37610000371932983,0.12280000001192093,0.11079999804496765,0.782800018787384
AT2G32040,Plastid,,Transmembrane,0.16140000522136688,0.09830000251531601,0.05270000174641609,0.1979999989271164,0.1738000065088272,0.9642999768257141,0.10689999908208847,0.21660000085830688,0.121799997985363,0.3725999891757965,0.27469998598098755,0.9749000072479248,0.035599999129772186,0.08579999953508377
AT2G32290,Plastid,,Peripheral|Soluble,0.1331000030040741,0.09960000216960907,0.05480000004172325,0.10350000113248825,0.11940000206232071,0.9544000029563904,0.07909999787807465,0.10610000044107437,0.15440000593662262,0.19550000131130219,0.7465000152587891,0.20080000162124634,0.3000999987125397,0.546500027179718
AT2G33040,Mitochondrion,Mitochondrial transit peptide,Peripheral|Soluble,0.08529999852180481,0.08259999752044678,0.031199999153614044,0.12240000069141388,0.7613999843597412,0.31709998846054077,0.06719999760389328,0.039900001138448715,0.04230000078678131,0.09319999814033508,0.7297999858856201,0.06279999762773514,0.19779999554157257,0.5483999848365784
AT2G35390,Plastid,Chloroplast transit peptide,Soluble,0.08240000158548355,0.09529999643564224,0.014499999582767487,0.05350000038743019,0.11860000342130661,0.9890999794006348,0.04529999941587448,0.05310000106692314,0.049400001764297485,0.08299999684095383,0.47269999980926514,0.07069999724626541,0.30869999527931213,0.7281000018119812
AT2G35840,Cytoplasm,,Soluble,0.7233999967575073,0.38449999690055847,0.11020000278949738,0.195700004696846,0.18569999933242798,0.3086000084877014,0.13600000739097595,0.23309999704360962,0.09759999811649323,0.08420000225305557,0.4823000133037567,0.07769999653100967,0.13580000400543213,0.7764000296592712
AT2G36230,Plastid,Chloroplast transit peptide,Soluble,0.12540000677108765,0.06759999692440033,0.026200000196695328,0.058400001376867294,0.1882999986410141,0.9936000108718872,0.030899999663233757,0.041600000113248825,0.04809999838471413,0.13230000436306,0.5029000043869019,0.13950000703334808,0.04039999842643738,0.6590999960899353
AT2G36310,Cytoplasm|Nucleus,Nuclear localization signal,Soluble,0.821399986743927,0.5131999850273132,0.032099999487400055,0.18629999458789825,0.12150000035762787,0.2913999855518341,0.15889999270439148,0.11159999668598175,0.07680000364780426,0.11879999935626984,0.30720001459121704,0.1388999968767166,0.11469999700784683,0.8172000050544739
AT2G36460,Cytoplasm,,Soluble,0.8743000030517578,0.32899999618530273,0.21400000154972076,0.2808000147342682,0.40400001406669617,0.10369999706745148,0.1429000049829483,0.1712999939918518,0.1234000027179718,0.10209999978542328,0.47909998893737793,0.026200000196695328,0.23399999737739563,0.8371999859809875
AT2G36530,Cytoplasm,Nuclear export signal,Soluble,0.8693000078201294,0.31060001254081726,0.16979999840259552,0.23440000414848328,0.3292999863624573,0.06639999896287918,0.1412000060081482,0.20739999413490295,0.2378000020980835,0.09019999951124191,0.46959999203681946,0.058800000697374344,0.1753000020980835,0.7771000266075134
AT2G36880,Cytoplasm,,Soluble,0.8747000098228455,0.3659000098705292,0.04600000008940697,0.17350000143051147,0.22830000519752502,0.02759999968111515,0.14890000224113464,0.09470000118017197,0.09009999781847,0.04270000010728836,0.29649999737739563,0.08640000224113464,0.09749999642372131,0.8217999935150146
AT2G37250,Mitochondrion,Mitochondrial transit peptide,Peripheral|Soluble,0.16699999570846558,0.09790000319480896,0.027300000190734863,0.12049999833106995,0.916100025177002,0.3662000000476837,0.06310000270605087,0.06930000334978104,0.05339999869465828,0.03530000150203705,0.6331999897956848,0.07100000232458115,0.1664000004529953,0.6381999850273132
AT2G37500,Plastid,Chloroplast transit peptide,Soluble,0.1459999978542328,0.08179999887943268,0.03200000151991844,0.02810000069439411,0.2363000065088272,0.9846000075340271,0.09489999711513519,0.12150000035762787,0.0820000022649765,0.014299999922513962,0.4648999869823456,0.09759999811649323,0.16300000250339508,0.7425000071525574
AT2G38040,Plastid,Chloroplast transit peptide,Peripheral|Soluble,0.07940000295639038,0.08579999953508377,0.016499999910593033,0.08510000258684158,0.12759999930858612,0.9890000224113464,0.03830000013113022,0.053599998354911804,0.04470000043511391,0.031700000166893005,0.6717000007629395,0.0723000019788742,0.18440000712871552,0.7444999814033508
AT2G38060,Plastid,Chloroplast transit peptide,Transmembrane,0.09939999878406525,0.05950000137090683,0.014999999664723873,0.13099999725818634,0.14190000295639038,0.9735999703407288,0.05920000001788139,0.0966000035405159,0.05590000003576279,0.18440000712871552,0.17010000348091125,0.9419000148773193,0.08780000358819962,0.13979999721050262
AT2G38280,Mitochondrion,,Transmembrane,0.33149999380111694,0.27619999647140503,0.14239999651908875,0.14249999821186066,0.5712000131607056,0.2732999920845032,0.5250999927520752,0.2547999918460846,0.3224000036716461,0.25209999084472656,0.5325000286102295,0.8996000289916992,0.2054000049829483,0.16279999911785126
AT2G39470,Plastid,Thylakoid luminal transit peptide,Peripheral|Soluble,0.07580000162124634,0.05000000074505806,0.04149999842047691,0.07339999824762344,0.14409999549388885,0.9835000038146973,0.07930000126361847,0.02459999918937683,0.03420000150799751,0.030400000512599945,0.6700999736785889,0.21230000257492065,0.02419999986886978,0.607699990272522
AT2G39800,Cytoplasm,,Soluble,0.7687000036239624,0.3160000145435333,0.04780000075697899,0.15449999272823334,0.16689999401569366,0.3249000012874603,0.08940000087022781,0.272599995136261,0.11339999735355377,0.26899999380111694,0.4634999930858612,0.09929999709129333,0.3463999927043915,0.7294999957084656
AT2G39970,Mitochondrion,Transmembrane domain|Mitochondrial transit peptide,Transmembrane,0.09889999777078629,0.09719999879598618,0.13099999725818634,0.17409999668598175,0.8636000156402588,0.093299999833107,0.2117999941110611,0.12680000066757202,0.21539999544620514,0.33500000834465027,0.09309999644756317,0.9221000075340271,0.13539999723434448,0.15559999644756317
AT2G40840,Cytoplasm,,Soluble,0.49869999289512634,0.35100001096725464,0.0771000012755394,0.16940000653266907,0.20589999854564667,0.37229999899864197,0.17110000550746918,0.2955000102519989,0.08269999921321869,0.13590000569820404,0.43869999051094055,0.16349999606609344,0.06809999793767929,0.7062000036239624
AT2G41220,Plastid,Chloroplast transit peptide,Soluble,0.12290000170469284,0.11100000143051147,0.009499999694526196,0.052299998700618744,0.2554999887943268,0.9706000089645386,0.10040000081062317,0.06129999831318855,0.1088000014424324,0.1535000056028366,0.5691999793052673,0.10369999706745148,0.04170000180602074,0.8069000244140625
AT2G41680,Plastid,Chloroplast transit peptide,Soluble,0.10819999873638153,0.08500000089406967,0.007799999788403511,0.08209999650716782,0.17949999868869781,0.9865999817848206,0.08330000191926956,0.06289999932050705,0.039400000125169754,0.14810000360012054,0.5856999754905701,0.16990000009536743,0.10080000013113022,0.6525999903678894
AT2G41880,Cytoplasm,,Soluble,0.7020000219345093,0.39469999074935913,0.0640999972820282,0.20010000467300415,0.12399999797344208,0.3580999970436096,0.2451000064611435,0.15629999339580536,0.1356000006198883,0.3573000133037567,0.39430001378059387,0.18140000104904175,0.15279999375343323,0.7408999800682068
AT2G42600,Cytoplasm,Nuclear export signal,Soluble,0.6912999749183655,0.25839999318122864,0.07829999923706055,0.3395000100135803,0.24250000715255737,0.17430000007152557,0.10750000178813934,0.23319999873638153,0.09229999780654907,0.026599999517202377,0.5619999766349792,0.12639999389648438,0.2152000069618225,0.7753000259399414
AT2G42790,Cytoplasm|Peroxisome,Peroxisomal targeting signal,Soluble,0.5629000067710876,0.18780000507831573,0.14100000262260437,0.2596000134944916,0.25029999017715454,0.1039000004529953,0.22059999406337738,0.09759999811649323,0.08630000054836273,0.7749999761581421,0.5249999761581421,0.09030000120401382,0.16760000586509705,0.7117999792098999
AT2G43090,Plastid,Chloroplast transit peptide,Peripheral|Soluble,0.1023000031709671,0.07660000026226044,0.015399999916553497,0.05550000071525574,0.19589999318122864,0.9957000017166138,0.05510000139474869,0.04170000180602074,0.04309999942779541,0.1370999962091446,0.6699000000953674,0.06319999694824219,0.1404999941587448,0.5706999897956848
AT2G43100,Plastid,Chloroplast transit peptide,Peripheral|Soluble,0.15080000460147858,0.0658000037074089,0.020099999383091927,0.060600001364946365,0.1535000056028366,0.995199978351593,0.08030000329017639,0.04749999940395355,0.0737999975681305,0.08659999817609787,0.6251000165939331,0.08900000154972076,0.13189999759197235,0.6032000184059143
AT2G43750,Plastid,Chloroplast transit peptide,Soluble,0.08980000019073486,0.066600002348423,0.01720000058412552,0.04969999939203262,0.1412999927997589,0.9884999990463257,0.042500000447034836,0.051500000059604645,0.0357000008225441,0.12219999730587006,0.474700003862381,0.05429999902844429,0.1444000005722046,0.781499981880188
AT2G44040,Plastid,Chloroplast transit peptide,Peripheral|Soluble,0.12290000170469284,0.09570000320672989,0.03579999879002571,0.0471000000834465,0.17389999330043793,0.9861000180244446,0.06530000269412994,0.05339999869465828,0.1137000024318695,0.01730000041425228,0.6168000102043152,0.08649999648332596,0.09350000321865082,0.6798999905586243
AT2G44160,Cytoplasm,,Soluble,0.8590999841690063,0.25220000743865967,0.0608999989926815,0.26190000772476196,0.19210000336170197,0.029600000008940697,0.20080000162124634,0.21649999916553497,0.3264999985694885,0.044199999421834946,0.49959999322891235,0.08460000157356262,0.1477999985218048,0.8120999932289124
AT2G44350,Mitochondrion,Mitochondrial transit peptide,Peripheral|Soluble,0.1729000061750412,0.09080000221729279,0.023099999874830246,0.11699999868869781,0.9366000294685364,0.08529999852180481,0.14100000262260437,0.11330000311136246,0.1607999950647354,0.12939999997615814,0.6355000138282776,0.10429999977350235,0.07959999889135361,0.6417999863624573
AT2G44530,Plastid,Chloroplast transit peptide,Soluble,0.11949999630451202,0.08739999681711197,0.01720000058412552,0.05900000035762787,0.1753000020980835,0.9764999747276306,0.04500000178813934,0.06430000066757202,0.033799998462200165,0.16920000314712524,0.4632999897003174,0.0828000009059906,0.42719998955726624,0.6389999985694885
AT2G45290,Plastid,Chloroplast transit peptide,Soluble,0.12620000541210175,0.12359999865293503,0.010999999940395355,0.08150000125169754,0.21299999952316284,0.9679999947547913,0.05609999969601631,0.0658000037074089,0.0723000019788742,0.1843000054359436,0.4758000075817108,0.11840000003576279,0.08889999985694885,0.7623999714851379
AT2G45300,Plastid,Chloroplast transit peptide,Soluble,0.14480000734329224,0.1607999950647354,0.01640000008046627,0.061400000005960464,0.20990000665187836,0.9815000295639038,0.04390000179409981,0.04749999940395355,0.05469999834895134,0.09459999948740005,0.5284000039100647,0.14869999885559082,0.09679999947547913,0.6650000214576721
AT2G45440,Plastid,Chloroplast transit peptide,Soluble,0.11980000138282776,0.11259999871253967,0.013799999840557575,0.05790000036358833,0.21400000154972076,0.9592999815940857,0.02280000038444996,0.05270000174641609,0.05130000039935112,0.029600000008940697,0.5629000067710876,0.0860000029206276,0.16140000522136688,0.7591999769210815
AT2G46390,Mitochondrion,,Transmembrane,0.13500000536441803,0.20100000500679016,0.17139999568462372,0.07760000228881836,0.7760000228881836,0.6274999976158142,0.20319999754428864,0.17910000681877136,0.034299999475479126,0.3984000086784363,0.1809999942779541,0.944100022315979,0.04270000010728836,0.1777999997138977
AT2G46505,Mitochondrion,Mitochondrial transit peptide,Transmembrane,0.07859999686479568,0.09640000015497208,0.025800000876188278,0.07320000231266022,0.8058000206947327,0.5094000101089478,0.10010000318288803,0.04740000143647194,0.03959999978542328,0.24660000205039978,0.2840999960899353,0.9286999702453613,0.04969999939203262,0.12250000238418579
AT2G46820,Plastid,Chloroplast transit peptide,Transmembrane,0.05730000138282776,0.06920000165700912,0.025800000876188278,0.06120000034570694,0.09030000120401382,0.9921000003814697,0.03579999879002571,0.03139999881386757,0.0421999990940094,0.029899999499320984,0.4779999852180481,0.9362000226974487,0.08889999985694885,0.09969999641180038
AT2G46860,Cytoplasm,Nuclear export signal,Soluble,0.718999981880188,0.4291999936103821,0.10279999673366547,0.12759999930858612,0.2199999988079071,0.010200000368058681,0.21439999341964722,0.2700999975204468,0.28769999742507935,0.11270000040531158,0.4927000105381012,0.032499998807907104,0.35420000553131104,0.8270000219345093
AT2G47380,Mitochondrion,Transmembrane domain,Transmembrane,0.15029999613761902,0.13420000672340393,0.13199999928474426,0.06430000066757202,0.9121999740600586,0.03790000081062317,0.08269999921321869,0.04650000110268593,0.025299999862909317,0.048900000751018524,0.13199999928474426,0.96670001745224,0.1168999969959259,0.13259999454021454
AT2G47510,Mitochondrion,Mitochondrial transit peptide,Soluble,0.19300000369548798,0.10530000180006027,0.030300000682473183,0.09359999746084213,0.8410000205039978,0.11249999701976776,0.05339999869465828,0.09290000051259995,0.06830000132322311,0.11460000276565552,0.5074999928474426,0.08780000358819962,0.20730000734329224,0.7081999778747559
AT3G01120,Plastid,Chloroplast transit peptide,Soluble,0.14149999618530273,0.11110000312328339,0.013700000010430813,0.08550000190734863,0.18700000643730164,0.9901000261306763,0.039000000804662704,0.04910000041127205,0.09300000220537186,0.10649999976158142,0.3702999949455261,0.2013999968767166,0.19470000267028809,0.7111999988555908
AT3G01180,Plastid,Chloroplast transit peptide,Peripheral|Soluble,0.09059999883174896,0.10480000078678131,0.01080000028014183,0.048500001430511475,0.11180000007152557,0.9914000034332275,0.0697999969124794,0.04899999871850014,0.06440000236034393,0.08889999985694885,0.6053000092506409,0.10580000281333923,0.04820000007748604,0.781000018119812
AT3G01440,Plastid,Thylakoid luminal transit peptide,Peripheral,0.07050000131130219,0.0364999994635582,0.08869999647140503,0.05090000107884407,0.10379999876022339,0.9939000010490417,0.0689999982714653,0.02810000069439411,0.05530000105500221,0.0803999975323677,0.7369999885559082,0.44179999828338623,0.03290000185370445,0.4106000065803528
AT3G01500,Plastid,Chloroplast transit peptide,Peripheral|Soluble,0.24140000343322754,0.10450000315904617,0.05000000074505806,0.12150000035762787,0.3174999952316284,0.9556000232696533,0.04820000007748604,0.06040000170469284,0.11060000211000443,0.16110000014305115,0.61080002784729,0.09109999984502792,0.2199999988079071,0.6978999972343445
AT3G02020,Plastid,Chloroplast transit peptide,Soluble,0.08320000022649765,0.0982000008225441,0.010300000198185444,0.0471000000834465,0.15860000252723694,0.9692999720573425,0.03319999948143959,0.05990000069141388,0.06769999861717224,0.08460000157356262,0.5723999738693237,0.05380000174045563,0.3395000100135803,0.7182000279426575
AT3G02090,Mitochondrion,Mitochondrial transit peptide,Peripheral|Soluble,0.1460999995470047,0.11999999731779099,0.037700001150369644,0.13910000026226044,0.9129999876022339,0.23240000009536743,0.07349999994039536,0.12700000405311584,0.05739999935030937,0.05810000002384186,0.7828999757766724,0.05990000069141388,0.16449999809265137,0.6807000041007996
AT3G02360,Peroxisome,Peroxisomal targeting signal,Soluble,0.29490000009536743,0.10199999809265137,0.05959999933838844,0.10930000245571136,0.26330000162124634,0.21369999647140503,0.07180000096559525,0.08110000193119049,0.060600001364946365,0.983299970626831,0.47940000891685486,0.06840000301599503,0.2198999971151352,0.7095000147819519
AT3G03250,Cytoplasm,Peroxisomal targeting signal,Soluble,0.8100000023841858,0.31540000438690186,0.21160000562667847,0.30000001192092896,0.1818999946117401,0.12430000305175781,0.28790000081062317,0.20000000298023224,0.28870001435279846,0.24220000207424164,0.46959999203681946,0.026599999517202377,0.29179999232292175,0.8561999797821045
AT3G03630,Plastid,Chloroplast transit peptide,Soluble,0.13289999961853027,0.11060000211000443,0.026799999177455902,0.08579999953508377,0.1615000069141388,0.9890999794006348,0.04859999939799309,0.06780000030994415,0.04699999839067459,0.03669999912381172,0.45750001072883606,0.06629999727010727,0.19030000269412994,0.798799991607666
AT3G03780,Cytoplasm,Peroxisomal targeting signal,Soluble,0.7253999710083008,0.2425999939441681,0.2152000069618225,0.32829999923706055,0.11869999766349792,0.12479999661445618,0.2303999960422516,0.24040000140666962,0.25279998779296875,0.14180000126361847,0.427700012922287,0.049300000071525574,0.08730000257492065,0.8772000074386597
AT3G03910,Cytoplasm|Mitochondrion,Nuclear export signal,Soluble,0.7457000017166138,0.33880001306533813,0.14749999344348907,0.33340001106262207,0.6413999795913696,0.32739999890327454,0.3093999922275543,0.1703999936580658,0.2957000136375427,0.3192000091075897,0.5220000147819519,0.09780000150203705,0.15279999375343323,0.6424999833106995
AT3G04080,Golgi apparatus,Signal peptide|Transmembrane domain,Transmembrane,0.1340000033378601,0.125,0.15080000460147858,0.19429999589920044,0.1379999965429306,0.03799999877810478,0.4433000087738037,0.42419999837875366,0.8677999973297119,0.0689999982714653,0.21639999747276306,0.8682000041007996,0.15839999914169312,0.21400000154972076
AT3G04120,Cytoplasm,,Soluble,0.7907000184059143,0.15960000455379486,0.195700004696846,0.20509999990463257,0.5579000115394592,0.07500000298023224,0.12409999966621399,0.1242000013589859,0.07500000298023224,0.14020000398159027,0.4101000130176544,0.06560000032186508,0.1460999995470047,0.8364999890327454
AT3G04790,Plastid,Chloroplast transit peptide,Soluble,0.10429999977350235,0.060499999672174454,0.031199999153614044,0.057500001043081284,0.16369999945163727,0.9916999936103821,0.03620000183582306,0.06620000302791595,0.03799999877810478,0.09529999643564224,0.41749998927116394,0.09059999883174896,0.10019999742507935,0.697700023651123
AT3G06350,Plastid,Chloroplast transit peptide,Soluble,0.131400004029274,0.12610000371932983,0.027499999850988388,0.06109999865293503,0.16990000009536743,0.9872999787330627,0.035100001841783524,0.05550000071525574,0.04089999943971634,0.11540000140666962,0.4860999882221222,0.08699999749660492,0.09740000218153,0.8252999782562256
AT3G06650,Cytoplasm,Peroxisomal targeting signal,Peripheral|Soluble,0.7484999895095825,0.25999999046325684,0.048700001090765,0.2345000058412552,0.2547000050544739,0.09189999848604202,0.20589999854564667,0.21789999306201935,0.13899999856948853,0.2888999879360199,0.6502000093460083,0.11479999870061874,0.10679999738931656,0.7325000166893005
AT3G07630,Plastid,Chloroplast transit peptide,Soluble,0.09589999914169312,0.09279999881982803,0.013899999670684338,0.06480000168085098,0.12839999794960022,0.9801999926567078,0.026200000196695328,0.0471000000834465,0.048900000751018524,0.062199998646974564,0.4781999886035919,0.06849999725818634,0.12610000371932983,0.7487000226974487
AT3G08590,Cytoplasm,,Soluble,0.8361999988555908,0.3239000141620636,0.0706000030040741,0.21230000257492065,0.16500000655651093,0.1745000034570694,0.17170000076293945,0.2483000010251999,0.0966000035405159,0.11389999836683273,0.42890000343322754,0.05510000139474869,0.30149999260902405,0.8176000118255615
AT3G08860,Mitochondrion,Mitochondrial transit peptide,Soluble,0.17419999837875366,0.14300000667572021,0.011300000362098217,0.12399999797344208,0.7530999779701233,0.3716999888420105,0.03849999979138374,0.07540000230073929,0.03060000017285347,0.20829999446868896,0.382999986410141,0.2062000036239624,0.07880000025033951,0.7605999708175659
AT3G09810,Mitochondrion,Mitochondrial transit peptide,Soluble,0.21729999780654907,0.10999999940395355,0.011500000022351742,0.09019999951124191,0.8285999894142151,0.12939999997615814,0.061500001698732376,0.060600001364946365,0.06939999759197235,0.06430000066757202,0.4323999881744385,0.12729999423027039,0.14319999516010284,0.7379000186920166
AT3G09820,Cytoplasm,Nuclear export signal,Soluble,0.8532999753952026,0.29980000853538513,0.12540000677108765,0.3294999897480011,0.30959999561309814,0.016699999570846558,0.2775999903678894,0.2694999873638153,0.2184000015258789,0.021299999207258224,0.3783999979496002,0.05050000175833702,0.15489999949932098,0.8180999755859375
AT3G10050,Plastid,Chloroplast transit peptide,Soluble,0.12049999833106995,0.11980000138282776,0.016699999570846558,0.05400000140070915,0.1379999965429306,0.9846000075340271,0.04039999842643738,0.09889999777078629,0.05609999969601631,0.017400000244379044,0.5462999939918518,0.1436000019311905,0.15860000252723694,0.7250999808311462
AT3G10860,Mitochondrion,Transmembrane domain,Transmembrane,0.12060000002384186,0.10649999976158142,0.030300000682473183,0.1039000004529953,0.9053999781608582,0.04809999838471413,0.09049999713897705,0.02239999920129776,0.014499999582767487,0.018799999728798866,0.19670000672340393,0.9883000254631042,0.037300001829862595,0.07479999959468842
AT3G12780,Plastid,Chloroplast transit peptide,Peripheral|Soluble,0.07559999823570251,0.09220000356435776,0.01759999990463257,0.07280000299215317,0.18520000576972961,0.9902999997138977,0.0406000018119812,0.050700001418590546,0.0568000003695488,0.08829999715089798,0.6621000170707703,0.04690000042319298,0.19910000264644623,0.699999988079071
AT3G13110,Plastid,,Peripheral|Soluble,0.21289999783039093,0.21950000524520874,0.05620000138878822,0.13349999487400055,0.4708999991416931,0.8414999842643738,0.10029999911785126,0.07720000296831131,0.09210000187158585,0.05460000038146973,0.6662999987602234,0.08760000020265579,0.2775000035762787,0.6577000021934509
AT3G13930,Mitochondrion,Mitochondrial transit peptide,Peripheral|Soluble,0.13269999623298645,0.12680000066757202,0.010700000450015068,0.11010000109672546,0.8389999866485596,0.3208000063896179,0.07270000129938126,0.037300001829862595,0.09759999811649323,0.18060000240802765,0.7071999907493591,0.029200000688433647,0.11259999871253967,0.7289999723434448
AT3G14150,Peroxisome,Peroxisomal targeting signal,Soluble,0.211899995803833,0.2535000145435333,0.010300000198185444,0.11140000075101852,0.1014999970793724,0.03460000082850456,0.047600001096725464,0.06109999865293503,0.016300000250339508,0.991100013256073,0.3109000027179718,0.05909999832510948,0.2290000021457672,0.8094000220298767
AT3G14390,Plastid,Chloroplast transit peptide,Soluble,0.13699999451637268,0.1234000027179718,0.017999999225139618,0.04780000075697899,0.18250000476837158,0.9883999824523926,0.02969999983906746,0.057500001043081284,0.030500000342726707,0.06430000066757202,0.3808000087738037,0.09929999709129333,0.08839999884366989,0.79339998960495
AT3G14415,Peroxisome,Peroxisomal targeting signal,Soluble,0.22660000622272491,0.23549999296665192,0.01510000042617321,0.11100000143051147,0.2272000014781952,0.17550000548362732,0.05400000140070915,0.07419999688863754,0.013899999670684338,0.9854000210762024,0.43959999084472656,0.055799998342990875,0.3100000023841858,0.7573000192642212
AT3G14420,Peroxisome,Peroxisomal targeting signal,Soluble,0.15459999442100525,0.19529999792575836,0.010200000368058681,0.11620000004768372,0.296099990606308,0.2085999995470047,0.03099999949336052,0.034699998795986176,0.00989999994635582,0.9825000166893005,0.41530001163482666,0.05209999904036522,0.3917999863624573,0.7401000261306763
AT3G14940,Cytoplasm,Nuclear export signal,Soluble,0.6861000061035156,0.25540000200271606,0.08219999819993973,0.3183000087738037,0.25099998712539673,0.18029999732971191,0.10740000009536743,0.24240000545978546,0.09769999980926514,0.031300000846385956,0.5823000073432922,0.13259999454021454,0.20409999787807465,0.7669000029563904
AT3G15020,Mitochondrion,Mitochondrial transit peptide,Peripheral|Soluble,0.17299999296665192,0.062300000339746475,0.020500000566244125,0.10930000245571136,0.9104999899864197,0.07159999758005142,0.035999998450279236,0.03530000150203705,0.03610000014305115,0.11129999905824661,0.6685000061988831,0.06019999831914902,0.22920000553131104,0.70660001039505
AT3G15640,Mitochondrion|Plastid,Mitochondrial transit peptide,Peripheral|Soluble,0.11800000071525574,0.11299999803304672,0.0284000001847744,0.05350000038743019,0.9031999707221985,0.6898999810218811,0.04729999974370003,0.0640999972820282,0.08569999784231186,0.22869999706745148,0.7059999704360962,0.03920000046491623,0.05299999937415123,0.6215999722480774
AT3G16140,Plastid,Chloroplast transit peptide,Transmembrane,0.09120000153779984,0.03840000182390213,0.02329999953508377,0.04019999876618385,0.15970000624656677,0.9883999824523926,0.04769999906420708,0.019700000062584877,0.042899999767541885,0.04100000113248825,0.2475000023841858,0.9751999974250793,0.048900000751018524,0.09939999878406525
AT3G16150,Cytoplasm|Nucleus,Nuclear export signal|Peroxisomal targeting signal,Soluble,0.7760999798774719,0.5307999849319458,0.04659999907016754,0.13289999961853027,0.1770000010728836,0.17299999296665192,0.2630999982357025,0.1673000007867813,0.19470000267028809,0.38909998536109924,0.30649998784065247,0.07000000029802322,0.1843000054359436,0.8144000172615051
AT3G16250,Plastid,Chloroplast transit peptide,Peripheral|Soluble,0.10639999806880951,0.06080000102519989,0.012600000016391277,0.047200001776218414,0.2198999971151352,0.9891999959945679,0.041099999099969864,0.033799998462200165,0.0284000001847744,0.03229999914765358,0.7663999795913696,0.08569999784231186,0.07240000367164612,0.5213000178337097
AT3G16480,Mitochondrion,Mitochondrial transit peptide,Peripheral|Soluble,0.12849999964237213,0.12470000237226486,0.018400000408291817,0.10890000313520432,0.8845999836921692,0.3499999940395355,0.07689999788999557,0.09430000185966492,0.04309999942779541,0.0843999981880188,0.791100025177002,0.0494999997317791,0.14630000293254852,0.6930999755859375
AT3G17240,Mitochondrion,Mitochondrial transit peptide,Soluble,0.13030000030994415,0.09589999914169312,0.02160000056028366,0.11810000240802765,0.8608999848365784,0.337799996137619,0.07289999723434448,0.048900000751018524,0.034699998795986176,0.13420000672340393,0.5618000030517578,0.14910000562667847,0.1670999974012375,0.6459000110626221
AT3G17390,Cytoplasm,,Soluble,0.8208000063896179,0.31189998984336853,0.04600000008940697,0.18549999594688416,0.19859999418258667,0.0348999984562397,0.13040000200271606,0.10339999943971634,0.0608999989926815,0.09700000286102295,0.33379998803138733,0.05420000106096268,0.13519999384880066,0.8118000030517578
AT3G17760,Cytoplasm,Nuclear export signal,Soluble,0.6509000062942505,0.4496999979019165,0.07000000029802322,0.36039999127388,0.1891999989748001,0.13850000500679016,0.1753000020980835,0.10610000044107437,0.10660000145435333,0.18780000507831573,0.4498000144958496,0.08799999952316284,0.4169999957084656,0.7423999905586243
AT3G17820,Cytoplasm,Nuclear export signal,Soluble,0.8744000196456909,0.3741999864578247,0.05979999899864197,0.19290000200271606,0.18170000612735748,0.009800000116229057,0.2888999879360199,0.1469999998807907,0.20880000293254852,0.05350000038743019,0.3377000093460083,0.04500000178813934,0.1687999963760376,0.8798999786376953
AT3G19480,Plastid,Chloroplast transit peptide,Soluble,0.16670000553131104,0.0820000022649765,0.01899999938905239,0.07039999961853027,0.16169999539852142,0.9787999987602234,0.06300000101327896,0.094200000166893,0.05350000038743019,0.11010000109672546,0.5532000064849854,0.15299999713897705,0.11219999939203262,0.6703000068664551
AT3G19490,Plastid,Thylakoid luminal transit peptide,Transmembrane,0.07169999927282333,0.06599999964237213,0.01510000042617321,0.11479999870061874,0.12049999833106995,0.991100013256073,0.10920000076293945,0.06679999828338623,0.14869999885559082,0.17260000109672546,0.2094999998807907,0.9663000106811523,0.0406000018119812,0.08640000224113464
AT3G20330,Plastid,Chloroplast transit peptide,Soluble,0.08110000193119049,0.08229999989271164,0.00839999970048666,0.04529999941587448,0.08510000258684158,0.9866999983787537,0.0348999984562397,0.03319999948143959,0.041200000792741776,0.0786999985575676,0.5063999891281128,0.11410000175237656,0.1582999974489212,0.6851000189781189
AT3G21055,Plastid,,Soluble,0.07410000264644623,0.06679999828338623,0.08489999920129776,0.08699999749660492,0.21709999442100525,0.9876000285148621,0.03920000046491623,0.017899999395012856,0.030500000342726707,0.013399999588727951,0.4519999921321869,0.1590999960899353,0.059700001031160355,0.6585000157356262
AT3G21110,Plastid,Chloroplast transit peptide,Peripheral|Soluble,0.1454000025987625,0.07419999688863754,0.0215000007301569,0.04259999841451645,0.3391999900341034,0.9771000146865845,0.02500000037252903,0.061799999326467514,0.09049999713897705,0.04089999943971634,0.6100000143051147,0.050200000405311584,0.09049999713897705,0.7893000245094299
AT3G21720,Peroxisome,Peroxisomal targeting signal,Peripheral|Soluble,0.2029999941587448,0.14740000665187836,0.031700000166893005,0.1850000023841858,0.4609000086784363,0.011500000022351742,0.13089999556541443,0.05860000103712082,0.08219999819993973,0.941100001335144,0.6096000075340271,0.05169999971985817,0.399399995803833,0.7171000242233276
AT3G22200,Mitochondrion,Mitochondrial transit peptide,Soluble,0.16590000689029694,0.12639999389648438,0.017100000753998756,0.07670000195503235,0.9067000150680542,0.05849999934434891,0.024800000712275505,0.05510000139474869,0.03970000147819519,0.035100001841783524,0.5753999948501587,0.1242000013589859,0.09239999949932098,0.7300999760627747
AT3G22360,Mitochondrion,Mitochondrial transit peptide,Transmembrane,0.10719999670982361,0.13120000064373016,0.032999999821186066,0.2304999977350235,0.8348000049591064,0.4246000051498413,0.1875,0.04830000177025795,0.10819999873638153,0.1509000062942505,0.5867999792098999,0.5737000107765198,0.09019999951124191,0.32359999418258667
AT3G22370,Mitochondrion,Mitochondrial transit peptide,Transmembrane,0.10930000245571136,0.12630000710487366,0.024700000882148743,0.21199999749660492,0.8282999992370605,0.4339999854564667,0.14630000293254852,0.033799998462200165,0.10520000010728836,0.11349999904632568,0.5613999962806702,0.5774999856948853,0.10450000315904617,0.32109999656677246
AT3G22425,Plastid,Chloroplast transit peptide,Soluble,0.1242000013589859,0.09549999982118607,0.017100000753998756,0.0340999998152256,0.24619999527931213,0.9853000044822693,0.03240000084042549,0.055799998342990875,0.04540000110864639,0.266400009393692,0.5561000108718872,0.08640000224113464,0.14319999516010284,0.679099977016449
AT3G22460,Cytoplasm,,Soluble,0.5983999967575073,0.1808999925851822,0.08479999750852585,0.4262999892234802,0.3714999854564667,0.08560000360012054,0.09359999746084213,0.07069999724626541,0.0860000029206276,0.0843999981880188,0.45489999651908875,0.1453000009059906,0.11900000274181366,0.7821999788284302
AT3G22740,Cytoplasm|Nucleus,Peroxisomal targeting signal,Soluble,0.7275000214576721,0.5040000081062317,0.0786999985575676,0.16449999809265137,0.2003999948501587,0.2736000120639801,0.12950000166893005,0.1509000062942505,0.09279999881982803,0.4496999979019165,0.23589999973773956,0.06759999692440033,0.16670000553131104,0.8600999712944031
AT3G22890,Plastid,Chloroplast transit peptide,Peripheral|Soluble,0.10409999638795853,0.07079999893903732,0.023600000888109207,0.08449999988079071,0.09939999878406525,0.9879000186920166,0.07079999893903732,0.05909999832510948,0.08169999718666077,0.1518000066280365,0.7447999715805054,0.04149999842047691,0.16689999401569366,0.6840000152587891
AT3G22960,Plastid,Chloroplast transit peptide,Soluble,0.1598999947309494,0.08209999650716782,0.023099999874830246,0.060499999672174454,0.15639999508857727,0.986299991607666,0.059700001031160355,0.052400000393390656,0.03530000150203705,0.03180000185966492,0.5078999996185303,0.12639999389648438,0.17520000040531158,0.7615000009536743
AT3G23580,Cytoplasm,Nuclear export signal,Soluble,0.6040999889373779,0.3125,0.033900000154972076,0.1988999992609024,0.2272000014781952,0.050200000405311584,0.1988999992609024,0.15320000052452087,0.11240000277757645,0.17599999904632568,0.4848000109195709,0.12290000170469284,0.3197999894618988,0.7549999952316284
AT3G23810,Cytoplasm,,Soluble,0.6431999802589417,0.26019999384880066,0.1151999980211258,0.4034000039100647,0.3522000014781952,0.07460000365972519,0.12770000100135803,0.15860000252723694,0.13189999759197235,0.11940000206232071,0.49810001254081726,0.07370000332593918,0.22470000386238098,0.7401999831199646
AT3G23920,Plastid,Chloroplast transit peptide,Peripheral|Soluble,0.1453000009059906,0.15639999508857727,0.07490000128746033,0.2320999950170517,0.08160000294446945,0.9404000043869019,0.10199999809265137,0.10740000009536743,0.16910000145435333,0.03020000085234642,0.6636999845504761,0.08510000258684158,0.2906999886035919,0.7329000234603882
AT3G23940,Plastid,Chloroplast transit peptide,Peripheral|Soluble,0.1370999962091446,0.0982000008225441,0.011099999770522118,0.05260000005364418,0.20430000126361847,0.9843000173568726,0.057100001722574234,0.09629999846220016,0.026000000536441803,0.06610000133514404,0.6108999848365784,0.09669999778270721,0.15700000524520874,0.7307999730110168
AT3G24503,Cytoplasm,Nuclear localization signal,Soluble,0.7768999934196472,0.3158999979496002,0.08070000261068344,0.3034999966621399,0.1720999926328659,0.045499999076128006,0.19429999589920044,0.1737000048160553,0.053300000727176666,0.028200000524520874,0.2962999939918518,0.11339999735355377,0.1695999950170517,0.7975999712944031
AT3G25900,Cytoplasm|Nucleus,,Soluble,0.7009000182151794,0.6060000061988831,0.05000000074505806,0.23909999430179596,0.2289000004529953,0.3386000096797943,0.04969999939203262,0.17649999260902405,0.06289999932050705,0.43650001287460327,0.27720001339912415,0.09589999914169312,0.07109999656677246,0.8410999774932861
AT3G26570,Plastid,Chloroplast transit peptide,Transmembrane,0.08110000193119049,0.07739999890327454,0.016499999910593033,0.07959999889135361,0.2606000006198883,0.9358999729156494,0.11069999635219574,0.07750000059604645,0.11379999667406082,0.04450000077486038,0.20440000295639038,0.9666000008583069,0.027799999341368675,0.11140000075101852
AT3G26650,Plastid,Chloroplast transit peptide,Soluble,0.0966000035405159,0.07249999791383743,0.014499999582767487,0.08299999684095383,0.0835999995470047,0.9900000095367432,0.06759999692440033,0.029500000178813934,0.06629999727010727,0.15539999306201935,0.5478000044822693,0.07919999957084656,0.11640000343322754,0.7233999967575073
AT3G27060,Cytoplasm,Nuclear export signal,Soluble,0.6614000201225281,0.3846000134944916,0.043299999088048935,0.16859999299049377,0.26409998536109924,0.07769999653100967,0.1776999980211258,0.16130000352859497,0.08410000056028366,0.21289999783039093,0.4291999936103821,0.10369999706745148,0.32739999890327454,0.704800009727478
AT3G27240,Mitochondrion,,Transmembrane,0.10649999976158142,0.05490000173449516,0.012799999676644802,0.0982000008225441,0.8532000184059143,0.27730000019073486,0.1867000013589859,0.0681999996304512,0.1264999955892563,0.16019999980926514,0.4749999940395355,0.7922000288963318,0.06120000034570694,0.18569999933242798
AT3G27300,Cytoplasm,,Soluble,0.7763000130653381,0.2013999968767166,0.16380000114440918,0.3400000035762787,0.1535000056028366,0.042899999767541885,0.274399995803833,0.13249999284744263,0.21879999339580536,0.1354999989271164,0.45249998569488525,0.062199998646974564,0.26570001244544983,0.7771000266075134
AT3G27380,Mitochondrion,Mitochondrial transit peptide,Peripheral|Soluble,0.11069999635219574,0.0722000002861023,0.013299999758601189,0.1412999927997589,0.8888999819755554,0.19120000302791595,0.05480000004172325,0.02759999968111515,0.023399999365210533,0.13740000128746033,0.7440000176429749,0.09049999713897705,0.04479999840259552,0.580299973487854
AT3G27620,Mitochondrion,Mitochondrial transit peptide,Transmembrane,0.10679999738931656,0.11420000344514847,0.029500000178813934,0.23909999430179596,0.8766000270843506,0.267300009727478,0.14159999787807465,0.04390000179409981,0.08919999748468399,0.23389999568462372,0.560699999332428,0.5971999764442444,0.10000000149011612,0.3142000138759613
AT3G27740,Plastid,Chloroplast transit peptide,Soluble,0.13050000369548798,0.08900000154972076,0.014700000174343586,0.05660000070929527,0.21870000660419464,0.9868000149726868,0.10450000315904617,0.0803999975323677,0.06040000170469284,0.06750000268220901,0.47049999237060547,0.0731000006198883,0.06859999895095825,0.7973999977111816
AT3G29200,Plastid,Chloroplast transit peptide,Peripheral,0.13680000603199005,0.05979999899864197,0.015300000086426735,0.05090000107884407,0.12960000336170197,0.9904999732971191,0.10090000182390213,0.07620000094175339,0.08370000123977661,0.07339999824762344,0.7893000245094299,0.20280000567436218,0.0714000016450882,0.49390000104904175
AT3G30775,Mitochondrion,Mitochondrial transit peptide,Peripheral,0.15129999816417694,0.08669999986886978,0.02630000002682209,0.1550000011920929,0.9132999777793884,0.30239999294281006,0.10589999705553055,0.18549999594688416,0.11079999804496765,0.026499999687075615,0.7524999976158142,0.3330000042915344,0.412200003862381,0.33059999346733093
AT3G43190,Cytoplasm,Peroxisomal targeting signal,Peripheral|Soluble,0.6930999755859375,0.21170000731945038,0.13689999282360077,0.2680000066757202,0.31049999594688416,0.3944999873638153,0.24199999868869781,0.382999986410141,0.5070000290870667,0.2648000121116638,0.6064000129699707,0.2842999994754791,0.1673000007867813,0.6883000135421753
AT3G44720,Plastid,Chloroplast transit peptide,Soluble,0.09799999743700027,0.07090000063180923,0.010400000028312206,0.03790000081062317,0.147599995136261,0.9865999817848206,0.019200000911951065,0.033399999141693115,0.08160000294446945,0.03779999911785126,0.45239999890327454,0.07100000232458115,0.1914999932050705,0.7383000254631042
AT3G46940,Nucleus,,Soluble,0.29109999537467957,0.7896000146865845,0.03819999843835831,0.04820000007748604,0.09799999743700027,0.0925000011920929,0.06520000100135803,0.065700002014637,0.027300000190734863,0.29600000381469727,0.3237000107765198,0.03200000151991844,0.5716999769210815,0.7246999740600586
AT3G46970,Cytoplasm,,Soluble,0.7572000026702881,0.26759999990463257,0.12110000103712082,0.2786000072956085,0.17239999771118164,0.06939999759197235,0.13490000367164612,0.3280999958515167,0.06419999897480011,0.08129999786615372,0.4449999928474426,0.06509999930858612,0.11620000004768372,0.833299994468689
AT3G46980,Plastid,,Transmembrane,0.08619999885559082,0.06729999929666519,0.009100000374019146,0.0803999975323677,0.11540000140666962,0.9847000241279602,0.065700002014637,0.08370000123977661,0.08449999988079071,0.24330000579357147,0.1881999969482422,0.9541000127792358,0.08950000256299973,0.12160000205039978
AT3G47340,Cytoplasm,,Soluble,0.6891999840736389,0.39879998564720154,0.049400001764297485,0.1582999974489212,0.3361999988555908,0.0649000033736229,0.2393999993801117,0.1835000067949295,0.243599995970726,0.25619998574256897,0.46700000762939453,0.1703999936580658,0.2526000142097473,0.6913999915122986
AT3G47520,Plastid,Chloroplast transit peptide,Peripheral|Soluble,0.08789999783039093,0.06840000301599503,0.006899999920278788,0.09059999883174896,0.11089999973773956,0.9891999959945679,0.046799998730421066,0.042899999767541885,0.04960000142455101,0.2587999999523163,0.6035000085830688,0.03290000185370445,0.1923000067472458,0.7107999920845032
AT3G47833,Mitochondrion,Mitochondrial transit peptide,Transmembrane,0.1542000025510788,0.1615000069141388,0.021400000900030136,0.03709999844431877,0.9085999727249146,0.028699999675154686,0.1581999957561493,0.020500000566244125,0.03440000116825104,0.04399999976158142,0.1525000035762787,0.9684000015258789,0.039500001817941666,0.10209999978542328
AT3G48560,Plastid,Chloroplast transit peptide,Soluble,0.16539999842643738,0.09070000052452087,0.008100000210106373,0.0966000035405159,0.15469999611377716,0.9890999794006348,0.0714000016450882,0.07609999924898148,0.03680000081658363,0.2037999927997589,0.4586000144481659,0.17800000309944153,0.10400000214576721,0.733299970626831
AT3G48850,Mitochondrion,Mitochondrial transit peptide,Transmembrane,0.19750000536441803,0.13259999454021454,0.07169999927282333,0.1657000035047531,0.7943999767303467,0.04749999940395355,0.3249000012874603,0.12219999730587006,0.18520000576972961,0.09130000323057175,0.326200008392334,0.7197999954223633,0.17550000548362732,0.1535000056028366
AT3G49360,Cytoplasm,Peroxisomal targeting signal,Soluble,0.6923999786376953,0.4447999894618988,0.05909999832510948,0.266400009393692,0.2824000120162964,0.12430000305175781,0.14079999923706055,0.12110000103712082,0.12129999697208405,0.20069999992847443,0.376800000667572,0.02889999933540821,0.3109999895095825,0.8471999764442444
AT3G49680,Plastid,Chloroplast transit peptide,Soluble,0.11550000309944153,0.1096000000834465,0.01080000028014183,0.05000000074505806,0.1688999980688095,0.9754999876022339,0.053599998354911804,0.07729999721050262,0.047600001096725464,0.149399995803833,0.3937999904155731,0.1445000022649765,0.07689999788999557,0.7389000058174133
AT3G50520,Cytoplasm|Plastid,Chloroplast transit peptide|Peroxisomal targeting signal,Soluble,0.7488999962806702,0.4372999966144562,0.040300000458955765,0.16140000522136688,0.37790000438690186,0.7609000205993652,0.14669999480247498,0.05790000036358833,0.036400001496076584,0.4408999979496002,0.3977999985218048,0.09030000120401382,0.15029999613761902,0.7099000215530396
AT3G50820,Plastid,Thylakoid luminal transit peptide,Peripheral|Soluble,0.05469999834895134,0.03629999980330467,0.05139999836683273,0.06080000102519989,0.1509000062942505,0.9779000282287598,0.07519999891519547,0.04230000078678131,0.07620000094175339,0.04769999906420708,0.8399999737739563,0.10480000078678131,0.062300000339746475,0.5476999878883362
AT3G52200,Mitochondrion,Mitochondrial transit peptide,Soluble,0.16590000689029694,0.13230000436306,0.021400000900030136,0.10379999876022339,0.7972999811172485,0.2750999927520752,0.11169999837875366,0.07800000160932541,0.11569999903440475,0.11219999939203262,0.5791000127792358,0.044599998742341995,0.041999999433755875,0.7847999930381775
AT3G52300,Mitochondrion,Mitochondrial transit peptide,Peripheral|Soluble,0.10769999772310257,0.04520000144839287,0.0333000011742115,0.13259999454021454,0.9674999713897705,0.029899999499320984,0.026599999517202377,0.050999999046325684,0.04490000009536743,0.013299999758601189,0.8438000082969666,0.1193000003695488,0.0763000026345253,0.5202999711036682
AT3G52340,Cytoplasm,,Soluble,0.7128000259399414,0.4140999913215637,0.06430000066757202,0.16189999878406525,0.15790000557899475,0.2533000111579895,0.11150000244379044,0.18449999392032623,0.10679999738931656,0.20520000159740448,0.4408999979496002,0.10170000046491623,0.11400000005960464,0.765500009059906
AT3G52720,Extracellular|Endoplasmic reticulum,Signal peptide,Soluble,0.1720999926328659,0.10530000180006027,0.7203999757766724,0.12770000100135803,0.022199999541044235,0.31700000166893005,0.6273999810218811,0.375,0.1467999964952469,0.002899999963119626,0.22630000114440918,0.02630000002682209,0.1340000033378601,0.8873999714851379
AT3G52730,Mitochondrion,Transmembrane domain,Transmembrane,0.10790000110864639,0.14880000054836273,0.04100000113248825,0.06430000066757202,0.8980000019073486,0.08229999989271164,0.08860000222921371,0.08799999952316284,0.041600000113248825,0.0215000007301569,0.3206000030040741,0.9707000255584717,0.03150000050663948,0.0714000016450882
AT3G52930,Cytoplasm,Nuclear localization signal,Soluble,0.8841999769210815,0.33070001006126404,0.19030000269412994,0.2989000082015991,0.39480000734329224,0.09690000116825104,0.16269999742507935,0.16279999911785126,0.12630000710487366,0.060499999672174454,0.47920000553131104,0.025800000876188278,0.23720000684261322,0.8353000283241272
AT3G53580,Plastid,Chloroplast transit peptide,Soluble,0.12399999797344208,0.09369999915361404,0.02810000069439411,0.03420000150799751,0.2736000120639801,0.9757000207901001,0.04569999873638153,0.05640000104904175,0.11089999973773956,0.07720000296831131,0.4388999938964844,0.1371999979019165,0.07460000365972519,0.7312999963760376
AT3G53620,Cytoplasm,,Soluble,0.6832000017166138,0.4268999993801117,0.09629999846220016,0.12729999423027039,0.14149999618530273,0.060600001364946365,0.14139999449253082,0.3100999891757965,0.2732999920845032,0.18039999902248383,0.4065999984741211,0.03229999914765358,0.20679999887943268,0.8371999859809875
AT3G54050,Plastid,Chloroplast transit peptide,Soluble,0.10970000177621841,0.08330000191926956,0.01850000023841858,0.05640000104904175,0.15410000085830688,0.9835000038146973,0.06440000236034393,0.058800000697374344,0.04690000042319298,0.11219999939203262,0.5210999846458435,0.08190000057220459,0.0908999964594841,0.7409999966621399
AT3G54090,Plastid,Chloroplast transit peptide,Soluble,0.12229999899864197,0.09070000052452087,0.030899999663233757,0.07000000029802322,0.12319999933242798,0.9836999773979187,0.04820000007748604,0.045099999755620956,0.055399999022483826,0.030799999833106995,0.4569999873638153,0.16539999842643738,0.08630000054836273,0.7450000047683716
AT3G54110,Mitochondrion,Transmembrane domain|Mitochondrial transit peptide,Transmembrane,0.14239999651908875,0.08910000324249268,0.054999999701976776,0.2134000062942505,0.8745999932289124,0.07559999823570251,0.14159999787807465,0.20110000669956207,0.24660000205039978,0.13899999856948853,0.17550000548362732,0.9085999727249146,0.05909999832510948,0.16120000183582306
AT3G54470,Cytoplasm,,Soluble,0.7663000226020813,0.46059998869895935,0.06599999964237213,0.10840000212192535,0.1979999989271164,0.09440000355243683,0.07880000025033951,0.093299999833107,0.13339999318122864,0.13429999351501465,0.3140999972820282,0.06949999928474426,0.12049999833106995,0.8659999966621399
AT3G54640,Plastid,Chloroplast transit peptide,Soluble,0.13179999589920044,0.11659999936819077,0.03269999846816063,0.06340000033378601,0.2102999985218048,0.9789000153541565,0.03550000116229057,0.05790000036358833,0.048700001090765,0.0414000004529953,0.4399000108242035,0.09719999879598618,0.1031000018119812,0.7613999843597412
AT3G54660,Plastid,Chloroplast transit peptide,Soluble,0.1370999962091446,0.09839999675750732,0.018699999898672104,0.09560000151395798,0.2870999872684479,0.9307000041007996,0.09969999641180038,0.07880000025033951,0.041200000792741776,0.10369999706745148,0.5273000001907349,0.15299999713897705,0.15719999372959137,0.6816999912261963
AT3G55010,Plastid,Chloroplast transit peptide,Soluble,0.09790000319480896,0.08380000293254852,0.01590000092983246,0.04390000179409981,0.19349999725818634,0.9900000095367432,0.03889999911189079,0.06599999964237213,0.04899999871850014,0.11100000143051147,0.4212000072002411,0.12389999628067017,0.10610000044107437,0.7337999939918518
AT3G55440,Cytoplasm,Peroxisomal targeting signal,Soluble,0.8478000164031982,0.2567000091075897,0.1412000060081482,0.19499999284744263,0.40369999408721924,0.06340000033378601,0.16410000622272491,0.16110000014305115,0.17990000545978546,0.16830000281333923,0.32749998569488525,0.032499998807907104,0.14390000700950623,0.8586999773979187
AT3G55610,Cytoplasm,Peroxisomal targeting signal,Soluble,0.7713000178337097,0.337799996137619,0.0674000009894371,0.15940000116825104,0.2305999994277954,0.12210000306367874,0.07829999923706055,0.21389999985694885,0.14229999482631683,0.2928999960422516,0.46000000834465027,0.08799999952316284,0.3248000144958496,0.732200026512146
AT3G55800,Plastid,Chloroplast transit peptide,Peripheral|Soluble,0.11879999935626984,0.07270000129938126,0.013299999758601189,0.08340000361204147,0.0997999981045723,0.9945999979972839,0.050700001418590546,0.06650000065565109,0.05550000071525574,0.18709999322891235,0.7301999926567078,0.04740000143647194,0.18199999630451202,0.6818000078201294
AT3G57050,Plastid,Chloroplast transit peptide,Soluble,0.13300000131130219,0.0771000012755394,0.015300000086426735,0.059700001031160355,0.1720000058412552,0.9871000051498413,0.03849999979138374,0.06780000030994415,0.07800000160932541,0.13079999387264252,0.390500009059906,0.163100004196167,0.1193000003695488,0.7576000094413757
AT3G57550,Cytoplasm,Peroxisomal targeting signal,Soluble,0.6841999888420105,0.37310001254081726,0.03759999945759773,0.27480000257492065,0.14489999413490295,0.400299996137619,0.30230000615119934,0.15230000019073486,0.13840000331401825,0.45910000801086426,0.4932999908924103,0.13330000638961792,0.16290000081062317,0.7213000059127808
AT3G57560,Plastid,Chloroplast transit peptide,Soluble,0.10339999943971634,0.08839999884366989,0.00930000003427267,0.05849999934434891,0.10939999669790268,0.9799000024795532,0.04270000010728836,0.05979999899864197,0.021400000900030136,0.05079999938607216,0.39890000224113464,0.10260000079870224,0.20149999856948853,0.682699978351593
AT3G57610,Plastid,Chloroplast transit peptide,Soluble,0.1193000003695488,0.1251000016927719,0.010999999940395355,0.05730000138282776,0.17149999737739563,0.9821000099182129,0.05999999865889549,0.07150000333786011,0.025499999523162842,0.08160000294446945,0.4016999900341034,0.07490000128746033,0.1046999990940094,0.8079000115394592
AT3G58610,Plastid,Chloroplast transit peptide,Peripheral|Soluble,0.11860000342130661,0.09229999780654907,0.00989999994635582,0.09679999947547913,0.1842000037431717,0.9679999947547913,0.051899999380111694,0.066600002348423,0.07079999893903732,0.18389999866485596,0.7002999782562256,0.13040000200271606,0.22519999742507935,0.6111999750137329
AT3G58750,Peroxisome,Peroxisomal targeting signal,Soluble,0.4163999855518341,0.11289999634027481,0.14300000667572021,0.2517000138759613,0.19629999995231628,0.12060000002384186,0.1670999974012375,0.04960000142455101,0.09520000219345093,0.85589998960495,0.5192000269889832,0.09000000357627869,0.18250000476837158,0.7110000252723694
AT3G58990,Plastid,Chloroplast transit peptide,Peripheral|Soluble,0.13979999721050262,0.06549999862909317,0.022700000554323196,0.061400000005960464,0.16920000314712524,0.9868999719619751,0.05829999968409538,0.03909999877214432,0.04690000042319298,0.05299999937415123,0.6172000169754028,0.06909999996423721,0.0934000015258789,0.6287000179290771
AT3G59480,Cytoplasm,Peroxisomal targeting signal,Soluble,0.7700999975204468,0.45239999890327454,0.12520000338554382,0.0966000035405159,0.1662999987602234,0.31279999017715454,0.19670000672340393,0.22300000488758087,0.12710000574588776,0.4542999863624573,0.38920000195503235,0.11420000344514847,0.11180000007152557,0.7706999778747559
AT3G59890,Plastid,Chloroplast transit peptide,Soluble,0.10840000212192535,0.09009999781847,0.030300000682473183,0.05000000074505806,0.16089999675750732,0.9815000295639038,0.07129999995231628,0.06790000200271606,0.09769999980926514,0.02800000086426735,0.5968000292778015,0.09870000183582306,0.07559999823570251,0.6825000047683716
AT3G59970,Cytoplasm,Nuclear export signal,Soluble,0.8300999999046326,0.28459998965263367,0.08240000158548355,0.1776999980211258,0.32420000433921814,0.06719999760389328,0.18619999289512634,0.2290000021457672,0.23729999363422394,0.03750000149011612,0.507099986076355,0.08959999680519104,0.14630000293254852,0.8098000288009644
AT3G60100,Mitochondrion,Mitochondrial transit peptide,Peripheral|Soluble,0.12020000070333481,0.12700000405311584,0.014800000004470348,0.08389999717473984,0.9097999930381775,0.0357000008225441,0.06949999928474426,0.09570000320672989,0.06870000064373016,0.08489999920129776,0.6962000131607056,0.12399999797344208,0.0689999982714653,0.6079000234603882
AT3G60750,Plastid,Chloroplast transit peptide,Soluble,0.08609999716281891,0.13230000436306,0.009200000204145908,0.08250000327825546,0.15459999442100525,0.9818999767303467,0.032600000500679016,0.04729999974370003,0.04839999973773956,0.18029999732971191,0.499099999666214,0.1145000010728836,0.0869000032544136,0.7592999935150146
AT3G60880,Plastid,Chloroplast transit peptide,Soluble,0.14339999854564667,0.09549999982118607,0.01759999990463257,0.06340000033378601,0.23019999265670776,0.9772999882698059,0.027400000020861626,0.07680000364780426,0.0731000006198883,0.07079999893903732,0.5612999796867371,0.08150000125169754,0.15889999270439148,0.7706999778747559
AT3G61440,Mitochondrion,Mitochondrial transit peptide,Soluble,0.2092999964952469,0.09960000216960907,0.017500000074505806,0.10930000245571136,0.8794999718666077,0.3068999946117401,0.034299999475479126,0.0674000009894371,0.02449999935925007,0.07490000128746033,0.47029998898506165,0.06199999898672104,0.11299999803304672,0.8069000244140625
AT3G62400,Mitochondrion,Transmembrane domain,Transmembrane,0.15600000321865082,0.13420000672340393,0.10859999805688858,0.05510000139474869,0.9239000082015991,0.03440000116825104,0.08590000122785568,0.04820000007748604,0.026599999517202377,0.06310000270605087,0.13009999692440033,0.9682000279426575,0.11209999769926071,0.12800000607967377
AT3G63250,Cytoplasm|Nucleus,Peroxisomal targeting signal,Soluble,0.5630000233650208,0.6474999785423279,0.025599999353289604,0.14169999957084656,0.19439999759197235,0.2572000026702881,0.07100000232458115,0.08229999989271164,0.06949999928474426,0.71670001745224,0.2574999928474426,0.10719999670982361,0.07800000160932541,0.8374999761581421
AT3G66658,Endoplasmic reticulum,Signal peptide|Transmembrane domain,Transmembrane,0.25029999017715454,0.19429999589920044,0.04569999873638153,0.2694000005722046,0.29120001196861267,0.10819999873638153,0.7871000170707703,0.30720001459121704,0.28929999470710754,0.1120000034570694,0.5882999897003174,0.723800003528595,0.5899999737739563,0.2175000011920929
AT4G00370,Plastid,,Transmembrane,0.08420000225305557,0.09459999948740005,0.007199999876320362,0.0835999995470047,0.13220000267028809,0.9663000106811523,0.052000001072883606,0.052000001072883606,0.08340000361204147,0.21950000524520874,0.2061000019311905,0.9276000261306763,0.08070000261068344,0.1395999938249588
AT4G00490,Plastid,Chloroplast transit peptide,Peripheral|Soluble,0.10379999876022339,0.09220000356435776,0.030300000682473183,0.0568000003695488,0.09300000220537186,0.9911999702453613,0.03970000147819519,0.07639999687671661,0.12700000405311584,0.06629999727010727,0.6146000027656555,0.07079999893903732,0.2152000069618225,0.7642999887466431
AT4G01850,Cytoplasm,,Soluble,0.864799976348877,0.3070000112056732,0.03680000081658363,0.27970001101493835,0.2743000090122223,0.024900000542402267,0.12600000202655792,0.15000000596046448,0.10109999775886536,0.0364999994635582,0.32109999656677246,0.06469999998807907,0.14219999313354492,0.7990000247955322
AT4G02580,Mitochondrion,Mitochondrial transit peptide,Soluble,0.1031000018119812,0.06750000268220901,0.01489999983459711,0.06629999727010727,0.9506999850273132,0.02850000001490116,0.03750000149011612,0.03880000114440918,0.05270000174641609,0.04470000043511391,0.5442000031471252,0.05550000071525574,0.1145000010728836,0.6186000108718872
AT4G02610,Cytoplasm|Nucleus,,Soluble,0.6207000017166138,0.6172999739646912,0.028699999675154686,0.17299999296665192,0.19189999997615814,0.39480000734329224,0.1834000051021576,0.14830000698566437,0.09529999643564224,0.22540000081062317,0.35440000891685486,0.09839999675750732,0.13249999284744263,0.7781000137329102
AT4G02770,Plastid,Chloroplast transit peptide,Peripheral,0.11249999701976776,0.04780000075697899,0.022099999710917473,0.0632999986410141,0.21930000185966492,0.995199978351593,0.06350000202655792,0.03519999980926514,0.03400000184774399,0.04960000142455101,0.8337000012397766,0.08739999681711197,0.052799999713897705,0.49230000376701355
AT4G03280,Plastid,Thylakoid luminal transit peptide,Peripheral,0.06800000369548798,0.03060000017285347,0.02630000002682209,0.08609999716281891,0.2142000049352646,0.991100013256073,0.19820000231266022,0.0340999998152256,0.10429999977350235,0.07039999961853027,0.7412999868392944,0.40070000290870667,0.13349999487400055,0.25440001487731934
AT4G04040,Cytoplasm,Peroxisomal targeting signal,Soluble,0.7644000053405762,0.1704999953508377,0.1881999969482422,0.23000000417232513,0.10869999974966049,0.10019999742507935,0.16769999265670776,0.3319999873638153,0.14339999854564667,0.23770000040531158,0.41510000824928284,0.11490000039339066,0.37209999561309814,0.8084999918937683
AT4G04610,Plastid,Chloroplast transit peptide,Soluble,0.08990000188350677,0.10300000011920929,0.010200000368058681,0.051100000739097595,0.12479999661445618,0.9886999726295471,0.03779999911785126,0.03920000046491623,0.08659999817609787,0.09070000052452087,0.5978000164031982,0.08449999988079071,0.065700002014637,0.6942999958992004
AT4G04640,Plastid,Chloroplast transit peptide,Peripheral|Soluble,0.09149999916553497,0.060499999672174454,0.02019999921321869,0.10409999638795853,0.3273000121116638,0.9380000233650208,0.09120000153779984,0.093299999833107,0.10040000081062317,0.2971000075340271,0.7123000025749207,0.051100000739097595,0.1777999997138977,0.6736999750137329
AT4G05020,Mitochondrion,Peroxisomal targeting signal,Peripheral|Transmembrane,0.19850000739097595,0.10620000213384628,0.018699999898672104,0.09359999746084213,0.882099986076355,0.36559998989105225,0.17149999737739563,0.05649999901652336,0.051100000739097595,0.23909999430179596,0.7132999897003174,0.6330000162124634,0.13369999825954437,0.23090000450611115
AT4G05180,Plastid,Thylakoid luminal transit peptide,Peripheral,0.0649000033736229,0.06289999932050705,0.07069999724626541,0.034699998795986176,0.11110000312328339,0.9962999820709229,0.05849999934434891,0.019700000062584877,0.06800000369548798,0.03779999911785126,0.7702000141143799,0.30410000681877136,0.03530000150203705,0.4729999899864197
AT4G08870,Mitochondrion,Mitochondrial transit peptide,Soluble,0.18790000677108765,0.10100000351667404,0.05130000039935112,0.11259999871253967,0.8755000233650208,0.4634000062942505,0.037700001150369644,0.07909999787807465,0.06390000134706497,0.027000000700354576,0.4390000104904175,0.09640000015497208,0.1282999962568283,0.8101999759674072
AT4G08900,Mitochondrion,Mitochondrial transit peptide,Soluble,0.16689999401569366,0.12349999696016312,0.025800000876188278,0.09480000287294388,0.864799976348877,0.5526999831199646,0.02419999986886978,0.06539999693632126,0.04439999908208847,0.056299999356269836,0.4052000045776367,0.10830000042915344,0.11789999902248383,0.7953000068664551
AT4G09320,Cytoplasm,Nuclear export signal|Peroxisomal targeting signal,Soluble,0.7339000105857849,0.47369998693466187,0.057100001722574234,0.10679999738931656,0.4189000129699707,0.19820000231266022,0.2800999879837036,0.14149999618530273,0.24050000309944153,0.5109999775886536,0.5004000067710876,0.018699999898672104,0.34540000557899475,0.7662000060081482
AT4G09350,Plastid,Chloroplast transit peptide,Transmembrane,0.11469999700784683,0.07209999859333038,0.021900000050663948,0.02979999966919422,0.17669999599456787,0.9848999977111816,0.07419999688863754,0.01899999938905239,0.12099999934434891,0.010400000028312206,0.3199999928474426,0.9581000208854675,0.06480000168085098,0.10580000281333923
AT4G09510,Cytoplasm,Nuclear localization signal,Soluble,0.7261999845504761,0.3133000135421753,0.09080000221729279,0.3192000091075897,0.18719999492168427,0.021900000050663948,0.3589000105857849,0.31540000438690186,0.23489999771118164,0.0723000019788742,0.4323999881744385,0.23559999465942383,0.2606000006198883,0.7416999936103821
AT4G09650,Plastid,Chloroplast transit peptide,Peripheral|Soluble,0.09549999982118607,0.06800000369548798,0.02410000003874302,0.08100000023841858,0.2231999933719635,0.9537000060081482,0.020800000056624413,0.059300001710653305,0.019500000402331352,0.11180000007152557,0.7276999950408936,0.05939999967813492,0.2824999988079071,0.5529000163078308
AT4G11640,Cytoplasm,,Soluble,0.7462000250816345,0.36959999799728394,0.038600001484155655,0.131400004029274,0.388700008392334,0.2671000063419342,0.1274999976158142,0.11420000344514847,0.06210000067949295,0.3440000116825104,0.25049999356269836,0.16189999878406525,0.06040000170469284,0.8023999929428101
AT4G11960,Plastid,Chloroplast transit peptide,Transmembrane,0.10939999669790268,0.06759999692440033,0.02630000002682209,0.04800000041723251,0.2540000081062317,0.980400025844574,0.09759999811649323,0.040699999779462814,0.07890000194311142,0.035999998450279236,0.2623000144958496,0.9749000072479248,0.034699998795986176,0.09049999713897705
AT4G12430,Cytoplasm|Nucleus,,Soluble,0.5357999801635742,0.5489000082015991,0.0478999987244606,0.36169999837875366,0.11779999732971191,0.125900000333786,0.08889999985694885,0.24289999902248383,0.12470000237226486,0.057999998331069946,0.44909998774528503,0.04839999973773956,0.24690000712871552,0.7760000228881836
AT4G12440,Cytoplasm,Nuclear localization signal,Soluble,0.6571999788284302,0.39469999074935913,0.13359999656677246,0.18850000202655792,0.16990000009536743,0.20160000026226044,0.07519999891519547,0.18250000476837158,0.04439999908208847,0.11760000139474869,0.4837000072002411,0.09000000357627869,0.1062999963760376,0.7626000046730042
AT4G12800,Plastid,Chloroplast transit peptide,Transmembrane,0.057999998331069946,0.04729999974370003,0.02449999935925007,0.0560000017285347,0.19419999420642853,0.9965999722480774,0.06700000166893005,0.04129999876022339,0.05139999836683273,0.24629999697208405,0.5358999967575073,0.9851999878883362,0.02199999988079071,0.03750000149011612
AT4G13430,Plastid,Chloroplast transit peptide,Soluble,0.11680000275373459,0.0877000018954277,0.011500000022351742,0.05860000103712082,0.18379999697208405,0.9916999936103821,0.04910000041127205,0.06880000233650208,0.06120000034570694,0.1347000002861023,0.5695000290870667,0.09300000220537186,0.07050000131130219,0.6729999780654907
AT4G13890,Cytoplasm,Nuclear localization signal|Nuclear export signal,Soluble,0.7868000268936157,0.4593999981880188,0.06639999896287918,0.21619999408721924,0.33250001072883606,0.06040000170469284,0.14790000021457672,0.16210000216960907,0.12290000170469284,0.028999999165534973,0.4625000059604645,0.05990000069141388,0.42320001125335693,0.7894999980926514
AT4G13930,Cytoplasm,Nuclear localization signal|Nuclear export signal,Soluble,0.8188999891281128,0.4781000018119812,0.07450000196695328,0.24140000343322754,0.44920000433921814,0.09130000323057175,0.1501999944448471,0.17599999904632568,0.1266999989748001,0.05380000174045563,0.5303000211715698,0.07559999823570251,0.2298000007867813,0.7599999904632568
AT4G13940,Cytoplasm,,Soluble,0.6473000049591064,0.27799999713897705,0.1151999980211258,0.38760000467300415,0.3635999858379364,0.06279999762773514,0.12449999898672104,0.15839999914169312,0.1242000013589859,0.10869999974966049,0.49059998989105225,0.06530000269412994,0.20029999315738678,0.7540000081062317
AT4G14680,Plastid,Chloroplast transit peptide,Peripheral|Soluble,0.11169999837875366,0.05649999901652336,0.017799999564886093,0.08479999750852585,0.09440000355243683,0.9932000041007996,0.09049999713897705,0.06769999861717224,0.07429999858140945,0.16300000250339508,0.7121999859809875,0.05460000038146973,0.08739999681711197,0.695900022983551
AT4G14880,Cytoplasm,Peroxisomal targeting signal,Soluble,0.7142999768257141,0.25600001215934753,0.08320000022649765,0.257099986076355,0.4278999865055084,0.2824000120162964,0.12839999794960022,0.1477999985218048,0.11640000343322754,0.3837999999523163,0.414000004529953,0.05220000073313713,0.15379999577999115,0.8162999749183655
AT4G14910,Plastid,Chloroplast transit peptide,Soluble,0.13910000026226044,0.0925000011920929,0.01899999938905239,0.04529999941587448,0.23109999299049377,0.9894000291824341,0.0406000018119812,0.06769999861717224,0.03530000150203705,0.1695999950170517,0.5734999775886536,0.07339999824762344,0.1589999943971634,0.7091000080108643
AT4G15210,Cytoplasm,Peroxisomal targeting signal,Soluble,0.651199996471405,0.3723999857902527,0.19820000231266022,0.22439999878406525,0.1054999977350235,0.08780000358819962,0.1873999983072281,0.3578999936580658,0.21639999747276306,0.14730000495910645,0.5532000064849854,0.061500001698732376,0.26010000705718994,0.8084999918937683
AT4G15530,Plastid,Chloroplast transit peptide,Soluble,0.13449999690055847,0.16369999945163727,0.013799999840557575,0.04039999842643738,0.18469999730587006,0.9904000163078308,0.034299999475479126,0.030899999663233757,0.03629999980330467,0.16609999537467957,0.48539999127388,0.11079999804496765,0.0925000011920929,0.8112999796867371
AT4G17090,Plastid,Chloroplast transit peptide,Peripheral|Soluble,0.17219999432563782,0.11739999800920486,0.09149999916553497,0.15690000355243683,0.11159999668598175,0.9699000120162964,0.05389999970793724,0.13490000367164612,0.1354999989271164,0.10819999873638153,0.6829000115394592,0.06319999694824219,0.2964000105857849,0.7319999933242798
AT4G18240,Plastid,Chloroplast transit peptide,Peripheral|Soluble,0.13529999554157257,0.09650000184774399,0.014999999664723873,0.055399999022483826,0.09549999982118607,0.9912999868392944,0.08649999648332596,0.09440000355243683,0.15049999952316284,0.11599999666213989,0.6916000247001648,0.16220000386238098,0.045099999755620956,0.7337999939918518
AT4G18360,Peroxisome,Peroxisomal targeting signal,Soluble,0.20960000157356262,0.1339000016450882,0.013500000350177288,0.10369999706745148,0.1526000052690506,0.21230000257492065,0.07400000095367432,0.05130000039935112,0.01979999989271164,0.9854999780654907,0.42179998755455017,0.06289999932050705,0.2955000102519989,0.7390999794006348
AT4G18780,Endoplasmic reticulum|Golgi apparatus,Signal peptide|Transmembrane domain,Transmembrane,0.1103999987244606,0.06840000301599503,0.013899999670684338,0.5622000098228455,0.1500999927520752,0.008799999952316284,0.7519999742507935,0.36910000443458557,0.6947000026702881,0.02370000071823597,0.12680000066757202,0.9851999878883362,0.04280000180006027,0.09950000047683716
AT4G19710,Plastid,Chloroplast transit peptide,Soluble,0.1185000017285347,0.1120000034570694,0.014299999922513962,0.061400000005960464,0.19480000436306,0.9900000095367432,0.053300000727176666,0.09629999846220016,0.04529999941587448,0.18719999492168427,0.5742999911308289,0.1242000013589859,0.12439999729394913,0.7294999957084656
AT4G20990,Extracellular,Signal peptide,Soluble,0.16050000488758087,0.08649999648332596,0.6101999878883362,0.14139999449253082,0.015399999916553497,0.3248000144958496,0.5722000002861023,0.5102999806404114,0.1623000055551529,0.003800000064074993,0.289900004863739,0.0333000011742115,0.1467999964952469,0.8532000184059143
AT4G21000,Lysosome/Vacuole,Signal peptide,Soluble,0.1395999938249588,0.07750000059604645,0.5859000086784363,0.14669999480247498,0.015699999406933784,0.28600001335144043,0.5418000221252441,0.6481999754905701,0.26089999079704285,0.014600000344216824,0.3449000120162964,0.29159998893737793,0.11150000244379044,0.6782000064849854
AT4G21280,Plastid,Thylakoid luminal transit peptide,Peripheral,0.061400000005960464,0.06520000100135803,0.09030000120401382,0.041099999099969864,0.10109999775886536,0.9943000078201294,0.04769999906420708,0.02419999986886978,0.046799998730421066,0.01940000057220459,0.6769000291824341,0.29580000042915344,0.04230000078678131,0.49380001425743103
AT4G21490,Mitochondrion,Peroxisomal targeting signal,Peripheral|Transmembrane,0.28060001134872437,0.10899999737739563,0.019200000911951065,0.10019999742507935,0.8077999949455261,0.2833000123500824,0.3952000141143799,0.10189999639987946,0.08749999850988388,0.2897999882698059,0.7121999859809875,0.7749000191688538,0.14589999616146088,0.17970000207424164
AT4G21990,Plastid,Chloroplast transit peptide,Soluble,0.11749999970197678,0.07760000228881836,0.009800000116229057,0.05339999869465828,0.09929999709129333,0.9916999936103821,0.03680000081658363,0.03759999945759773,0.06790000200271606,0.08160000294446945,0.5264000296592712,0.09470000118017197,0.08150000125169754,0.6963000297546387
AT4G22260,Plastid,Chloroplast transit peptide,Peripheral|Transmembrane,0.13289999961853027,0.09489999711513519,0.024299999698996544,0.07720000296831131,0.2538999915122986,0.9599999785423279,0.10320000350475311,0.05530000105500221,0.07400000095367432,0.0737999975681305,0.6330999732017517,0.6482999920845032,0.11569999903440475,0.28139999508857727
AT4G22570,Cytoplasm,Nuclear localization signal,Soluble,0.6484000086784363,0.3463999927043915,0.14239999651908875,0.23960000276565552,0.18310000002384186,0.1031000018119812,0.08030000329017639,0.15760000050067902,0.03959999978542328,0.056299999356269836,0.4717999994754791,0.06949999928474426,0.08829999715089798,0.8073999881744385
AT4G22590,Cytoplasm|Nucleus,,Soluble,0.5418999791145325,0.5304999947547913,0.03689999878406525,0.35530000925064087,0.10589999705553055,0.1347000002861023,0.09539999812841415,0.27320000529289246,0.1185000017285347,0.037300001829862595,0.47839999198913574,0.044599998742341995,0.27480000257492065,0.7748000025749207
AT4G22890,Plastid,Chloroplast transit peptide,Transmembrane,0.09830000251531601,0.0794999971985817,0.027799999341368675,0.04989999905228615,0.24570000171661377,0.9789000153541565,0.09359999746084213,0.032999999821186066,0.06840000301599503,0.07429999858140945,0.26089999079704285,0.9786999821662903,0.03610000014305115,0.09470000118017197
AT4G22930,Plastid,Chloroplast transit peptide,Soluble,0.32659998536109924,0.19040000438690186,0.03319999948143959,0.10520000010728836,0.2655999958515167,0.9405999779701233,0.02370000071823597,0.06469999998807907,0.03709999844431877,0.22920000553131104,0.42289999127388,0.08579999953508377,0.06560000032186508,0.8012999892234802
AT4G23890,Plastid,Chloroplast transit peptide,Peripheral|Soluble,0.09260000288486481,0.08179999887943268,0.026399999856948853,0.07150000333786011,0.15189999341964722,0.9890000224113464,0.03689999878406525,0.019300000742077827,0.03189999982714653,0.0203000009059906,0.6363000273704529,0.11029999703168869,0.06689999997615814,0.659600019454956
AT4G24570,Mitochondrion,,Transmembrane,0.17309999465942383,0.11739999800920486,0.04960000142455101,0.19140000641345978,0.8166999816894531,0.10729999840259552,0.21979999542236328,0.28459998965263367,0.2685999870300293,0.24199999868869781,0.24490000307559967,0.8715000152587891,0.03460000082850456,0.15299999713897705
AT4G24620,Plastid,Chloroplast transit peptide,Peripheral|Soluble,0.16040000319480896,0.10639999806880951,0.01140000019222498,0.10819999873638153,0.1046999990940094,0.9876000285148621,0.02419999986886978,0.08110000193119049,0.048900000751018524,0.09070000052452087,0.6166999936103821,0.12680000066757202,0.15459999442100525,0.7023000121116638
AT4G24830,Plastid,Chloroplast transit peptide,Soluble,0.09960000216960907,0.09470000118017197,0.004600000102072954,0.03700000047683716,0.10700000077486038,0.9933000206947327,0.035999998450279236,0.05350000038743019,0.054999999701976776,0.08609999716281891,0.4681999981403351,0.08799999952316284,0.08330000191926956,0.7148000001907349
AT4G26270,Cytoplasm,,Soluble,0.6169000267982483,0.2969000041484833,0.10050000250339508,0.2736999988555908,0.23589999973773956,0.21780000627040863,0.179299995303154,0.2660999894142151,0.07760000228881836,0.2222999930381775,0.4316999912261963,0.08370000123977661,0.29600000381469727,0.8087999820709229
AT4G26520,Cytoplasm,Nuclear localization signal,Soluble,0.8425999879837036,0.30570000410079956,0.22290000319480896,0.40070000290870667,0.2549999952316284,0.05920000001788139,0.12229999899864197,0.14339999854564667,0.20730000734329224,0.18140000104904175,0.41609999537467957,0.02800000086426735,0.5242000222206116,0.8510000109672546
AT4G26530,Cytoplasm,Nuclear export signal,Soluble,0.8580999970436096,0.3630000054836273,0.19830000400543213,0.3174000084400177,0.361299991607666,0.06669999659061432,0.13989999890327454,0.16449999809265137,0.17229999601840973,0.1145000010728836,0.5001000165939331,0.02810000069439411,0.35760000348091125,0.8048999905586243
AT4G26900,Plastid,Chloroplast transit peptide,Soluble,0.11169999837875366,0.07109999656677246,0.010400000028312206,0.05869999900460243,0.120899997651577,0.9922000169754028,0.05400000140070915,0.0640999972820282,0.040300000458955765,0.125,0.5313000082969666,0.12809999287128448,0.09300000220537186,0.7418000102043152
AT4G26910,Mitochondrion,Mitochondrial transit peptide,Peripheral|Soluble,0.1177000030875206,0.14380000531673431,0.007600000128149986,0.12710000574588776,0.814300000667572,0.3181999921798706,0.08150000125169754,0.041200000792741776,0.06289999932050705,0.15049999952316284,0.7427999973297119,0.03840000182390213,0.10649999976158142,0.7515000104904175
AT4G26970,Mitochondrion,Mitochondrial transit peptide,Soluble,0.18320000171661377,0.25220000743865967,0.013799999840557575,0.0851999968290329,0.7692999839782715,0.5257999897003174,0.08240000158548355,0.06279999762773514,0.12319999933242798,0.22930000722408295,0.5496000051498413,0.14499999582767487,0.12849999964237213,0.689300000667572
AT4G27070,Plastid,Chloroplast transit peptide,Soluble,0.11079999804496765,0.09619999676942825,0.011099999770522118,0.04809999838471413,0.12800000607967377,0.9933000206947327,0.04349999874830246,0.07119999825954437,0.03959999978542328,0.07660000026226044,0.435699999332428,0.09749999642372131,0.08739999681711197,0.79830002784729
AT4G28060,Cytoplasm,Peroxisomal targeting signal,Soluble,0.5216000080108643,0.303600013256073,0.14959999918937683,0.027000000700354576,0.5260000228881836,0.05649999901652336,0.2565999925136566,0.11420000344514847,0.19419999420642853,0.07100000232458115,0.5616000294685364,0.05999999865889549,0.038100000470876694,0.5701000094413757
AT4G28220,Mitochondrion,Mitochondrial transit peptide,Peripheral,0.19609999656677246,0.0997999981045723,0.02290000021457672,0.10700000077486038,0.847599983215332,0.2257000058889389,0.16179999709129333,0.060499999672174454,0.057500001043081284,0.08139999955892563,0.7667999863624573,0.4505000114440918,0.1712000072002411,0.30869999527931213
AT4G28750,Plastid,Chloroplast transit peptide,Peripheral|Soluble,0.07490000128746033,0.06629999727010727,0.03830000013113022,0.07150000333786011,0.13330000638961792,0.9926999807357788,0.04039999842643738,0.017799999564886093,0.04749999940395355,0.03460000082850456,0.6449999809265137,0.024000000208616257,0.05920000001788139,0.7355999946594238
AT4G29220,Cytoplasm,,Soluble,0.6485999822616577,0.3068000078201294,0.08349999785423279,0.3237999975681305,0.30809998512268066,0.30480000376701355,0.14730000495910645,0.3955000042915344,0.1005999967455864,0.22040000557899475,0.47909998893737793,0.09239999949932098,0.2996000051498413,0.7803000211715698
AT4G29840,Plastid,Chloroplast transit peptide,Soluble,0.10199999809265137,0.09290000051259995,0.01679999940097332,0.0746999979019165,0.16269999742507935,0.9894999861717224,0.02969999983906746,0.04839999973773956,0.03480000048875809,0.03689999878406525,0.5163000226020813,0.08100000023841858,0.1607999950647354,0.730400025844574
AT4G31990,Plastid,Chloroplast transit peptide,Soluble,0.11219999939203262,0.08269999921321869,0.03629999980330467,0.09830000251531601,0.18240000307559967,0.9896000027656555,0.03550000116229057,0.09000000357627869,0.07000000029802322,0.0989999994635582,0.40790000557899475,0.1039000004529953,0.13930000364780426,0.7724000215530396
AT4G32210,Mitochondrion,Mitochondrial transit peptide,Transmembrane,0.07810000330209732,0.041099999099969864,0.020800000056624413,0.07779999822378159,0.945900022983551,0.1467999964952469,0.032099999487400055,0.03970000147819519,0.16949999332427979,0.09589999914169312,0.14010000228881836,0.989300012588501,0.01889999955892563,0.06629999727010727
AT4G32410,Cell membrane|Endoplasmic reticulum|Golgi apparatus,Signal peptide|Transmembrane domain,Transmembrane,0.09279999881982803,0.0674000009894371,0.019899999722838402,0.6236000061035156,0.1745000034570694,0.010999999940395355,0.6984999775886536,0.4194999933242798,0.7001000046730042,0.020099999383091927,0.11729999631643295,0.9876000285148621,0.03440000116825104,0.09629999846220016
AT4G32470,Mitochondrion,Mitochondrial transit peptide,Peripheral,0.12970000505447388,0.017400000244379044,0.02979999966919422,0.18870000541210175,0.9139000177383423,0.01209999993443489,0.014600000344216824,0.048700001090765,0.05779999867081642,0.011900000274181366,0.7605000138282776,0.34310001134872437,0.05829999968409538,0.3043999969959259
AT4G32840,Cytoplasm,,Soluble,0.6703000068664551,0.30730000138282776,0.07000000029802322,0.29600000381469727,0.23340000212192535,0.22840000689029694,0.17560000717639923,0.3781000077724457,0.08969999849796295,0.1331000030040741,0.45590001344680786,0.06159999966621399,0.3197999894618988,0.8057000041007996
AT4G33010,Mitochondrion,Mitochondrial transit peptide,Soluble,0.23579999804496765,0.11810000240802765,0.019300000742077827,0.12870000302791595,0.7768999934196472,0.24979999661445618,0.06419999897480011,0.08739999681711197,0.05779999867081642,0.08829999715089798,0.5564000010490417,0.12790000438690186,0.09369999915361404,0.7597000002861023
AT4G33510,Plastid,Chloroplast transit peptide,Soluble,0.131400004029274,0.0957999974489212,0.021199999377131462,0.10220000147819519,0.1729000061750412,0.9839000105857849,0.0689999982714653,0.09780000150203705,0.029100000858306885,0.07660000026226044,0.5861999988555908,0.03370000049471855,0.09740000218153,0.7836999893188477
AT4G33580,Plastid,Chloroplast transit peptide,Peripheral|Soluble,0.11089999973773956,0.08079999685287476,0.01679999940097332,0.09000000357627869,0.21199999749660492,0.9833999872207642,0.055799998342990875,0.05770000070333481,0.05220000073313713,0.07280000299215317,0.6614999771118164,0.0478999987244606,0.2637999951839447,0.7663000226020813
AT4G33680,Plastid,Chloroplast transit peptide,Soluble,0.11749999970197678,0.07680000364780426,0.012400000356137753,0.056299999356269836,0.1509999930858612,0.9926000237464905,0.04129999876022339,0.0608999989926815,0.03799999877810478,0.03999999910593033,0.5220000147819519,0.15700000524520874,0.07079999893903732,0.7483000159263611
AT4G34200,Plastid,Chloroplast transit peptide,Peripheral|Soluble,0.11940000206232071,0.07970000058412552,0.016699999570846558,0.0706000030040741,0.1348000019788742,0.9843000173568726,0.060499999672174454,0.053199999034404755,0.05480000004172325,0.0966000035405159,0.6015999913215637,0.1307000070810318,0.12479999661445618,0.6669999957084656
AT4G34740,Plastid,Chloroplast transit peptide,Soluble,0.18140000104904175,0.07819999754428864,0.013199999928474426,0.07900000363588333,0.1818999946117401,0.9606000185012817,0.07500000298023224,0.07900000363588333,0.035599999129772186,0.12720000743865967,0.5666000247001648,0.10999999940395355,0.17949999868869781,0.7422000169754028
AT4G35090,Cytoplasm|Peroxisome,Peroxisomal targeting signal,Soluble,0.5288000106811523,0.04919999837875366,0.2084999978542328,0.299699991941452,0.3319000005722046,0.0071000000461936,0.27720001339912415,0.24169999361038208,0.24120000004768372,0.9901000261306763,0.5508999824523926,0.058400001376867294,0.148499995470047,0.7932000160217285
AT4G35260,Mitochondrion,Mitochondrial transit peptide,Soluble,0.16740000247955322,0.06970000267028809,0.014600000344216824,0.13830000162124634,0.8966000080108643,0.20600000023841858,0.023099999874830246,0.04619999974966049,0.02070000022649765,0.14259999990463257,0.43470001220703125,0.07970000058412552,0.19359999895095825,0.8003000020980835
AT4G35460,Mitochondrion,Mitochondrial transit peptide,Soluble,0.2198999971151352,0.1111999973654747,0.020800000056624413,0.14270000159740448,0.8152999877929688,0.3978999853134155,0.08590000122785568,0.0729999989271164,0.05169999971985817,0.17080000042915344,0.48030000925064087,0.11410000175237656,0.10790000110864639,0.6668000221252441
AT4G35630,Plastid,Chloroplast transit peptide,Soluble,0.08299999684095383,0.08990000188350677,0.009200000204145908,0.0502999983727932,0.1469999998807907,0.9891999959945679,0.03530000150203705,0.06889999657869339,0.032999999821186066,0.05820000171661377,0.44200000166893005,0.09210000187158585,0.08739999681711197,0.7825000286102295
AT4G35640,Plastid,Chloroplast transit peptide|Peroxisomal targeting signal,Soluble,0.4009999930858612,0.25859999656677246,0.031700000166893005,0.08709999918937683,0.26190000772476196,0.8355000019073486,0.1023000031709671,0.1315000057220459,0.054499998688697815,0.3707999885082245,0.5615000128746033,0.0737999975681305,0.2290000021457672,0.7699999809265137
AT4G35650,Mitochondrion,Mitochondrial transit peptide,Soluble,0.20020000636577606,0.08079999685287476,0.01889999955892563,0.14069999754428864,0.8568999767303467,0.287200003862381,0.05530000105500221,0.08540000021457672,0.030400000512599945,0.1826999932527542,0.39809998869895935,0.08250000327825546,0.21580000221729279,0.8057000041007996
AT4G35830,Cytoplasm,Peroxisomal targeting signal,Soluble,0.7095000147819519,0.19290000200271606,0.035100001841783524,0.32269999384880066,0.195700004696846,0.043299999088048935,0.2224999964237213,0.2703000009059906,0.15109999477863312,0.2732999920845032,0.4708999991416931,0.12929999828338623,0.11800000071525574,0.7497000098228455
AT4G36250,Endoplasmic reticulum,,Peripheral|Transmembrane,0.35659998655319214,0.29899999499320984,0.022099999710917473,0.42160001397132874,0.28220000863075256,0.4415999948978424,0.5501000285148621,0.31540000438690186,0.32089999318122864,0.17110000550746918,0.6320000290870667,0.5508000254631042,0.3855000138282776,0.2362000048160553
AT4G37380,Plastid,,Soluble,0.20980000495910645,0.1973000019788742,0.014999999664723873,0.1712000072002411,0.43549999594688416,0.8255000114440918,0.06499999761581421,0.07079999893903732,0.01720000058412552,0.3264000117778778,0.438400000333786,0.17110000550746918,0.07440000027418137,0.7384999990463257
AT4G37870,Cytoplasm,,Soluble,0.8101000189781189,0.24480000138282776,0.12839999794960022,0.30230000615119934,0.29109999537467957,0.027899999171495438,0.3416000008583069,0.3091999888420105,0.40849998593330383,0.07779999822378159,0.5268999934196472,0.052299998700618744,0.3127000033855438,0.7609999775886536
AT4G37925,Plastid,Chloroplast transit peptide,Peripheral|Soluble,0.16099999845027924,0.06369999796152115,0.05849999934434891,0.07999999821186066,0.382099986076355,0.9858999848365784,0.03180000185966492,0.03350000083446503,0.10769999772310257,0.02759999968111515,0.6765999794006348,0.2078000009059906,0.06889999657869339,0.5109000205993652
AT4G37930,Mitochondrion,Mitochondrial transit peptide,Peripheral|Soluble,0.14319999516010284,0.11940000206232071,0.01889999955892563,0.1462000012397766,0.8130000233650208,0.26339998841285706,0.08110000193119049,0.07699999958276749,0.0406000018119812,0.10360000282526016,0.6403999924659729,0.0649000033736229,0.21250000596046448,0.7279999852180481
AT4G38880,Plastid,Chloroplast transit peptide,Soluble,0.18230000138282776,0.09860000014305115,0.010999999940395355,0.06719999760389328,0.1316000074148178,0.9508000016212463,0.058800000697374344,0.0843999981880188,0.05959999933838844,0.1404999941587448,0.46540001034736633,0.11490000039339066,0.21709999442100525,0.7641000151634216
AT4G38970,Plastid,Chloroplast transit peptide,Peripheral|Soluble,0.06530000269412994,0.06120000034570694,0.014100000262260437,0.07829999923706055,0.14159999787807465,0.9941999912261963,0.03099999949336052,0.06159999966621399,0.04659999907016754,0.10809999704360962,0.6305999755859375,0.033399999141693115,0.21529999375343323,0.7645000219345093
AT4G39120,Plastid,,Soluble,0.16359999775886536,0.09049999713897705,0.03020000085234642,0.060600001364946365,0.1949000060558319,0.974399983882904,0.04149999842047691,0.07670000195503235,0.06729999929666519,0.09860000014305115,0.5023000240325928,0.19709999859333038,0.09179999679327011,0.6879000067710876
AT4G39210,Plastid,Chloroplast transit peptide,Soluble,0.0737999975681305,0.10409999638795853,0.010599999688565731,0.06080000102519989,0.1031000018119812,0.9860000014305115,0.04839999973773956,0.04490000009536743,0.05169999971985817,0.08940000087022781,0.54339998960495,0.12800000607967377,0.14079999923706055,0.7268000245094299
AT4G39350,Cell membrane|Endoplasmic reticulum,Signal peptide|Transmembrane domain,Transmembrane,0.09769999980926514,0.07519999891519547,0.017000000923871994,0.6561999917030334,0.17190000414848328,0.011500000022351742,0.6371999979019165,0.3398999869823456,0.6147000193595886,0.017500000074505806,0.1242000013589859,0.9853000044822693,0.04230000078678131,0.10119999945163727
AT4G39540,Plastid,Chloroplast transit peptide,Soluble,0.08240000158548355,0.056299999356269836,0.021400000900030136,0.02850000001490116,0.22540000081062317,0.9818999767303467,0.023499999195337296,0.05079999938607216,0.1136000007390976,0.1274999976158142,0.5435000061988831,0.0778999999165535,0.15230000019073486,0.6917999982833862
AT4G39710,Plastid,Thylakoid luminal transit peptide,Soluble,0.08910000324249268,0.04699999839067459,0.04670000076293945,0.0868000015616417,0.18629999458789825,0.9876000285148621,0.10270000249147415,0.0414000004529953,0.04019999876618385,0.0430000014603138,0.5547000169754028,0.2535000145435333,0.03680000081658363,0.5598000288009644
AT4G39770,Cytoplasm|Nucleus,,Soluble,0.552299976348877,0.512499988079071,0.033799998462200165,0.3749000132083893,0.14429999887943268,0.06859999895095825,0.1251000016927719,0.1858000010251999,0.12219999730587006,0.06069999933242798,0.3555999994277954,0.08789999783039093,0.23520000278949738,0.7465999722480774
AT4G39980,Plastid,Chloroplast transit peptide,Soluble,0.09799999743700027,0.093299999833107,0.015200000256299973,0.08089999854564667,0.12759999930858612,0.9900000095367432,0.047600001096725464,0.07460000365972519,0.04340000078082085,0.11079999804496765,0.5468000173568726,0.0364999994635582,0.1225999966263771,0.8066999912261963
AT5G03290,Mitochondrion,Mitochondrial transit peptide,Soluble,0.1988999992609024,0.12389999628067017,0.009600000455975533,0.10249999910593033,0.857699990272522,0.1387999951839447,0.03819999843835831,0.05550000071525574,0.05009999871253967,0.05909999832510948,0.423799991607666,0.11089999973773956,0.16899999976158142,0.7519999742507935
AT5G03300,Cytoplasm,Nuclear localization signal|Nuclear export signal,Soluble,0.8474000096321106,0.2989000082015991,0.13729999959468842,0.3160000145435333,0.2831999957561493,0.019500000402331352,0.3005000054836273,0.25619998574256897,0.22450000047683716,0.018400000408291817,0.3828999996185303,0.04749999940395355,0.1371999979019165,0.822700023651123
AT5G03690,Mitochondrion,,Soluble,0.4034999907016754,0.07280000299215317,0.21050000190734863,0.05209999904036522,0.5683000087738037,0.3935999870300293,0.09009999781847,0.10189999639987946,0.15489999949932098,0.18649999797344208,0.5148000121116638,0.04809999838471413,0.1858000010251999,0.7595000267028809
AT5G03860,Peroxisome,Peroxisomal targeting signal,Soluble,0.25060001015663147,0.17730000615119934,0.02419999986886978,0.11379999667406082,0.3246000111103058,0.045899998396635056,0.02019999921321869,0.03750000149011612,0.02810000069439411,0.9840999841690063,0.3785000145435333,0.08510000258684158,0.1988999992609024,0.7559000253677368
AT5G04120,Cytoplasm|Plastid,Chloroplast transit peptide|Peroxisomal targeting signal,Soluble,0.7712000012397766,0.37709999084472656,0.06019999831914902,0.15479999780654907,0.33970001339912415,0.7483999729156494,0.16869999468326569,0.0723000019788742,0.10050000250339508,0.3003000020980835,0.42480000853538513,0.12210000306367874,0.09309999644756317,0.7050999999046326
AT5G04140,Plastid,Chloroplast transit peptide,Soluble,0.14890000224113464,0.11410000175237656,0.012799999676644802,0.05400000140070915,0.22660000622272491,0.970300018787384,0.09549999982118607,0.08340000361204147,0.07900000363588333,0.13840000331401825,0.5831999778747559,0.12219999730587006,0.0421999990940094,0.7990000247955322
AT5G04180,Extracellular|Lysosome/Vacuole,Signal peptide,Soluble,0.13359999656677246,0.06949999928474426,0.7433000206947327,0.13750000298023224,0.02250000089406967,0.517799973487854,0.48069998621940613,0.6261000037193298,0.17190000414848328,0.018400000408291817,0.24459999799728394,0.023900000378489494,0.30090001225471497,0.8920000195503235
AT5G04590,Plastid,Chloroplast transit peptide,Peripheral|Soluble,0.08169999718666077,0.120899997651577,0.015399999916553497,0.08349999785423279,0.16990000009536743,0.9919999837875366,0.08269999921321869,0.061000000685453415,0.032999999821186066,0.11159999668598175,0.6388999819755554,0.08420000225305557,0.08720000088214874,0.7630000114440918
AT5G05170,Cell membrane|Endoplasmic reticulum|Golgi apparatus,Signal peptide|Transmembrane domain,Transmembrane,0.09459999948740005,0.06710000336170197,0.01679999940097332,0.6197999715805054,0.1867000013589859,0.009399999864399433,0.6990000009536743,0.3765999972820282,0.6915000081062317,0.024000000208616257,0.13130000233650208,0.9847000241279602,0.0364999994635582,0.10450000315904617
AT5G05370,Mitochondrion,Transmembrane domain,Transmembrane,0.13650000095367432,0.11760000139474869,0.028599999845027924,0.07930000126361847,0.9092000126838684,0.07590000331401825,0.08240000158548355,0.01979999989271164,0.014499999582767487,0.020800000056624413,0.18150000274181366,0.9889000058174133,0.03579999879002571,0.07329999655485153
AT5G05590,Plastid,Chloroplast transit peptide,Soluble,0.14190000295639038,0.08550000190734863,0.013500000350177288,0.04179999977350235,0.18539999425411224,0.9926000237464905,0.018400000408291817,0.027799999341368675,0.06350000202655792,0.034299999475479126,0.3734999895095825,0.10159999877214432,0.03440000116825104,0.7944999933242798
AT5G05730,Plastid,Chloroplast transit peptide,Soluble,0.15760000050067902,0.12359999865293503,0.021800000220537186,0.08229999989271164,0.3066999912261963,0.9688000082969666,0.04800000041723251,0.04690000042319298,0.0877000018954277,0.08240000158548355,0.44519999623298645,0.10779999941587448,0.10740000009536743,0.8331999778747559
AT5G07440,Cytoplasm|Mitochondrion,Nuclear export signal,Soluble,0.7598999738693237,0.3400999903678894,0.11469999700784683,0.2750000059604645,0.6500999927520752,0.23739999532699585,0.19539999961853027,0.19769999384880066,0.2567000091075897,0.23499999940395355,0.5055999755859375,0.08829999715089798,0.15459999442100525,0.6816999912261963
AT5G08100,Cytoplasm|Nucleus,Nuclear export signal|Peroxisomal targeting signal,Soluble,0.8395000100135803,0.6276000142097473,0.020800000056624413,0.16169999539852142,0.1826999932527542,0.05570000037550926,0.14239999651908875,0.14720000326633453,0.08789999783039093,0.3409000039100647,0.3224000036716461,0.0763000026345253,0.20350000262260437,0.7728999853134155
AT5G08300,Mitochondrion,Mitochondrial transit peptide,Peripheral|Soluble,0.1379999965429306,0.07699999958276749,0.011800000444054604,0.08009999990463257,0.9172000288963318,0.21889999508857727,0.09149999916553497,0.052400000393390656,0.051899999380111694,0.1881999969482422,0.6492999792098999,0.06530000269412994,0.1143999993801117,0.7232999801635742
AT5G08530,Mitochondrion,Mitochondrial transit peptide,Peripheral|Soluble,0.13359999656677246,0.13030000030994415,0.02410000003874302,0.09430000185966492,0.9207000136375427,0.048500001430511475,0.07540000230073929,0.051100000739097595,0.04729999974370003,0.05689999833703041,0.6241000294685364,0.07460000365972519,0.24459999799728394,0.6132000088691711
AT5G08670,Mitochondrion,Mitochondrial transit peptide,Peripheral|Soluble,0.11710000038146973,0.1054999977350235,0.010400000028312206,0.11580000072717667,0.8999000191688538,0.24500000476837158,0.11129999905824661,0.062199998646974564,0.07410000264644623,0.1476999968290329,0.6272000074386597,0.05169999971985817,0.20399999618530273,0.6338000297546387
AT5G08680,Mitochondrion,Mitochondrial transit peptide,Peripheral|Soluble,0.1281999945640564,0.1120000034570694,0.009600000455975533,0.09359999746084213,0.8914999961853027,0.3472999930381775,0.14470000565052032,0.06610000133514404,0.09220000356435776,0.24950000643730164,0.6266000270843506,0.04699999839067459,0.1915999948978424,0.6503000259399414
AT5G08690,Mitochondrion,Mitochondrial transit peptide,Peripheral|Soluble,0.1136000007390976,0.10999999940395355,0.00930000003427267,0.11129999905824661,0.900600016117096,0.27799999713897705,0.09989999979734421,0.06930000334978104,0.06790000200271606,0.14229999482631683,0.625,0.05090000107884407,0.20160000026226044,0.633899986743927
AT5G08740,Plastid,Chloroplast transit peptide,Peripheral|Transmembrane,0.11980000138282776,0.07440000027418137,0.00989999994635582,0.07530000060796738,0.19900000095367432,0.9876999855041504,0.05719999969005585,0.06360000371932983,0.09669999778270721,0.04619999974966049,0.8062000274658203,0.5328999757766724,0.12780000269412994,0.23070000112056732
AT5G09470,Mitochondrion,,Transmembrane,0.16200000047683716,0.10170000046491623,0.06239999830722809,0.19499999284744263,0.7285000085830688,0.2442999929189682,0.14470000565052032,0.298799991607666,0.24210000038146973,0.3490999937057495,0.20360000431537628,0.911300003528595,0.034699998795986176,0.15389999747276306
AT5G09600,Mitochondrion,Mitochondrial transit peptide,Transmembrane,0.07810000330209732,0.041099999099969864,0.020800000056624413,0.07779999822378159,0.945900022983551,0.1467999964952469,0.032099999487400055,0.03970000147819519,0.16949999332427979,0.09589999914169312,0.14010000228881836,0.989300012588501,0.01889999955892563,0.06629999727010727
AT5G09650,Plastid,Chloroplast transit peptide,Peripheral|Soluble,0.10599999874830246,0.10029999911785126,0.013500000350177288,0.050200000405311584,0.34119999408721924,0.9797000288963318,0.035999998450279236,0.07109999656677246,0.07270000129938126,0.09929999709129333,0.6894999742507935,0.03909999877214432,0.1736000031232834,0.6258999705314636
AT5G09660,Cytoplasm,,Peripheral|Soluble,0.486299991607666,0.07050000131130219,0.029100000858306885,0.27140000462532043,0.4505000114440918,0.13099999725818634,0.10360000282526016,0.04699999839067459,0.10760000348091125,0.6315000057220459,0.6118999719619751,0.03739999979734421,0.4162999987602234,0.8080999851226807
AT5G09870,Cell membrane|Endoplasmic reticulum|Golgi apparatus,Signal peptide|Transmembrane domain,Transmembrane,0.1088000014424324,0.07150000333786011,0.016899999231100082,0.6391000151634216,0.1776999980211258,0.01209999993443489,0.6596999764442444,0.36039999127388,0.6545000076293945,0.02199999988079071,0.12530000507831573,0.9860000014305115,0.04149999842047691,0.09769999980926514
AT5G10240,Cytoplasm,,Soluble,0.6705999970436096,0.32829999923706055,0.04010000079870224,0.1185000017285347,0.3154999911785126,0.03779999911785126,0.20669999718666077,0.2524000108242035,0.2615000009536743,0.1987999975681305,0.4490000009536743,0.1656000018119812,0.287200003862381,0.715399980545044
AT5G10330,Plastid,Chloroplast transit peptide,Soluble,0.17520000040531158,0.07259999960660934,0.01679999940097332,0.04580000042915344,0.19910000264644623,0.9879000186920166,0.02370000071823597,0.06620000302791595,0.06319999694824219,0.059300001710653305,0.3952000141143799,0.18369999527931213,0.10930000245571136,0.7497000098228455
AT5G10870,Cytoplasm,Peroxisomal targeting signal,Peripheral|Soluble,0.492000013589859,0.37619999051094055,0.06509999930858612,0.14139999449253082,0.24639999866485596,0.33239999413490295,0.16060000658035278,0.20479999482631683,0.1704999953508377,0.3336000144481659,0.7064999938011169,0.16840000450611115,0.06069999933242798,0.5597000122070312
AT5G10920,Plastid,,Soluble,0.22120000422000885,0.10660000145435333,0.03220000118017197,0.0625,0.25929999351501465,0.9589999914169312,0.05350000038743019,0.121799997985363,0.08269999921321869,0.2978000044822693,0.5691999793052673,0.11020000278949738,0.0989999994635582,0.739300012588501
AT5G11160,Cytoplasm,,Soluble,0.6309999823570251,0.4375999867916107,0.10209999978542328,0.22439999878406525,0.263700008392334,0.22280000150203705,0.09030000120401382,0.12950000166893005,0.046799998730421066,0.17569999396800995,0.5625,0.07249999791383743,0.323199987411499,0.7368999719619751
AT5G11520,Plastid|Peroxisome,Peroxisomal targeting signal,Soluble,0.47510001063346863,0.24480000138282776,0.0771000012755394,0.383899986743927,0.37299999594688416,0.6607000231742859,0.11879999935626984,0.24150000512599945,0.10100000351667404,0.7470999956130981,0.39730000495910645,0.09709999710321426,0.17190000414848328,0.7878000140190125
AT5G11670,Cytoplasm,Peroxisomal targeting signal,Soluble,0.6711999773979187,0.19830000400543213,0.03350000083446503,0.42590001225471497,0.17659999430179596,0.12600000202655792,0.12780000269412994,0.31619998812675476,0.11330000311136246,0.21930000185966492,0.5414999723434448,0.09640000015497208,0.17520000040531158,0.7680000066757202
AT5G11770,Mitochondrion,Mitochondrial transit peptide,Peripheral,0.1006999984383583,0.15119999647140503,0.008700000122189522,0.07540000230073929,0.9484999775886536,0.03889999911189079,0.041600000113248825,0.028200000524520874,0.020600000396370888,0.03009999915957451,0.6367999911308289,0.28940001130104065,0.15539999306201935,0.28600001335144043
AT5G11880,Plastid,Chloroplast transit peptide,Soluble,0.14399999380111694,0.11900000274181366,0.01850000023841858,0.04529999941587448,0.25870001316070557,0.9878000020980835,0.03500000014901161,0.061400000005960464,0.04149999842047691,0.051500000059604645,0.3889999985694885,0.10369999706745148,0.08640000224113464,0.7851999998092651
AT5G12860,Plastid,Chloroplast transit peptide,Transmembrane,0.08410000056028366,0.07940000295639038,0.008999999612569809,0.07779999822378159,0.16769999265670776,0.9739999771118164,0.08900000154972076,0.09350000321865082,0.0551999993622303,0.24009999632835388,0.19920000433921814,0.9538000226020813,0.04280000180006027,0.11469999700784683
AT5G13110,Plastid,Chloroplast transit peptide,Soluble,0.07850000262260437,0.08569999784231186,0.01720000058412552,0.06889999657869339,0.1331000030040741,0.9932000041007996,0.06210000067949295,0.07419999688863754,0.08190000057220459,0.1298000067472458,0.522599995136261,0.08990000188350677,0.18729999661445618,0.7419999837875366
AT5G13120,Plastid,Chloroplast transit peptide,Soluble,0.09210000187158585,0.09889999777078629,0.011500000022351742,0.05550000071525574,0.2379000037908554,0.9854000210762024,0.043299999088048935,0.024900000542402267,0.03319999948143959,0.09570000320672989,0.46480000019073486,0.044599998742341995,0.07490000128746033,0.807699978351593
AT5G13280,Plastid,Chloroplast transit peptide,Peripheral|Soluble,0.09589999914169312,0.09790000319480896,0.008899999782443047,0.06069999933242798,0.1664000004529953,0.9871000051498413,0.057500001043081284,0.054099999368190765,0.0421999990940094,0.1339000016450882,0.6635000109672546,0.06310000270605087,0.18940000236034393,0.7214999794960022
AT5G13430,Mitochondrion,Mitochondrial transit peptide,Transmembrane,0.11089999973773956,0.041600000113248825,0.02319999970495701,0.17020000517368317,0.8899999856948853,0.3449000120162964,0.17630000412464142,0.025200000032782555,0.1251000016927719,0.21580000221729279,0.1606999933719635,0.9427000284194946,0.024700000882148743,0.19210000336170197
AT5G13440,Mitochondrion,Mitochondrial transit peptide,Transmembrane,0.1046999990940094,0.042399998754262924,0.024299999698996544,0.15839999914169312,0.8948000073432922,0.3788999915122986,0.16019999980926514,0.026000000536441803,0.14390000700950623,0.19869999587535858,0.1615000069141388,0.9423999786376953,0.024700000882148743,0.1915999948978424
AT5G13450,Mitochondrion,Mitochondrial transit peptide,Peripheral|Soluble,0.11810000240802765,0.10989999771118164,0.018200000748038292,0.07090000063180923,0.8113999962806702,0.35120001435279846,0.03449999913573265,0.05000000074505806,0.04129999876022339,0.07599999755620956,0.7342000007629395,0.04360000044107437,0.17880000174045563,0.6119999885559082
AT5G14040,Mitochondrion,Mitochondrial transit peptide,Transmembrane,0.164000004529953,0.13120000064373016,0.0794999971985817,0.21140000224113464,0.7384999990463257,0.11699999868869781,0.3174999952316284,0.11670000106096268,0.11479999870061874,0.12200000137090683,0.34689998626708984,0.8309999704360962,0.1379999965429306,0.14640000462532043
AT5G14060,Plastid,Chloroplast transit peptide,Peripheral|Soluble,0.07660000026226044,0.10379999876022339,0.014399999752640724,0.04450000077486038,0.17589999735355377,0.9821000099182129,0.04610000178217888,0.06019999831914902,0.08240000158548355,0.09049999713897705,0.6157000064849854,0.0860000029206276,0.15600000321865082,0.7253000140190125
AT5G14200,Plastid,Chloroplast transit peptide,Soluble,0.12330000102519989,0.06080000102519989,0.01590000092983246,0.04670000076293945,0.2648000121116638,0.9617999792098999,0.026599999517202377,0.05380000174045563,0.031700000166893005,0.06759999692440033,0.46380001306533813,0.08150000125169754,0.1428000032901764,0.7710999846458435
AT5G14590,Plastid,Mitochondrial transit peptide,Peripheral|Soluble,0.11990000307559967,0.1745000034570694,0.012900000438094139,0.06080000102519989,0.6011000275611877,0.9232000112533569,0.09019999951124191,0.08479999750852585,0.0860000029206276,0.31349998712539673,0.6212999820709229,0.065700002014637,0.1890999972820282,0.7156000137329102
AT5G14740,Plastid,,Soluble,0.4268999993801117,0.36500000953674316,0.2574000060558319,0.12380000203847885,0.14329999685287476,0.5931000113487244,0.3386000096797943,0.12960000336170197,0.16920000314712524,0.18860000371932983,0.5175999999046326,0.09470000118017197,0.2515999972820282,0.715399980545044
AT5G14780,Mitochondrion,Mitochondrial transit peptide,Peripheral|Soluble,0.1581999957561493,0.06889999657869339,0.04690000042319298,0.1738000065088272,0.8830000162124634,0.4618000090122223,0.03460000082850456,0.0771000012755394,0.0502999983727932,0.06620000302791595,0.6485000252723694,0.06930000334978104,0.133200004696846,0.7146000266075134
