Protein_ID,Localizations,Signals,Membrane types,Cytoplasm,Nucleus,Extracellular,Cell membrane,Mitochondrion,Plastid,Endoplasmic reticulum,Lysosome/Vacuole,Golgi apparatus,Peroxisome,Peripheral,Transmembrane,Lipid anchor,Soluble
Q0045,Endoplasmic reticulum,Transmembrane domain,Transmembrane,0.07169999927282333,0.06499999761581421,0.016599999740719795,0.4032999873161316,0.1485999971628189,0.07199999690055847,0.6299999952316284,0.5134999752044678,0.38119998574256897,0.011599999852478504,0.05939999967813492,0.9977999925613403,0.040699999779462814,0.04500000178813934
Q0080,Endoplasmic reticulum,,Transmembrane,0.15729999542236328,0.267300009727478,0.01489999983459711,0.03720000013709068,0.4077000021934509,0.10080000013113022,0.9341999888420105,0.31850001215934753,0.09059999883174896,0.10450000315904617,0.1031000018119812,0.9968000054359436,0.03290000185370445,0.06970000267028809
Q0085,Endoplasmic reticulum,Signal peptide|Transmembrane domain,Transmembrane,0.0934000015258789,0.2117999941110611,0.014299999922513962,0.07909999787807465,0.09380000084638596,0.013199999928474426,0.8465999960899353,0.5382000207901001,0.18000000715255737,0.01640000008046627,0.0957999974489212,0.9965000152587891,0.0364999994635582,0.0625
Q0105,Endoplasmic reticulum,Transmembrane domain,Transmembrane,0.05050000175833702,0.21449999511241913,0.031199999153614044,0.23849999904632568,0.37619999051094055,0.3025999963283539,0.7391999959945679,0.4262999892234802,0.31610000133514404,0.10859999805688858,0.11249999701976776,0.9962999820709229,0.013700000010430813,0.06109999865293503
Q0130,Cell membrane|Endoplasmic reticulum|Lysosome/Vacuole,Transmembrane domain,Transmembrane,0.21040000021457672,0.039900001138448715,0.22830000519752502,0.6593999862670898,0.23389999568462372,0.032099999487400055,0.7904999852180481,0.701200008392334,0.6445000171661377,0.0010999999940395355,0.13860000669956207,0.9402999877929688,0.08250000327825546,0.16259999573230743
Q0250,Endoplasmic reticulum,Signal peptide|Transmembrane domain,Transmembrane,0.21549999713897705,0.07859999686479568,0.015300000086426735,0.3305000066757202,0.06880000233650208,0.13920000195503235,0.8722000122070312,0.5227000117301941,0.24860000610351562,0.07620000094175339,0.06669999659061432,0.9986000061035156,0.016899999231100082,0.04230000078678131
Q0275,Endoplasmic reticulum|Lysosome/Vacuole,Signal peptide|Transmembrane domain,Transmembrane,0.1234000027179718,0.18479999899864197,0.042500000447034836,0.1388999968767166,0.1436000019311905,0.25619998574256897,0.8736000061035156,0.5837000012397766,0.5555999875068665,0.00279999990016222,0.1476999968290329,0.9926999807357788,0.0066999997943639755,0.07429999858140945
YAL012W,Cytoplasm,,Soluble,0.8075000047683716,0.3547999858856201,0.04490000009536743,0.06289999932050705,0.3522000014781952,0.07289999723434448,0.08020000159740448,0.10679999738931656,0.06449999660253525,0.022700000554323196,0.4505999982357025,0.011699999682605267,0.07050000131130219,0.8543999791145325
YAL022C,Lysosome/Vacuole,Signal peptide|Transmembrane domain,Transmembrane,0.1281999945640564,0.17790000140666962,0.09749999642372131,0.2264000028371811,0.07980000227689743,0.002300000051036477,0.4959000051021576,0.4927000105381012,0.5040000081062317,0.0020000000949949026,0.02160000056028366,0.994700014591217,0.05530000105500221,0.12530000507831573
YAL023C,Endoplasmic reticulum,Signal peptide|Transmembrane domain,Transmembrane,0.09809999912977219,0.22939999401569366,0.016499999910593033,0.21719999611377716,0.04010000079870224,0.007199999876320362,0.8319000005722046,0.11990000307559967,0.16910000145435333,0.012799999676644802,0.03920000046491623,0.9937000274658203,0.02280000038444996,0.1145000010728836
YAL026C,Cell membrane|Lysosome/Vacuole,Signal peptide|Transmembrane domain,Transmembrane,0.18199999630451202,0.11760000139474869,0.01940000057220459,0.5633999705314636,0.12690000236034393,0.009100000374019146,0.5764999985694885,0.6611999869346619,0.6629999876022339,0.005400000140070915,0.061900001019239426,0.9918000102043152,0.013100000098347664,0.11410000175237656
YAL035W,Cytoplasm,Nuclear localization signal,Soluble,0.7150999903678894,0.4244000017642975,0.02199999988079071,0.045899998396635056,0.1396999955177307,0.007899999618530273,0.22220000624656677,0.05169999971985817,0.11969999969005585,0.0012000000569969416,0.498199999332428,0.014800000004470348,0.14820000529289246,0.8413000106811523
YAL038W,Cytoplasm,,Soluble,0.777999997138977,0.2538999915122986,0.094200000166893,0.05920000001788139,0.3407000005245209,0.08529999852180481,0.14380000531673431,0.13580000400543213,0.05730000138282776,0.047600001096725464,0.5156999826431274,0.011800000444054604,0.07760000228881836,0.8629000186920166
YAL039C,Cytoplasm|Endoplasmic reticulum|Lysosome/Vacuole|Golgi apparatus,,Peripheral|Soluble,0.5217000246047974,0.11180000007152557,0.03830000013113022,0.33399999141693115,0.5557000041007996,0.14640000462532043,0.6323000192642212,0.7314000129699707,0.7092999815940857,0.26170000433921814,0.8075000047683716,0.030500000342726707,0.295199990272522,0.5719000101089478
YAL044C,Mitochondrion,Mitochondrial transit peptide,Peripheral|Soluble,0.14079999923706055,0.10840000212192535,0.023900000378489494,0.029400000348687172,0.9722999930381775,0.12300000339746475,0.07000000029802322,0.051600001752376556,0.060100000351667404,0.031099999323487282,0.7289999723434448,0.0731000006198883,0.040800001472234726,0.5476999878883362
YAL054C,Cytoplasm,Peroxisomal targeting signal,Soluble,0.5428000092506409,0.4081999957561493,0.02319999970495701,0.22100000083446503,0.26980000734329224,0.004900000058114529,0.16249999403953552,0.2232999950647354,0.13850000500679016,0.373199999332428,0.375900000333786,0.03350000083446503,0.04270000010728836,0.7960000038146973
YAL060W,Cytoplasm,,Soluble,0.7465999722480774,0.4142000079154968,0.039900001138448715,0.11429999768733978,0.5073999762535095,0.061799999326467514,0.12559999525547028,0.06830000132322311,0.19089999794960022,0.02630000002682209,0.5371999740600586,0.01679999940097332,0.06769999861717224,0.8428999781608582
YAL061W,Cytoplasm,,Soluble,0.7070000171661377,0.258899986743927,0.0714000016450882,0.11469999700784683,0.37040001153945923,0.08309999853372574,0.14350000023841858,0.05590000003576279,0.18029999732971191,0.026599999517202377,0.5343000292778015,0.01979999989271164,0.056299999356269836,0.8312000036239624
YAL062W,Cytoplasm,,Soluble,0.8557000160217285,0.20029999315738678,0.16529999673366547,0.07959999889135361,0.5375000238418579,0.1670999974012375,0.31790000200271606,0.2833999991416931,0.19660000503063202,0.020899999886751175,0.5641000270843506,0.02449999935925007,0.05460000038146973,0.7720000147819519
YAR015W,Cytoplasm|Nucleus,Nuclear localization signal,Peripheral|Soluble,0.8424999713897705,0.5353000164031982,0.06530000269412994,0.09480000287294388,0.454800009727478,0.3240000009536743,0.05869999900460243,0.06350000202655792,0.06870000064373016,0.006800000090152025,0.625,0.012799999676644802,0.0284000001847744,0.8166999816894531
YAR035W,Cytoplasm,,Soluble,0.7466999888420105,0.4357999861240387,0.07150000333786011,0.03180000185966492,0.37880000472068787,0.0406000018119812,0.15690000355243683,0.06440000236034393,0.16099999845027924,0.010900000110268593,0.6061999797821045,0.0794999971985817,0.029600000008940697,0.6664999723434448
YAR071W,Extracellular,Signal peptide,Soluble,0.14800000190734863,0.05889999866485596,0.8335999846458435,0.10029999911785126,0.2685999870300293,0.007799999788403511,0.39149999618530273,0.5115000009536743,0.14159999787807465,0.00430000014603138,0.21289999783039093,0.016300000250339508,0.018799999728798866,0.8867999911308289
YBL011W,Endoplasmic reticulum,Transmembrane domain,Transmembrane,0.23409999907016754,0.22059999406337738,0.017899999395012856,0.21459999680519104,0.23829999566078186,0.02459999918937683,0.7806000113487244,0.313400000333786,0.36399999260902405,0.0026000000070780516,0.28519999980926514,0.9846000075340271,0.026799999177455902,0.06549999862909317
YBL013W,Mitochondrion,Mitochondrial transit peptide,Soluble,0.23960000276565552,0.20800000429153442,0.05040000006556511,0.030899999663233757,0.8873999714851379,0.02630000002682209,0.05220000073313713,0.03880000114440918,0.039500001817941666,0.022299999371170998,0.6159999966621399,0.09690000116825104,0.04830000177025795,0.6008999943733215
YBL015W,Cytoplasm,,Soluble,0.7639999985694885,0.34619998931884766,0.02019999921321869,0.12549999356269836,0.385699987411499,0.04100000113248825,0.20800000429153442,0.09749999642372131,0.10840000212192535,0.01759999990463257,0.5212000012397766,0.06859999895095825,0.023600000888109207,0.7019000053405762
YBL030C,Mitochondrion,Transmembrane domain,Transmembrane,0.18799999356269836,0.08470000326633453,0.01720000058412552,0.27799999713897705,0.8593000173568726,0.06920000165700912,0.3093999922275543,0.1039000004529953,0.09440000355243683,0.06949999928474426,0.17730000615119934,0.9678999781608582,0.013700000010430813,0.13600000739097595
YBL033C,Cytoplasm,Peroxisomal targeting signal,Soluble,0.5598000288009644,0.3716000020503998,0.004699999932199717,0.09319999814033508,0.5146999955177307,0.014800000004470348,0.24210000038146973,0.4059000015258789,0.3165999948978424,0.17829999327659607,0.4724999964237213,0.038100000470876694,0.07890000194311142,0.7896999716758728
YBL039C,Cytoplasm,,Soluble,0.8123000264167786,0.2906999886035919,0.007300000172108412,0.17339999973773956,0.3082999885082245,0.022299999371170998,0.10260000079870224,0.2379000037908554,0.0957999974489212,0.03530000150203705,0.5084999799728394,0.021900000050663948,0.07639999687671661,0.8011000156402588
YBL042C,Cell membrane,Transmembrane domain,Transmembrane,0.09440000355243683,0.12960000336170197,0.027499999850988388,0.4724999964237213,0.1589999943971634,0.008700000122189522,0.2134999930858612,0.4180999994277954,0.35370001196861267,0.003700000001117587,0.031199999153614044,0.9952999949455261,0.01720000058412552,0.10740000009536743
YBL045C,Mitochondrion,Mitochondrial transit peptide,Peripheral|Soluble,0.17069999873638153,0.06729999929666519,0.08030000329017639,0.06689999997615814,0.9409999847412109,0.027499999850988388,0.053599998354911804,0.06080000102519989,0.1371999979019165,0.04010000079870224,0.7468000054359436,0.04360000044107437,0.03579999879002571,0.5922999978065491
YBL064C,Mitochondrion,Mitochondrial transit peptide,Peripheral|Soluble,0.26019999384880066,0.09589999914169312,0.04859999939799309,0.08889999985694885,0.9509999752044678,0.09950000047683716,0.04500000178813934,0.04450000077486038,0.08139999955892563,0.029999999329447746,0.7293000221252441,0.04619999974966049,0.0737999975681305,0.5827000141143799
YBL068W,Cytoplasm|Nucleus,Nuclear localization signal,Soluble,0.6847000122070312,0.5447999835014343,0.028300000354647636,0.09309999644756317,0.18389999866485596,0.009100000374019146,0.17069999873638153,0.032499998807907104,0.0934000015258789,0.0008999999845400453,0.5109999775886536,0.024399999529123306,0.06480000168085098,0.7961999773979187
YBL076C,Cytoplasm,,Soluble,0.7232000231742859,0.33320000767707825,0.0210999995470047,0.06669999659061432,0.3140000104904175,0.12300000339746475,0.29420000314712524,0.22660000622272491,0.28540000319480896,0.008700000122189522,0.4244999885559082,0.031099999323487282,0.05429999902844429,0.8152999877929688
YBL080C,Mitochondrion,Mitochondrial transit peptide,Peripheral|Soluble,0.22599999606609344,0.14869999885559082,0.03400000184774399,0.044199999421834946,0.9771000146865845,0.051100000739097595,0.04089999943971634,0.053300000727176666,0.03689999878406525,0.030799999833106995,0.6327000260353088,0.0828000009059906,0.027400000020861626,0.5734000205993652
YBL091C,Cytoplasm,Nuclear localization signal,Soluble,0.7889000177383423,0.3741999864578247,0.06639999896287918,0.053700000047683716,0.09560000151395798,0.024399999529123306,0.19280000030994415,0.02419999986886978,0.313400000333786,0.00800000037997961,0.39750000834465027,0.013199999928474426,0.0820000022649765,0.8866999745368958
YBL098W,Endoplasmic reticulum,Peroxisomal targeting signal,Transmembrane,0.2476000040769577,0.13910000026226044,0.10869999974966049,0.09969999641180038,0.6341999769210815,0.16459999978542328,0.753600001335144,0.2037999927997589,0.3424000144004822,0.3443000018596649,0.5733000040054321,0.8982999920845032,0.026799999177455902,0.10029999911785126
YBL099W,Mitochondrion,Mitochondrial transit peptide,Peripheral|Soluble,0.11010000109672546,0.066600002348423,0.05480000004172325,0.10080000013113022,0.9315999746322632,0.07739999890327454,0.022700000554323196,0.03460000082850456,0.06469999998807907,0.007499999832361937,0.7616999745368958,0.05770000070333481,0.04670000076293945,0.5231000185012817
YBR001C,Cytoplasm,,Soluble,0.5321000218391418,0.15729999542236328,0.04830000177025795,0.10679999738931656,0.2533999979496002,0.02280000038444996,0.290800005197525,0.28189998865127563,0.2581999897956848,0.09640000015497208,0.5013999938964844,0.10400000214576721,0.030500000342726707,0.6798999905586243
YBR002C,Endoplasmic reticulum,Mitochondrial transit peptide,Peripheral,0.3312999904155731,0.2849000096321106,0.051500000059604645,0.10260000079870224,0.5397999882698059,0.05040000006556511,0.61080002784729,0.18219999969005585,0.3221000134944916,0.037700001150369644,0.842199981212616,0.1623000055551529,0.09260000288486481,0.3156999945640564
YBR003W,Mitochondrion,Mitochondrial transit peptide,Peripheral|Soluble,0.17509999871253967,0.12139999866485596,0.061500001698732376,0.061799999326467514,0.9214000105857849,0.06129999831318855,0.04439999908208847,0.04129999876022339,0.07129999995231628,0.023800000548362732,0.6730999946594238,0.11990000307559967,0.04600000008940697,0.515500009059906
YBR004C,Endoplasmic reticulum,Signal peptide|Transmembrane domain,Transmembrane,0.1151999980211258,0.3003999888896942,0.01510000042617321,0.04309999942779541,0.15469999611377716,0.00139999995008111,0.8543999791145325,0.12409999966621399,0.24330000579357147,0.0024999999441206455,0.06909999996423721,0.9584000110626221,0.006000000052154064,0.27410000562667847
YBR006W,Cytoplasm,Peroxisomal targeting signal,Soluble,0.6775000095367432,0.3978999853134155,0.04010000079870224,0.04610000178217888,0.13850000500679016,0.002899999963119626,0.18440000712871552,0.13449999690055847,0.1736000031232834,0.2680000066757202,0.3361999988555908,0.03620000183582306,0.07670000195503235,0.7997000217437744
YBR011C,Cytoplasm,Peroxisomal targeting signal,Soluble,0.6060000061988831,0.33090001344680786,0.005799999926239252,0.06790000200271606,0.05770000070333481,0.01600000075995922,0.21250000596046448,0.08340000361204147,0.02630000002682209,0.12309999763965607,0.26969999074935913,0.04960000142455101,0.042100001126527786,0.839900016784668
YBR018C,Nucleus|Peroxisome,Peroxisomal targeting signal,Soluble,0.22599999606609344,0.7411999702453613,0.01209999993443489,0.020099999383091927,0.2134999930858612,0.02280000038444996,0.11389999836683273,0.09690000116825104,0.0794999971985817,0.9438999891281128,0.46970000863075256,0.06159999966621399,0.02419999986886978,0.7538999915122986
YBR019C,Cytoplasm,,Soluble,0.7310000061988831,0.29339998960494995,0.10029999911785126,0.05180000141263008,0.38940000534057617,0.05460000038146973,0.06340000033378601,0.23569999635219574,0.10750000178813934,0.06159999966621399,0.5063999891281128,0.029500000178813934,0.04520000144839287,0.7825000286102295
YBR020W,Cytoplasm,Nuclear localization signal,Soluble,0.7497000098228455,0.4496000111103058,0.03929999843239784,0.11299999803304672,0.2791999876499176,0.012400000356137753,0.1054999977350235,0.20999999344348907,0.2249000072479248,0.05040000006556511,0.4133000075817108,0.03150000050663948,0.057500001043081284,0.8191999793052673
YBR021W,Lysosome/Vacuole,Transmembrane domain,Transmembrane,0.1151999980211258,0.13570000231266022,0.01269999984651804,0.4187999963760376,0.14329999685287476,0.0044999998062849045,0.2556999921798706,0.5376999974250793,0.44179999828338623,0.0066999997943639755,0.04100000113248825,0.9937000274658203,0.01860000006854534,0.1071000024676323
YBR022W,Cytoplasm|Nucleus,Nuclear localization signal|Nuclear export signal,Soluble,0.5288000106811523,0.708899974822998,0.04610000178217888,0.11060000211000443,0.2526000142097473,0.023099999874830246,0.13689999282360077,0.3571000099182129,0.0674000009894371,0.026499999687075615,0.46880000829696655,0.02979999966919422,0.031300000846385956,0.7953000068664551
YBR023C,Cell membrane|Lysosome/Vacuole|Golgi apparatus,Signal peptide|Transmembrane domain,Transmembrane,0.10090000182390213,0.06759999692440033,0.017500000074505806,0.7408000230789185,0.07500000298023224,0.002899999963119626,0.4810999929904938,0.7354000210762024,0.720300018787384,0.006000000052154064,0.08969999849796295,0.9948999881744385,0.02280000038444996,0.06080000102519989
YBR026C,Mitochondrion,Mitochondrial transit peptide,Peripheral|Soluble,0.2492000013589859,0.15569999814033508,0.08720000088214874,0.04089999943971634,0.8485000133514404,0.01489999983459711,0.052299998700618744,0.08969999849796295,0.04470000043511391,0.019600000232458115,0.6642000079154968,0.03970000147819519,0.03220000118017197,0.5978000164031982
YBR029C,Endoplasmic reticulum,Signal peptide|Transmembrane domain,Transmembrane,0.0877000018954277,0.15279999375343323,0.054999999701976776,0.2493000030517578,0.13249999284744263,0.01720000058412552,0.8105000257492065,0.2493000030517578,0.3395000100135803,0.005499999970197678,0.0731000006198883,0.991599977016449,0.0333000011742115,0.10209999978542328
YBR034C,Cytoplasm|Nucleus,Nuclear localization signal,Soluble,0.558899998664856,0.7300000190734863,0.01119999960064888,0.1160999983549118,0.07360000163316727,0.001500000013038516,0.0430000014603138,0.06270000338554382,0.1881999969482422,0.004800000227987766,0.3183000087738037,0.033900000154972076,0.047600001096725464,0.8251000046730042
YBR035C,Cytoplasm|Nucleus|Mitochondrion,,Soluble,0.7839999794960022,0.6577000021934509,0.09549999982118607,0.04800000041723251,0.6909999847412109,0.030300000682473183,0.02810000069439411,0.07620000094175339,0.030500000342726707,0.2542000114917755,0.4553000032901764,0.018300000578165054,0.03790000081062317,0.8414999842643738
YBR036C,Endoplasmic reticulum|Golgi apparatus,Signal peptide|Transmembrane domain,Transmembrane,0.11299999803304672,0.17399999499320984,0.02070000022649765,0.22020000219345093,0.1867000013589859,0.02290000021457672,0.6730999946594238,0.49639999866485596,0.7569000124931335,0.0034000000450760126,0.10209999978542328,0.9873999953269958,0.05270000174641609,0.1242000013589859
YBR038W,Cell membrane,Signal peptide|Transmembrane domain,Transmembrane,0.20280000567436218,0.06369999796152115,0.05310000106692314,0.5853999853134155,0.05860000103712082,0.0024999999441206455,0.491100013256073,0.391400009393692,0.5242000222206116,0.0071000000461936,0.05130000039935112,0.9919999837875366,0.017100000753998756,0.13429999351501465
YBR039W,Mitochondrion,Mitochondrial transit peptide,Peripheral|Soluble,0.1972000002861023,0.10830000042915344,0.028599999845027924,0.09910000115633011,0.9301000237464905,0.01940000057220459,0.034699998795986176,0.06939999759197235,0.07209999859333038,0.005900000222027302,0.7039999961853027,0.03139999881386757,0.07689999788999557,0.6312000155448914
YBR041W,Peroxisome,Peroxisomal targeting signal,Transmembrane,0.3416000008583069,0.28459998965263367,0.05510000139474869,0.25369998812675476,0.34599998593330383,0.02850000001490116,0.429500013589859,0.11590000241994858,0.09300000220537186,0.6622999906539917,0.511900007724762,0.8356000185012817,0.0989999994635582,0.16220000386238098
YBR042C,Endoplasmic reticulum,Signal peptide|Transmembrane domain,Transmembrane,0.09790000319480896,0.2660999894142151,0.030500000342726707,0.07800000160932541,0.22830000519752502,0.013799999840557575,0.8871999979019165,0.1881999969482422,0.40149998664855957,0.0272000003606081,0.3587000072002411,0.9552000164985657,0.03720000013709068,0.09749999642372131
YBR046C,Cytoplasm,,Soluble,0.6567999720573425,0.48240000009536743,0.04839999973773956,0.10760000348091125,0.25760000944137573,0.0142000000923872,0.06620000302791595,0.164000004529953,0.07010000199079514,0.0008999999845400453,0.6129000186920166,0.07829999923706055,0.029600000008940697,0.6467000246047974
YBR058C-A,Endoplasmic reticulum,Mitochondrial transit peptide,Transmembrane,0.42489999532699585,0.3928000032901764,0.25540000200271606,0.1598999947309494,0.5809999704360962,0.06449999660253525,0.6909000277519226,0.4153999984264374,0.4417000114917755,0.10329999774694443,0.48030000925064087,0.8824999928474426,0.2037999927997589,0.23659999668598175
YBR068C,Cell membrane,Transmembrane domain,Transmembrane,0.19030000269412994,0.10300000011920929,0.017899999395012856,0.6071000099182129,0.20020000636577606,0.011500000022351742,0.396699994802475,0.48649999499320984,0.5170000195503235,0.005499999970197678,0.04450000077486038,0.9908000230789185,0.01940000057220459,0.11840000003576279
YBR069C,Cell membrane,Transmembrane domain,Transmembrane,0.1850000023841858,0.1356000006198883,0.02630000002682209,0.5738999843597412,0.22679999470710754,0.014100000262260437,0.4156999886035919,0.4586000144481659,0.6086000204086304,0.010099999606609344,0.04569999873638153,0.993399977684021,0.024000000208616257,0.10480000078678131
YBR070C,Endoplasmic reticulum,Signal peptide,Transmembrane,0.23749999701976776,0.17810000479221344,0.27889999747276306,0.15440000593662262,0.3804999887943268,0.009200000204145908,0.8317000269889832,0.07050000131130219,0.1664000004529953,0.0038999998942017555,0.3837999999523163,0.8695999979972839,0.05490000173449516,0.18279999494552612
YBR084W,Mitochondrion,Mitochondrial transit peptide,Peripheral|Soluble,0.13289999961853027,0.09929999709129333,0.05909999832510948,0.06889999657869339,0.9241999983787537,0.14339999854564667,0.018300000578165054,0.03099999949336052,0.03689999878406525,0.03519999980926514,0.708299994468689,0.040300000458955765,0.0649000033736229,0.6351000070571899
YBR085W,Mitochondrion,Transmembrane domain,Transmembrane,0.18809999525547028,0.0754999965429306,0.016200000420212746,0.3052999973297119,0.8616999983787537,0.08070000261068344,0.304500013589859,0.08879999816417694,0.08079999685287476,0.09130000323057175,0.16519999504089355,0.9621000289916992,0.013199999928474426,0.15049999952316284
YBR092C,Extracellular,Signal peptide,Soluble,0.14569999277591705,0.06080000102519989,0.8486999869346619,0.09669999778270721,0.2249000072479248,0.007300000172108412,0.38679999113082886,0.4986000061035156,0.12129999697208405,0.002199999988079071,0.17190000414848328,0.016699999570846558,0.020800000056624413,0.9003999829292297
YBR093C,Extracellular,Signal peptide,Soluble,0.1429000049829483,0.05609999969601631,0.8605999946594238,0.10220000147819519,0.24570000171661377,0.006800000090152025,0.3621000051498413,0.49480000138282776,0.12639999389648438,0.0034000000450760126,0.1818999946117401,0.01730000041425228,0.01899999938905239,0.895799994468689
YBR097W,Cytoplasm,Nuclear localization signal|Nuclear export signal,Lipid anchor|Soluble,0.5580000281333923,0.4788999855518341,0.031599998474121094,0.11509999632835388,0.3012999892234802,0.03590000048279762,0.22869999706745148,0.41359999775886536,0.48429998755455017,0.061900001019239426,0.605400025844574,0.07569999992847443,0.7135000228881836,0.47589999437332153
YBR110W,Endoplasmic reticulum,Signal peptide|Transmembrane domain,Transmembrane,0.2809999883174896,0.2985999882221222,0.1128000020980835,0.2930000126361847,0.07410000264644623,0.005499999970197678,0.8374000191688538,0.1898999959230423,0.30250000953674316,0.008799999952316284,0.30959999561309814,0.8826000094413757,0.05490000173449516,0.1809999942779541
YBR111C,Mitochondrion,Mitochondrial transit peptide,Soluble,0.21140000224113464,0.15199999511241913,0.05050000175833702,0.039500001817941666,0.965399980545044,0.051100000739097595,0.03869999945163727,0.03280000016093254,0.03310000151395798,0.10760000348091125,0.5713000297546387,0.07289999723434448,0.025299999862909317,0.6306999921798706
YBR115C,Cytoplasm,Peroxisomal targeting signal,Peripheral|Soluble,0.680400013923645,0.1526000052690506,0.25589999556541443,0.120899997651577,0.21449999511241913,0.1891999989748001,0.15189999341964722,0.16429999470710754,0.3483000099658966,0.2727999985218048,0.7537000179290771,0.04749999940395355,0.042100001126527786,0.6611999869346619
YBR117C,Cytoplasm,Peroxisomal targeting signal,Soluble,0.7038999795913696,0.21709999442100525,0.10570000112056732,0.03959999978542328,0.14659999310970306,0.10520000010728836,0.22010000050067902,0.06419999897480011,0.12330000102519989,0.5095999836921692,0.4196999967098236,0.019300000742077827,0.05270000174641609,0.8432999849319458
YBR121C,Mitochondrion,Mitochondrial transit peptide,Soluble,0.3158000111579895,0.13189999759197235,0.0729999989271164,0.040800001472234726,0.9194999933242798,0.1264999955892563,0.06459999829530716,0.07760000228881836,0.053199999034404755,0.03500000014901161,0.608299970626831,0.039500001817941666,0.04740000143647194,0.6736999750137329
YBR126C,Cytoplasm,,Peripheral|Soluble,0.7078999876976013,0.49970000982284546,0.08869999647140503,0.0746999979019165,0.36910000443458557,0.06629999727010727,0.2498999983072281,0.2687999904155731,0.2644999921321869,0.040300000458955765,0.6241000294685364,0.035999998450279236,0.22010000050067902,0.630299985408783
YBR127C,Cytoplasm|Nucleus,,Peripheral|Soluble,0.4702000021934509,0.5875999927520752,0.25690001249313354,0.0997999981045723,0.1860000044107437,0.027799999341368675,0.14970000088214874,0.1972000002861023,0.046300001442432404,0.07569999992847443,0.7932999730110168,0.02879999950528145,0.06669999659061432,0.6802999973297119
YBR128C,Cytoplasm|Nucleus,,Soluble,0.4837999939918518,0.5390999913215637,0.008500000461935997,0.06710000336170197,0.45879998803138733,0.0013000000035390258,0.18389999866485596,0.33649998903274536,0.35030001401901245,0.0052999998442828655,0.5794000029563904,0.0989999994635582,0.0560000017285347,0.6283000111579895
YBR132C,Cell membrane|Lysosome/Vacuole,Transmembrane domain,Transmembrane,0.1347000002861023,0.11490000039339066,0.011699999682605267,0.5489000082015991,0.10019999742507935,0.006500000134110451,0.335099995136261,0.5864999890327454,0.4713999927043915,0.00430000014603138,0.028999999165534973,0.9959999918937683,0.012199999764561653,0.1145000010728836
YBR145W,Cytoplasm,,Soluble,0.7383000254631042,0.30559998750686646,0.11129999905824661,0.0851999968290329,0.2062000036239624,0.06989999860525131,0.10289999842643738,0.10649999976158142,0.12970000505447388,0.010099999606609344,0.3686000108718872,0.023000000044703484,0.051100000739097595,0.8499000072479248
YBR147W,Lysosome/Vacuole,Signal peptide|Transmembrane domain,Transmembrane,0.13330000638961792,0.13009999692440033,0.019700000062584877,0.16910000145435333,0.2020999938249588,0.002899999963119626,0.4862000048160553,0.8640000224113464,0.6241999864578247,0.08699999749660492,0.08100000023841858,0.9919000267982483,0.020999999716877937,0.10459999740123749
YBR149W,Cytoplasm,,Soluble,0.743399977684021,0.3499000072479248,0.039799999445676804,0.06069999933242798,0.22030000388622284,0.04769999906420708,0.20469999313354492,0.12129999697208405,0.14300000667572021,0.004900000058114529,0.4106999933719635,0.015799999237060547,0.0494999997317791,0.8629000186920166
YBR153W,Cytoplasm|Nucleus,Nuclear localization signal|Nuclear export signal,Soluble,0.8562999963760376,0.5766000151634216,0.004699999932199717,0.09709999710321426,0.5932999849319458,0.021400000900030136,0.19059999287128448,0.2248000055551529,0.18569999933242798,0.00930000003427267,0.3102000057697296,0.03909999877214432,0.06379999965429306,0.8547999858856201
YBR159W,Endoplasmic reticulum,,Transmembrane,0.21529999375343323,0.2476000040769577,0.10119999945163727,0.045099999755620956,0.4666000008583069,0.018300000578165054,0.8687999844551086,0.1574999988079071,0.20250000059604645,0.02800000086426735,0.5600000023841858,0.8641999959945679,0.06360000371932983,0.11980000138282776
YBR161W,Endoplasmic reticulum|Golgi apparatus,Signal peptide|Transmembrane domain,Transmembrane,0.15719999372959137,0.10130000114440918,0.10010000318288803,0.2637999951839447,0.09109999984502792,0.010700000450015068,0.8082000017166138,0.2809999883174896,0.7167999744415283,0.019600000232458115,0.09799999743700027,0.9843999743461609,0.14309999346733093,0.10249999910593033
YBR166C,Cytoplasm,Peroxisomal targeting signal,Soluble,0.6891000270843506,0.28380000591278076,0.039000000804662704,0.10000000149011612,0.328900009393692,0.04349999874830246,0.2928999960422516,0.25029999017715454,0.18539999425411224,0.4059999883174896,0.576200008392334,0.051100000739097595,0.04540000110864639,0.762499988079071
YBR176W,Mitochondrion,Mitochondrial transit peptide,Peripheral|Soluble,0.17149999737739563,0.125900000333786,0.02199999988079071,0.05920000001788139,0.9253000020980835,0.05260000005364418,0.03370000049471855,0.07639999687671661,0.03819999843835831,0.015799999237060547,0.7167999744415283,0.048500001430511475,0.02979999966919422,0.5841000080108643
YBR177C,Cytoplasm,,Soluble,0.5879999995231628,0.32989999651908875,0.012199999764561653,0.1362999975681305,0.4474000036716461,0.1363999992609024,0.2264000028371811,0.3398999869823456,0.2741999924182892,0.010099999606609344,0.6157000064849854,0.08089999854564667,0.065700002014637,0.5593000054359436
YBR180W,Cell membrane,Transmembrane domain,Transmembrane,0.21400000154972076,0.14630000293254852,0.05999999865889549,0.5310999751091003,0.1680999994277954,0.006200000178068876,0.5569999814033508,0.4514999985694885,0.3418999910354614,0.017000000923871994,0.045099999755620956,0.9908999800682068,0.06430000066757202,0.1216999962925911
YBR183W,Endoplasmic reticulum,Signal peptide|Transmembrane domain,Transmembrane,0.10080000013113022,0.1137000024318695,0.04280000180006027,0.2581000030040741,0.10010000318288803,0.030500000342726707,0.8931000232696533,0.38749998807907104,0.6420000195503235,0.013000000268220901,0.0625,0.9855999946594238,0.009200000204145908,0.1647000014781952
YBR192W,Mitochondrion,Transmembrane domain|Mitochondrial transit peptide,Transmembrane,0.11330000311136246,0.08110000193119049,0.0044999998062849045,0.195700004696846,0.8959000110626221,0.04560000076889992,0.19030000269412994,0.13580000400543213,0.07050000131130219,0.10480000078678131,0.20489999651908875,0.932200014591217,0.01759999990463257,0.17159999907016754
YBR196C,Cytoplasm,,Soluble,0.756600022315979,0.19290000200271606,0.15559999644756317,0.08470000326633453,0.38119998574256897,0.008200000040233135,0.021700000390410423,0.36000001430511475,0.1655000001192093,0.13760000467300415,0.5206000208854675,0.024900000542402267,0.06390000134706497,0.7843000292778015
YBR199W,Golgi apparatus,Signal peptide|Transmembrane domain,Transmembrane,0.16249999403953552,0.14720000326633453,0.16249999403953552,0.15389999747276306,0.09470000118017197,0.00570000009611249,0.5648000240325928,0.3991999924182892,0.8698999881744385,0.025499999523162842,0.09459999948740005,0.9442999958992004,0.017000000923871994,0.2574000060558319
YBR204C,Cytoplasm,Peroxisomal targeting signal,Peripheral,0.41920000314712524,0.31859999895095825,0.10279999673366547,0.13670000433921814,0.28459998965263367,0.0020000000949949026,0.323199987411499,0.321399986743927,0.15940000116825104,0.14020000398159027,0.7641000151634216,0.13410000503063202,0.0632999986410141,0.45509999990463257
YBR205W,Golgi apparatus,Signal peptide|Transmembrane domain,Transmembrane,0.1624000072479248,0.10140000283718109,0.23350000381469727,0.1542000025510788,0.09730000048875809,0.014399999752640724,0.5600000023841858,0.3978999853134155,0.942799985408783,0.03700000047683716,0.13699999451637268,0.9571999907493591,0.016100000590085983,0.19859999418258667
YBR208C,Cytoplasm,,Soluble,0.6753000020980835,0.49000000953674316,0.08720000088214874,0.02810000069439411,0.155799999833107,0.17890000343322754,0.20309999585151672,0.07670000195503235,0.27149999141693115,0.022299999371170998,0.6033999919891357,0.038600001484155655,0.04019999876618385,0.7473999857902527
YBR213W,Cytoplasm,,Soluble,0.7242000102996826,0.3386000096797943,0.03139999881386757,0.16740000247955322,0.586899995803833,0.002400000113993883,0.20509999990463257,0.07159999758005142,0.06780000030994415,0.06759999692440033,0.4268999993801117,0.05860000103712082,0.03869999945163727,0.7473999857902527
YBR218C,Cytoplasm,,Soluble,0.5227000117301941,0.2718000113964081,0.0348999984562397,0.061400000005960464,0.3334999978542328,0.12290000170469284,0.23309999704360962,0.18930000066757202,0.19499999284744263,0.04190000146627426,0.5584999918937683,0.02879999950528145,0.07280000299215317,0.7843000292778015
YBR221C,Mitochondrion,Mitochondrial transit peptide,Peripheral|Soluble,0.0997999981045723,0.07750000059604645,0.03909999877214432,0.06689999997615814,0.9652000069618225,0.07270000129938126,0.03620000183582306,0.0414000004529953,0.0632999986410141,0.010999999940395355,0.635699987411499,0.059700001031160355,0.027899999171495438,0.6168000102043152
YBR222C,Peroxisome,Peroxisomal targeting signal,Peripheral|Soluble,0.10719999670982361,0.2824999988079071,0.01730000041425228,0.09549999982118607,0.3456000089645386,0.004399999976158142,0.350600004196167,0.032600000500679016,0.08049999922513962,0.97079998254776,0.7211999893188477,0.04910000041127205,0.04129999876022339,0.6381999850273132
YBR229C,Extracellular,Signal peptide,Soluble,0.298799991607666,0.10080000013113022,0.7870000004768372,0.08839999884366989,0.06700000166893005,0.011900000274181366,0.5284000039100647,0.34150001406669617,0.26589998602867126,0.002899999963119626,0.24570000171661377,0.12409999966621399,0.02810000069439411,0.715499997138977
YBR235W,Lysosome/Vacuole,Transmembrane domain,Transmembrane,0.1551000028848648,0.13940000534057617,0.02669999934732914,0.4546999931335449,0.10670000314712524,0.005900000222027302,0.19449999928474426,0.5648000240325928,0.3041999936103821,0.025100000202655792,0.12030000239610672,0.9887999892234802,0.021900000050663948,0.11240000277757645
YBR241C,Lysosome/Vacuole,Signal peptide|Transmembrane domain,Transmembrane,0.09139999747276306,0.06390000134706497,0.04340000078082085,0.2101999968290329,0.14169999957084656,0.0333000011742115,0.2985000014305115,0.8616999983787537,0.44449999928474426,0.05739999935030937,0.03009999915957451,0.9914000034332275,0.06769999861717224,0.14339999854564667
YBR242W,Cytoplasm,,Soluble,0.6261000037193298,0.4860000014305115,0.016300000250339508,0.10109999775886536,0.131400004029274,0.08309999853372574,0.1678999960422516,0.14069999754428864,0.09430000185966492,0.01730000041425228,0.40950000286102295,0.05950000137090683,0.03099999949336052,0.7608000040054321
YBR243C,Lysosome/Vacuole,Transmembrane domain,Transmembrane,0.08269999921321869,0.10140000283718109,0.06759999692440033,0.5149000287055969,0.21879999339580536,0.023600000888109207,0.5738999843597412,0.5712000131607056,0.4223000109195709,0.00279999990016222,0.07150000333786011,0.9882000088691711,0.019700000062584877,0.12269999831914902
YBR244W,Cytoplasm|Lysosome/Vacuole|Peroxisome,Peroxisomal targeting signal,Soluble,0.7152000069618225,0.26589998602867126,0.06129999831318855,0.27790001034736633,0.5060999989509583,0.03680000081658363,0.11349999904632568,0.6198999881744385,0.2897000014781952,0.7368999719619751,0.6097000241279602,0.0142000000923872,0.08839999884366989,0.7720000147819519
YBR248C,Cytoplasm|Nucleus,Nuclear localization signal,Soluble,0.8065999746322632,0.5480999946594238,0.03290000185370445,0.10010000318288803,0.3443000018596649,0.00800000037997961,0.12890000641345978,0.22699999809265137,0.12800000607967377,0.000699999975040555,0.4900999963283539,0.021700000390410423,0.05270000174641609,0.8248999714851379
YBR249C,Cytoplasm|Nucleus,Nuclear localization signal,Soluble,0.7789999842643738,0.7062000036239624,0.06710000336170197,0.04839999973773956,0.40130001306533813,0.02930000051856041,0.0364999994635582,0.045099999755620956,0.0142000000923872,0.026900000870227814,0.4221999943256378,0.023399999365210533,0.04749999940395355,0.8550000190734863
YBR252W,Cytoplasm,,Soluble,0.5976999998092651,0.21040000021457672,0.022700000554323196,0.04349999874830246,0.14239999651908875,0.005100000184029341,0.227400004863739,0.24410000443458557,0.16449999809265137,0.016699999570846558,0.39419999718666077,0.016899999231100082,0.0908999964594841,0.8414999842643738
YBR256C,Cytoplasm,Peroxisomal targeting signal,Soluble,0.6463000178337097,0.31290000677108765,0.0052999998442828655,0.04349999874830246,0.2766000032424927,0.4198000133037567,0.20180000364780426,0.08470000326633453,0.13899999856948853,0.2833999991416931,0.4510999917984009,0.04309999942779541,0.06589999794960022,0.7063000202178955
YBR263W,Mitochondrion,Mitochondrial transit peptide,Soluble,0.243599995970726,0.147599995136261,0.07199999690055847,0.13220000267028809,0.9404000043869019,0.04320000112056732,0.028300000354647636,0.04619999974966049,0.0551999993622303,0.039500001817941666,0.5978999733924866,0.04340000078082085,0.06909999996423721,0.7271999716758728
YBR265W,Endoplasmic reticulum,Signal peptide,Peripheral|Transmembrane,0.18809999525547028,0.40540000796318054,0.07169999927282333,0.07479999959468842,0.3181000053882599,0.00419999985024333,0.8950999975204468,0.32519999146461487,0.3865000009536743,0.032499998807907104,0.6424000263214111,0.7542999982833862,0.22439999878406525,0.12099999934434891
YBR281C,Cytoplasm|Nucleus,,Soluble,0.6747999787330627,0.6491000056266785,0.022199999541044235,0.021700000390410423,0.20389999449253082,0.01080000028014183,0.27709999680519104,0.36070001125335693,0.13699999451637268,0.1289999932050705,0.579200029373169,0.06689999997615814,0.026200000196695328,0.6735000014305115
YBR291C,Mitochondrion,Transmembrane domain|Mitochondrial transit peptide,Transmembrane,0.18729999661445618,0.11209999769926071,0.01679999940097332,0.07989999651908875,0.8942000269889832,0.11559999734163284,0.19789999723434448,0.13449999690055847,0.08150000125169754,0.11429999768733978,0.23899999260902405,0.9301999807357788,0.01140000019222498,0.19750000536441803
YBR293W,Cell membrane|Lysosome/Vacuole,Transmembrane domain,Transmembrane,0.059700001031160355,0.1535000056028366,0.011800000444054604,0.6438999772071838,0.15279999375343323,0.008500000461935997,0.44999998807907104,0.8003000020980835,0.27570000290870667,0.02810000069439411,0.09690000116825104,0.9929999709129333,0.03669999912381172,0.07500000298023224
YBR294W,Lysosome/Vacuole,Transmembrane domain,Transmembrane,0.15219999849796295,0.20080000162124634,0.014600000344216824,0.46299999952316284,0.07259999960660934,0.007499999832361937,0.4115000069141388,0.6134999990463257,0.5306000113487244,0.009499999694526196,0.10170000046491623,0.9847999811172485,0.01590000092983246,0.12349999696016312
YBR295W,Cell membrane,Transmembrane domain,Transmembrane,0.16670000553131104,0.1395999938249588,0.03920000046491623,0.5860999822616577,0.2734000086784363,0.007199999876320362,0.4284000098705292,0.5554999709129333,0.49320000410079956,0.017100000753998756,0.03200000151991844,0.9934999942779541,0.02889999933540821,0.15690000355243683
YBR296C,Cell membrane,Transmembrane domain,Transmembrane,0.06270000338554382,0.18279999494552612,0.2687000036239624,0.5911999940872192,0.1906999945640564,0.020999999716877937,0.2872999906539917,0.42739999294281006,0.14550000429153442,0.0005000000237487257,0.02419999986886978,0.9973999857902527,0.03200000151991844,0.10499999672174454
YBR298C,Cell membrane,Transmembrane domain,Transmembrane,0.13459999859333038,0.15240000188350677,0.04580000042915344,0.5425999760627747,0.06599999964237213,0.0015999999595806003,0.24469999969005585,0.4453999996185303,0.46369999647140503,0.013500000350177288,0.01769999973475933,0.9908000230789185,0.025100000202655792,0.21150000393390656
YBR299W,Cytoplasm,,Soluble,0.7512999773025513,0.45879998803138733,0.024399999529123306,0.04820000007748604,0.4528999924659729,0.08150000125169754,0.08500000089406967,0.17560000717639923,0.03970000147819519,0.021299999207258224,0.2847999930381775,0.06800000369548798,0.01899999938905239,0.7929999828338623
YCL004W,Mitochondrion,Mitochondrial transit peptide,Peripheral,0.15710000693798065,0.19910000264644623,0.05079999938607216,0.04500000178813934,0.8726999759674072,0.017999999225139618,0.1412000060081482,0.10170000046491623,0.1265999972820282,0.07339999824762344,0.7714999914169312,0.0908999964594841,0.23819999396800995,0.38429999351501465
YCL005W-A,Endoplasmic reticulum,Signal peptide|Transmembrane domain,Transmembrane,0.1404999941587448,0.09939999878406525,0.12219999730587006,0.3953999876976013,0.3580000102519989,0.11289999634027481,0.8777999877929688,0.3693000078201294,0.34850001335144043,0.025299999862909317,0.053700000047683716,0.9897000193595886,0.05429999902844429,0.20649999380111694
YCL009C,Mitochondrion,Mitochondrial transit peptide,Peripheral|Soluble,0.15309999883174896,0.09920000284910202,0.05900000035762787,0.10639999806880951,0.9610999822616577,0.0544000007212162,0.05400000140070915,0.05469999834895134,0.09120000153779984,0.007699999958276749,0.7014999985694885,0.0737999975681305,0.06369999796152115,0.5964000225067139
YCL018W,Cytoplasm,Peroxisomal targeting signal,Soluble,0.8313999772071838,0.2921999990940094,0.1860000044107437,0.17800000309944153,0.0835999995470047,0.018699999898672104,0.06369999796152115,0.0625,0.13570000231266022,0.08799999952316284,0.24609999358654022,0.02199999988079071,0.0738999992609024,0.8833000063896179
YCL025C,Cell membrane,Transmembrane domain,Transmembrane,0.1720999926328659,0.08669999986886978,0.019200000911951065,0.652999997138977,0.14980000257492065,0.006899999920278788,0.35850000381469727,0.4794999957084656,0.5503000020980835,0.004900000058114529,0.03840000182390213,0.992900013923645,0.020500000566244125,0.11900000274181366
YCL030C,Cytoplasm,,Soluble,0.8711000084877014,0.4223000109195709,0.12070000171661377,0.020899999886751175,0.5170999765396118,0.26190000772476196,0.023600000888109207,0.12860000133514404,0.06719999760389328,0.12409999966621399,0.42649999260902405,0.01510000042617321,0.1387999951839447,0.8690000176429749
YCL035C,Cytoplasm,,Soluble,0.7562999725341797,0.44769999384880066,0.008100000210106373,0.061500001698732376,0.41110000014305115,0.00430000014603138,0.4056999981403351,0.11559999734163284,0.14429999887943268,0.023600000888109207,0.3003000020980835,0.019099999219179153,0.04280000180006027,0.8495000004768372
YCL038C,Endoplasmic reticulum|Lysosome/Vacuole,Signal peptide|Transmembrane domain,Transmembrane,0.15860000252723694,0.09719999879598618,0.03020000085234642,0.2678999900817871,0.08749999850988388,0.003700000001117587,0.6445000171661377,0.737500011920929,0.5146999955177307,0.06530000269412994,0.03290000185370445,0.9965000152587891,0.03669999912381172,0.09229999780654907
YCL040W,Cytoplasm|Nucleus|Mitochondrion,Nuclear localization signal,Soluble,0.6521999835968018,0.727400004863739,0.006200000178068876,0.025100000202655792,0.6991999745368958,0.00419999985024333,0.0544000007212162,0.09449999779462814,0.05790000036358833,0.0044999998062849045,0.5756000280380249,0.0494999997317791,0.05490000173449516,0.6947000026702881
YCL047C,Cytoplasm,Mitochondrial transit peptide|Nuclear export signal,Soluble,0.6119999885559082,0.4643000066280365,0.006099999882280827,0.03359999880194664,0.511900007724762,0.020600000396370888,0.11299999803304672,0.4185999929904938,0.5432999730110168,0.01080000028014183,0.5536999702453613,0.04439999908208847,0.08489999920129776,0.7138000130653381
YCL050C,Cytoplasm|Nucleus,,Soluble,0.6851999759674072,0.6136999726295471,0.016200000420212746,0.03229999914765358,0.3012999892234802,0.007699999958276749,0.10159999877214432,0.060499999672174454,0.08240000158548355,0.11410000175237656,0.37790000438690186,0.04529999941587448,0.038600001484155655,0.8037999868392944
YCL052C,Endoplasmic reticulum,Signal peptide|Transmembrane domain,Transmembrane,0.15320000052452087,0.16200000047683716,0.04820000007748604,0.09350000321865082,0.07100000232458115,0.00430000014603138,0.9404000043869019,0.3686999976634979,0.22310000658035278,0.14749999344348907,0.11140000075101852,0.9854999780654907,0.18549999594688416,0.08060000091791153
YCL064C,Cytoplasm,,Soluble,0.6305999755859375,0.4878000020980835,0.014700000174343586,0.06120000034570694,0.49570000171661377,0.010900000110268593,0.1177000030875206,0.13019999861717224,0.09839999675750732,0.041099999099969864,0.5041000247001648,0.0738999992609024,0.02160000056028366,0.670799970626831
YCL069W,Cell membrane|Lysosome/Vacuole,Signal peptide|Transmembrane domain,Transmembrane,0.10490000247955322,0.0868000015616417,0.040699999779462814,0.6218000054359436,0.07419999688863754,0.005400000140070915,0.4327999949455261,0.8156999945640564,0.4162999987602234,0.007699999958276749,0.041600000113248825,0.9883999824523926,0.04450000077486038,0.13950000703334808
YCR005C,Peroxisome,Peroxisomal targeting signal,Soluble,0.40700000524520874,0.2223999947309494,0.017400000244379044,0.040300000458955765,0.33869999647140503,0.012799999676644802,0.21439999341964722,0.11640000343322754,0.10570000112056732,0.9944000244140625,0.4668999910354614,0.06599999964237213,0.022600000724196434,0.7192999720573425
YCR010C,Cell membrane|Lysosome/Vacuole|Golgi apparatus,Signal peptide|Transmembrane domain,Transmembrane,0.14720000326633453,0.1298999935388565,0.014000000432133675,0.6075999736785889,0.03099999949336052,0.006500000134110451,0.5462999939918518,0.6644999980926514,0.741599977016449,0.00430000014603138,0.040300000458955765,0.9919000267982483,0.0478999987244606,0.1396999955177307
YCR011C,Lysosome/Vacuole,Signal peptide|Transmembrane domain,Transmembrane,0.15870000422000885,0.11869999766349792,0.08879999816417694,0.4731000065803528,0.06920000165700912,0.021800000220537186,0.6166999936103821,0.6830000281333923,0.5033000111579895,0.007799999788403511,0.0786999985575676,0.9948999881744385,0.03579999879002571,0.06750000268220901
YCR012W,Cytoplasm|Mitochondrion,,Soluble,0.8314999938011169,0.11720000207424164,0.0494999997317791,0.125,0.7203999757766724,0.02019999921321869,0.11100000143051147,0.05000000074505806,0.054499998688697815,0.09440000355243683,0.31690001487731934,0.012400000356137753,0.05700000002980232,0.9090999960899353
YCR024C,Mitochondrion,Mitochondrial transit peptide,Peripheral|Soluble,0.11330000311136246,0.1468999981880188,0.05939999967813492,0.06960000097751617,0.9634000062942505,0.020999999716877937,0.05999999865889549,0.045099999755620956,0.055799998342990875,0.01769999973475933,0.6399999856948853,0.0925000011920929,0.038100000470876694,0.5497000217437744
YCR024C-A,Cell membrane,Signal peptide|Transmembrane domain,Transmembrane,0.19280000030994415,0.12690000236034393,0.3564999997615814,0.5782999992370605,0.24809999763965607,0.016499999910593033,0.5702000260353088,0.48170000314712524,0.3073999881744385,0.009399999864399433,0.11640000343322754,0.978600025177002,0.3797000050544739,0.15109999477863312
YCR028C,Golgi apparatus,Signal peptide,Transmembrane,0.14499999582767487,0.06989999860525131,0.14550000429153442,0.364300012588501,0.08190000057220459,0.002099999925121665,0.5145000219345093,0.46309998631477356,0.6137999892234802,0.013399999588727951,0.025299999862909317,0.9898999929428101,0.018799999728798866,0.21719999611377716
YCR034W,Endoplasmic reticulum,Signal peptide|Transmembrane domain,Transmembrane,0.09449999779462814,0.15889999270439148,0.017100000753998756,0.07530000060796738,0.1485999971628189,0.014399999752640724,0.7915999889373779,0.1290999948978424,0.32440000772476196,0.06589999794960022,0.07320000231266022,0.9940999746322632,0.008700000122189522,0.08500000089406967
YCR036W,Cytoplasm|Nucleus,Nuclear localization signal,Soluble,0.8555999994277954,0.5382999777793884,0.14180000126361847,0.03139999881386757,0.5927000045776367,0.010900000110268593,0.14329999685287476,0.13729999959468842,0.14630000293254852,0.00800000037997961,0.4505000114440918,0.032999999821186066,0.06880000233650208,0.7764999866485596
YCR037C,Endoplasmic reticulum,Signal peptide|Transmembrane domain,Transmembrane,0.11670000106096268,0.24549999833106995,0.0689999982714653,0.47450000047683716,0.09269999712705612,0.008200000040233135,0.5882999897003174,0.5141000151634216,0.5564000010490417,0.0071000000461936,0.034699998795986176,0.9933000206947327,0.014399999752640724,0.12890000641345978
YCR048W,Endoplasmic reticulum,Signal peptide|Transmembrane domain,Transmembrane,0.05570000037550926,0.14390000700950623,0.009399999864399433,0.1451999992132187,0.12150000035762787,0.21089999377727509,0.8651999831199646,0.09880000352859497,0.620199978351593,0.018200000748038292,0.0908999964594841,0.9887999892234802,0.005200000014156103,0.13910000026226044
YCR053W,Cytoplasm,Nuclear localization signal,Soluble,0.6790000200271606,0.4779999852180481,0.031099999323487282,0.03880000114440918,0.2863999903202057,0.0024999999441206455,0.12950000166893005,0.06430000066757202,0.06560000032186508,0.022299999371170998,0.39010000228881836,0.031099999323487282,0.03819999843835831,0.817799985408783
YCR068W,Lysosome/Vacuole,Signal peptide|Transmembrane domain,Transmembrane,0.1462000012397766,0.14790000021457672,0.3424000144004822,0.2152000069618225,0.13689999282360077,0.008200000040233135,0.4964999854564667,0.5203999876976013,0.6064000129699707,0.017999999225139618,0.12620000541210175,0.9359999895095825,0.025800000876188278,0.2540000081062317
YCR075C,Lysosome/Vacuole,Signal peptide|Transmembrane domain,Transmembrane,0.08990000188350677,0.12280000001192093,0.012299999594688416,0.31439998745918274,0.29179999232292175,0.0026000000070780516,0.6086999773979187,0.7748000025749207,0.428600013256073,0.018300000578165054,0.09000000357627869,0.984499990940094,0.02930000051856041,0.12809999287128448
YCR083W,Mitochondrion,Mitochondrial transit peptide,Peripheral|Soluble,0.21160000562667847,0.19930000603199005,0.010900000110268593,0.04639999940991402,0.9477999806404114,0.012299999594688416,0.041999999433755875,0.043299999088048935,0.03370000049471855,0.004000000189989805,0.7229999899864197,0.03819999843835831,0.03519999980926514,0.614799976348877
YCR098C,Lysosome/Vacuole,Transmembrane domain,Transmembrane,0.15950000286102295,0.13950000703334808,0.0414000004529953,0.4625999927520752,0.08839999884366989,0.003000000026077032,0.5577999949455261,0.5231999754905701,0.37049999833106995,0.005100000184029341,0.01549999974668026,0.9950000047683716,0.032999999821186066,0.17059999704360962
YCR105W,Cytoplasm,Peroxisomal targeting signal,Soluble,0.7741000056266785,0.40400001406669617,0.03449999913573265,0.10119999945163727,0.2467000037431717,0.06440000236034393,0.12449999898672104,0.1542000025510788,0.20630000531673431,0.07810000330209732,0.3896999955177307,0.02850000001490116,0.050700001418590546,0.8295999765396118
YCR107W,Cytoplasm,,Soluble,0.6718999743461609,0.22220000624656677,0.06970000267028809,0.12049999833106995,0.1589999943971634,0.017000000923871994,0.2460000067949295,0.12240000069141388,0.22619999945163727,0.03240000084042549,0.498199999332428,0.05249999836087227,0.029500000178813934,0.7602999806404114
YDL004W,Mitochondrion,Mitochondrial transit peptide,Peripheral|Soluble,0.1956000030040741,0.09809999912977219,0.029999999329447746,0.06040000170469284,0.9283000230789185,0.030799999833106995,0.022099999710917473,0.049400001764297485,0.04919999837875366,0.010599999688565731,0.6378999948501587,0.03400000184774399,0.04050000011920929,0.7360000014305115
YDL015C,Endoplasmic reticulum,Transmembrane domain,Transmembrane,0.13670000433921814,0.09610000252723694,0.004800000227987766,0.11029999703168869,0.33899998664855957,0.003100000089034438,0.9452999830245972,0.18150000274181366,0.28540000319480896,0.0020000000949949026,0.11050000041723251,0.9839000105857849,0.003800000064074993,0.14020000398159027
YDL022W,Cytoplasm,,Soluble,0.44620001316070557,0.21969999372959137,0.028200000524520874,0.15569999814033508,0.18140000104904175,0.2362000048160553,0.054999999701976776,0.04809999838471413,0.07729999721050262,0.10649999976158142,0.5715000033378601,0.04820000007748604,0.14300000667572021,0.6980000138282776
YDL024C,Extracellular,Signal peptide,Soluble,0.1737000048160553,0.07180000096559525,0.8440999984741211,0.09040000289678574,0.13519999384880066,0.01940000057220459,0.4659999907016754,0.4498000144958496,0.18690000474452972,0.004000000189989805,0.1451999992132187,0.08009999990463257,0.025599999353289604,0.8348000049591064
YDL040C,Cytoplasm|Nucleus,Nuclear localization signal,Soluble,0.5041999816894531,0.734000027179718,0.10869999974966049,0.07360000163316727,0.094200000166893,0.0019000000320374966,0.22619999945163727,0.07119999825954437,0.21559999883174896,0.007899999618530273,0.2558000087738037,0.04610000178217888,0.06080000102519989,0.7840999960899353
YDL042C,Cytoplasm|Nucleus,Nuclear localization signal,Soluble,0.4968000054359436,0.8955000042915344,0.039799999445676804,0.01360000018030405,0.19850000739097595,0.0005000000237487257,0.04230000078678131,0.06369999796152115,0.040300000458955765,0.0027000000700354576,0.4269999861717224,0.07890000194311142,0.03319999948143959,0.7120000123977661
YDL045C,Cytoplasm|Nucleus,Nuclear localization signal|Nuclear export signal,Soluble,0.876800000667572,0.7663999795913696,0.050200000405311584,0.01810000091791153,0.05609999969601631,0.000699999975040555,0.25619998574256897,0.10869999974966049,0.13500000536441803,0.004600000102072954,0.48820000886917114,0.06960000097751617,0.07169999927282333,0.6942999958992004
YDL052C,Endoplasmic reticulum,Transmembrane domain,Transmembrane,0.13779999315738678,0.18289999663829803,0.020400000736117363,0.24390000104904175,0.30489999055862427,0.00930000003427267,0.7645000219345093,0.2143000066280365,0.24699999392032623,0.003700000001117587,0.4941999912261963,0.9028000235557556,0.03539999946951866,0.12849999964237213
YDL055C,Cytoplasm,,Soluble,0.6786999702453613,0.45500001311302185,0.05739999935030937,0.02280000038444996,0.2190999984741211,0.094200000166893,0.1420000046491623,0.016499999910593033,0.041999999433755875,0.01979999989271164,0.4514999985694885,0.03970000147819519,0.09149999916553497,0.8094000220298767
YDL066W,Mitochondrion,Mitochondrial transit peptide,Soluble,0.1996999979019165,0.10379999876022339,0.060100000351667404,0.05299999937415123,0.9423999786376953,0.03970000147819519,0.03440000116825104,0.07540000230073929,0.03519999980926514,0.2572000026702881,0.5875999927520752,0.023900000378489494,0.06310000270605087,0.7617999911308289
YDL067C,Mitochondrion,Transmembrane domain|Mitochondrial transit peptide,Transmembrane,0.09440000355243683,0.08980000019073486,0.0333000011742115,0.08900000154972076,0.9545999765396118,0.10570000112056732,0.2630000114440918,0.18629999458789825,0.15219999849796295,0.11500000208616257,0.412200003862381,0.9635999798774719,0.010599999688565731,0.0989999994635582
YDL078C,Cytoplasm|Peroxisome,Peroxisomal targeting signal,Soluble,0.61080002784729,0.43619999289512634,0.015200000256299973,0.08590000122785568,0.3492000102996826,0.0007999999797903001,0.13770000636577606,0.08079999685287476,0.398499995470047,0.983299970626831,0.5054000020027161,0.019300000742077827,0.0877000018954277,0.801800012588501
YDL080C,Cytoplasm,,Soluble,0.6722999811172485,0.4668999910354614,0.018200000748038292,0.06459999829530716,0.16339999437332153,0.003599999938160181,0.18479999899864197,0.22310000658035278,0.2685000002384186,0.0494999997317791,0.41760000586509705,0.04960000142455101,0.037300001829862595,0.7663000226020813
YDL085W,Mitochondrion,Mitochondrial transit peptide,Peripheral|Transmembrane,0.15539999306201935,0.10750000178813934,0.02239999920129776,0.07599999755620956,0.906000018119812,0.04010000079870224,0.3912000060081482,0.148499995470047,0.23479999601840973,0.04839999973773956,0.6632000207901001,0.7687000036239624,0.09260000288486481,0.11129999905824661
YDL090C,Cytoplasm,,Soluble,0.538100004196167,0.48429998755455017,0.04410000145435333,0.032600000500679016,0.5062000155448914,0.10459999740123749,0.2825999855995178,0.09560000151395798,0.3305000066757202,0.1046999990940094,0.5910000205039978,0.12780000269412994,0.029500000178813934,0.5748999714851379
YDL093W,Endoplasmic reticulum,Signal peptide|Transmembrane domain,Transmembrane,0.14069999754428864,0.1826999932527542,0.02800000086426735,0.1324000060558319,0.03739999979734421,0.00930000003427267,0.7918000221252441,0.1340000033378601,0.19689999520778656,0.006899999920278788,0.053300000727176666,0.9932000041007996,0.021199999377131462,0.10419999808073044
YDL095W,Endoplasmic reticulum,Signal peptide|Transmembrane domain,Transmembrane,0.10140000283718109,0.22759999334812164,0.019300000742077827,0.16300000250339508,0.04439999908208847,0.012000000104308128,0.8662999868392944,0.12370000034570694,0.1931000053882599,0.00570000009611249,0.03970000147819519,0.9930999875068665,0.019899999722838402,0.11720000207424164
YDL100C,Cytoplasm,,Soluble,0.7195000052452087,0.5256999731063843,0.013399999588727951,0.07109999656677246,0.29840001463890076,0.004600000102072954,0.1941000074148178,0.1826999932527542,0.05299999937415123,0.07940000295639038,0.532800018787384,0.0406000018119812,0.06499999761581421,0.6945000290870667
YDL103C,Cytoplasm,Nuclear localization signal,Soluble,0.8474000096321106,0.5189999938011169,0.051100000739097595,0.053199999034404755,0.2996000051498413,0.0035000001080334187,0.03929999843239784,0.08760000020265579,0.05220000073313713,0.05620000138878822,0.4440999925136566,0.026499999687075615,0.0544000007212162,0.8345999717712402
YDL120W,Mitochondrion,Mitochondrial transit peptide,Peripheral|Soluble,0.18039999902248383,0.14790000021457672,0.015200000256299973,0.06849999725818634,0.9492999911308289,0.07500000298023224,0.02199999988079071,0.03220000118017197,0.043299999088048935,0.004399999976158142,0.671999990940094,0.0560000017285347,0.06759999692440033,0.633400022983551
YDL131W,Nucleus,Nuclear localization signal,Soluble,0.3700000047683716,0.849399983882904,0.057500001043081284,0.031199999153614044,0.27390000224113464,0.0032999999821186066,0.09709999710321426,0.030300000682473183,0.04820000007748604,0.00570000009611249,0.3488999903202057,0.024299999698996544,0.061400000005960464,0.8611999750137329
YDL141W,Cytoplasm|Nucleus,Nuclear localization signal,Soluble,0.7161999940872192,0.5990999937057495,0.020400000736117363,0.01940000057220459,0.14730000495910645,0.025599999353289604,0.3068999946117401,0.2547999918460846,0.34450000524520874,0.009999999776482582,0.33000001311302185,0.061500001698732376,0.04670000076293945,0.76910001039505
YDL142C,Mitochondrion,Mitochondrial transit peptide,Transmembrane,0.09690000116825104,0.12290000170469284,0.012600000016391277,0.06750000268220901,0.9279999732971191,0.05889999866485596,0.11940000206232071,0.07599999755620956,0.09700000286102295,0.02410000003874302,0.17470000684261322,0.9678999781608582,0.007300000172108412,0.15029999613761902
YDL166C,Cytoplasm|Nucleus,Nuclear localization signal,Soluble,0.8101999759674072,0.6804999709129333,0.12060000002384186,0.038600001484155655,0.2117999941110611,0.013700000010430813,0.13519999384880066,0.059300001710653305,0.05469999834895134,0.014000000432133675,0.29339998960494995,0.03060000017285347,0.08630000054836273,0.8776999711990356
YDL168W,Cytoplasm,,Soluble,0.692799985408783,0.2921000123023987,0.04989999905228615,0.22920000553131104,0.38609999418258667,0.03150000050663948,0.09629999846220016,0.14069999754428864,0.17749999463558197,0.007899999618530273,0.38019999861717224,0.0357000008225441,0.07850000262260437,0.7829999923706055
YDL171C,Cytoplasm,,Soluble,0.6840000152587891,0.3702000081539154,0.022700000554323196,0.12389999628067017,0.516700029373169,0.0340999998152256,0.08950000256299973,0.2053000032901764,0.10019999742507935,0.10509999841451645,0.5081999897956848,0.02250000089406967,0.0471000000834465,0.820900022983551
YDL174C,Mitochondrion,Mitochondrial transit peptide,Transmembrane,0.15690000355243683,0.16130000352859497,0.02459999918937683,0.07280000299215317,0.9455000162124634,0.02979999966919422,0.10189999639987946,0.10130000114440918,0.1370999962091446,0.042500000447034836,0.4262999892234802,0.930400013923645,0.010200000368058681,0.11720000207424164
YDL178W,Mitochondrion,Mitochondrial transit peptide,Peripheral|Soluble,0.18889999389648438,0.1274999976158142,0.03999999910593033,0.049800001084804535,0.9679999947547913,0.04899999871850014,0.024299999698996544,0.07580000162124634,0.07810000330209732,0.029500000178813934,0.6205000281333923,0.07450000196695328,0.02979999966919422,0.5914000272750854
YDL182W,Nucleus,Nuclear localization signal,Soluble,0.3203999996185303,0.7628999948501587,0.1006999984383583,0.040699999779462814,0.2651999890804291,0.03880000114440918,0.06800000369548798,0.010400000028312206,0.03750000149011612,0.006399999838322401,0.2935999929904938,0.02889999933540821,0.08730000257492065,0.8676999807357788
YDL185W,Cytoplasm,,Peripheral|Soluble,0.5649999976158142,0.5169000029563904,0.10050000250339508,0.0771000012755394,0.09719999879598618,0.01759999990463257,0.20309999585151672,0.23579999804496765,0.04740000143647194,0.0010999999940395355,0.6884999871253967,0.053599998354911804,0.04089999943971634,0.6643999814987183
YDL198C,Mitochondrion,Mitochondrial transit peptide,Transmembrane,0.12690000236034393,0.13120000064373016,0.01080000028014183,0.060499999672174454,0.9065999984741211,0.05310000106692314,0.1931000053882599,0.09640000015497208,0.07769999653100967,0.19429999589920044,0.2378000020980835,0.9345999956130981,0.00419999985024333,0.23229999840259552
YDL205C,Nucleus,,Soluble,0.33160001039505005,0.5120999813079834,0.0010999999940395355,0.10350000113248825,0.3847000002861023,0.12460000067949295,0.42669999599456787,0.3359000086784363,0.23810000717639923,0.2175000011920929,0.2694999873638153,0.025299999862909317,0.05079999938607216,0.8675000071525574
YDL210W,Lysosome/Vacuole,Transmembrane domain,Transmembrane,0.1582999974489212,0.12229999899864197,0.01590000092983246,0.42289999127388,0.08529999852180481,0.0008999999845400453,0.2890999913215637,0.6165000200271606,0.3991999924182892,0.007499999832361937,0.032600000500679016,0.9902999997138977,0.019899999722838402,0.14800000190734863
YDL215C,Cytoplasm|Nucleus,Nuclear localization signal|Nuclear export signal,Soluble,0.8557000160217285,0.8337000012397766,0.01269999984651804,0.11810000240802765,0.23559999465942383,0.006000000052154064,0.04019999876618385,0.11469999700784683,0.04349999874830246,0.022700000554323196,0.5371999740600586,0.07829999923706055,0.03350000083446503,0.7121999859809875
YDL219W,Cytoplasm,Nuclear localization signal,Soluble,0.858299970626831,0.3971000015735626,0.02280000038444996,0.05950000137090683,0.31360000371932983,0.005100000184029341,0.057100001722574234,0.13689999282360077,0.12039999663829803,0.006399999838322401,0.461899995803833,0.01769999973475933,0.03790000081062317,0.8330000042915344
YDL236W,Cytoplasm|Nucleus,,Soluble,0.7498999834060669,0.6191999912261963,0.012500000186264515,0.07819999754428864,0.23829999566078186,0.002099999925121665,0.14589999616146088,0.07289999723434448,0.11479999870061874,0.061900001019239426,0.4002000093460083,0.017500000074505806,0.06689999997615814,0.8648999929428101
YDL238C,Cytoplasm,,Soluble,0.7782999873161316,0.42170000076293945,0.010099999606609344,0.030400000512599945,0.46560001373291016,0.020800000056624413,0.052299998700618744,0.1581999957561493,0.14010000228881836,0.01119999960064888,0.4957999885082245,0.05900000035762787,0.0812000036239624,0.6765000224113464
YDL243C,Cytoplasm,,Soluble,0.7193999886512756,0.20499999821186066,0.07329999655485153,0.13359999656677246,0.17910000681877136,0.03150000050663948,0.18559999763965607,0.07400000095367432,0.4359000027179718,0.05770000070333481,0.5554999709129333,0.05889999866485596,0.023800000548362732,0.7319999933242798
YDL245C,Cell membrane,Transmembrane domain,Transmembrane,0.12070000171661377,0.13689999282360077,0.0949999988079071,0.6247000098228455,0.1459999978542328,0.03440000116825104,0.21549999713897705,0.36559998989105225,0.4027000069618225,0.016599999740719795,0.014299999922513962,0.9962000250816345,0.0284000001847744,0.15889999270439148
YDL246C,Cytoplasm,Mitochondrial transit peptide,Soluble,0.6895999908447266,0.3465000092983246,0.03009999915957451,0.17399999499320984,0.5756000280380249,0.030899999663233757,0.23250000178813934,0.06419999897480011,0.07840000092983246,0.004900000058114529,0.3400000035762787,0.014399999752640724,0.05490000173449516,0.8805999755859375
YDL247W,Cell membrane,Transmembrane domain,Transmembrane,0.1274999976158142,0.15950000286102295,0.04780000075697899,0.5238000154495239,0.06080000102519989,0.0027000000700354576,0.2282000035047531,0.41100001335144043,0.4388999938964844,0.0272000003606081,0.01640000008046627,0.9927999973297119,0.030300000682473183,0.20479999482631683
YDR001C,Cytoplasm,,Soluble,0.5799000263214111,0.1404999941587448,0.08449999988079071,0.11060000211000443,0.2599000036716461,0.02410000003874302,0.31949999928474426,0.26159998774528503,0.311599999666214,0.1574999988079071,0.4569999873638153,0.08739999681711197,0.036400001496076584,0.7085000276565552
YDR007W,Cytoplasm|Nucleus|Mitochondrion,Mitochondrial transit peptide|Nuclear localization signal|Nuclear export signal,Soluble,0.8554999828338623,0.6101999878883362,0.05860000103712082,0.04540000110864639,0.7623999714851379,0.06650000065565109,0.09610000252723694,0.19750000536441803,0.3138999938964844,0.004399999976158142,0.5412999987602234,0.014600000344216824,0.06350000202655792,0.858299970626831
YDR009W,Cytoplasm,Nuclear localization signal,Soluble,0.7299000024795532,0.45080000162124634,0.02710000053048134,0.13570000231266022,0.39239999651908875,0.010099999606609344,0.13809999823570251,0.1988999992609024,0.20440000295639038,0.0471000000834465,0.4325999915599823,0.03400000184774399,0.05609999969601631,0.8003000020980835
YDR017C,Cytoplasm|Nucleus,Nuclear localization signal,Peripheral|Soluble,0.5645999908447266,0.699999988079071,0.017999999225139618,0.20260000228881836,0.18719999492168427,0.0015999999595806003,0.1509999930858612,0.10840000212192535,0.07429999858140945,0.0034000000450760126,0.7452999949455261,0.048500001430511475,0.049400001764297485,0.6521000266075134
YDR019C,Mitochondrion,Mitochondrial transit peptide,Soluble,0.211899995803833,0.147599995136261,0.018200000748038292,0.02979999966919422,0.9573000073432922,0.025299999862909317,0.030700000002980232,0.042899999767541885,0.022199999541044235,0.01360000018030405,0.47360000014305115,0.03150000050663948,0.038100000470876694,0.7407000064849854
YDR020C,Cytoplasm,Nuclear localization signal,Soluble,0.7473000288009644,0.512499988079071,0.043299999088048935,0.03720000013709068,0.19589999318122864,0.0017999999690800905,0.1185000017285347,0.16910000145435333,0.18960000574588776,0.013199999928474426,0.5264999866485596,0.029600000008940697,0.04619999974966049,0.7914999723434448
YDR023W,Cytoplasm,Nuclear localization signal,Soluble,0.7462999820709229,0.4074000120162964,0.10369999706745148,0.06279999762773514,0.349700003862381,0.10050000250339508,0.44290000200271606,0.01489999983459711,0.0892999991774559,0.00860000029206276,0.35190001130104065,0.04050000011920929,0.1137000024318695,0.7759000062942505
YDR035W,Cytoplasm|Nucleus,Nuclear localization signal,Soluble,0.8123999834060669,0.7125999927520752,0.032600000500679016,0.06499999761581421,0.39959999918937683,0.009700000286102295,0.0414000004529953,0.021900000050663948,0.013399999588727951,0.029999999329447746,0.4129999876022339,0.0357000008225441,0.07190000265836716,0.8227999806404114
YDR036C,Mitochondrion,Mitochondrial transit peptide,Peripheral|Soluble,0.19910000264644623,0.1695999950170517,0.03739999979734421,0.04540000110864639,0.9395999908447266,0.014000000432133675,0.03480000048875809,0.04809999838471413,0.0544000007212162,0.007600000128149986,0.6409000158309937,0.030400000512599945,0.031300000846385956,0.694100022315979
YDR037W,Cytoplasm,Nuclear localization signal,Soluble,0.6733999848365784,0.4239000082015991,0.1460999995470047,0.04769999906420708,0.2087000012397766,0.006300000008195639,0.3686999976634979,0.022299999371170998,0.0723000019788742,0.0010000000474974513,0.2703000009059906,0.017999999225139618,0.07739999890327454,0.8845000267028809
YDR038C,Lysosome/Vacuole,Transmembrane domain,Transmembrane,0.19380000233650208,0.1071000024676323,0.04050000011920929,0.47859999537467957,0.07339999824762344,0.008700000122189522,0.5249000191688538,0.5342000126838684,0.46810001134872437,0.0017000000225380063,0.07569999992847443,0.9884999990463257,0.012500000186264515,0.13130000233650208
YDR039C,Cell membrane,Transmembrane domain,Transmembrane,0.19359999895095825,0.10660000145435333,0.04129999876022339,0.48840001225471497,0.07519999891519547,0.008700000122189522,0.5327000021934509,0.5268999934196472,0.4562000036239624,0.001500000013038516,0.07530000060796738,0.988099992275238,0.012299999594688416,0.13289999961853027
YDR040C,Lysosome/Vacuole,Transmembrane domain,Transmembrane,0.19619999825954437,0.10610000044107437,0.042899999767541885,0.4925999939441681,0.07559999823570251,0.008299999870359898,0.5389999747276306,0.5393000245094299,0.46709999442100525,0.001500000013038516,0.07440000027418137,0.9882000088691711,0.012900000438094139,0.13269999623298645
YDR044W,Cytoplasm,Nuclear localization signal,Soluble,0.7476000189781189,0.35499998927116394,0.009499999694526196,0.12110000103712082,0.41370001435279846,0.0010999999940395355,0.09030000120401382,0.30149999260902405,0.13379999995231628,0.013399999588727951,0.3953999876976013,0.03020000085234642,0.023600000888109207,0.8271999955177307
YDR046C,Cell membrane,Transmembrane domain,Transmembrane,0.14720000326633453,0.11999999731779099,0.020099999383091927,0.6137999892234802,0.22169999778270721,0.008899999782443047,0.37400001287460327,0.45989999175071716,0.4607999920845032,0.0035000001080334187,0.04729999974370003,0.9909999966621399,0.01860000006854534,0.11410000175237656
YDR047W,Cytoplasm|Nucleus,Nuclear localization signal,Soluble,0.8220000267028809,0.5835000276565552,0.05779999867081642,0.04490000009536743,0.210999995470047,0.03240000084042549,0.13379999995231628,0.19499999284744263,0.2513999938964844,0.004800000227987766,0.5095000267028809,0.03519999980926514,0.08489999920129776,0.802299976348877
YDR050C,Cytoplasm,,Soluble,0.7889999747276306,0.3675000071525574,0.08550000190734863,0.05420000106096268,0.5426999926567078,0.017799999564886093,0.14499999582767487,0.07590000331401825,0.030400000512599945,0.01140000019222498,0.26600000262260437,0.017000000923871994,0.05900000035762787,0.8727999925613403
YDR058C,Cytoplasm,,Peripheral|Soluble,0.6621000170707703,0.2702000141143799,0.08169999718666077,0.07500000298023224,0.3917999863624573,0.08980000019073486,0.3686000108718872,0.4546999931335449,0.3165999948978424,0.025100000202655792,0.8050000071525574,0.10130000114440918,0.07479999959468842,0.4724000096321106
YDR062W,Endoplasmic reticulum,,Transmembrane,0.3287999927997589,0.2303999960422516,0.014800000004470348,0.08079999685287476,0.13289999961853027,0.018799999728798866,0.9236000180244446,0.11630000174045563,0.5080000162124634,0.08550000190734863,0.4521999955177307,0.8870999813079834,0.0689999982714653,0.13580000400543213
YDR071C,Cytoplasm,Nuclear localization signal,Soluble,0.8314999938011169,0.4318999946117401,0.02160000056028366,0.06599999964237213,0.2851000130176544,0.0026000000070780516,0.33169999718666077,0.20149999856948853,0.18960000574588776,0.018300000578165054,0.35269999504089355,0.030300000682473183,0.04989999905228615,0.8366000056266785
YDR072C,Endoplasmic reticulum|Golgi apparatus,Signal peptide|Transmembrane domain,Transmembrane,0.10639999806880951,0.1656000018119812,0.033399999141693115,0.19869999587535858,0.28209999203681946,0.022299999371170998,0.8673999905586243,0.4018000066280365,0.7598999738693237,0.05660000070929527,0.12070000171661377,0.9897000193595886,0.020500000566244125,0.10199999809265137
YDR074W,Cytoplasm,,Peripheral|Soluble,0.7226999998092651,0.3849000036716461,0.14790000021457672,0.1152999997138977,0.33219999074935913,0.016699999570846558,0.1429000049829483,0.2736999988555908,0.23929999768733978,0.016300000250339508,0.6924999952316284,0.02239999920129776,0.09300000220537186,0.7070000171661377
YDR093W,Cell membrane|Lysosome/Vacuole,Transmembrane domain,Transmembrane,0.164900004863739,0.11140000075101852,0.014299999922513962,0.6521999835968018,0.09149999916553497,0.011599999852478504,0.5837000012397766,0.6891999840736389,0.633400022983551,0.00139999995008111,0.08209999650716782,0.9901000261306763,0.00989999994635582,0.11010000109672546
YDR098C,Cytoplasm|Nucleus,,Soluble,0.7178999781608582,0.6567000150680542,0.002199999988079071,0.1981000006198883,0.2806999981403351,0.0008999999845400453,0.5752999782562256,0.36880001425743103,0.133200004696846,0.03240000084042549,0.46459999680519104,0.009800000116229057,0.09229999780654907,0.862500011920929
YDR105C,Cell membrane|Lysosome/Vacuole,Signal peptide|Transmembrane domain,Transmembrane,0.093299999833107,0.0908999964594841,0.0421999990940094,0.7146000266075134,0.16699999570846558,0.02319999970495701,0.5828999876976013,0.7077000141143799,0.5656999945640564,0.00279999990016222,0.06599999964237213,0.9905999898910522,0.03709999844431877,0.12160000205039978
YDR109C,Cytoplasm|Nucleus,Nuclear localization signal,Soluble,0.5845999717712402,0.6794999837875366,0.02539999969303608,0.048900000751018524,0.17399999499320984,0.0925000011920929,0.05900000035762787,0.0478999987244606,0.17520000040531158,0.04529999941587448,0.5778999924659729,0.08760000020265579,0.061900001019239426,0.6611999869346619
YDR111C,Cytoplasm,,Soluble,0.8402000069618225,0.3357999920845032,0.01850000023841858,0.1712999939918518,0.5199000239372253,0.026200000196695328,0.16459999978542328,0.10029999911785126,0.0820000022649765,0.032999999821186066,0.4749999940395355,0.03180000185966492,0.08699999749660492,0.7897999882698059
YDR127W,Cytoplasm|Nucleus,Nuclear localization signal,Soluble,0.6680999994277954,0.5615000128746033,0.13040000200271606,0.12280000001192093,0.4156000018119812,0.049800001084804535,0.10320000350475311,0.10369999706745148,0.05939999967813492,0.0044999998062849045,0.47380000352859497,0.028999999165534973,0.06840000301599503,0.8086000084877014
YDR135C,Cell membrane|Lysosome/Vacuole,Transmembrane domain,Transmembrane,0.11550000309944153,0.12489999830722809,0.01860000006854534,0.6406000256538391,0.16859999299049377,0.010999999940395355,0.32339999079704285,0.7342000007629395,0.35989999771118164,0.014999999664723873,0.10679999738931656,0.9829000234603882,0.01119999960064888,0.14350000023841858
YDR147W,Cytoplasm,Nuclear localization signal,Soluble,0.6690999865531921,0.5110999941825867,0.06599999964237213,0.10220000147819519,0.23360000550746918,0.006399999838322401,0.22840000689029694,0.2004999965429306,0.38929998874664307,0.09000000357627869,0.4666999876499176,0.07599999755620956,0.03530000150203705,0.6976000070571899
YDR148C,Mitochondrion,Mitochondrial transit peptide,Peripheral|Soluble,0.13930000364780426,0.1039000004529953,0.011699999682605267,0.05820000171661377,0.9239000082015991,0.07729999721050262,0.05260000005364418,0.023499999195337296,0.0885000005364418,0.009499999694526196,0.732200026512146,0.03929999843239784,0.06639999896287918,0.6093000173568726
YDR158W,Cytoplasm,,Soluble,0.6449000239372253,0.3068999946117401,0.06509999930858612,0.15150000154972076,0.3346000015735626,0.019999999552965164,0.1680999994277954,0.09279999881982803,0.09920000284910202,0.003800000064074993,0.3675000071525574,0.07370000332593918,0.2599000036716461,0.6927000284194946
YDR173C,Cytoplasm|Nucleus,Nuclear localization signal|Nuclear export signal,Soluble,0.6039999723434448,0.7336999773979187,0.01360000018030405,0.09600000083446503,0.17880000174045563,0.007899999618530273,0.18410000205039978,0.18780000507831573,0.09120000153779984,0.002300000051036477,0.5052000284194946,0.030300000682473183,0.026100000366568565,0.7944999933242798
YDR178W,Mitochondrion,Mitochondrial transit peptide,Transmembrane,0.1054999977350235,0.0957999974489212,0.010200000368058681,0.06700000166893005,0.9707000255584717,0.09309999644756317,0.06750000268220901,0.03200000151991844,0.05290000140666962,0.007300000172108412,0.10369999706745148,0.9855999946594238,0.006000000052154064,0.1306000053882599
YDR191W,Cytoplasm|Nucleus,Nuclear localization signal,Soluble,0.47749999165534973,0.8291000127792358,0.016200000420212746,0.01769999973475933,0.2222999930381775,0.02810000069439411,0.0357000008225441,0.08110000193119049,0.04569999873638153,0.03689999878406525,0.3474000096321106,0.07410000264644623,0.03060000017285347,0.7955999970436096
YDR196C,Mitochondrion,Peroxisomal targeting signal,Transmembrane,0.3450999855995178,0.13169999420642853,0.12200000137090683,0.07020000368356705,0.7504000067710876,0.3359000086784363,0.5590000152587891,0.18230000138282776,0.32850000262260437,0.43459999561309814,0.616100013256073,0.6802999973297119,0.313400000333786,0.19050000607967377
YDR204W,Mitochondrion,Mitochondrial transit peptide,Peripheral,0.14740000665187836,0.12370000034570694,0.03449999913573265,0.09380000084638596,0.9646999835968018,0.08969999849796295,0.06040000170469284,0.06109999865293503,0.051899999380111694,0.013799999840557575,0.6306999921798706,0.2865999937057495,0.027799999341368675,0.44850000739097595
YDR208W,Cytoplasm|Cell membrane,Nuclear localization signal,Peripheral|Soluble,0.5347999930381775,0.4178999960422516,0.05719999969005585,0.5320000052452087,0.36970001459121704,0.0017000000225380063,0.1006999984383583,0.3425999879837036,0.2214999943971634,0.026100000366568565,0.8051999807357788,0.027499999850988388,0.0737999975681305,0.6173999905586243
YDR226W,Cytoplasm,,Soluble,0.7770000100135803,0.4000000059604645,0.1071000024676323,0.22169999778270721,0.5490000247955322,0.07419999688863754,0.04529999941587448,0.08889999985694885,0.05590000003576279,0.014800000004470348,0.3571000099182129,0.007199999876320362,0.09390000253915787,0.9158999919891357
YDR231C,Mitochondrion,Mitochondrial transit peptide,Transmembrane,0.05959999933838844,0.2304999977350235,0.01769999973475933,0.042399998754262924,0.9032999873161316,0.16380000114440918,0.2906999886035919,0.22290000319480896,0.16859999299049377,0.07639999687671661,0.19429999589920044,0.9688000082969666,0.00559999980032444,0.14319999516010284
YDR232W,Mitochondrion,Mitochondrial transit peptide,Peripheral|Soluble,0.18320000171661377,0.13809999823570251,0.0551999993622303,0.053300000727176666,0.9273999929428101,0.016899999231100082,0.051500000059604645,0.06080000102519989,0.07590000331401825,0.020600000396370888,0.6880999803543091,0.057100001722574234,0.03319999948143959,0.5723999738693237
YDR234W,Cytoplasm|Mitochondrion,Mitochondrial transit peptide|Peroxisomal targeting signal,Peripheral|Soluble,0.47909998893737793,0.22550000250339508,0.08730000257492065,0.009999999776482582,0.7376000285148621,0.03060000017285347,0.06939999759197235,0.013100000098347664,0.024800000712275505,0.13449999690055847,0.667900025844574,0.07159999758005142,0.041600000113248825,0.5626000165939331
YDR236C,Endoplasmic reticulum,,Transmembrane,0.33889999985694885,0.3203999996185303,0.09780000150203705,0.1599999964237213,0.4214000105857849,0.06310000270605087,0.5961999893188477,0.41449999809265137,0.1534000039100647,0.10350000113248825,0.2937999963760376,0.6836000084877014,0.08889999985694885,0.3467000126838684
YDR242W,Cytoplasm,Nuclear localization signal,Soluble,0.7046999931335449,0.4465999901294708,0.04859999939799309,0.015300000086426735,0.38690000772476196,0.012799999676644802,0.3303000032901764,0.26019999384880066,0.29409998655319214,0.030400000512599945,0.36570000648498535,0.053599998354911804,0.03220000118017197,0.770799994468689
YDR248C,Cytoplasm|Nucleus,Nuclear localization signal,Soluble,0.7307000160217285,0.6521000266075134,0.02160000056028366,0.02930000051856041,0.20890000462532043,0.002899999963119626,0.13830000162124634,0.14180000126361847,0.19099999964237213,0.08410000056028366,0.35030001401901245,0.02710000053048134,0.0681999996304512,0.8472999930381775
YDR256C,Cytoplasm|Peroxisome,Peroxisomal targeting signal,Soluble,0.4986000061035156,0.1339000016450882,0.05350000038743019,0.17030000686645508,0.27889999747276306,0.012000000104308128,0.22689999639987946,0.23970000445842743,0.2822999954223633,0.9815000295639038,0.31220000982284546,0.05460000038146973,0.019999999552965164,0.8306000232696533
YDR261C,Extracellular,,Lipid anchor,0.11129999905824661,0.08470000326633453,0.7730000019073486,0.4212999939918518,0.07419999688863754,0.006099999882280827,0.38119998574256897,0.1860000044107437,0.26589998602867126,0.00800000037997961,0.19589999318122864,0.3398999869823456,0.9628000259399414,0.44690001010894775
YDR268W,Mitochondrion,Mitochondrial transit peptide,Peripheral|Soluble,0.155799999833107,0.11190000176429749,0.03840000182390213,0.029899999499320984,0.9599000215530396,0.09210000187158585,0.0494999997317791,0.03920000046491623,0.0560000017285347,0.013700000010430813,0.6915000081062317,0.05260000005364418,0.03790000081062317,0.6126000285148621
YDR270W,Lysosome/Vacuole,Signal peptide|Transmembrane domain,Transmembrane,0.25850000977516174,0.13289999961853027,0.015200000256299973,0.3273000121116638,0.12110000103712082,0.004900000058114529,0.4480000138282776,0.8077999949455261,0.6669999957084656,0.06759999692440033,0.05460000038146973,0.9925000071525574,0.015799999237060547,0.12219999730587006
YDR272W,Cytoplasm|Nucleus,Nuclear localization signal,Soluble,0.6046000123023987,0.6395000219345093,0.014399999752640724,0.02539999969303608,0.3637000024318695,0.005499999970197678,0.2150000035762787,0.03099999949336052,0.05550000071525574,0.008299999870359898,0.3303999900817871,0.021800000220537186,0.030799999833106995,0.8622999787330627
YDR284C,Endoplasmic reticulum|Lysosome/Vacuole,Signal peptide|Transmembrane domain,Transmembrane,0.10719999670982361,0.18860000371932983,0.06780000030994415,0.25769999623298645,0.16369999945163727,0.0071000000461936,0.6484000086784363,0.5669000148773193,0.4618000090122223,0.015200000256299973,0.044599998742341995,0.9930999875068665,0.018400000408291817,0.13770000636577606
YDR287W,Cytoplasm,,Soluble,0.8176000118255615,0.4092999994754791,0.033399999141693115,0.04430000111460686,0.10949999839067459,0.004399999976158142,0.06549999862909317,0.18950000405311584,0.11670000106096268,0.04280000180006027,0.2912999987602234,0.0364999994635582,0.059700001031160355,0.8605999946594238
YDR294C,Endoplasmic reticulum,Peroxisomal targeting signal,Transmembrane,0.3107999861240387,0.18539999425411224,0.03180000185966492,0.08269999921321869,0.31040000915527344,0.03739999979734421,0.8468000292778015,0.11479999870061874,0.15950000286102295,0.3499000072479248,0.3091999888420105,0.9341999888420105,0.02329999953508377,0.15719999372959137
YDR297W,Endoplasmic reticulum,Signal peptide|Transmembrane domain,Transmembrane,0.14569999277591705,0.1136000007390976,0.02539999969303608,0.09529999643564224,0.22849999368190765,0.018400000408291817,0.954800009727478,0.15309999883174896,0.2815999984741211,0.006899999920278788,0.1469999998807907,0.9771000146865845,0.004000000189989805,0.12919999659061432
YDR298C,Mitochondrion,Mitochondrial transit peptide,Peripheral|Soluble,0.22110000252723694,0.0632999986410141,0.01769999973475933,0.04800000041723251,0.9811000227928162,0.27619999647140503,0.03139999881386757,0.07000000029802322,0.046300001442432404,0.010900000110268593,0.6995999813079834,0.04540000110864639,0.029600000008940697,0.640999972820282
YDR300C,Cytoplasm,,Soluble,0.6956999897956848,0.4339999854564667,0.030899999663233757,0.08079999685287476,0.13699999451637268,0.00860000029206276,0.031700000166893005,0.049400001764297485,0.042100001126527786,0.010900000110268593,0.305400013923645,0.05420000106096268,0.04340000078082085,0.8108000159263611
YDR302W,Endoplasmic reticulum,Signal peptide|Transmembrane domain,Transmembrane,0.1356000006198883,0.3772999942302704,0.020899999886751175,0.11050000041723251,0.322299987077713,0.01269999984651804,0.8531000018119812,0.4465000033378601,0.5277000069618225,0.02930000051856041,0.05550000071525574,0.9890000224113464,0.03849999979138374,0.164900004863739
YDR305C,Nucleus|Peroxisome,Peroxisomal targeting signal,Soluble,0.4374000132083893,0.5292999744415283,0.004800000227987766,0.06800000369548798,0.5151000022888184,0.07329999655485153,0.17919999361038208,0.19380000233650208,0.08020000159740448,0.79830002784729,0.4018999934196472,0.039400000125169754,0.030300000682473183,0.8206999897956848
YDR315C,Cytoplasm|Nucleus,Nuclear localization signal,Soluble,0.5892000198364258,0.7368999719619751,0.06669999659061432,0.17980000376701355,0.392300009727478,0.0007999999797903001,0.2362000048160553,0.23489999771118164,0.10180000215768814,0.0027000000700354576,0.460099995136261,0.05040000006556511,0.03150000050663948,0.7893000245094299
YDR321W,Cytoplasm,Nuclear localization signal,Peripheral|Soluble,0.8277000188827515,0.3474000096321106,0.01759999990463257,0.14579999446868896,0.17270000278949738,0.020899999886751175,0.21930000185966492,0.24160000681877136,0.20010000467300415,0.002300000051036477,0.6468999981880188,0.03350000083446503,0.03669999912381172,0.7799999713897705
YDR322C-A,Mitochondrion,Mitochondrial transit peptide,Transmembrane,0.07840000092983246,0.07819999754428864,0.04179999977350235,0.06689999997615814,0.9413999915122986,0.03400000184774399,0.23080000281333923,0.18060000240802765,0.10329999774694443,0.20589999854564667,0.37470000982284546,0.8903999924659729,0.006800000090152025,0.18019999563694
YDR341C,Cytoplasm,,Soluble,0.6424999833106995,0.2768000066280365,0.20239999890327454,0.054999999701976776,0.3781000077724457,0.1193000003695488,0.05920000001788139,0.288100004196167,0.07429999858140945,0.01600000075995922,0.3799999952316284,0.05730000138282776,0.13289999961853027,0.7549999952316284
YDR342C,Cell membrane,Transmembrane domain,Transmembrane,0.10779999941587448,0.13410000503063202,0.09690000116825104,0.6991000175476074,0.15119999647140503,0.016699999570846558,0.17630000412464142,0.32440000772476196,0.4083999991416931,0.017100000753998756,0.01679999940097332,0.9952999949455261,0.0272000003606081,0.16210000216960907
YDR343C,Cell membrane,Transmembrane domain,Transmembrane,0.10949999839067459,0.13359999656677246,0.09700000286102295,0.694100022315979,0.1526000052690506,0.01679999940097332,0.1770000010728836,0.3224000036716461,0.4075999855995178,0.016899999231100082,0.01679999940097332,0.995199978351593,0.027000000700354576,0.1624000072479248
YDR345C,Cell membrane,Transmembrane domain,Transmembrane,0.14640000462532043,0.15150000154972076,0.0778999999165535,0.6492999792098999,0.18279999494552612,0.013199999928474426,0.21310000121593475,0.40540000796318054,0.4244000017642975,0.026599999517202377,0.01510000042617321,0.9954000115394592,0.028599999845027924,0.16410000622272491
YDR352W,Lysosome/Vacuole,Signal peptide|Transmembrane domain,Transmembrane,0.12160000205039978,0.12389999628067017,0.023099999874830246,0.13130000233650208,0.18850000202655792,0.002300000051036477,0.45509999990463257,0.8952999711036682,0.4072999954223633,0.12520000338554382,0.08160000294446945,0.9902999997138977,0.0215000007301569,0.10170000046491623
YDR353W,Cytoplasm,,Soluble,0.6421999931335449,0.43779999017715454,0.07999999821186066,0.18610000610351562,0.4332999885082245,0.02019999921321869,0.07590000331401825,0.08330000191926956,0.033900000154972076,0.07490000128746033,0.3799999952316284,0.0203000009059906,0.0649000033736229,0.8467000126838684
YDR354W,Cytoplasm,Peroxisomal targeting signal,Soluble,0.6996999979019165,0.4472000002861023,0.004399999976158142,0.07249999791383743,0.3610000014305115,0.0006000000284984708,0.28690001368522644,0.3797999918460846,0.19580000638961792,0.275299996137619,0.4564000070095062,0.06080000102519989,0.0348999984562397,0.7401000261306763
YDR367W,Endoplasmic reticulum,Signal peptide|Transmembrane domain,Transmembrane,0.17839999496936798,0.16140000522136688,0.09319999814033508,0.20759999752044678,0.24799999594688416,0.009100000374019146,0.6420000195503235,0.43560001254081726,0.6122999787330627,0.01549999974668026,0.06759999692440033,0.9807000160217285,0.030400000512599945,0.17579999566078186
YDR368W,Cytoplasm,Nuclear localization signal,Soluble,0.7314000129699707,0.40560001134872437,0.04349999874830246,0.07930000126361847,0.14560000598430634,0.09510000050067902,0.14920000731945038,0.14589999616146088,0.08169999718666077,0.006099999882280827,0.3034999966621399,0.014299999922513962,0.043699998408555984,0.8791000247001648
YDR371W,Lysosome/Vacuole|Golgi apparatus,Signal peptide|Transmembrane domain,Transmembrane,0.21770000457763672,0.17249999940395355,0.3431999981403351,0.3181999921798706,0.07880000025033951,0.014700000174343586,0.3991999924182892,0.5978999733924866,0.6797000169754028,0.05939999967813492,0.12620000541210175,0.9555000066757202,0.03060000017285347,0.19920000433921814
YDR373W,Cytoplasm|Cell membrane,Nuclear export signal,Peripheral|Lipid anchor|Soluble,0.7044000029563904,0.21619999408721924,0.04270000010728836,0.6144000291824341,0.1800999939441681,0.03539999946951866,0.3756999969482422,0.4729999899864197,0.4221999943256378,0.0066999997943639755,0.7225000262260437,0.014100000262260437,0.7681000232696533,0.5730999708175659
YDR376W,Mitochondrion,Mitochondrial transit peptide,Peripheral|Soluble,0.22699999809265137,0.14650000631809235,0.03579999879002571,0.024800000712275505,0.9125000238418579,0.03400000184774399,0.03280000016093254,0.052799999713897705,0.039500001817941666,0.08380000293254852,0.6699000000953674,0.05829999968409538,0.02590000070631504,0.592199981212616
YDR377W,Mitochondrion,Mitochondrial transit peptide,Transmembrane,0.12680000066757202,0.0786999985575676,0.017999999225139618,0.044599998742341995,0.9491999745368958,0.02800000086426735,0.09960000216960907,0.03269999846816063,0.04639999940991402,0.02879999950528145,0.27399998903274536,0.9649999737739563,0.01119999960064888,0.11969999969005585
YDR380W,Cytoplasm|Nucleus,Nuclear localization signal,Soluble,0.771399974822998,0.8125,0.01730000041425228,0.01940000057220459,0.22370000183582306,0.005799999926239252,0.028300000354647636,0.043800000101327896,0.051100000739097595,0.019899999722838402,0.4564000070095062,0.04470000043511391,0.03229999914765358,0.7444999814033508
YDR384C,Golgi apparatus,Transmembrane domain,Transmembrane,0.23839999735355377,0.13459999859333038,0.042899999767541885,0.4830999970436096,0.061799999326467514,0.0027000000700354576,0.5594000220298767,0.5539000034332275,0.659600019454956,0.0008999999845400453,0.0333000011742115,0.9916999936103821,0.0430000014603138,0.1648000031709671
YDR387C,Lysosome/Vacuole,Transmembrane domain,Transmembrane,0.15109999477863312,0.13030000030994415,0.02449999935925007,0.42559999227523804,0.21930000185966492,0.008200000040233135,0.17710000276565552,0.573199987411499,0.4918000102043152,0.03099999949336052,0.028599999845027924,0.9945999979972839,0.049800001084804535,0.12359999865293503
YDR399W,Cytoplasm|Nucleus,Nuclear localization signal,Soluble,0.7034000158309937,0.5432000160217285,0.3066999912261963,0.06080000102519989,0.1388999968767166,0.009999999776482582,0.1768999993801117,0.05550000071525574,0.07280000299215317,0.016699999570846558,0.3880000114440918,0.02979999966919422,0.06930000334978104,0.8364999890327454
YDR400W,Cytoplasm|Mitochondrion,Peroxisomal targeting signal,Soluble,0.7870000004768372,0.36800000071525574,0.023800000548362732,0.16169999539852142,0.6708999872207642,0.02500000037252903,0.397599995136261,0.36800000071525574,0.14419999718666077,0.1225999966263771,0.40540000796318054,0.04670000076293945,0.03229999914765358,0.8022000193595886
YDR402C,Endoplasmic reticulum,Signal peptide|Transmembrane domain,Transmembrane,0.2003999948501587,0.10779999941587448,0.20999999344348907,0.10289999842643738,0.17679999768733978,0.044199999421834946,0.9416000247001648,0.15770000219345093,0.35899999737739563,0.00930000003427267,0.39989998936653137,0.9039000272750854,0.02590000070631504,0.18310000002384186
YDR403W,Cytoplasm|Nucleus,Nuclear localization signal,Soluble,0.7430999875068665,0.7391999959945679,0.023099999874830246,0.03620000183582306,0.28450000286102295,0.12060000002384186,0.11959999799728394,0.12020000070333481,0.25839999318122864,0.044199999421834946,0.44179999828338623,0.1370999962091446,0.024299999698996544,0.6919000148773193
YDR408C,Cytoplasm|Nucleus,Peroxisomal targeting signal,Soluble,0.7016000151634216,0.7811999917030334,0.011900000274181366,0.02329999953508377,0.3154999911785126,0.019099999219179153,0.07079999893903732,0.02419999986886978,0.06650000065565109,0.18320000171661377,0.36250001192092896,0.01489999983459711,0.09350000321865082,0.8840000033378601
YDR428C,Cytoplasm|Nucleus,,Soluble,0.7177000045776367,0.5347999930381775,0.03420000150799751,0.041600000113248825,0.3222000002861023,0.010700000450015068,0.2037999927997589,0.42320001125335693,0.24570000171661377,0.0066999997943639755,0.3361000120639801,0.06840000301599503,0.019999999552965164,0.7943000197410583
YDR437W,Lysosome/Vacuole,Transmembrane domain,Transmembrane,0.21160000562667847,0.14970000088214874,0.07509999722242355,0.36309999227523804,0.44830000400543213,0.07819999754428864,0.5268999934196472,0.5134000182151794,0.2395000010728836,0.01269999984651804,0.26030001044273376,0.9696000218391418,0.0877000018954277,0.1590999960899353
YDR441C,Cytoplasm,,Soluble,0.5184999704360962,0.27799999713897705,0.25279998779296875,0.10610000044107437,0.22259999811649323,0.012299999594688416,0.22450000047683716,0.1462000012397766,0.12160000205039978,0.004699999932199717,0.33059999346733093,0.020800000056624413,0.06930000334978104,0.8701000213623047
YDR452W,Lysosome/Vacuole|Golgi apparatus,Signal peptide|Transmembrane domain,Transmembrane,0.1941000074148178,0.18870000541210175,0.30640000104904175,0.1615999937057495,0.1876000016927719,0.02850000001490116,0.5788000226020813,0.5648999810218811,0.8237000107765198,0.0357000008225441,0.18289999663829803,0.9359999895095825,0.033900000154972076,0.1923000067472458
YDR453C,Cytoplasm,,Soluble,0.9017000198364258,0.2554999887943268,0.3734000027179718,0.24940000474452972,0.3328000009059906,0.013199999928474426,0.18330000340938568,0.11879999935626984,0.14480000734329224,0.1404999941587448,0.46709999442100525,0.0142000000923872,0.21089999377727509,0.828499972820282
YDR454C,Cytoplasm|Nucleus,Nuclear localization signal,Soluble,0.7508000135421753,0.5942999720573425,0.010599999688565731,0.09040000289678574,0.13600000739097595,0.0778999999165535,0.05220000073313713,0.0625,0.09350000321865082,0.0038999998942017555,0.32019999623298645,0.0071000000461936,0.10819999873638153,0.9129999876022339
YDR456W,Lysosome/Vacuole,Transmembrane domain,Transmembrane,0.0940999984741211,0.08720000088214874,0.01679999940097332,0.34470000863075256,0.12049999833106995,0.0052999998442828655,0.36910000443458557,0.6952999830245972,0.4659000039100647,0.01360000018030405,0.09080000221729279,0.9915000200271606,0.039900001138448715,0.09480000287294388
YDR481C,Lysosome/Vacuole|Golgi apparatus,Signal peptide|Transmembrane domain,Transmembrane,0.181099995970726,0.12639999389648438,0.12269999831914902,0.24330000579357147,0.10970000177621841,0.010900000110268593,0.5169000029563904,0.7319999933242798,0.6791999936103821,0.062199998646974564,0.10750000178813934,0.972000002861023,0.03200000151991844,0.18119999766349792
YDR483W,Golgi apparatus,Signal peptide|Transmembrane domain,Transmembrane,0.13910000026226044,0.09269999712705612,0.22210000455379486,0.1615999937057495,0.11289999634027481,0.006099999882280827,0.5195000171661377,0.3529999852180481,0.9463000297546387,0.02539999969303608,0.11810000240802765,0.9496999979019165,0.010900000110268593,0.22370000183582306
YDR487C,Cytoplasm|Nucleus|Mitochondrion,Nuclear localization signal,Soluble,0.7763000130653381,0.695900022983551,0.025800000876188278,0.04019999876618385,0.6766999959945679,0.003700000001117587,0.0406000018119812,0.17399999499320984,0.061500001698732376,0.04280000180006027,0.4352000057697296,0.012500000186264515,0.07450000196695328,0.8738999962806702
YDR497C,Cell membrane,Transmembrane domain,Transmembrane,0.120899997651577,0.16019999980926514,0.03319999948143959,0.6747999787330627,0.20309999585151672,0.013199999928474426,0.1582999974489212,0.4713999927043915,0.39410001039505005,0.03739999979734421,0.03240000084042549,0.9936000108718872,0.052799999713897705,0.11479999870061874
YDR502C,Cytoplasm,Peroxisomal targeting signal,Soluble,0.6132000088691711,0.5274999737739563,0.03060000017285347,0.007400000002235174,0.20469999313354492,0.03909999877214432,0.053300000727176666,0.02419999986886978,0.03359999880194664,0.3889999985694885,0.31709998846054077,0.02250000089406967,0.07859999686479568,0.8629000186920166
YDR503C,Lysosome/Vacuole,Signal peptide|Transmembrane domain,Transmembrane,0.10419999808073044,0.17229999601840973,0.04830000177025795,0.249099999666214,0.16830000281333923,0.020099999383091927,0.5404999852180481,0.5569000244140625,0.5496000051498413,0.009800000116229057,0.08910000324249268,0.987500011920929,0.01889999955892563,0.1315000057220459
YDR508C,Cell membrane,Transmembrane domain,Transmembrane,0.19660000503063202,0.10849999636411667,0.014600000344216824,0.625,0.1826000064611435,0.005100000184029341,0.38429999351501465,0.4902999997138977,0.5454000234603882,0.004000000189989805,0.03929999843239784,0.992900013923645,0.02019999921321869,0.11180000007152557
YDR513W,Endoplasmic reticulum,,Transmembrane,0.3037000000476837,0.24809999763965607,0.07900000363588333,0.1891999989748001,0.3547999858856201,0.10130000114440918,0.7002999782562256,0.3472999930381775,0.2948000133037567,0.07559999823570251,0.26170000433921814,0.7609000205993652,0.07609999924898148,0.28139999508857727
YDR516C,Cytoplasm|Nucleus,Nuclear localization signal|Nuclear export signal,Soluble,0.6880999803543091,0.7214000225067139,0.007499999832361937,0.025800000876188278,0.6270999908447266,0.003800000064074993,0.05920000001788139,0.07450000196695328,0.05040000006556511,0.003000000026077032,0.5647000074386597,0.053300000727176666,0.04899999871850014,0.692300021648407
YDR529C,Mitochondrion,Mitochondrial transit peptide,Peripheral|Soluble,0.3718000054359436,0.22020000219345093,0.08349999785423279,0.08910000324249268,0.935699999332428,0.041999999433755875,0.2508000135421753,0.0934000015258789,0.1542000025510788,0.04470000043511391,0.6578999757766724,0.14920000731945038,0.032099999487400055,0.5171999931335449
YDR530C,Cytoplasm|Nucleus,Nuclear localization signal|Peroxisomal targeting signal,Soluble,0.600600004196167,0.715499997138977,0.024800000712275505,0.0284000001847744,0.2531999945640564,0.009499999694526196,0.09369999915361404,0.04670000076293945,0.08169999718666077,0.274399995803833,0.41589999198913574,0.06129999831318855,0.03579999879002571,0.7766000032424927
YDR531W,Cytoplasm|Nucleus,Nuclear localization signal,Peripheral|Soluble,0.4821000099182129,0.6054999828338623,0.0015999999595806003,0.25540000200271606,0.29159998893737793,0.006200000178068876,0.05860000103712082,0.148499995470047,0.1754000037908554,0.007699999958276749,0.732699990272522,0.08089999854564667,0.062199998646974564,0.551800012588501
YDR533C,Cytoplasm,,Soluble,0.7860000133514404,0.3837999999523163,0.2809000015258789,0.09529999643564224,0.37209999561309814,0.25380000472068787,0.10249999910593033,0.024399999529123306,0.042100001126527786,0.03229999914765358,0.3167000114917755,0.04569999873638153,0.018799999728798866,0.8179000020027161
YDR536W,Cell membrane,Transmembrane domain,Transmembrane,0.10130000114440918,0.12950000166893005,0.13079999387264252,0.5806000232696533,0.13349999487400055,0.00430000014603138,0.14499999582767487,0.483599990606308,0.400299996137619,0.005499999970197678,0.017400000244379044,0.989799976348877,0.01979999989271164,0.22020000219345093
YDR538W,Mitochondrion,Mitochondrial transit peptide,Peripheral|Soluble,0.3465000092983246,0.23690000176429749,0.038100000470876694,0.11919999867677689,0.8203999996185303,0.13989999890327454,0.06679999828338623,0.04390000179409981,0.04729999974370003,0.01759999990463257,0.6704000234603882,0.10339999943971634,0.0681999996304512,0.5882999897003174
YDR539W,Cytoplasm,Nuclear localization signal,Soluble,0.7702999711036682,0.5034000277519226,0.026599999517202377,0.08739999681711197,0.13600000739097595,0.002899999963119626,0.060100000351667404,0.17020000517368317,0.17030000686645508,0.002199999988079071,0.4235999882221222,0.0738999992609024,0.04490000009536743,0.767300009727478
YEL004W,Golgi apparatus,Transmembrane domain,Transmembrane,0.10740000009536743,0.29919999837875366,0.009600000455975533,0.08860000222921371,0.24050000309944153,0.005799999926239252,0.6238999962806702,0.20270000398159027,0.7558000087738037,0.01080000028014183,0.10610000044107437,0.9837999939918518,0.04479999840259552,0.12470000237226486
YEL006W,Mitochondrion,Transmembrane domain|Mitochondrial transit peptide,Transmembrane,0.12449999898672104,0.0697999969124794,0.003800000064074993,0.1720999926328659,0.8816999793052673,0.015599999576807022,0.18970000743865967,0.12809999287128448,0.0746999979019165,0.04960000142455101,0.2337999939918518,0.9064000248908997,0.009800000116229057,0.20160000026226044
YEL017C-A,Cell membrane|Endoplasmic reticulum,Signal peptide|Transmembrane domain,Transmembrane,0.17560000717639923,0.1559000015258789,0.3621000051498413,0.5275999903678894,0.31619998812675476,0.025499999523162842,0.6432999968528748,0.5590999722480774,0.34040001034736633,0.011900000274181366,0.1589999943971634,0.9732000231742859,0.31029999256134033,0.14990000426769257
YEL021W,Cytoplasm,,Soluble,0.8482999801635742,0.36660000681877136,0.01119999960064888,0.05660000070929527,0.32580000162124634,0.011099999770522118,0.09470000118017197,0.4004000127315521,0.1979999989271164,0.0027000000700354576,0.446399986743927,0.01140000019222498,0.042100001126527786,0.8870999813079834
YEL024W,Mitochondrion,Mitochondrial transit peptide,Transmembrane,0.14300000667572021,0.06210000067949295,0.023499999195337296,0.03759999945759773,0.9544000029563904,0.20309999585151672,0.1459999978542328,0.0210999995470047,0.11649999767541885,0.1324000060558319,0.5993000268936157,0.7418000102043152,0.007799999788403511,0.19099999964237213
YEL027W,Cell membrane|Lysosome/Vacuole,Transmembrane domain,Transmembrane,0.1573999971151352,0.08739999681711197,0.03779999911785126,0.8267999887466431,0.16539999842643738,0.003000000026077032,0.46219998598098755,0.6830000281333923,0.3476000130176544,0.006099999882280827,0.11490000039339066,0.9293000102043152,0.15870000422000885,0.24199999868869781
YEL029C,Cytoplasm|Nucleus,,Soluble,0.7045000195503235,0.7932000160217285,0.04179999977350235,0.026100000366568565,0.1501999944448471,0.0032999999821186066,0.08820000290870667,0.1776999980211258,0.05009999871253967,0.11169999837875366,0.3508000075817108,0.031099999323487282,0.0284000001847744,0.8361999988555908
YEL031W,Endoplasmic reticulum,Signal peptide|Transmembrane domain,Transmembrane,0.2102999985218048,0.08959999680519104,0.012199999764561653,0.2937999963760376,0.10000000149011612,0.00559999980032444,0.7583000063896179,0.5156000256538391,0.47609999775886536,0.00279999990016222,0.1006999984383583,0.9876999855041504,0.010099999606609344,0.12049999833106995
YEL038W,Cytoplasm|Nucleus,Nuclear localization signal,Soluble,0.6873999834060669,0.6079999804496765,0.05530000105500221,0.07419999688863754,0.3273000121116638,0.002099999925121665,0.2526000142097473,0.13289999961853027,0.06340000033378601,0.03530000150203705,0.34450000524520874,0.02889999933540821,0.029400000348687172,0.8342999815940857
YEL039C,Mitochondrion,Mitochondrial transit peptide,Soluble,0.33239999413490295,0.19509999454021454,0.5126000046730042,0.2303999960422516,0.6381000280380249,0.08209999650716782,0.02019999921321869,0.2538999915122986,0.1647000014781952,0.013399999588727951,0.42980000376701355,0.010200000368058681,0.1216999962925911,0.8831999897956848
YEL041W,Cytoplasm,,Soluble,0.6564000248908997,0.4706999957561493,0.010499999858438969,0.302700012922287,0.16619999706745148,0.004100000020116568,0.10440000146627426,0.21719999611377716,0.2808000147342682,0.010999999940395355,0.5819000005722046,0.06289999932050705,0.07649999856948853,0.7131999731063843
YEL042W,Golgi apparatus,Signal peptide|Transmembrane domain,Transmembrane,0.20679999887943268,0.10130000114440918,0.28060001134872437,0.1597999930381775,0.11969999969005585,0.009800000116229057,0.5726000070571899,0.32589998841285706,0.8853999972343445,0.05180000141263008,0.1793999969959259,0.8743000030517578,0.024800000712275505,0.28870001435279846
YEL046C,Cytoplasm,Peroxisomal targeting signal,Soluble,0.6901000142097473,0.34630000591278076,0.01720000058412552,0.05950000137090683,0.3206000030040741,0.0608999989926815,0.05530000105500221,0.10040000081062317,0.03700000047683716,0.20100000500679016,0.3849000036716461,0.03550000116229057,0.04390000179409981,0.8234000205993652
YEL047C,Cytoplasm,,Soluble,0.6897000074386597,0.3846000134944916,0.060600001364946365,0.019700000062584877,0.44850000739097595,0.031099999323487282,0.06830000132322311,0.16269999742507935,0.07660000026226044,0.06120000034570694,0.45750001072883606,0.02930000051856041,0.035599999129772186,0.8039000034332275
YEL051W,Cytoplasm,,Soluble,0.5947999954223633,0.30640000104904175,0.10570000112056732,0.10819999873638153,0.1704999953508377,0.0024999999441206455,0.1459999978542328,0.4399000108242035,0.13740000128746033,0.00559999980032444,0.5414999723434448,0.03500000014901161,0.06210000067949295,0.7601000070571899
YEL058W,Cytoplasm|Nucleus,Nuclear localization signal|Nuclear export signal,Soluble,0.8115000128746033,0.5329999923706055,0.07410000264644623,0.015200000256299973,0.22349999845027924,0.003000000026077032,0.19300000369548798,0.09430000185966492,0.2054000049829483,0.0017000000225380063,0.491100013256073,0.019099999219179153,0.05260000005364418,0.8436999917030334
YEL063C,Cell membrane,Transmembrane domain,Transmembrane,0.12680000066757202,0.10660000145435333,0.0210999995470047,0.663100004196167,0.13099999725818634,0.010900000110268593,0.3285999894142151,0.4634999930858612,0.5067999958992004,0.0035000001080334187,0.031099999323487282,0.9969000220298767,0.015399999916553497,0.09430000185966492
YEL066W,Cytoplasm,Nuclear localization signal,Soluble,0.6851999759674072,0.4758000075817108,0.09390000253915787,0.0632999986410141,0.31949999928474426,0.041099999099969864,0.20469999313354492,0.1687999963760376,0.26179999113082886,0.0340999998152256,0.5386000275611877,0.022299999371170998,0.0215000007301569,0.8334000110626221
YEL069C,Cell membrane,Transmembrane domain,Transmembrane,0.1573999971151352,0.14470000565052032,0.09099999815225601,0.5562999844551086,0.15569999814033508,0.01759999990463257,0.23729999363422394,0.397599995136261,0.4115000069141388,0.024399999529123306,0.014299999922513962,0.9962000250816345,0.027699999511241913,0.1581999957561493
YEL070W,Cytoplasm,,Soluble,0.7919999957084656,0.40220001339912415,0.04390000179409981,0.12189999967813492,0.545199990272522,0.00930000003427267,0.06849999725818634,0.12610000371932983,0.10369999706745148,0.005200000014156103,0.5264999866485596,0.0551999993622303,0.010700000450015068,0.7396000027656555
YEL071W,Cytoplasm,,Soluble,0.8637999892234802,0.3319999873638153,0.1615000069141388,0.05389999970793724,0.3447999954223633,0.007199999876320362,0.06080000102519989,0.1200999990105629,0.025699999183416367,0.10819999873638153,0.30079999566078186,0.02590000070631504,0.03920000046491623,0.8640999794006348
YER003C,Cytoplasm,Nuclear localization signal,Soluble,0.7940000295639038,0.36090001463890076,0.23999999463558197,0.09589999914169312,0.33559998869895935,0.09160000085830688,0.08089999854564667,0.01730000041425228,0.3555999994277954,0.0008999999845400453,0.5094000101089478,0.022700000554323196,0.05590000003576279,0.8190000057220459
YER005W,Golgi apparatus,Signal peptide|Transmembrane domain,Transmembrane,0.18729999661445618,0.21250000596046448,0.03610000014305115,0.2125999927520752,0.11169999837875366,0.008100000210106373,0.5746999979019165,0.30399999022483826,0.6661999821662903,0.24469999969005585,0.1695999950170517,0.9713000059127808,0.15710000693798065,0.0982000008225441
YER010C,Cytoplasm|Nucleus,Nuclear localization signal,Soluble,0.6492000222206116,0.6532999873161316,0.09769999980926514,0.01769999973475933,0.07249999791383743,0.004600000102072954,0.05290000140666962,0.011800000444054604,0.04809999838471413,0.07119999825954437,0.414000004529953,0.023399999365210533,0.04149999842047691,0.8561999797821045
YER014W,Mitochondrion,Mitochondrial transit peptide,Peripheral,0.26409998536109924,0.0714000016450882,0.19769999384880066,0.060499999672174454,0.9320999979972839,0.1256999969482422,0.07490000128746033,0.11420000344514847,0.08810000121593475,0.14000000059604645,0.8819000124931335,0.2142000049352646,0.027699999511241913,0.2280000001192093
YER015W,Nucleus|Peroxisome,Peroxisomal targeting signal,Peripheral|Soluble,0.3052999973297119,0.5921000242233276,0.007699999958276749,0.043299999088048935,0.5741000175476074,0.0038999998942017555,0.4472000002861023,0.06279999762773514,0.03009999915957451,0.9710999727249146,0.6588000059127808,0.06159999966621399,0.029100000858306885,0.6075000166893005
YER019W,Endoplasmic reticulum|Golgi apparatus,Signal peptide|Transmembrane domain,Transmembrane,0.20430000126361847,0.23579999804496765,0.029200000688433647,0.14890000224113464,0.1289999932050705,0.04560000076889992,0.8414999842643738,0.3357999920845032,0.8410000205039978,0.00860000029206276,0.09589999914169312,0.9887999892234802,0.06379999965429306,0.12610000371932983
YER023W,Cytoplasm,Peroxisomal targeting signal,Soluble,0.6211000084877014,0.2849000096321106,0.012400000356137753,0.07760000228881836,0.6105999946594238,0.02800000086426735,0.12540000677108765,0.14020000398159027,0.052299998700618744,0.4876999855041504,0.41620001196861267,0.019099999219179153,0.07280000299215317,0.8460999727249146
YER024W,Cytoplasm,,Peripheral|Soluble,0.7415000200271606,0.30059999227523804,0.04470000043511391,0.10999999940395355,0.22419999539852142,0.01080000028014183,0.1145000010728836,0.09920000284910202,0.2003999948501587,0.01209999993443489,0.6456000208854675,0.09969999641180038,0.03150000050663948,0.6046000123023987
YER026C,Mitochondrion|Golgi apparatus,Transmembrane domain|Mitochondrial transit peptide,Transmembrane,0.2574999928474426,0.20649999380111694,0.07190000265836716,0.23019999265670776,0.6690999865531921,0.04650000110268593,0.48260000348091125,0.44940000772476196,0.7853000164031982,0.06459999829530716,0.11469999700784683,0.968500018119812,0.02630000002682209,0.1906999945640564
YER037W,Cytoplasm,,Soluble,0.6545000076293945,0.3375999927520752,0.06480000168085098,0.06350000202655792,0.4138999879360199,0.008700000122189522,0.09009999781847,0.1225999966263771,0.09099999815225601,0.0835999995470047,0.5396000146865845,0.041600000113248825,0.043699998408555984,0.723800003528595
YER042W,Cytoplasm,Peroxisomal targeting signal,Soluble,0.782800018787384,0.40639999508857727,0.10350000113248825,0.023499999195337296,0.5737000107765198,0.019200000911951065,0.03350000083446503,0.18369999527931213,0.14790000021457672,0.5454000234603882,0.2734000086784363,0.035999998450279236,0.03139999881386757,0.8217999935150146
YER043C,Cytoplasm,,Soluble,0.8906000256538391,0.3702000081539154,0.040300000458955765,0.125900000333786,0.39579999446868896,0.016499999910593033,0.26350000500679016,0.22579999268054962,0.0966000035405159,0.010599999688565731,0.43290001153945923,0.019099999219179153,0.09629999846220016,0.8417999744415283
YER052C,Cytoplasm,Peroxisomal targeting signal,Soluble,0.5437999963760376,0.4002000093460083,0.058400001376867294,0.06549999862909317,0.2321999967098236,0.03189999982714653,0.3546000123023987,0.21539999544620514,0.09210000187158585,0.16940000653266907,0.3950999975204468,0.10740000009536743,0.07540000230073929,0.7271000146865845
YER053C,Mitochondrion,Transmembrane domain|Mitochondrial transit peptide,Transmembrane,0.1776999980211258,0.07880000025033951,0.0066999997943639755,0.11620000004768372,0.8851000070571899,0.022099999710917473,0.3278999924659729,0.06369999796152115,0.08500000089406967,0.04390000179409981,0.13779999315738678,0.9599999785423279,0.020099999383091927,0.1817999929189682
YER055C,Cytoplasm,,Soluble,0.5169000029563904,0.30160000920295715,0.028699999675154686,0.23559999465942383,0.38760000467300415,0.10620000213384628,0.08190000057220459,0.20720000565052032,0.07530000060796738,0.0071000000461936,0.4366999864578247,0.04010000079870224,0.03709999844431877,0.8118000030517578
YER056C,Lysosome/Vacuole,Transmembrane domain,Transmembrane,0.1451999992132187,0.11429999768733978,0.05590000003576279,0.3522999882698059,0.1678999960422516,0.000699999975040555,0.2624000012874603,0.586899995803833,0.5856999754905701,0.01679999940097332,0.03620000183582306,0.9930999875068665,0.023499999195337296,0.12700000405311584
YER060W,Lysosome/Vacuole,Transmembrane domain,Transmembrane,0.1251000016927719,0.10339999943971634,0.10719999670982361,0.41609999537467957,0.14509999752044678,0.001500000013038516,0.23250000178813934,0.5382999777793884,0.5382000207901001,0.01209999993443489,0.040300000458955765,0.9921000003814697,0.024399999529123306,0.1306000053882599
YER060W-A,Lysosome/Vacuole,Transmembrane domain,Transmembrane,0.12700000405311584,0.10949999839067459,0.07509999722242355,0.4253000020980835,0.164000004529953,0.00139999995008111,0.2395000010728836,0.5418000221252441,0.5281000137329102,0.012199999764561653,0.03920000046491623,0.992900013923645,0.023399999365210533,0.12290000170469284
YER061C,Cytoplasm|Mitochondrion,Mitochondrial transit peptide,Soluble,0.620199978351593,0.31439998745918274,0.013700000010430813,0.0066999997943639755,0.7924000024795532,0.003800000064074993,0.14970000088214874,0.0608999989926815,0.017500000074505806,0.08340000361204147,0.3449000120162964,0.10589999705553055,0.029600000008940697,0.6801999807357788
YER062C,Cytoplasm,Peroxisomal targeting signal,Soluble,0.7504000067710876,0.5069000124931335,0.0478999987244606,0.027400000020861626,0.12809999287128448,0.009700000286102295,0.06800000369548798,0.019700000062584877,0.06210000067949295,0.2468000054359436,0.23749999701976776,0.03680000081658363,0.021900000050663948,0.8720999956130981
YER065C,Cytoplasm,,Soluble,0.7547000050544739,0.20340000092983246,0.3589000105857849,0.23180000483989716,0.37209999561309814,0.07999999821186066,0.16210000216960907,0.2531999945640564,0.09539999812841415,0.05829999968409538,0.49549999833106995,0.03269999846816063,0.02669999934732914,0.7943000197410583
YER069W,Mitochondrion,Mitochondrial transit peptide,Soluble,0.18199999630451202,0.1152999997138977,0.05139999836683273,0.024000000208616257,0.880299985408783,0.16089999675750732,0.05400000140070915,0.031599998474121094,0.06939999759197235,0.014299999922513962,0.6065000295639038,0.06199999898672104,0.07349999994039536,0.6313999891281128
YER070W,Cytoplasm,,Soluble,0.7285000085830688,0.33500000834465027,0.24079999327659607,0.08789999783039093,0.28600001335144043,0.039000000804662704,0.1264999955892563,0.11490000039339066,0.18930000066757202,0.133200004696846,0.38600000739097595,0.03280000016093254,0.1282999962568283,0.8044999837875366
YER073W,Mitochondrion,Mitochondrial transit peptide,Soluble,0.10859999805688858,0.09529999643564224,0.06679999828338623,0.05550000071525574,0.9319999814033508,0.03400000184774399,0.026100000366568565,0.03929999843239784,0.0406000018119812,0.025499999523162842,0.49900001287460327,0.05350000038743019,0.04190000146627426,0.6861000061035156
YER081W,Cytoplasm,,Soluble,0.8080999851226807,0.31049999594688416,0.03020000085234642,0.1006999984383583,0.22220000624656677,0.02370000071823597,0.06669999659061432,0.22040000557899475,0.08129999786615372,0.10239999741315842,0.5838000178337097,0.0689999982714653,0.0778999999165535,0.6901000142097473
YER086W,Mitochondrion,Mitochondrial transit peptide,Peripheral|Soluble,0.16130000352859497,0.13189999759197235,0.03530000150203705,0.06539999693632126,0.9449999928474426,0.1462000012397766,0.0357000008225441,0.09309999644756317,0.054999999701976776,0.10639999806880951,0.763700008392334,0.050200000405311584,0.0754999965429306,0.6215999722480774
YER087W,Mitochondrion,Mitochondrial transit peptide,Peripheral|Soluble,0.2076999992132187,0.18809999525547028,0.029899999499320984,0.034699998795986176,0.953499972820282,0.011900000274181366,0.04039999842643738,0.043299999088048935,0.033799998462200165,0.018699999898672104,0.6272000074386597,0.02969999983906746,0.03550000116229057,0.7307000160217285
YER090W,Cytoplasm,Peroxisomal targeting signal,Soluble,0.7939000129699707,0.3741999864578247,0.005100000184029341,0.07689999788999557,0.5878000259399414,0.012600000016391277,0.27810001373291016,0.23010000586509705,0.1559000015258789,0.5026000142097473,0.5084999799728394,0.01850000023841858,0.0731000006198883,0.8447999954223633
YER091C,Cytoplasm|Nucleus,Nuclear localization signal,Peripheral|Soluble,0.7425000071525574,0.6948999762535095,0.26809999346733093,0.12809999287128448,0.19619999825954437,0.015599999576807022,0.09189999848604202,0.10369999706745148,0.07739999890327454,0.0007999999797903001,0.65420001745224,0.011699999682605267,0.03579999879002571,0.8159000277519226
YER099C,Cytoplasm|Nucleus,Nuclear localization signal,Soluble,0.6690999865531921,0.5601999759674072,0.01489999983459711,0.10379999876022339,0.18469999730587006,0.005900000222027302,0.1378999948501587,0.031099999323487282,0.05999999865889549,0.0010000000474974513,0.4668999910354614,0.02459999918937683,0.05779999867081642,0.7833999991416931
YER119C,Lysosome/Vacuole,Signal peptide|Transmembrane domain,Transmembrane,0.1242000013589859,0.05860000103712082,0.029600000008940697,0.34610000252723694,0.17829999327659607,0.007499999832361937,0.46970000863075256,0.857699990272522,0.5327000021934509,0.020400000736117363,0.057100001722574234,0.9900000095367432,0.0885000005364418,0.11240000277757645
YER141W,Mitochondrion,Mitochondrial transit peptide,Transmembrane,0.08460000157356262,0.08510000258684158,0.01590000092983246,0.07900000363588333,0.9172999858856201,0.08009999990463257,0.10599999874830246,0.0674000009894371,0.13510000705718994,0.04340000078082085,0.16050000488758087,0.9567999839782715,0.007300000172108412,0.1889999955892563
YER152C,Cytoplasm|Nucleus,,Soluble,0.7074000239372253,0.5842999815940857,0.05119999870657921,0.05380000174045563,0.4097999930381775,0.004100000020116568,0.10649999976158142,0.31709998846054077,0.1177000030875206,0.09740000218153,0.30079999566078186,0.08510000258684158,0.03530000150203705,0.7656000256538391
YER163C,Cytoplasm,,Soluble,0.7858999967575073,0.3237000107765198,0.007600000128149986,0.018400000408291817,0.3889999985694885,0.006800000090152025,0.1354999989271164,0.1809999942779541,0.4318000078201294,0.01269999984651804,0.5062000155448914,0.034699998795986176,0.025499999523162842,0.775600016117096
YER170W,Mitochondrion,Mitochondrial transit peptide,Peripheral|Soluble,0.388700008392334,0.16840000450611115,0.02810000069439411,0.06109999865293503,0.9444000124931335,0.2921000123023987,0.03530000150203705,0.1006999984383583,0.0674000009894371,0.07559999823570251,0.6265000104904175,0.03700000047683716,0.07280000299215317,0.7113000154495239
YER174C,Cytoplasm|Nucleus,,Soluble,0.7322999835014343,0.5726000070571899,0.00559999980032444,0.22750000655651093,0.22849999368190765,0.003000000026077032,0.5339999794960022,0.22030000388622284,0.08349999785423279,0.006200000178068876,0.4311999976634979,0.00930000003427267,0.08699999749660492,0.8867999911308289
YER175C,Cytoplasm|Nucleus,Nuclear localization signal|Nuclear export signal,Soluble,0.8496999740600586,0.607200026512146,0.07620000094175339,0.023800000548362732,0.07180000096559525,0.002199999988079071,0.054099999368190765,0.16429999470710754,0.2508000135421753,0.00139999995008111,0.2847000062465668,0.08219999819993973,0.021199999377131462,0.7818999886512756
YER178W,Mitochondrion,Mitochondrial transit peptide,Peripheral|Soluble,0.11479999870061874,0.09260000288486481,0.04560000076889992,0.07100000232458115,0.9291999936103821,0.042100001126527786,0.0340999998152256,0.053599998354911804,0.08619999885559082,0.012500000186264515,0.6707000136375427,0.05299999937415123,0.043299999088048935,0.6164000034332275
YER183C,Cytoplasm|Nucleus|Mitochondrion,Mitochondrial transit peptide|Nuclear localization signal,Soluble,0.5490999817848206,0.6021000146865845,0.07460000365972519,0.013299999758601189,0.8428999781608582,0.05810000002384186,0.09260000288486481,0.10930000245571136,0.05869999900460243,0.011900000274181366,0.2711000144481659,0.05090000107884407,0.1468999981880188,0.8356000185012817
YFL001W,Mitochondrion,Mitochondrial transit peptide,Peripheral|Soluble,0.31380000710487366,0.42570000886917114,0.027499999850988388,0.05000000074505806,0.833899974822998,0.013899999670684338,0.09279999881982803,0.045499999076128006,0.1185000017285347,0.0340999998152256,0.6241000294685364,0.06390000134706497,0.0860000029206276,0.6146000027656555
YFL011W,Cell membrane,Transmembrane domain,Transmembrane,0.11110000312328339,0.1071000024676323,0.07779999822378159,0.5831999778747559,0.11990000307559967,0.008200000040233135,0.16930000483989716,0.47859999537467957,0.36880001425743103,0.021199999377131462,0.015699999406933784,0.9965999722480774,0.03819999843835831,0.1363999992609024
YFL017C,Cytoplasm,Nuclear localization signal,Soluble,0.761900007724762,0.41589999198913574,0.10869999974966049,0.11129999905824661,0.31529998779296875,0.020099999383091927,0.16920000314712524,0.10400000214576721,0.07540000230073929,0.011599999852478504,0.38530001044273376,0.02019999921321869,0.05719999969005585,0.8618000149726868
YFL018C,Mitochondrion,Mitochondrial transit peptide,Soluble,0.1551000028848648,0.11020000278949738,0.05389999970793724,0.05040000006556511,0.9476000070571899,0.03680000081658363,0.032499998807907104,0.035599999129772186,0.02879999950528145,0.02710000053048134,0.5331000089645386,0.022099999710917473,0.10199999809265137,0.7544000148773193
YFL022C,Cytoplasm,,Soluble,0.6093999743461609,0.43790000677108765,0.03620000183582306,0.06589999794960022,0.3450999855995178,0.012799999676644802,0.21050000190734863,0.03720000013709068,0.04349999874830246,0.0013000000035390258,0.367000013589859,0.019899999722838402,0.0551999993622303,0.8518999814987183
YFL030W,Cytoplasm,Peroxisomal targeting signal,Soluble,0.7644000053405762,0.24709999561309814,0.027499999850988388,0.04830000177025795,0.35580000281333923,0.05139999836683273,0.1509999930858612,0.10289999842643738,0.07119999825954437,0.14059999585151672,0.4429999887943268,0.036400001496076584,0.03189999982714653,0.8030999898910522
YFL045C,Cytoplasm,Nuclear localization signal,Soluble,0.8057000041007996,0.42590001225471497,0.03240000084042549,0.1720000058412552,0.3050000071525574,0.0044999998062849045,0.17990000545978546,0.31459999084472656,0.09600000083446503,0.025699999183416367,0.4595000147819519,0.021400000900030136,0.07000000029802322,0.8337000012397766
YFL053W,Cytoplasm|Nucleus,,Soluble,0.7437000274658203,0.545799970626831,0.08049999922513962,0.026799999177455902,0.5710999965667725,0.009700000286102295,0.06840000301599503,0.125,0.0568000003695488,0.08100000023841858,0.4154999852180481,0.030700000002980232,0.06909999996423721,0.7811999917030334
YFL054C,Cell membrane,Transmembrane domain,Transmembrane,0.25110000371932983,0.1151999980211258,0.018200000748038292,0.7458000183105469,0.12780000269412994,0.0052999998442828655,0.26649999618530273,0.4081000089645386,0.33660000562667847,0.02759999968111515,0.03669999912381172,0.9753000140190125,0.02800000086426735,0.21789999306201935
YFL055W,Cell membrane,Signal peptide|Transmembrane domain,Transmembrane,0.14169999957084656,0.10400000214576721,0.038100000470876694,0.5636000037193298,0.1453000009059906,0.01489999983459711,0.4336000084877014,0.5335000157356262,0.5900999903678894,0.003700000001117587,0.04399999976158142,0.9934999942779541,0.01860000006854534,0.12060000002384186
YFL058W,Cytoplasm,Nuclear localization signal,Soluble,0.6420999765396118,0.48570001125335693,0.05249999836087227,0.20810000598430634,0.26930001378059387,0.020999999716877937,0.05050000175833702,0.13269999623298645,0.06970000267028809,0.006899999920278788,0.5254999995231628,0.035100001841783524,0.04129999876022339,0.7980999946594238
YFL059W,Cytoplasm,,Peripheral|Soluble,0.8514999747276306,0.4361000061035156,0.12150000035762787,0.18780000507831573,0.15440000593662262,0.07760000228881836,0.04280000180006027,0.11649999767541885,0.053599998354911804,0.014999999664723873,0.6759999990463257,0.0052999998442828655,0.09780000150203705,0.8948000073432922
YFL060C,Cytoplasm|Nucleus,Nuclear localization signal,Soluble,0.7777000069618225,0.5286999940872192,0.014000000432133675,0.09220000356435776,0.4875999987125397,0.016899999231100082,0.164000004529953,0.09019999951124191,0.19840000569820404,0.009999999776482582,0.4339999854564667,0.03970000147819519,0.05900000035762787,0.7925999760627747
YFL061W,Cytoplasm|Nucleus,Nuclear localization signal,Soluble,0.7505999803543091,0.5547000169754028,0.03970000147819519,0.0674000009894371,0.1031000018119812,0.10989999771118164,0.10289999842643738,0.1145000010728836,0.08529999852180481,0.006200000178068876,0.33980000019073486,0.09099999815225601,0.02280000038444996,0.7487999796867371
YFR015C,Cytoplasm,,Peripheral|Soluble,0.7570000290870667,0.271699994802475,0.1868000030517578,0.061900001019239426,0.3174000084400177,0.11129999905824661,0.17880000174045563,0.10610000044107437,0.13449999690055847,0.010400000028312206,0.6607000231742859,0.043800000101327896,0.027799999341368675,0.6732000112533569
YFR019W,Cytoplasm|Lysosome/Vacuole,,Peripheral|Soluble,0.6392999887466431,0.3725999891757965,0.060499999672174454,0.3411000072956085,0.2678000032901764,0.010099999606609344,0.21089999377727509,0.5859000086784363,0.23280000686645508,0.028699999675154686,0.8471999764442444,0.023800000548362732,0.057999998331069946,0.6481000185012817
YFR021W,Cytoplasm|Lysosome/Vacuole,Nuclear export signal,Peripheral|Soluble,0.559499979019165,0.3853999972343445,0.047200001776218414,0.07360000163316727,0.27390000224113464,0.011599999852478504,0.3781999945640564,0.6273999810218811,0.5077000260353088,0.04529999941587448,0.8273000121116638,0.05209999904036522,0.06989999860525131,0.5346999764442444
YFR025C,Cytoplasm,,Soluble,0.6880999803543091,0.424699991941452,0.0012000000569969416,0.07150000333786011,0.21860000491142273,0.029200000688433647,0.03610000014305115,0.35269999504089355,0.07980000227689743,0.006500000134110451,0.49790000915527344,0.05119999870657921,0.016200000420212746,0.7760000228881836
YFR030W,Cytoplasm,Nuclear localization signal,Soluble,0.7354999780654907,0.45419999957084656,0.03359999880194664,0.03880000114440918,0.226500004529953,0.11500000208616257,0.07720000296831131,0.14429999887943268,0.26030001044273376,0.00800000037997961,0.5830000042915344,0.03590000048279762,0.024700000882148743,0.7742999792098999
YFR033C,Mitochondrion,,Peripheral|Soluble,0.3377000093460083,0.29019999504089355,0.1339000016450882,0.07769999653100967,0.574400007724762,0.027699999511241913,0.28110000491142273,0.13459999859333038,0.41670000553131104,0.1412000060081482,0.7932000160217285,0.031099999323487282,0.25360000133514404,0.5830000042915344
YFR044C,Cytoplasm,,Soluble,0.7483999729156494,0.4505000114440918,0.053599998354911804,0.07169999927282333,0.3343999981880188,0.06930000334978104,0.41659998893737793,0.25189998745918274,0.16820000112056732,0.056699998676776886,0.40389999747276306,0.029100000858306885,0.053199999034404755,0.8086000084877014
YFR047C,Cytoplasm|Nucleus,Nuclear localization signal|Nuclear export signal,Soluble,0.8564000129699707,0.5310999751091003,0.04430000111460686,0.12399999797344208,0.181099995970726,0.01119999960064888,0.045899998396635056,0.33230000734329224,0.10260000079870224,0.002400000113993883,0.3928000032901764,0.0430000014603138,0.09510000050067902,0.8136000037193298
YFR049W,Mitochondrion,Mitochondrial transit peptide,Peripheral|Soluble,0.3407999873161316,0.29339998960494995,0.0406000018119812,0.09889999777078629,0.9240999817848206,0.032999999821186066,0.041999999433755875,0.020999999716877937,0.055799998342990875,0.014100000262260437,0.6292999982833862,0.09870000183582306,0.044599998742341995,0.5641999840736389
YFR053C,Cytoplasm,Nuclear localization signal,Soluble,0.7807999849319458,0.46230000257492065,0.029600000008940697,0.07129999995231628,0.5442000031471252,0.016599999740719795,0.05490000173449516,0.16459999978542328,0.0949999988079071,0.006399999838322401,0.5127999782562256,0.0284000001847744,0.055799998342990875,0.7764999866485596
YFR055W,Cytoplasm,,Soluble,0.7089999914169312,0.16779999434947968,0.13910000026226044,0.15399999916553497,0.3179999887943268,0.18299999833106995,0.08630000054836273,0.1768999993801117,0.1671999990940094,0.008500000461935997,0.554099977016449,0.04190000146627426,0.032999999821186066,0.7554000020027161
YGL001C,Endoplasmic reticulum,,Peripheral,0.34200000762939453,0.19120000302791595,0.17059999704360962,0.28119999170303345,0.32420000433921814,0.020600000396370888,0.7278000116348267,0.28060001134872437,0.27410000562667847,0.0010999999940395355,0.7421000003814697,0.36419999599456787,0.12970000505447388,0.2198999971151352
YGL006W,Lysosome/Vacuole|Golgi apparatus,Signal peptide|Transmembrane domain,Transmembrane,0.11479999870061874,0.09040000289678574,0.013299999758601189,0.5048999786376953,0.06939999759197235,0.0027000000700354576,0.6158999800682068,0.7358999848365784,0.7171000242233276,0.004399999976158142,0.042899999767541885,0.9926000237464905,0.0203000009059906,0.11990000307559967
YGL008C,Lysosome/Vacuole,Signal peptide|Transmembrane domain,Transmembrane,0.2623000144958496,0.093299999833107,0.12700000405311584,0.5049999952316284,0.04479999840259552,0.02199999988079071,0.45730000734329224,0.583899974822998,0.6385999917984009,0.0015999999595806003,0.08030000329017639,0.9865999817848206,0.014000000432133675,0.15080000460147858
YGL009C,Cytoplasm,,Soluble,0.8906999826431274,0.33809998631477356,0.18039999902248383,0.052000001072883606,0.16769999265670776,0.01940000057220459,0.06930000334978104,0.04179999977350235,0.04899999871850014,0.0142000000923872,0.43869999051094055,0.02290000021457672,0.0560000017285347,0.8442999720573425
YGL012W,Endoplasmic reticulum,Signal peptide|Transmembrane domain,Transmembrane,0.12809999287128448,0.19099999964237213,0.0031999999191612005,0.15379999577999115,0.052400000393390656,0.016100000590085983,0.8657000064849854,0.3864000141620636,0.49709999561309814,0.0010000000474974513,0.07689999788999557,0.9921000003814697,0.01119999960064888,0.10689999908208847
YGL026C,Cytoplasm,,Soluble,0.6927000284194946,0.5059999823570251,0.0414000004529953,0.1324000060558319,0.36059999465942383,0.0272000003606081,0.11460000276565552,0.09489999711513519,0.05719999969005585,0.0019000000320374966,0.5737000107765198,0.02500000037252903,0.051600001752376556,0.7886000275611877
YGL027C,Endoplasmic reticulum,Signal peptide,Soluble,0.25619998574256897,0.056299999356269836,0.4372999966144562,0.06809999793767929,0.09430000185966492,0.028999999165534973,0.6144999861717224,0.3257000148296356,0.2849999964237213,0.006099999882280827,0.2897000014781952,0.09929999709129333,0.0471000000834465,0.7077000141143799
YGL037C,Cytoplasm|Nucleus|Peroxisome,Peroxisomal targeting signal,Soluble,0.6355000138282776,0.7153000235557556,0.19179999828338623,0.01889999955892563,0.2806999981403351,0.02410000003874302,0.21299999952316284,0.2646999955177307,0.09960000216960907,0.7713000178337097,0.40639999508857727,0.02370000071823597,0.03669999912381172,0.8521999716758728
YGL038C,Golgi apparatus,Signal peptide|Transmembrane domain,Transmembrane,0.14669999480247498,0.15399999916553497,0.09860000014305115,0.13979999721050262,0.13439999520778656,0.004600000102072954,0.6155999898910522,0.15299999713897705,0.9057000279426575,0.03610000014305115,0.15070000290870667,0.9329000115394592,0.019600000232458115,0.21490000188350677
YGL040C,Cytoplasm,Nuclear localization signal,Soluble,0.8690000176429749,0.4575999975204468,0.05979999899864197,0.12470000237226486,0.26570001244544983,0.014499999582767487,0.15369999408721924,0.09920000284910202,0.0722000002861023,0.0013000000035390258,0.5515000224113464,0.046799998730421066,0.037300001829862595,0.7623999714851379
YGL047W,Cytoplasm|Nucleus,Nuclear localization signal|Nuclear export signal,Soluble,0.7646999955177307,0.680899977684021,0.028300000354647636,0.08150000125169754,0.186599999666214,0.01769999973475933,0.11289999634027481,0.11500000208616257,0.05719999969005585,0.003000000026077032,0.4115999937057495,0.05209999904036522,0.05460000038146973,0.7778000235557556
YGL055W,Endoplasmic reticulum,Transmembrane domain,Transmembrane,0.1436000019311905,0.12240000069141388,0.019099999219179153,0.12710000574588776,0.420199990272522,0.0786999985575676,0.8292999863624573,0.16339999437332153,0.26980000734329224,0.14720000326633453,0.10580000281333923,0.9782999753952026,0.004600000102072954,0.15279999375343323
YGL062W,Cytoplasm,,Soluble,0.5817000269889832,0.3582000136375427,0.04820000007748604,0.04969999939203262,0.2969000041484833,0.07169999927282333,0.26669999957084656,0.17710000276565552,0.15230000019073486,0.05810000002384186,0.5817000269889832,0.02630000002682209,0.07699999958276749,0.7792999744415283
YGL063W,Cytoplasm|Nucleus,Nuclear localization signal,Soluble,0.6764000058174133,0.6467999815940857,0.03689999878406525,0.08630000054836273,0.506600022315979,0.00419999985024333,0.2214999943971634,0.11599999666213989,0.11840000003576279,0.008500000461935997,0.32739999890327454,0.06719999760389328,0.05559999868273735,0.8112999796867371
YGL065C,Endoplasmic reticulum,Transmembrane domain,Transmembrane,0.4099999964237213,0.26409998536109924,0.11559999734163284,0.22360000014305115,0.29829999804496765,0.1023000031709671,0.7653999924659729,0.2694000005722046,0.38040000200271606,0.011800000444054604,0.5058000087738037,0.7603999972343445,0.10949999839067459,0.20720000565052032
YGL067W,Nucleus|Peroxisome,Peroxisomal targeting signal,Soluble,0.3977999985218048,0.5889999866485596,0.004000000189989805,0.04500000178813934,0.527899980545044,0.011599999852478504,0.31279999017715454,0.01899999938905239,0.09799999743700027,0.9710999727249146,0.4961000084877014,0.04470000043511391,0.028200000524520874,0.7215999960899353
YGL077C,Lysosome/Vacuole,Signal peptide|Transmembrane domain,Transmembrane,0.14820000529289246,0.10400000214576721,0.026100000366568565,0.25209999084472656,0.1080000028014183,0.0013000000035390258,0.3156999945640564,0.6154999732971191,0.5342000126838684,0.014100000262260437,0.03099999949336052,0.9921000003814697,0.01730000041425228,0.1589999943971634
YGL080W,Mitochondrion,,Transmembrane,0.1120000034570694,0.053300000727176666,0.026499999687075615,0.08179999887943268,0.7906000018119812,0.06120000034570694,0.47760000824928284,0.06840000301599503,0.09099999815225601,0.18310000002384186,0.12489999830722809,0.967199981212616,0.003100000089034438,0.20980000495910645
YGL084C,Endoplasmic reticulum,Transmembrane domain,Transmembrane,0.08820000290870667,0.08900000154972076,0.01360000018030405,0.14640000462532043,0.23929999768733978,0.0908999964594841,0.8159999847412109,0.0697999969124794,0.46970000863075256,0.09210000187158585,0.06759999692440033,0.9905999898910522,0.012000000104308128,0.1282999962568283
YGL101W,Cytoplasm|Nucleus,,Soluble,0.6944000124931335,0.5468000173568726,0.024900000542402267,0.06930000334978104,0.09030000120401382,0.029999999329447746,0.21809999644756317,0.20340000092983246,0.14010000228881836,0.01810000091791153,0.41200000047683716,0.05000000074505806,0.03139999881386757,0.7789999842643738
YGL125W,Cytoplasm,,Soluble,0.6348000168800354,0.4844000041484833,0.011900000274181366,0.050200000405311584,0.1518000066280365,0.0006000000284984708,0.34439998865127563,0.2989000082015991,0.14589999616146088,0.14509999752044678,0.6093000173568726,0.04399999976158142,0.04470000043511391,0.7135999798774719
YGL142C,Endoplasmic reticulum,Signal peptide|Transmembrane domain,Transmembrane,0.1023000031709671,0.20960000157356262,0.019099999219179153,0.10429999977350235,0.13379999995231628,0.010900000110268593,0.9490000009536743,0.10970000177621841,0.3840000033378601,0.004600000102072954,0.10450000315904617,0.9696999788284302,0.006500000134110451,0.20640000700950623
YGL148W,Cytoplasm|Nucleus|Mitochondrion,Mitochondrial transit peptide,Soluble,0.6707000136375427,0.52920001745224,0.023900000378489494,0.021400000900030136,0.64410001039505,0.044599998742341995,0.15539999306201935,0.08380000293254852,0.12219999730587006,0.024399999529123306,0.43479999899864197,0.0649000033736229,0.0917000025510788,0.7019000053405762
YGL154C,Cytoplasm|Nucleus,Nuclear localization signal|Nuclear export signal,Peripheral|Soluble,0.6772000193595886,0.7459999918937683,0.01679999940097332,0.033799998462200165,0.5091999769210815,0.004000000189989805,0.16830000281333923,0.11349999904632568,0.1160999983549118,0.005900000222027302,0.6607999801635742,0.11320000141859055,0.03830000013113022,0.6266999840736389
YGL156W,Cytoplasm,Nuclear localization signal,Soluble,0.5254999995231628,0.40470001101493835,0.07840000092983246,0.07329999655485153,0.1216999962925911,0.0494999997317791,0.2612000107765198,0.5376999974250793,0.2946000099182129,0.001500000013038516,0.5841000080108643,0.04089999943971634,0.0689999982714653,0.703000009059906
YGL167C,Lysosome/Vacuole|Golgi apparatus,Signal peptide|Transmembrane domain,Transmembrane,0.1808999925851822,0.07509999722242355,0.012400000356137753,0.27459999918937683,0.09220000356435776,0.007499999832361937,0.5550000071525574,0.7246000170707703,0.7465999722480774,0.013799999840557575,0.08259999752044678,0.9866999983787537,0.013299999758601189,0.12060000002384186
YGL169W,Cytoplasm|Mitochondrion,Mitochondrial transit peptide,Soluble,0.49160000681877136,0.3580999970436096,0.1006999984383583,0.06239999830722809,0.8503000140190125,0.12800000607967377,0.11100000143051147,0.13940000534057617,0.054499998688697815,0.12389999628067017,0.43050000071525574,0.08699999749660492,0.04089999943971634,0.7028999924659729
YGL184C,Cytoplasm|Peroxisome,Peroxisomal targeting signal,Soluble,0.5432000160217285,0.26170000433921814,0.009700000286102295,0.06620000302791595,0.4108999967575073,0.002199999988079071,0.4163999855518341,0.2655999958515167,0.1485999971628189,0.932699978351593,0.41819998621940613,0.030899999663233757,0.037300001829862595,0.8084999918937683
YGL186C,Lysosome/Vacuole,Transmembrane domain,Transmembrane,0.13379999995231628,0.1193000003695488,0.08150000125169754,0.4514000117778778,0.24770000576972961,0.0017999999690800905,0.3165000081062317,0.516700029373169,0.5277000069618225,0.010200000368058681,0.03970000147819519,0.9948999881744385,0.0203000009059906,0.11379999667406082
YGL187C,Mitochondrion,Mitochondrial transit peptide,Peripheral|Soluble,0.09130000323057175,0.1071000024676323,0.011599999852478504,0.06549999862909317,0.9745000004768372,0.016499999910593033,0.023399999365210533,0.0430000014603138,0.036400001496076584,0.006200000178068876,0.6240000128746033,0.06610000133514404,0.024800000712275505,0.5842000246047974
YGL191W,Mitochondrion,Mitochondrial transit peptide,Transmembrane,0.120899997651577,0.07699999958276749,0.013000000268220901,0.06109999865293503,0.9732000231742859,0.03350000083446503,0.08550000190734863,0.025800000876188278,0.05310000106692314,0.009600000455975533,0.30559998750686646,0.9575999975204468,0.007600000128149986,0.1251000016927719
YGL196W,Cytoplasm|Nucleus,Nuclear localization signal,Soluble,0.738099992275238,0.6310999989509583,0.03970000147819519,0.01850000023841858,0.0851999968290329,0.026100000366568565,0.03880000114440918,0.1298999935388565,0.10499999672174454,0.004900000058114529,0.4081000089645386,0.029999999329447746,0.051100000739097595,0.8167999982833862
YGL202W,Cytoplasm,,Soluble,0.8463000059127808,0.24580000340938568,0.1014999970793724,0.13030000030994415,0.3677000105381012,0.004699999932199717,0.08259999752044678,0.17589999735355377,0.15360000729560852,0.04659999907016754,0.3314000070095062,0.03849999979138374,0.035100001841783524,0.8154000043869019
YGL205W,Peroxisome,Peroxisomal targeting signal,Soluble,0.33410000801086426,0.2214999943971634,0.06310000270605087,0.03139999881386757,0.1606999933719635,0.008700000122189522,0.15039999783039093,0.26010000705718994,0.29120001196861267,0.9221000075340271,0.5249000191688538,0.05640000104904175,0.017100000753998756,0.707099974155426
YGL224C,Cytoplasm|Nucleus,Nuclear localization signal|Nuclear export signal,Soluble,0.8051000237464905,0.66839998960495,0.012400000356137753,0.04450000077486038,0.2978000044822693,0.011599999852478504,0.19110000133514404,0.20649999380111694,0.11190000176429749,0.010300000198185444,0.4507000148296356,0.029400000348687172,0.02669999934732914,0.8032000064849854
YGL225W,Endoplasmic reticulum|Golgi apparatus,Signal peptide|Transmembrane domain,Transmembrane,0.06769999861717224,0.11640000343322754,0.019899999722838402,0.23360000550746918,0.13330000638961792,0.012900000438094139,0.6866999864578247,0.2881999909877777,0.8802000284194946,0.07609999924898148,0.13570000231266022,0.9891999959945679,0.0272000003606081,0.10440000146627426
YGL234W,Cytoplasm,Peroxisomal targeting signal,Soluble,0.7942000031471252,0.36090001463890076,0.0272000003606081,0.03519999980926514,0.23559999465942383,0.010300000198185444,0.05570000037550926,0.35409998893737793,0.19210000336170197,0.43309998512268066,0.3691999912261963,0.020600000396370888,0.06430000066757202,0.8689000010490417
YGL245W,Cytoplasm,Nuclear localization signal,Soluble,0.7836999893188477,0.45210000872612,0.05609999969601631,0.06199999898672104,0.20430000126361847,0.08709999918937683,0.07339999824762344,0.02850000001490116,0.1080000028014183,0.002300000051036477,0.4293999969959259,0.018300000578165054,0.04309999942779541,0.8439000248908997
YGL248W,Cytoplasm,Nuclear localization signal|Nuclear export signal,Soluble,0.6969000101089478,0.5188000202178955,0.07909999787807465,0.021199999377131462,0.33640000224113464,0.03020000085234642,0.1031000018119812,0.17339999973773956,0.24490000307559967,0.003100000089034438,0.47620001435279846,0.12290000170469284,0.03189999982714653,0.6114000082015991
YGL253W,Cytoplasm,Nuclear localization signal,Soluble,0.7900999784469604,0.4749999940395355,0.02370000071823597,0.07660000026226044,0.5455999970436096,0.014499999582767487,0.05480000004172325,0.15479999780654907,0.08720000088214874,0.006500000134110451,0.5059000253677368,0.026100000366568565,0.06040000170469284,0.7851999998092651
YGL255W,Cell membrane|Endoplasmic reticulum|Lysosome/Vacuole,Signal peptide|Transmembrane domain,Transmembrane,0.07530000060796738,0.060499999672174454,0.026599999517202377,0.5845000147819519,0.039799999445676804,0.02500000037252903,0.678600013256073,0.6292999982833862,0.4984999895095825,0.006800000090152025,0.08129999786615372,0.9944000244140625,0.019300000742077827,0.07750000059604645
YGL256W,Cytoplasm,Nuclear localization signal,Soluble,0.7578999996185303,0.4805000126361847,0.08370000123977661,0.22050000727176666,0.4521999955177307,0.0024999999441206455,0.1071000024676323,0.06689999997615814,0.06419999897480011,0.0010000000474974513,0.375900000333786,0.022299999371170998,0.08810000121593475,0.8658999800682068
YGR007W,Cytoplasm|Nucleus,Nuclear localization signal,Soluble,0.7294999957084656,0.775600016117096,0.0031999999191612005,0.017100000753998756,0.1890999972820282,0.03370000049471855,0.5044000148773193,0.0771000012755394,0.12839999794960022,0.0052999998442828655,0.4862000048160553,0.027300000190734863,0.039000000804662704,0.8098000288009644
YGR010W,Cytoplasm,Nuclear export signal,Soluble,0.6270999908447266,0.3928000032901764,0.031700000166893005,0.1784999966621399,0.4805000126361847,0.035100001841783524,0.10750000178813934,0.27810001373291016,0.4449000060558319,0.06530000269412994,0.5619999766349792,0.049300000071525574,0.1843000054359436,0.6830000281333923
YGR012W,Mitochondrion,Mitochondrial transit peptide,Transmembrane,0.1388999968767166,0.1526000052690506,0.06840000301599503,0.039900001138448715,0.8432000279426575,0.2079000025987625,0.20250000059604645,0.08139999955892563,0.11209999769926071,0.11800000071525574,0.5108000040054321,0.8788999915122986,0.019999999552965164,0.15060000121593475
YGR015C,Mitochondrion,Mitochondrial transit peptide,Soluble,0.35760000348091125,0.21289999783039093,0.07259999960660934,0.046799998730421066,0.843999981880188,0.013000000268220901,0.04479999840259552,0.08089999854564667,0.04800000041723251,0.024900000542402267,0.6054999828338623,0.07329999655485153,0.03229999914765358,0.626800000667572
YGR019W,Cytoplasm,Nuclear localization signal,Soluble,0.7982000112533569,0.47290000319480896,0.1462000012397766,0.03920000046491623,0.3433000147342682,0.041600000113248825,0.12439999729394913,0.06800000369548798,0.051899999380111694,0.01080000028014183,0.39070001244544983,0.026200000196695328,0.04149999842047691,0.843500018119812
YGR020C,Cytoplasm|Nucleus,Nuclear localization signal,Soluble,0.6967999935150146,0.7107999920845032,0.008100000210106373,0.07169999927282333,0.10679999738931656,0.009999999776482582,0.07519999891519547,0.06459999829530716,0.09839999675750732,9.999999747378752e-05,0.6133999824523926,0.01730000041425228,0.19050000607967377,0.8321999907493591
YGR032W,Endoplasmic reticulum,Transmembrane domain,Transmembrane,0.0940999984741211,0.24959999322891235,0.07880000025033951,0.5078999996185303,0.4043999910354614,0.06430000066757202,0.6496000289916992,0.4634000062942505,0.4772000014781952,0.012400000356137753,0.09780000150203705,0.9905999898910522,0.02239999920129776,0.14390000700950623
YGR036C,Endoplasmic reticulum,Signal peptide|Transmembrane domain,Transmembrane,0.18790000677108765,0.13680000603199005,0.08389999717473984,0.3799999952316284,0.1720999926328659,0.0052999998442828655,0.7416999936103821,0.24699999392032623,0.453900009393692,0.005200000014156103,0.07020000368356705,0.9937999844551086,0.03319999948143959,0.10140000283718109
YGR038W,Endoplasmic reticulum,Transmembrane domain,Transmembrane,0.07349999994039536,0.2612000107765198,0.004800000227987766,0.16009999811649323,0.10320000350475311,0.042100001126527786,0.8413000106811523,0.314300000667572,0.3544999957084656,0.02419999986886978,0.0471000000834465,0.9948999881744385,0.030400000512599945,0.12309999763965607
YGR043C,Cytoplasm|Nucleus,Nuclear localization signal,Soluble,0.4715000092983246,0.6765000224113464,0.054099999368190765,0.04399999976158142,0.44269999861717224,0.010200000368058681,0.0364999994635582,0.026399999856948853,0.012199999764561653,0.0024999999441206455,0.4011000096797943,0.008200000040233135,0.06629999727010727,0.9071000218391418
YGR046W,Mitochondrion,Mitochondrial transit peptide,Peripheral,0.18880000710487366,0.10379999876022339,0.04149999842047691,0.12200000137090683,0.9466999769210815,0.06030000001192093,0.04610000178217888,0.06949999928474426,0.10140000283718109,0.03310000151395798,0.8704000115394592,0.2361000031232834,0.11749999970197678,0.2362000048160553
YGR055W,Lysosome/Vacuole,Signal peptide|Transmembrane domain,Transmembrane,0.14190000295639038,0.09809999912977219,0.019300000742077827,0.3946000039577484,0.16369999945163727,0.003100000089034438,0.4260999858379364,0.6777999997138977,0.5597000122070312,0.021900000050663948,0.042899999767541885,0.9950000047683716,0.026799999177455902,0.0868000015616417
YGR060W,Endoplasmic reticulum,Signal peptide|Transmembrane domain,Transmembrane,0.1371999979019165,0.1316000074148178,0.00989999994635582,0.061799999326467514,0.17589999735355377,0.01759999990463257,0.9377999901771545,0.12710000574588776,0.22630000114440918,0.015200000256299973,0.14830000698566437,0.9835000038146973,0.005100000184029341,0.11969999969005585
YGR061C,Cytoplasm|Nucleus,Nuclear localization signal,Peripheral|Soluble,0.7491000294685364,0.5299000144004822,0.01889999955892563,0.16500000655651093,0.21889999508857727,0.01080000028014183,0.16179999709129333,0.061400000005960464,0.0697999969124794,0.0027000000700354576,0.6477000117301941,0.03530000150203705,0.060499999672174454,0.7124999761581421
YGR062C,Mitochondrion,Mitochondrial transit peptide,Transmembrane,0.10480000078678131,0.10029999911785126,0.01209999993443489,0.02969999983906746,0.8888000249862671,0.03539999946951866,0.15139999985694885,0.03709999844431877,0.06400000303983688,0.03229999914765358,0.1859000027179718,0.9761999845504761,0.004600000102072954,0.12690000236034393
YGR065C,Cell membrane,Signal peptide,Transmembrane,0.2013999968767166,0.07970000058412552,0.09860000014305115,0.5189999938011169,0.1868000030517578,0.004000000189989805,0.6219000220298767,0.30329999327659607,0.6327999830245972,0.008299999870359898,0.024900000542402267,0.9871000051498413,0.021299999207258224,0.21770000457763672
YGR087C,Cytoplasm|Nucleus,Nuclear localization signal|Peroxisomal targeting signal,Soluble,0.8241999745368958,0.7329000234603882,0.020600000396370888,0.023099999874830246,0.1080000028014183,0.007000000216066837,0.021299999207258224,0.019500000402331352,0.0272000003606081,0.0877000018954277,0.3747999966144562,0.029600000008940697,0.03920000046491623,0.8156999945640564
YGR088W,Cytoplasm,,Soluble,0.6978999972343445,0.15960000455379486,0.11720000207424164,0.1873999983072281,0.30979999899864197,0.01140000019222498,0.25200000405311584,0.40860000252723694,0.16920000314712524,0.1776999980211258,0.5376999974250793,0.02930000051856041,0.07580000162124634,0.7541999816894531
YGR094W,Mitochondrion,Mitochondrial transit peptide,Soluble,0.32690000534057617,0.21979999542236328,0.04800000041723251,0.05130000039935112,0.65829998254776,0.05689999833703041,0.13950000703334808,0.04439999908208847,0.057999998331069946,0.02329999953508377,0.492900013923645,0.05559999868273735,0.03689999878406525,0.7235999703407288
YGR096W,Mitochondrion,Transmembrane domain|Mitochondrial transit peptide,Transmembrane,0.07750000059604645,0.07680000364780426,0.01119999960064888,0.09589999914169312,0.9386000037193298,0.09149999916553497,0.11840000003576279,0.1467999964952469,0.06610000133514404,0.08370000123977661,0.2858999967575073,0.9463000297546387,0.006099999882280827,0.1469999998807907
YGR106C,Endoplasmic reticulum,Signal peptide|Transmembrane domain,Transmembrane,0.1462000012397766,0.1185000017285347,0.07159999758005142,0.2053000032901764,0.15489999949932098,0.007899999618530273,0.9110999703407288,0.5,0.45080000162124634,0.01810000091791153,0.0803999975323677,0.9803000092506409,0.2004999965429306,0.13330000638961792
YGR110W,Mitochondrion,Mitochondrial transit peptide,Peripheral,0.2766000032424927,0.15760000050067902,0.1379999965429306,0.11460000276565552,0.8924000263214111,0.1876000016927719,0.35269999504089355,0.2395000010728836,0.43700000643730164,0.07400000095367432,0.8313999772071838,0.2508000135421753,0.05810000002384186,0.2759000062942505
YGR121C,Cell membrane|Lysosome/Vacuole,Transmembrane domain,Transmembrane,0.060600001364946365,0.09260000288486481,0.03099999949336052,0.6948000192642212,0.08820000290870667,0.008799999952316284,0.3481000065803528,0.6133000254631042,0.3700999915599823,0.0007999999797903001,0.01679999940097332,0.9958000183105469,0.04230000078678131,0.1362999975681305
YGR124W,Cytoplasm|Nucleus,Nuclear localization signal,Soluble,0.6852999925613403,0.5601999759674072,0.0017000000225380063,0.16940000653266907,0.22110000252723694,0.04230000078678131,0.2969000041484833,0.053199999034404755,0.08449999988079071,0.00279999990016222,0.3118000030517578,0.0940999984741211,0.05339999869465828,0.6906999945640564
YGR138C,Cell membrane,Transmembrane domain,Transmembrane,0.1817999929189682,0.13330000638961792,0.01850000023841858,0.6205000281333923,0.05139999836683273,0.0026000000070780516,0.5511999726295471,0.2924000024795532,0.4147000014781952,0.004699999932199717,0.030300000682473183,0.9945999979972839,0.04349999874830246,0.10029999911785126
YGR143W,Lysosome/Vacuole,Signal peptide|Transmembrane domain,Transmembrane,0.2460000067949295,0.19709999859333038,0.09709999710321426,0.4246000051498413,0.05079999938607216,0.012900000438094139,0.5120000243186951,0.6377999782562256,0.6417999863624573,0.020899999886751175,0.06729999929666519,0.9914000034332275,0.03660000115633011,0.11400000005960464
YGR144W,Cytoplasm,,Soluble,0.6929000020027161,0.2013999968767166,0.07779999822378159,0.06790000200271606,0.12770000100135803,0.0625,0.04410000145435333,0.10869999974966049,0.0674000009894371,0.03359999880194664,0.36399999260902405,0.06430000066757202,0.039000000804662704,0.7943000197410583
YGR154C,Peroxisome,Peroxisomal targeting signal,Soluble,0.3603000044822693,0.34150001406669617,0.002899999963119626,0.0966000035405159,0.19789999723434448,0.009200000204145908,0.0771000012755394,0.17170000076293945,0.2759000062942505,0.9828000068664551,0.5489000082015991,0.03449999913573265,0.036400001496076584,0.7457000017166138
YGR155W,Cytoplasm|Mitochondrion,Mitochondrial transit peptide,Soluble,0.6085000038146973,0.35409998893737793,0.0471000000834465,0.16300000250339508,0.663100004196167,0.03020000085234642,0.1256999969482422,0.3991999924182892,0.0908999964594841,0.0052999998442828655,0.573199987411499,0.025499999523162842,0.05480000004172325,0.7473999857902527
YGR157W,Endoplasmic reticulum,Transmembrane domain,Transmembrane,0.13529999554157257,0.26440000534057617,0.005900000222027302,0.1306000053882599,0.10019999742507935,0.013199999928474426,0.840499997138977,0.1542000025510788,0.1606999933719635,0.040800001472234726,0.13369999825954437,0.9878000020980835,0.004600000102072954,0.1200999990105629
YGR170W,Cytoplasm,Nuclear localization signal,Peripheral,0.47530001401901245,0.31709998846054077,0.031099999323487282,0.1889999955892563,0.2646999955177307,0.006099999882280827,0.2476000040769577,0.4790000021457672,0.5825999975204468,0.07090000063180923,0.864300012588501,0.08799999952316284,0.05550000071525574,0.42100000381469727
YGR171C,Mitochondrion,Mitochondrial transit peptide,Soluble,0.15139999985694885,0.13050000369548798,0.0406000018119812,0.041999999433755875,0.8795999884605408,0.019300000742077827,0.052299998700618744,0.11089999973773956,0.06669999659061432,0.007899999618530273,0.5764999985694885,0.13809999823570251,0.016100000590085983,0.5411999821662903
YGR175C,Endoplasmic reticulum,Signal peptide|Transmembrane domain,Peripheral|Transmembrane,0.21780000627040863,0.1509999930858612,0.06620000302791595,0.09390000253915787,0.18629999458789825,0.0551999993622303,0.7843999862670898,0.34880000352859497,0.35350000858306885,0.05249999836087227,0.708899974822998,0.7376999855041504,0.030899999663233757,0.13179999589920044
YGR177C,Cytoplasm|Endoplasmic reticulum,,Peripheral,0.5198000073432922,0.38920000195503235,0.00860000029206276,0.08579999953508377,0.39890000224113464,0.02759999968111515,0.6963000297546387,0.13609999418258667,0.2176000028848648,0.008999999612569809,0.843999981880188,0.11320000141859055,0.05979999899864197,0.39160001277923584
YGR180C,Cytoplasm|Nucleus,Nuclear localization signal|Nuclear export signal,Soluble,0.741599977016449,0.5774000287055969,0.007400000002235174,0.2590000033378601,0.05169999971985817,0.0008999999845400453,0.18209999799728394,0.10719999670982361,0.07999999821186066,0.0020000000949949026,0.4431000053882599,0.03750000149011612,0.02070000022649765,0.7893000245094299
YGR183C,Mitochondrion,Transmembrane domain,Transmembrane,0.20499999821186066,0.04430000111460686,0.01269999984651804,0.12430000305175781,0.9611999988555908,0.07119999825954437,0.2662000060081482,0.07779999822378159,0.07810000330209732,0.13490000367164612,0.39320001006126404,0.96670001745224,0.006099999882280827,0.09669999778270721
YGR185C,Cytoplasm,,Soluble,0.7427999973297119,0.18289999663829803,0.03909999877214432,0.05490000173449516,0.14480000734329224,0.012000000104308128,0.3305000066757202,0.19779999554157257,0.5723999738693237,0.019999999552965164,0.4422999918460846,0.020400000736117363,0.07119999825954437,0.8245999813079834
YGR191W,Cell membrane,Transmembrane domain,Transmembrane,0.1518000066280365,0.09969999641180038,0.015200000256299973,0.605400025844574,0.16529999673366547,0.009600000455975533,0.391400009393692,0.4560999870300293,0.5235000252723694,0.0071000000461936,0.05000000074505806,0.9904999732971191,0.024299999698996544,0.12470000237226486
YGR192C,Cytoplasm,,Soluble,0.7649000287055969,0.2800999879837036,0.047600001096725464,0.09269999712705612,0.3111000061035156,0.010499999858438969,0.09200000017881393,0.13249999284744263,0.08240000158548355,0.01850000023841858,0.36910000443458557,0.009399999864399433,0.2264000028371811,0.861299991607666
YGR193C,Mitochondrion,Mitochondrial transit peptide,Peripheral|Soluble,0.16699999570846558,0.08820000290870667,0.031599998474121094,0.08150000125169754,0.9251000285148621,0.008899999782443047,0.05490000173449516,0.03610000014305115,0.07209999859333038,0.005200000014156103,0.7695000171661377,0.040300000458955765,0.045099999755620956,0.5710999965667725
YGR194C,Cytoplasm,,Soluble,0.6017000079154968,0.48170000314712524,0.03550000116229057,0.03319999948143959,0.4578000009059906,0.052000001072883606,0.12790000438690186,0.14139999449253082,0.1703999936580658,0.0414000004529953,0.5830000042915344,0.09640000015497208,0.05869999900460243,0.593500018119812
YGR202C,Nucleus,Nuclear localization signal,Peripheral|Soluble,0.24500000476837158,0.7138000130653381,0.017999999225139618,0.06390000134706497,0.31630000472068787,0.008899999782443047,0.21299999952316284,0.06400000303983688,0.06759999692440033,0.008500000461935997,0.6290000081062317,0.051500000059604645,0.06459999829530716,0.6309999823570251
YGR204W,Cytoplasm,,Soluble,0.7914000153541565,0.41260001063346863,0.033799998462200165,0.11710000038146973,0.17479999363422394,0.049400001764297485,0.05530000105500221,0.06469999998807907,0.05829999968409538,0.00570000009611249,0.553600013256073,0.02070000022649765,0.08269999921321869,0.7968999743461609
YGR208W,Cytoplasm,Nuclear localization signal,Soluble,0.8690000176429749,0.3849000036716461,0.15399999916553497,0.3050999939441681,0.45260000228881836,0.0215000007301569,0.14910000562667847,0.20829999446868896,0.0877000018954277,0.00559999980032444,0.45680001378059387,0.016300000250339508,0.08299999684095383,0.8366000056266785
YGR209C,Cytoplasm,,Soluble,0.8288999795913696,0.4336000084877014,0.12229999899864197,0.12729999423027039,0.19370000064373016,0.004600000102072954,0.1679999977350235,0.09520000219345093,0.17759999632835388,0.007799999788403511,0.323199987411499,0.00430000014603138,0.07329999655485153,0.9296000003814697
YGR216C,Endoplasmic reticulum,Transmembrane domain,Transmembrane,0.2603999972343445,0.18230000138282776,0.11249999701976776,0.14169999957084656,0.2976999878883362,0.011599999852478504,0.5467000007629395,0.33500000834465027,0.24130000174045563,0.07050000131130219,0.27239999175071716,0.9726999998092651,0.020999999716877937,0.1168999969959259
YGR227W,Endoplasmic reticulum,Signal peptide|Transmembrane domain,Transmembrane,0.11069999635219574,0.2685000002384186,0.009999999776482582,0.1460999995470047,0.1307000070810318,0.00279999990016222,0.8640000224113464,0.16130000352859497,0.39169999957084656,0.00419999985024333,0.054099999368190765,0.9839000105857849,0.009600000455975533,0.19269999861717224
YGR234W,Cytoplasm,,Peripheral|Soluble,0.724399983882904,0.4715000092983246,0.04969999939203262,0.3546999990940094,0.43970000743865967,0.004999999888241291,0.06400000303983688,0.05460000038146973,0.1768999993801117,0.0031999999191612005,0.6868000030517578,0.02329999953508377,0.08799999952316284,0.7039999961853027
YGR240C,Cytoplasm,,Soluble,0.7949000000953674,0.20329999923706055,0.051100000739097595,0.10119999945163727,0.38100001215934753,0.020099999383091927,0.15449999272823334,0.11050000041723251,0.10869999974966049,0.018300000578165054,0.5777999758720398,0.03530000150203705,0.03999999910593033,0.7664999961853027
YGR243W,Mitochondrion,Transmembrane domain,Transmembrane,0.0835999995470047,0.08649999648332596,0.014700000174343586,0.0812000036239624,0.8503000140190125,0.1746000051498413,0.3808000087738037,0.0786999985575676,0.15809999406337738,0.32510000467300415,0.11630000174045563,0.9840999841690063,0.005400000140070915,0.15049999952316284
YGR244C,Mitochondrion,Mitochondrial transit peptide,Peripheral|Soluble,0.11420000344514847,0.09759999811649323,0.05260000005364418,0.09989999979734421,0.9614999890327454,0.03779999911785126,0.023000000044703484,0.04600000008940697,0.066600002348423,0.012500000186264515,0.7322999835014343,0.03849999979138374,0.05139999836683273,0.6290000081062317
YGR247W,Cytoplasm,Nuclear localization signal,Soluble,0.5939000248908997,0.44850000739097595,0.3095000088214874,0.02410000003874302,0.1745000034570694,0.032099999487400055,0.06989999860525131,0.08950000256299973,0.28360000252723694,0.008100000210106373,0.29409998655319214,0.07639999687671661,0.04450000077486038,0.814300000667572
YGR248W,Cytoplasm,,Soluble,0.7587000131607056,0.37400001287460327,0.14409999549388885,0.2320999950170517,0.32910001277923584,0.014700000174343586,0.04170000180602074,0.08889999985694885,0.04470000043511391,0.01850000023841858,0.38839998841285706,0.028999999165534973,0.07490000128746033,0.8260999917984009
YGR254W,Cytoplasm,Peroxisomal targeting signal,Soluble,0.8658999800682068,0.2159000039100647,0.37529999017715454,0.19709999859333038,0.32589998841285706,0.052799999713897705,0.016599999740719795,0.10530000180006027,0.015300000086426735,0.22429999709129333,0.3330000042915344,0.015699999406933784,0.04859999939799309,0.8816999793052673
YGR255C,Mitochondrion,Mitochondrial transit peptide,Peripheral,0.1906999945640564,0.1251000016927719,0.023900000378489494,0.0649000033736229,0.9196000099182129,0.08089999854564667,0.09359999746084213,0.0722000002861023,0.11800000071525574,0.016899999231100082,0.8629999756813049,0.2651999890804291,0.048500001430511475,0.1907999962568283
YGR256W,Cytoplasm,,Soluble,0.6047000288963318,0.2535000145435333,0.03889999911189079,0.06889999657869339,0.3084000051021576,0.06400000303983688,0.10220000147819519,0.0917000025510788,0.0877000018954277,0.061900001019239426,0.5410000085830688,0.03150000050663948,0.0778999999165535,0.7569000124931335
YGR260W,Endoplasmic reticulum,,Transmembrane,0.1843000054359436,0.0737999975681305,0.04340000078082085,0.46309998631477356,0.14489999413490295,0.005799999926239252,0.8242999911308289,0.2475000023841858,0.6585999727249146,0.0031999999191612005,0.021400000900030136,0.9914000034332275,0.026599999517202377,0.1754000037908554
YGR264C,Cytoplasm,,Soluble,0.7124000191688538,0.4162999987602234,0.06549999862909317,0.020600000396370888,0.08990000188350677,0.013299999758601189,0.2224999964237213,0.1559000015258789,0.2303999960422516,0.04729999974370003,0.41929998993873596,0.03700000047683716,0.031300000846385956,0.7771000266075134
YGR267C,Cytoplasm|Nucleus,,Peripheral|Soluble,0.54830002784729,0.7293999791145325,0.0032999999821186066,0.08209999650716782,0.40549999475479126,0.013899999670684338,0.06560000032186508,0.2249000072479248,0.03790000081062317,0.08460000157356262,0.6456000208854675,0.03420000150799751,0.05000000074505806,0.7368000149726868
YGR277C,Cytoplasm|Nucleus,Nuclear export signal,Soluble,0.6643999814987183,0.5331000089645386,0.0010999999940395355,0.039400000125169754,0.27320000529289246,0.06870000064373016,0.029999999329447746,0.1891999989748001,0.2249000072479248,0.00279999990016222,0.5383999943733215,0.0357000008225441,0.17149999737739563,0.7634000182151794
YGR282C,Extracellular,Signal peptide,Soluble,0.15569999814033508,0.07559999823570251,0.8413000106811523,0.09489999711513519,0.10809999704360962,0.014000000432133675,0.1550000011920929,0.2799000144004822,0.1071000024676323,0.0013000000035390258,0.1906999945640564,0.010099999606609344,0.029600000008940697,0.9280999898910522
YGR286C,Mitochondrion,Mitochondrial transit peptide,Peripheral|Soluble,0.1817999929189682,0.14749999344348907,0.04470000043511391,0.057500001043081284,0.9575999975204468,0.09030000120401382,0.04410000145435333,0.10639999806880951,0.07660000026226044,0.025299999862909317,0.6919000148773193,0.07750000059604645,0.03460000082850456,0.5386000275611877
YGR287C,Cytoplasm,Nuclear localization signal,Soluble,0.8062000274658203,0.46639999747276306,0.04740000143647194,0.07050000131130219,0.35760000348091125,0.03869999945163727,0.08100000023841858,0.1590999960899353,0.06849999725818634,0.004399999976158142,0.3434000015258789,0.04769999906420708,0.02019999921321869,0.8008000254631042
YGR289C,Cell membrane,,Transmembrane,0.1324000060558319,0.15279999375343323,0.0575999990105629,0.486299991607666,0.0617000013589859,0.0008999999845400453,0.26919999718666077,0.3817000091075897,0.4390000104904175,0.012900000438094139,0.017899999395012856,0.9865999817848206,0.026900000870227814,0.24279999732971191
YGR292W,Cytoplasm,,Soluble,0.7527999877929688,0.4535999894142151,0.024000000208616257,0.0478999987244606,0.4528999924659729,0.08049999922513962,0.08699999749660492,0.17659999430179596,0.039900001138448715,0.022299999371170998,0.28700000047683716,0.065700002014637,0.019300000742077827,0.795199990272522
YHL003C,Endoplasmic reticulum,Signal peptide|Transmembrane domain,Transmembrane,0.09650000184774399,0.11599999666213989,0.025800000876188278,0.2232999950647354,0.1177000030875206,0.009100000374019146,0.8999999761581421,0.21320000290870667,0.4408000111579895,0.0272000003606081,0.11959999799728394,0.9883999824523926,0.00839999970048666,0.10369999706745148
YHL011C,Cytoplasm,,Soluble,0.6620000004768372,0.4526999890804291,0.022600000724196434,0.09260000288486481,0.19769999384880066,0.014800000004470348,0.09300000220537186,0.02019999921321869,0.04740000143647194,0.00139999995008111,0.453000009059906,0.025200000032782555,0.06360000371932983,0.792900025844574
YHL012W,Cytoplasm,,Soluble,0.8409000039100647,0.48190000653266907,0.13040000200271606,0.062300000339746475,0.08969999849796295,0.007899999618530273,0.1607999950647354,0.1062999963760376,0.11909999698400497,0.03880000114440918,0.5052000284194946,0.12319999933242798,0.037300001829862595,0.715499997138977
YHL016C,Cell membrane,Transmembrane domain,Transmembrane,0.08479999750852585,0.1412000060081482,0.021700000390410423,0.6158999800682068,0.06300000101327896,0.003000000026077032,0.39500001072883606,0.47859999537467957,0.3621000051498413,0.0015999999595806003,0.04360000044107437,0.994700014591217,0.03689999878406525,0.10289999842643738
YHL018W,Nucleus,,Soluble,0.4277999997138977,0.633899986743927,0.10859999805688858,0.07970000058412552,0.3716000020503998,0.006800000090152025,0.023099999874830246,0.1632000058889389,0.023099999874830246,0.003000000026077032,0.5645999908447266,0.033399999141693115,0.061799999326467514,0.7706999778747559
YHL032C,Mitochondrion,Mitochondrial transit peptide,Soluble,0.2768000066280365,0.16760000586509705,0.03830000013113022,0.05779999867081642,0.9189000129699707,0.07599999755620956,0.09520000219345093,0.0820000022649765,0.09730000048875809,0.052799999713897705,0.5371999740600586,0.19900000095367432,0.043699998408555984,0.484499990940094
YHL036W,Lysosome/Vacuole,Transmembrane domain,Transmembrane,0.1412000060081482,0.1152999997138977,0.010499999858438969,0.40220001339912415,0.17990000545978546,0.010400000028312206,0.30219998955726624,0.7333999872207642,0.5246000289916992,0.00430000014603138,0.05380000174045563,0.9945999979972839,0.01940000057220459,0.1006999984383583
YHR001W-A,Mitochondrion,Mitochondrial transit peptide,Transmembrane,0.14659999310970306,0.09679999947547913,0.06930000334978104,0.08160000294446945,0.9682999849319458,0.05609999969601631,0.1988999992609024,0.09030000120401382,0.04580000042915344,0.1185000017285347,0.3463999927043915,0.9650999903678894,0.006000000052154064,0.11270000040531158
YHR002W,Mitochondrion,Mitochondrial transit peptide,Transmembrane,0.11249999701976776,0.09719999879598618,0.014600000344216824,0.05779999867081642,0.9520000219345093,0.12370000034570694,0.26089999079704285,0.17299999296665192,0.17260000109672546,0.2126999944448471,0.2946999967098236,0.9632999897003174,0.01360000018030405,0.1120000034570694
YHR007C,Endoplasmic reticulum,Signal peptide|Transmembrane domain,Transmembrane,0.1850000023841858,0.11410000175237656,0.19629999995231628,0.05900000035762787,0.14740000665187836,0.03669999912381172,0.9376000165939331,0.1467999964952469,0.3231000006198883,0.014000000432133675,0.30869999527931213,0.8924999833106995,0.023099999874830246,0.20430000126361847
YHR008C,Mitochondrion,Mitochondrial transit peptide,Peripheral|Soluble,0.12939999997615814,0.06459999829530716,0.042399998754262924,0.11219999939203262,0.9660000205039978,0.18860000371932983,0.025699999183416367,0.03310000151395798,0.04390000179409981,0.008799999952316284,0.7142000198364258,0.04560000076889992,0.04309999942779541,0.6029999852180481
YHR011W,Mitochondrion,Mitochondrial transit peptide,Soluble,0.2879999876022339,0.17180000245571136,0.05730000138282776,0.020400000736117363,0.8956999778747559,0.020600000396370888,0.03779999911785126,0.052799999713897705,0.04619999974966049,0.07419999688863754,0.5896999835968018,0.05860000103712082,0.041200000792741776,0.6230000257492065
