Protein_ID,Localizations,Signals,Membrane types,Cytoplasm,Nucleus,Extracellular,Cell membrane,Mitochondrion,Plastid,Endoplasmic reticulum,Lysosome/Vacuole,Golgi apparatus,Peroxisome,Peripheral,Transmembrane,Lipid anchor,Soluble
YHR013C,Cytoplasm,,Soluble,0.6333000063896179,0.5259000062942505,0.01860000006854534,0.05040000006556511,0.2919999957084656,0.00800000037997961,0.31839999556541443,0.1477999985218048,0.186599999666214,0.17479999363422394,0.42260000109672546,0.03689999878406525,0.07090000063180923,0.739300012588501
YHR018C,Cytoplasm|Nucleus,,Peripheral|Soluble,0.7458999752998352,0.5934000015258789,0.03590000048279762,0.031700000166893005,0.4449999928474426,0.003100000089034438,0.036400001496076584,0.08789999783039093,0.0754999965429306,0.05079999938607216,0.6570000052452087,0.023399999365210533,0.051899999380111694,0.7559999823570251
YHR019C,Cytoplasm,Nuclear localization signal,Soluble,0.5655999779701233,0.43380001187324524,0.14069999754428864,0.061799999326467514,0.23010000586509705,0.09130000323057175,0.22200000286102295,0.02669999934732914,0.027799999341368675,0.0008999999845400453,0.40230000019073486,0.03290000185370445,0.07050000131130219,0.8252999782562256
YHR020W,Cytoplasm,Nuclear localization signal,Soluble,0.6996999979019165,0.3521000146865845,0.15330000221729279,0.026000000536441803,0.2207999974489212,0.3720000088214874,0.30390000343322754,0.05999999865889549,0.19480000436306,0.010400000028312206,0.37599998712539673,0.021199999377131462,0.08240000158548355,0.8385000228881836
YHR025W,Cytoplasm,,Soluble,0.5188999772071838,0.32580000162124634,0.012500000186264515,0.426800012588501,0.3481999933719635,0.009600000455975533,0.23280000686645508,0.23360000550746918,0.1679999977350235,0.07370000332593918,0.4041999876499176,0.07400000095367432,0.10980000346899033,0.7645999789237976
YHR026W,Cell membrane|Endoplasmic reticulum|Lysosome/Vacuole,Transmembrane domain,Transmembrane,0.14820000529289246,0.08959999680519104,0.11900000274181366,0.6832000017166138,0.20630000531673431,0.029500000178813934,0.7307000160217285,0.8082000017166138,0.40549999475479126,0.02419999986886978,0.08720000088214874,0.9603000283241272,0.045899998396635056,0.2361000031232834
YHR037W,Mitochondrion,Mitochondrial transit peptide,Soluble,0.2029999941587448,0.12049999833106995,0.04520000144839287,0.065700002014637,0.9146999716758728,0.03779999911785126,0.022700000554323196,0.05480000004172325,0.04149999842047691,0.03610000014305115,0.5996000170707703,0.03240000084042549,0.049300000071525574,0.723800003528595
YHR039C-A,Cytoplasm,,Soluble,0.7544999718666077,0.5041999816894531,0.17710000276565552,0.21570000052452087,0.1949000060558319,0.0024999999441206455,0.016300000250339508,0.2054000049829483,0.02449999935925007,0.004399999976158142,0.310699999332428,0.011099999770522118,0.12479999661445618,0.9172000288963318
YHR042W,Endoplasmic reticulum,,Transmembrane,0.21400000154972076,0.21570000052452087,0.09019999951124191,0.17910000681877136,0.48510000109672546,0.020899999886751175,0.7549999952316284,0.1242000013589859,0.2628999948501587,0.1265999972820282,0.3521000146865845,0.8417999744415283,0.03840000182390213,0.17560000717639923
YHR043C,Cytoplasm,,Soluble,0.7822999954223633,0.5116000175476074,0.06120000034570694,0.015300000086426735,0.3075999915599823,0.0066999997943639755,0.10920000076293945,0.03269999846816063,0.12710000574588776,0.07240000367164612,0.26249998807907104,0.053199999034404755,0.019500000402331352,0.8461999893188477
YHR044C,Cytoplasm,Peroxisomal targeting signal,Soluble,0.6992999911308289,0.4855000078678131,0.1354999989271164,0.013100000098347664,0.2565999925136566,0.008799999952316284,0.11100000143051147,0.01510000042617321,0.09570000320672989,0.21170000731945038,0.29330000281333923,0.047200001776218414,0.021700000390410423,0.8435999751091003
YHR046C,Cytoplasm,,Soluble,0.9139000177383423,0.3434999883174896,0.02199999988079071,0.05590000003576279,0.10320000350475311,0.0031999999191612005,0.09539999812841415,0.17110000550746918,0.11710000038146973,0.03929999843239784,0.289000004529953,0.018300000578165054,0.04360000044107437,0.8845000267028809
YHR051W,Mitochondrion,Mitochondrial transit peptide,Peripheral|Soluble,0.1137000024318695,0.09830000251531601,0.030899999663233757,0.10249999910593033,0.9577000141143799,0.02199999988079071,0.027000000700354576,0.03150000050663948,0.04699999839067459,0.0044999998062849045,0.7134000062942505,0.06499999761581421,0.04050000011920929,0.5737000107765198
YHR063C,Cytoplasm,,Soluble,0.5878999829292297,0.3822999894618988,0.018200000748038292,0.05570000037550926,0.4025999903678894,0.004900000058114529,0.1525000035762787,0.10499999672174454,0.05389999970793724,0.06870000064373016,0.45980000495910645,0.10809999704360962,0.021700000390410423,0.6407999992370605
YHR067W,Cytoplasm,,Peripheral|Soluble,0.6129999756813049,0.5126000046730042,0.010900000110268593,0.042100001126527786,0.5241000056266785,0.01769999973475933,0.09629999846220016,0.11309999972581863,0.03480000048875809,0.021900000050663948,0.629800021648407,0.08240000158548355,0.03909999877214432,0.613099992275238
YHR068W,Cytoplasm,,Soluble,0.8273000121116638,0.37790000438690186,0.006500000134110451,0.08410000056028366,0.5002999901771545,0.03909999877214432,0.14630000293254852,0.07850000262260437,0.06589999794960022,0.0038999998942017555,0.43529999256134033,0.10909999907016754,0.0575999990105629,0.6420999765396118
YHR072W,Cytoplasm,,Peripheral,0.5690000057220459,0.28790000081062317,0.0015999999595806003,0.10119999945163727,0.1527000069618225,0.013399999588727951,0.5701000094413757,0.21310000121593475,0.3133000135421753,0.06499999761581421,0.7515000104904175,0.20589999854564667,0.04349999874830246,0.3402000069618225
YHR074W,Cytoplasm|Nucleus,Nuclear export signal,Soluble,0.8136000037193298,0.5544000267982483,0.004600000102072954,0.07680000364780426,0.039500001817941666,0.004100000020116568,0.15309999883174896,0.057999998331069946,0.05510000139474869,0.0038999998942017555,0.536899983882904,0.05609999969601631,0.05270000174641609,0.7020999789237976
YHR091C,Mitochondrion,Mitochondrial transit peptide,Soluble,0.21119999885559082,0.15889999270439148,0.09260000288486481,0.048900000751018524,0.847599983215332,0.4124000072479248,0.03959999978542328,0.13910000026226044,0.08340000361204147,0.11860000342130661,0.5670999884605408,0.12240000069141388,0.07329999655485153,0.5939000248908997
YHR092C,Cell membrane,Transmembrane domain,Transmembrane,0.1306000053882599,0.15189999341964722,0.09350000321865082,0.6486999988555908,0.1678999960422516,0.012500000186264515,0.19110000133514404,0.34880000352859497,0.4108000099658966,0.015699999406933784,0.014600000344216824,0.9957000017166138,0.026599999517202377,0.16140000522136688
YHR094C,Cell membrane,Transmembrane domain,Transmembrane,0.1266999989748001,0.1412000060081482,0.0820000022649765,0.6761000156402588,0.148499995470047,0.011500000022351742,0.1996999979019165,0.4154999852180481,0.43529999256134033,0.035599999129772186,0.014800000004470348,0.9954000115394592,0.03280000016093254,0.16769999265670776
YHR096C,Cell membrane,Transmembrane domain,Transmembrane,0.1265999972820282,0.15289999544620514,0.06889999657869339,0.6266000270843506,0.18279999494552612,0.014299999922513962,0.19519999623298645,0.3546000123023987,0.4235000014305115,0.018300000578165054,0.016100000590085983,0.9958999752998352,0.027300000190734863,0.1501999944448471
YHR100C,Mitochondrion,Mitochondrial transit peptide,Peripheral,0.25209999084472656,0.3273000121116638,0.12280000001192093,0.05420000106096268,0.7904000282287598,0.013700000010430813,0.23960000276565552,0.21570000052452087,0.06340000033378601,0.03920000046491623,0.6973000168800354,0.16429999470710754,0.0778999999165535,0.37599998712539673
YHR104W,Cytoplasm,,Soluble,0.6769999861717224,0.35179999470710754,0.035999998450279236,0.11270000040531158,0.2809999883174896,0.15000000596046448,0.21619999408721924,0.24580000340938568,0.0934000015258789,0.003100000089034438,0.29409998655319214,0.01860000006854534,0.051500000059604645,0.8747000098228455
YHR106W,Mitochondrion,Mitochondrial transit peptide,Soluble,0.1648000031709671,0.11509999632835388,0.03750000149011612,0.06279999762773514,0.9460999965667725,0.09459999948740005,0.042399998754262924,0.021900000050663948,0.0502999983727932,0.05790000036358833,0.5835999846458435,0.03909999877214432,0.057100001722574234,0.7226999998092651
YHR109W,Cytoplasm|Nucleus,Nuclear localization signal,Soluble,0.5870000123977661,0.7635999917984009,0.06629999727010727,0.02669999934732914,0.10689999908208847,0.014399999752640724,0.10360000282526016,0.047200001776218414,0.08609999716281891,0.0035000001080334187,0.4544999897480011,0.16529999673366547,0.02280000038444996,0.6773999929428101
YHR116W,Mitochondrion,Mitochondrial transit peptide,Soluble,0.3824999928474426,0.21870000660419464,0.15950000286102295,0.11720000207424164,0.70660001039505,0.0494999997317791,0.32710000872612,0.1348000019788742,0.20499999821186066,0.10649999976158142,0.5659000277519226,0.03750000149011612,0.0754999965429306,0.7272999882698059
YHR123W,Endoplasmic reticulum|Lysosome/Vacuole|Golgi apparatus,Transmembrane domain,Transmembrane,0.18639999628067017,0.09200000017881393,0.005799999926239252,0.2549999952316284,0.2603999972343445,0.008200000040233135,0.7656000256538391,0.8140000104904175,0.6747999787330627,0.05380000174045563,0.08659999817609787,0.9864000082015991,0.015599999576807022,0.12070000171661377
YHR128W,Cytoplasm|Nucleus,Nuclear localization signal,Soluble,0.7954000234603882,0.6326000094413757,0.016499999910593033,0.07569999992847443,0.2989000082015991,0.007400000002235174,0.11159999668598175,0.0649000033736229,0.11320000141859055,0.00139999995008111,0.5163999795913696,0.016599999740719795,0.13609999418258667,0.8145999908447266
YHR137W,Cytoplasm,,Soluble,0.8349000215530396,0.34209999442100525,0.03689999878406525,0.09319999814033508,0.3077000081539154,0.007600000128149986,0.11890000104904175,0.21050000190734863,0.11879999935626984,0.017500000074505806,0.38510000705718994,0.040699999779462814,0.0340999998152256,0.7930999994277954
YHR144C,Cytoplasm|Nucleus,Nuclear localization signal|Nuclear export signal,Soluble,0.6927000284194946,0.8255000114440918,0.009399999864399433,0.023800000548362732,0.18870000541210175,0.006500000134110451,0.09560000151395798,0.07440000027418137,0.07240000367164612,0.0015999999595806003,0.5447999835014343,0.040699999779462814,0.05990000069141388,0.7559999823570251
YHR162W,Mitochondrion,,Transmembrane,0.09640000015497208,0.10939999669790268,0.013000000268220901,0.05180000141263008,0.8513000011444092,0.32429999113082886,0.421999990940094,0.0820000022649765,0.16050000488758087,0.5396000146865845,0.13339999318122864,0.984499990940094,0.006300000008195639,0.15129999816417694
YHR163W,Cytoplasm,Nuclear localization signal,Soluble,0.5866000056266785,0.5076000094413757,0.15700000524520874,0.1581999957561493,0.3402999937534332,0.023399999365210533,0.07169999927282333,0.12460000067949295,0.07020000368356705,0.024399999529123306,0.38519999384880066,0.021900000050663948,0.08820000290870667,0.8468999862670898
YHR174W,Cytoplasm,,Soluble,0.8690999746322632,0.2451999932527542,0.37869998812675476,0.19709999859333038,0.31459999084472656,0.04360000044107437,0.020099999383091927,0.1039000004529953,0.020099999383091927,0.1445000022649765,0.36410000920295715,0.01269999984651804,0.054999999701976776,0.8870000243186951
YHR183W,Cytoplasm,,Soluble,0.6053000092506409,0.23229999840259552,0.03370000049471855,0.07339999824762344,0.32760000228881836,0.07079999893903732,0.09189999848604202,0.1062999963760376,0.07360000163316727,0.07090000063180923,0.5177000164985657,0.03020000085234642,0.07909999787807465,0.765500009059906
YHR190W,Endoplasmic reticulum,Signal peptide|Transmembrane domain,Transmembrane,0.30820000171661377,0.18799999356269836,0.19120000302791595,0.16869999468326569,0.40790000557899475,0.054099999368190765,0.8264999985694885,0.4607999920845032,0.44920000433921814,0.1242000013589859,0.31940001249313354,0.9419999718666077,0.09560000151395798,0.12409999966621399
YHR201C,Cytoplasm|Nucleus,Nuclear localization signal,Soluble,0.6657999753952026,0.6456000208854675,0.035599999129772186,0.027300000190734863,0.2290000021457672,0.0038999998942017555,0.1395999938249588,0.24269999563694,0.13130000233650208,0.00989999994635582,0.5228000283241272,0.022700000554323196,0.04529999941587448,0.7599999904632568
YHR208W,Mitochondrion,Mitochondrial transit peptide,Soluble,0.2084999978542328,0.09539999812841415,0.03150000050663948,0.04989999905228615,0.9478999972343445,0.022299999371170998,0.026900000870227814,0.05900000035762787,0.042500000447034836,0.05779999867081642,0.38960000872612,0.04830000177025795,0.0737999975681305,0.7484999895095825
YHR215W,Extracellular,Signal peptide,Soluble,0.147599995136261,0.05939999967813492,0.832099974155426,0.09740000218153,0.26589998602867126,0.007400000002235174,0.38609999418258667,0.51419997215271,0.14010000228881836,0.004399999976158142,0.20900000631809235,0.016300000250339508,0.019099999219179153,0.8884999752044678
YHR216W,Cytoplasm,,Soluble,0.6202999949455261,0.46459999680519104,0.11050000041723251,0.1378999948501587,0.14810000360012054,0.01720000058412552,0.016499999910593033,0.05480000004172325,0.01080000028014183,0.032099999487400055,0.5927000045776367,0.027499999850988388,0.06650000065565109,0.7634999752044678
YIL002C,Cytoplasm,Nuclear export signal,Peripheral|Soluble,0.7894999980926514,0.33970001339912415,0.06239999830722809,0.07329999655485153,0.08179999887943268,0.012400000356137753,0.17790000140666962,0.2434999942779541,0.41269999742507935,0.0494999997317791,0.6988999843597412,0.0617000013589859,0.028999999165534973,0.6419000029563904
YIL006W,Mitochondrion,Transmembrane domain|Mitochondrial transit peptide,Transmembrane,0.13449999690055847,0.09059999883174896,0.0024999999441206455,0.21629999577999115,0.8626999855041504,0.03519999980926514,0.16179999709129333,0.19840000569820404,0.09009999781847,0.24650000035762787,0.23659999668598175,0.9323999881744385,0.010700000450015068,0.18410000205039978
YIL009W,Nucleus,Nuclear localization signal,Peripheral,0.32350000739097595,0.4099999964237213,0.03519999980926514,0.4000999927520752,0.2029999941587448,0.18860000371932983,0.2167000025510788,0.2467000037431717,0.31470000743865967,0.008200000040233135,0.79339998960495,0.08089999854564667,0.07339999824762344,0.45210000872612
YIL010W,Nucleus,Nuclear localization signal,Soluble,0.3041999936103821,0.8169999718666077,0.08659999817609787,0.06679999828338623,0.1656000018119812,0.01860000006854534,0.055399999022483826,0.016100000590085983,0.03660000115633011,0.03519999980926514,0.23520000278949738,0.02969999983906746,0.2948000133037567,0.8568999767303467
YIL013C,Cell membrane|Lysosome/Vacuole,Signal peptide|Transmembrane domain,Transmembrane,0.17059999704360962,0.15289999544620514,0.03099999949336052,0.5898000001907349,0.1370999962091446,0.013899999670684338,0.5733000040054321,0.6644999980926514,0.40139999985694885,0.0044999998062849045,0.0697999969124794,0.9939000010490417,0.02290000021457672,0.0763000026345253
YIL020C,Cytoplasm,Nuclear localization signal,Soluble,0.8896999955177307,0.43639999628067017,0.014000000432133675,0.01899999938905239,0.6136000156402588,0.04809999838471413,0.5206000208854675,0.43309998512268066,0.2222999930381775,0.007799999788403511,0.44929999113082886,0.021299999207258224,0.048700001090765,0.8528000116348267
YIL023C,Endoplasmic reticulum,Signal peptide|Transmembrane domain,Transmembrane,0.12099999934434891,0.13179999589920044,0.08219999819993973,0.22269999980926514,0.12790000438690186,0.02419999986886978,0.753600001335144,0.5551999807357788,0.49619999527931213,0.007199999876320362,0.07370000332593918,0.988099992275238,0.029100000858306885,0.13349999487400055
YIL043C,Endoplasmic reticulum,Signal peptide,Transmembrane,0.19220000505447388,0.195700004696846,0.09669999778270721,0.25459998846054077,0.2822999954223633,0.04039999842643738,0.5041000247001648,0.17499999701976776,0.19830000400543213,0.043800000101327896,0.24169999361038208,0.8651000261306763,0.04749999940395355,0.23360000550746918
YIL048W,Endoplasmic reticulum|Lysosome/Vacuole|Golgi apparatus,Signal peptide|Transmembrane domain,Transmembrane,0.2517000138759613,0.11129999905824661,0.015300000086426735,0.427700012922287,0.09470000118017197,0.00430000014603138,0.6298999786376953,0.746999979019165,0.7466999888420105,0.005200000014156103,0.07739999890327454,0.988099992275238,0.01940000057220459,0.1234000027179718
YIL053W,Cytoplasm,Peroxisomal targeting signal,Soluble,0.7615000009536743,0.48910000920295715,0.05009999871253967,0.025599999353289604,0.125,0.008999999612569809,0.07259999960660934,0.02199999988079071,0.08129999786615372,0.20409999787807465,0.23770000040531158,0.03880000114440918,0.02290000021457672,0.8691999912261963
YIL066C,Cytoplasm,,Soluble,0.7605000138282776,0.3513999879360199,0.19990000128746033,0.07829999923706055,0.32910001277923584,0.05040000006556511,0.12620000541210175,0.07970000058412552,0.1809999942779541,0.09189999848604202,0.3828999996185303,0.032999999821186066,0.1412999927997589,0.809499979019165
YIL074C,Cytoplasm,,Soluble,0.7799999713897705,0.2574999928474426,0.024700000882148743,0.0860000029206276,0.19779999554157257,0.018300000578165054,0.08900000154972076,0.2842999994754791,0.0908999964594841,0.14489999413490295,0.5529000163078308,0.07810000330209732,0.06469999998807907,0.6862000226974487
YIL078W,Cytoplasm,Nuclear localization signal,Soluble,0.734000027179718,0.41370001435279846,0.05209999904036522,0.06689999997615814,0.14079999923706055,0.10409999638795853,0.20630000531673431,0.07940000295639038,0.20739999413490295,0.013500000350177288,0.4424999952316284,0.019500000402331352,0.1632000058889389,0.8148999810218811
YIL083C,Cytoplasm,,Soluble,0.7817999720573425,0.47029998898506165,0.010099999606609344,0.08079999685287476,0.3343000113964081,0.009200000204145908,0.14480000734329224,0.09560000151395798,0.10209999978542328,0.015399999916553497,0.5519999861717224,0.031300000846385956,0.05299999937415123,0.770799994468689
YIL094C,Mitochondrion,Mitochondrial transit peptide,Soluble,0.14489999413490295,0.0957999974489212,0.03620000183582306,0.04809999838471413,0.9689000248908997,0.07090000063180923,0.03319999948143959,0.030899999663233757,0.035599999129772186,0.01489999983459711,0.5552999973297119,0.028300000354647636,0.04129999876022339,0.7400000095367432
YIL099W,Extracellular,Signal peptide,Soluble,0.15000000596046448,0.07819999754428864,0.6985999941825867,0.054999999701976776,0.09160000085830688,0.006500000134110451,0.5519000291824341,0.27880001068115234,0.1680999994277954,0.010999999940395355,0.24220000207424164,0.07090000063180923,0.050200000405311584,0.7897999882698059
YIL107C,Cytoplasm,,Peripheral|Soluble,0.7174000144004822,0.40779998898506165,0.017400000244379044,0.20520000159740448,0.12300000339746475,0.0017000000225380063,0.1542000025510788,0.2549999952316284,0.125900000333786,0.025699999183416367,0.6316999793052673,0.042899999767541885,0.03310000151395798,0.7124999761581421
YIL111W,Mitochondrion,Mitochondrial transit peptide,Transmembrane,0.06610000133514404,0.09220000356435776,0.01889999955892563,0.036400001496076584,0.9760000109672546,0.03310000151395798,0.07169999927282333,0.029100000858306885,0.032999999821186066,0.012400000356137753,0.17630000412464142,0.9815000295639038,0.007799999788403511,0.09939999878406525
YIL116W,Cytoplasm,,Soluble,0.8644000291824341,0.25589999556541443,0.019099999219179153,0.1242000013589859,0.4869000017642975,0.019700000062584877,0.2515000104904175,0.16290000081062317,0.1160999983549118,0.019099999219179153,0.4390000104904175,0.03290000185370445,0.11469999700784683,0.7856000065803528
YIL124W,Mitochondrion|Endoplasmic reticulum,Peroxisomal targeting signal,Peripheral,0.3702000081539154,0.2345999926328659,0.05790000036358833,0.05290000140666962,0.6452999711036682,0.007600000128149986,0.746999979019165,0.22619999945163727,0.14180000126361847,0.2167000025510788,0.7509999871253967,0.31690001487731934,0.14949999749660492,0.22699999809265137
YIL125W,Mitochondrion,Mitochondrial transit peptide,Peripheral|Soluble,0.16089999675750732,0.125900000333786,0.0333000011742115,0.040800001472234726,0.9521999955177307,0.07079999893903732,0.029899999499320984,0.07079999893903732,0.14790000021457672,0.016699999570846558,0.7121999859809875,0.04280000180006027,0.03790000081062317,0.6564000248908997
YIL134W,Mitochondrion,Transmembrane domain|Mitochondrial transit peptide,Transmembrane,0.12110000103712082,0.06419999897480011,0.00430000014603138,0.10580000281333923,0.9460999965667725,0.02930000051856041,0.19769999384880066,0.17839999496936798,0.09470000118017197,0.301800012588501,0.3118000030517578,0.906499981880188,0.007300000172108412,0.17219999432563782
YIL145C,Cytoplasm,Nuclear export signal,Soluble,0.7232999801635742,0.474700003862381,0.03020000085234642,0.01720000058412552,0.20980000495910645,0.061900001019239426,0.04699999839067459,0.3614000082015991,0.3910999894142151,0.016300000250339508,0.4440000057220459,0.041600000113248825,0.04969999939203262,0.7839000225067139
YIL155C,Mitochondrion,Mitochondrial transit peptide,Peripheral|Transmembrane,0.15729999542236328,0.14730000495910645,0.05350000038743019,0.05609999969601631,0.9413999915122986,0.04749999940395355,0.09470000118017197,0.15620000660419464,0.13989999890327454,0.06930000334978104,0.6334999799728394,0.7569000124931335,0.010599999688565731,0.17630000412464142
YIL160C,Cytoplasm|Mitochondrion,Mitochondrial transit peptide,Soluble,0.49720001220703125,0.13660000264644623,0.09200000017881393,0.044599998742341995,0.8048999905586243,0.12389999628067017,0.1088000014424324,0.21050000190734863,0.05849999934434891,0.40119999647140503,0.4456000030040741,0.07500000298023224,0.054099999368190765,0.6751000285148621
YIL162W,Extracellular,Signal peptide,Soluble,0.16019999980926514,0.04259999841451645,0.9139000177383423,0.0778999999165535,0.06939999759197235,0.009200000204145908,0.5016000270843506,0.48899999260902405,0.22300000488758087,0.006300000008195639,0.21289999783039093,0.08110000193119049,0.02969999983906746,0.7684000134468079
YIL166C,Endoplasmic reticulum,Signal peptide,Transmembrane,0.2337999939918518,0.04989999905228615,0.12319999933242798,0.17679999768733978,0.061400000005960464,0.010099999606609344,0.7817999720573425,0.17399999499320984,0.6638000011444092,0.00989999994635582,0.04780000075697899,0.9876000285148621,0.01759999990463257,0.15719999372959137
YIL172C,Cytoplasm,Nuclear localization signal,Soluble,0.7997000217437744,0.47380000352859497,0.04129999876022339,0.07249999791383743,0.3580999970436096,0.04340000078082085,0.0706000030040741,0.14350000023841858,0.06030000001192093,0.006300000008195639,0.3393000066280365,0.05139999836683273,0.02019999921321869,0.7946000099182129
YIR027C,Cytoplasm|Nucleus,,Soluble,0.703000009059906,0.527999997138977,0.04230000078678131,0.02590000070631504,0.3276999890804291,0.0012000000569969416,0.030500000342726707,0.10260000079870224,0.08330000191926956,0.0729999989271164,0.4424000084400177,0.03370000049471855,0.05169999971985817,0.807200014591217
YIR028W,Lysosome/Vacuole,Transmembrane domain,Transmembrane,0.11840000003576279,0.14489999413490295,0.01269999984651804,0.44269999861717224,0.12720000743865967,0.0044999998062849045,0.23720000684261322,0.6108999848365784,0.45969998836517334,0.005400000140070915,0.03290000185370445,0.9955000281333923,0.0203000009059906,0.10140000283718109
YIR029W,Cytoplasm|Nucleus,Nuclear localization signal|Nuclear export signal,Peripheral|Soluble,0.7764999866485596,0.6132000088691711,0.062199998646974564,0.028699999675154686,0.13539999723434448,0.007600000128149986,0.026200000196695328,0.09430000185966492,0.11739999800920486,0.00430000014603138,0.6335999965667725,0.032600000500679016,0.04280000180006027,0.7062000036239624
YIR031C,Cytoplasm,Peroxisomal targeting signal,Soluble,0.4814999997615814,0.33809998631477356,0.08070000261068344,0.10700000077486038,0.3068000078201294,0.04740000143647194,0.14380000531673431,0.0722000002861023,0.029500000178813934,0.7049999833106995,0.5789999961853027,0.029899999499320984,0.03009999915957451,0.7865999937057495
YIR032C,Cytoplasm|Nucleus,Peroxisomal targeting signal,Soluble,0.6051999926567078,0.6718000173568726,0.0966000035405159,0.021700000390410423,0.014700000174343586,0.018300000578165054,0.11739999800920486,0.03889999911189079,0.04270000010728836,0.46160000562667847,0.4002000093460083,0.03440000116825104,0.037700001150369644,0.8284000158309937
YIR034C,Cytoplasm|Peroxisome,Peroxisomal targeting signal,Soluble,0.47189998626708984,0.23270000517368317,0.07349999994039536,0.40450000762939453,0.12950000166893005,0.025800000876188278,0.09510000050067902,0.03269999846816063,0.04430000111460686,0.7487000226974487,0.3440999984741211,0.05620000138878822,0.04520000144839287,0.8133999705314636
YIR036C,Cytoplasm|Nucleus,Nuclear localization signal,Soluble,0.7730000019073486,0.7975999712944031,0.024399999529123306,0.04580000042915344,0.06379999965429306,0.002199999988079071,0.3172000050544739,0.14219999313354492,0.04019999876618385,0.008500000461935997,0.46869999170303345,0.025699999183416367,0.05339999869465828,0.8294000029563904
YIR037W,Cytoplasm,Peroxisomal targeting signal,Peripheral|Soluble,0.6662999987602234,0.24770000576972961,0.1306000053882599,0.3865000009536743,0.49390000104904175,0.025599999353289604,0.11129999905824661,0.3617999851703644,0.2395000010728836,0.698199987411499,0.6201000213623047,0.014499999582767487,0.08420000225305557,0.7684000134468079
YJL003W,Mitochondrion,Transmembrane domain,Transmembrane,0.12240000069141388,0.05350000038743019,0.010200000368058681,0.04390000179409981,0.8812999725341797,0.040699999779462814,0.33230000734329224,0.03999999910593033,0.08709999918937683,0.02290000021457672,0.31029999256134033,0.9751999974250793,0.006800000090152025,0.09539999812841415
YJL005W,Cytoplasm,,Peripheral|Soluble,0.6413999795913696,0.25929999351501465,0.048700001090765,0.5094000101089478,0.24400000274181366,0.026100000366568565,0.1875,0.31200000643730164,0.2295999974012375,0.04740000143647194,0.6992999911308289,0.06840000301599503,0.046300001442432404,0.6707000136375427
YJL012C,Endoplasmic reticulum|Lysosome/Vacuole|Golgi apparatus,Transmembrane domain,Transmembrane,0.09040000289678574,0.1671999990940094,0.020899999886751175,0.2321999967098236,0.10499999672174454,0.010300000198185444,0.6366999745368958,0.6753000020980835,0.7523000240325928,0.002899999963119626,0.04230000078678131,0.9957000017166138,0.03229999914765358,0.11299999803304672
YJL026W,Cytoplasm,Nuclear localization signal|Nuclear export signal,Soluble,0.736299991607666,0.47850000858306885,0.011699999682605267,0.2919999957084656,0.05660000070929527,0.005400000140070915,0.1282999962568283,0.11249999701976776,0.07159999758005142,0.0020000000949949026,0.43880000710487366,0.04089999943971634,0.04390000179409981,0.7724999785423279
YJL045W,Mitochondrion,Mitochondrial transit peptide,Soluble,0.15839999914169312,0.09080000221729279,0.04010000079870224,0.06800000369548798,0.9638000130653381,0.06300000101327896,0.04010000079870224,0.09350000321865082,0.08669999986886978,0.05770000070333481,0.5756000280380249,0.041999999433755875,0.04450000077486038,0.7067999839782715
YJL052W,Cytoplasm,,Soluble,0.7602999806404114,0.30160000920295715,0.060100000351667404,0.09399999678134918,0.3172000050544739,0.010300000198185444,0.061900001019239426,0.11710000038146973,0.09790000319480896,0.012299999594688416,0.37209999561309814,0.010200000368058681,0.2718000113964081,0.8513000011444092
YJL060W,Mitochondrion,Mitochondrial transit peptide,Peripheral|Soluble,0.2741999924182892,0.1168999969959259,0.10830000042915344,0.040800001472234726,0.9140999913215637,0.13539999723434448,0.06379999965429306,0.07750000059604645,0.05270000174641609,0.09920000284910202,0.6668000221252441,0.05050000175833702,0.039000000804662704,0.6538000106811523
YJL068C,Cytoplasm,,Soluble,0.5827000141143799,0.4250999987125397,0.3098999857902527,0.08259999752044678,0.1868000030517578,0.013799999840557575,0.12540000677108765,0.08540000021457672,0.12929999828338623,0.029899999499320984,0.2578999996185303,0.1071000024676323,0.013899999670684338,0.7504000067710876
YJL071W,Mitochondrion,Mitochondrial transit peptide,Soluble,0.35589998960494995,0.25760000944137573,0.041999999433755875,0.021199999377131462,0.8766000270843506,0.006800000090152025,0.052799999713897705,0.10599999874830246,0.048500001430511475,0.03280000016093254,0.6115999817848206,0.08139999955892563,0.0215000007301569,0.6122999787330627
YJL088W,Cytoplasm|Nucleus,Nuclear localization signal,Soluble,0.715499997138977,0.6312000155448914,0.007000000216066837,0.047200001776218414,0.36329999566078186,0.010400000028312206,0.19059999287128448,0.09669999778270721,0.10949999839067459,0.039400000125169754,0.6101999878883362,0.013799999840557575,0.04820000007748604,0.8158000111579895
YJL091C,Endoplasmic reticulum,Signal peptide|Transmembrane domain,Transmembrane,0.08079999685287476,0.17679999768733978,0.01360000018030405,0.18770000338554382,0.09989999979734421,0.025599999353289604,0.8744999766349792,0.21400000154972076,0.5375000238418579,0.03680000081658363,0.043800000101327896,0.9890000224113464,0.030500000342726707,0.15289999544620514
YJL097W,Endoplasmic reticulum,Transmembrane domain,Transmembrane,0.12110000103712082,0.07989999651908875,0.00559999980032444,0.11479999870061874,0.21610000729560852,0.014700000174343586,0.899399995803833,0.3086000084877014,0.4309000074863434,0.22769999504089355,0.09019999951124191,0.9911999702453613,0.015399999916553497,0.0869000032544136
YJL100W,Cytoplasm,Nuclear localization signal|Nuclear export signal,Soluble,0.5738999843597412,0.453000009059906,0.04050000011920929,0.3605000078678131,0.2847999930381775,0.02019999921321869,0.4708000123500824,0.5570999979972839,0.43720000982284546,0.020600000396370888,0.5782999992370605,0.07670000195503235,0.06369999796152115,0.6625999808311462
YJL101C,Cytoplasm,Peroxisomal targeting signal,Soluble,0.6747000217437744,0.5160999894142151,0.014800000004470348,0.09560000151395798,0.2085999995470047,0.017000000923871994,0.20309999585151672,0.4147999882698059,0.24879999458789825,0.27079999446868896,0.3594000041484833,0.2329999953508377,0.026200000196695328,0.5730000138282776
YJL121C,Cytoplasm,Nuclear localization signal,Soluble,0.8066999912261963,0.5270000100135803,0.019999999552965164,0.033799998462200165,0.5493000149726868,0.02410000003874302,0.1331000030040741,0.16290000081062317,0.22579999268054962,0.02280000038444996,0.36230000853538513,0.027300000190734863,0.044199999421834946,0.8526999950408936
YJL126W,Cytoplasm,,Soluble,0.833899974822998,0.4392000138759613,0.019700000062584877,0.017100000753998756,0.2363000065088272,0.048500001430511475,0.050200000405311584,0.09239999949932098,0.14159999787807465,0.07069999724626541,0.4359999895095825,0.032099999487400055,0.032499998807907104,0.8158000111579895
YJL129C,Cell membrane,Transmembrane domain,Transmembrane,0.14100000262260437,0.1875,0.01269999984651804,0.696399986743927,0.21140000224113464,0.025599999353289604,0.2433999925851822,0.41780000925064087,0.17599999904632568,0.017899999395012856,0.059300001710653305,0.9962000250816345,0.011900000274181366,0.07460000365972519
YJL130C,Cytoplasm,,Peripheral|Soluble,0.6747999787330627,0.41110000014305115,0.0877000018954277,0.08349999785423279,0.19869999587535858,0.04670000076293945,0.1678999960422516,0.12720000743865967,0.1615000069141388,0.002300000051036477,0.6237000226974487,0.03680000081658363,0.13899999856948853,0.7174000144004822
YJL133W,Mitochondrion,Transmembrane domain|Mitochondrial transit peptide,Transmembrane,0.13269999623298645,0.17720000445842743,0.004000000189989805,0.10429999977350235,0.9028000235557556,0.019999999552965164,0.11079999804496765,0.1518000066280365,0.05530000105500221,0.10679999738931656,0.125900000333786,0.9229000210762024,0.00989999994635582,0.23829999566078186
YJL134W,Endoplasmic reticulum,Transmembrane domain,Transmembrane,0.149399995803833,0.13729999959468842,0.02459999918937683,0.27950000762939453,0.1316000074148178,0.007600000128149986,0.6783999800682068,0.1639000028371811,0.20839999616146088,0.003700000001117587,0.06949999928474426,0.9803000092506409,0.04100000113248825,0.1648000031709671
YJL137C,Cytoplasm,Nuclear export signal,Soluble,0.7621999979019165,0.46459999680519104,0.004600000102072954,0.11800000071525574,0.30300000309944153,0.006899999920278788,0.4586000144481659,0.3465999960899353,0.3752000033855438,0.016499999910593033,0.5080999732017517,0.038600001484155655,0.025699999183416367,0.7493000030517578
YJL139C,Golgi apparatus,Signal peptide|Transmembrane domain,Transmembrane,0.15279999375343323,0.13420000672340393,0.20960000157356262,0.14890000224113464,0.09430000185966492,0.00989999994635582,0.574400007724762,0.29829999804496765,0.897599995136261,0.026000000536441803,0.1551000028848648,0.9365000128746033,0.025100000202655792,0.20499999821186066
YJL153C,Cytoplasm|Nucleus,,Soluble,0.6747999787330627,0.5479000210762024,0.03610000014305115,0.10719999670982361,0.035100001841783524,0.00430000014603138,0.03709999844431877,0.10419999808073044,0.028300000354647636,0.027799999341368675,0.6144999861717224,0.0746999979019165,0.04529999941587448,0.6711000204086304
YJL155C,Cytoplasm,Nuclear localization signal|Nuclear export signal,Soluble,0.7440000176429749,0.5178999900817871,0.00419999985024333,0.14169999957084656,0.19679999351501465,0.004900000058114529,0.20029999315738678,0.2168000042438507,0.15539999306201935,0.012000000104308128,0.5321000218391418,0.030899999663233757,0.06390000134706497,0.7566999793052673
YJL166W,Mitochondrion,Transmembrane domain|Mitochondrial transit peptide,Transmembrane,0.08590000122785568,0.1071000024676323,0.02969999983906746,0.09709999710321426,0.9444000124931335,0.03590000048279762,0.20630000531673431,0.09749999642372131,0.04360000044107437,0.04390000179409981,0.3009999990463257,0.9696999788284302,0.004100000020116568,0.11779999732971191
YJL167W,Cytoplasm,Nuclear localization signal,Soluble,0.8633999824523926,0.3801000118255615,0.027899999171495438,0.10670000314712524,0.14839999377727509,0.0020000000949949026,0.18940000236034393,0.047200001776218414,0.045899998396635056,0.008999999612569809,0.44920000433921814,0.0494999997317791,0.060600001364946365,0.7418000102043152
YJL196C,Endoplasmic reticulum,Signal peptide|Transmembrane domain,Transmembrane,0.05429999902844429,0.07729999721050262,0.006599999964237213,0.14810000360012054,0.08829999715089798,0.037700001150369644,0.9057000279426575,0.10180000215768814,0.4406999945640564,0.048500001430511475,0.0843999981880188,0.992900013923645,0.012900000438094139,0.09160000085830688
YJL198W,Cell membrane,Signal peptide|Transmembrane domain,Transmembrane,0.10999999940395355,0.22630000114440918,0.07940000295639038,0.5098999738693237,0.09030000120401382,0.006099999882280827,0.5576000213623047,0.5171999931335449,0.5069000124931335,0.0024999999441206455,0.03460000082850456,0.9926999807357788,0.013700000010430813,0.1388999968767166
YJL200C,Mitochondrion,Mitochondrial transit peptide,Peripheral|Soluble,0.36239999532699585,0.2012999951839447,0.15199999511241913,0.019700000062584877,0.8504999876022339,0.036400001496076584,0.03620000183582306,0.015799999237060547,0.029400000348687172,0.03819999843835831,0.666700005531311,0.05339999869465828,0.03220000118017197,0.6155999898910522
YJL212C,Cell membrane,Transmembrane domain,Transmembrane,0.06639999896287918,0.08070000261068344,0.06949999928474426,0.3695000112056732,0.1899999976158142,0.018400000408291817,0.41530001163482666,0.2712000012397766,0.1615999937057495,0.002899999963119626,0.032999999821186066,0.9957000017166138,0.01140000019222498,0.12240000069141388
YJL214W,Cell membrane,Transmembrane domain,Transmembrane,0.10329999774694443,0.13529999554157257,0.05530000105500221,0.679099977016449,0.16930000483989716,0.012900000438094139,0.2378000020980835,0.41749998927116394,0.40049999952316284,0.013799999840557575,0.015599999576807022,0.9961000084877014,0.026200000196695328,0.15449999272823334
YJL216C,Cytoplasm|Nucleus,Nuclear localization signal,Soluble,0.8050000071525574,0.567799985408783,0.03840000182390213,0.10899999737739563,0.3774000108242035,0.014700000174343586,0.06669999659061432,0.16050000488758087,0.05889999866485596,0.002300000051036477,0.34119999408721924,0.03460000082850456,0.02290000021457672,0.8029999732971191
YJL219W,Cell membrane,Transmembrane domain,Transmembrane,0.11299999803304672,0.13670000433921814,0.0729999989271164,0.6912000179290771,0.17020000517368317,0.011099999770522118,0.22840000689029694,0.37040001153945923,0.43560001254081726,0.01720000058412552,0.017999999225139618,0.9948999881744385,0.025699999183416367,0.16019999980926514
YJL221C,Cytoplasm,Nuclear localization signal,Soluble,0.7997000217437744,0.47380000352859497,0.04129999876022339,0.07249999791383743,0.3580999970436096,0.04340000078082085,0.0706000030040741,0.14350000023841858,0.06030000001192093,0.006300000008195639,0.3393000066280365,0.05139999836683273,0.02019999921321869,0.7946000099182129
YJR001W,Lysosome/Vacuole,Signal peptide|Transmembrane domain,Transmembrane,0.11289999634027481,0.06539999693632126,0.026399999856948853,0.4440999925136566,0.1662999987602234,0.016499999910593033,0.5044000148773193,0.6245999932289124,0.4562000036239624,0.01119999960064888,0.0723000019788742,0.993399977684021,0.03709999844431877,0.09950000047683716
YJR009C,Cytoplasm,,Soluble,0.7763000130653381,0.2921999990940094,0.045899998396635056,0.09049999713897705,0.325300008058548,0.009999999776482582,0.09640000015497208,0.12770000100135803,0.0868000015616417,0.021199999377131462,0.3693000078201294,0.010099999606609344,0.23340000212192535,0.8587999939918518
YJR010W,Cytoplasm,Nuclear export signal,Peripheral|Soluble,0.8220000267028809,0.35530000925064087,0.06989999860525131,0.04820000007748604,0.17260000109672546,0.09189999848604202,0.04450000077486038,0.2799000144004822,0.25600001215934753,0.042899999767541885,0.6639999747276306,0.025599999353289604,0.07410000264644623,0.7682999968528748
YJR013W,Endoplasmic reticulum,Signal peptide|Transmembrane domain,Transmembrane,0.12549999356269836,0.28439998626708984,0.015599999576807022,0.13500000536441803,0.15410000085830688,0.0035000001080334187,0.8913999795913696,0.11240000277757645,0.20200000703334808,0.009600000455975533,0.05260000005364418,0.9714000225067139,0.0142000000923872,0.22390000522136688
YJR016C,Mitochondrion,Mitochondrial transit peptide,Peripheral|Soluble,0.13779999315738678,0.09290000051259995,0.09470000118017197,0.052299998700618744,0.9564999938011169,0.09470000118017197,0.05990000069141388,0.04280000180006027,0.04360000044107437,0.03060000017285347,0.6546000242233276,0.030799999833106995,0.04149999842047691,0.6779000163078308
YJR019C,Peroxisome,Peroxisomal targeting signal,Soluble,0.2175000011920929,0.28130000829696655,0.04989999905228615,0.007300000172108412,0.5105999708175659,0.012600000016391277,0.10209999978542328,0.09000000357627869,0.1128000020980835,0.9369000196456909,0.5547999739646912,0.11779999732971191,0.017400000244379044,0.599399983882904
YJR024C,Cytoplasm,,Soluble,0.8363000154495239,0.4650999903678894,0.003599999938160181,0.11460000276565552,0.13130000233650208,0.008299999870359898,0.21799999475479126,0.10180000215768814,0.026200000196695328,0.01860000006854534,0.4277999997138977,0.04430000111460686,0.04919999837875366,0.8184999823570251
YJR025C,Cytoplasm,,Peripheral|Soluble,0.8065000176429749,0.44200000166893005,0.008100000210106373,0.09210000187158585,0.1679999977350235,0.008200000040233135,0.40639999508857727,0.2842000126838684,0.2921000123023987,0.017799999564886093,0.6858000159263611,0.026799999177455902,0.02539999969303608,0.758400022983551
YJR040W,Lysosome/Vacuole,Transmembrane domain,Transmembrane,0.14640000462532043,0.19130000472068787,0.00930000003427267,0.34880000352859497,0.17010000348091125,0.018300000578165054,0.33379998803138733,0.6376000046730042,0.57669997215271,0.007600000128149986,0.10939999669790268,0.9894999861717224,0.017899999395012856,0.08969999849796295
YJR048W,Mitochondrion,Mitochondrial transit peptide,Soluble,0.40400001406669617,0.2102999985218048,0.29739999771118164,0.21379999816417694,0.632099986076355,0.04439999908208847,0.03060000017285347,0.17970000207424164,0.0966000035405159,0.01850000023841858,0.3659999966621399,0.01600000075995922,0.1648000031709671,0.8693000078201294
YJR049C,Cytoplasm,,Soluble,0.6554999947547913,0.39739999175071716,0.01600000075995922,0.352400004863739,0.14720000326633453,0.0026000000070780516,0.12839999794960022,0.257099986076355,0.29010000824928284,0.014399999752640724,0.5929999947547913,0.05130000039935112,0.07180000096559525,0.7224000096321106
YJR051W,Lysosome/Vacuole,Signal peptide,Transmembrane,0.2736000120639801,0.14380000531673431,0.3833000063896179,0.11100000143051147,0.43549999594688416,0.05310000106692314,0.5202999711036682,0.5716000199317932,0.5590999722480774,0.3037000000476837,0.3314000070095062,0.824400007724762,0.032499998807907104,0.24560000002384186
YJR057W,Cytoplasm|Nucleus,,Soluble,0.6916999816894531,0.573199987411499,0.002199999988079071,0.022700000554323196,0.45590001344680786,0.020600000396370888,0.10080000013113022,0.2678999900817871,0.21310000121593475,0.22419999539852142,0.39590001106262207,0.02850000001490116,0.06549999862909317,0.8202999830245972
YJR069C,Cytoplasm|Nucleus,Nuclear localization signal,Soluble,0.7922999858856201,0.5593000054359436,0.0357000008225441,0.03849999979138374,0.19040000438690186,0.004399999976158142,0.15209999680519104,0.11569999903440475,0.22990000247955322,0.00930000003427267,0.39989998936653137,0.013799999840557575,0.06120000034570694,0.8715000152587891
YJR073C,Endoplasmic reticulum,Transmembrane domain,Transmembrane,0.10289999842643738,0.1662999987602234,0.006800000090152025,0.24529999494552612,0.2874999940395355,0.006500000134110451,0.7831000089645386,0.17910000681877136,0.0714000016450882,0.061900001019239426,0.1039000004529953,0.980400025844574,0.0142000000923872,0.17679999768733978
YJR077C,Mitochondrion,,Transmembrane,0.1256999969482422,0.11069999635219574,0.02889999933540821,0.07249999791383743,0.7480000257492065,0.01119999960064888,0.4828000068664551,0.25600001215934753,0.0746999979019165,0.12309999763965607,0.15289999544620514,0.9406999945640564,0.013100000098347664,0.2134000062942505
YJR078W,Cytoplasm|Nucleus,Nuclear localization signal|Nuclear export signal,Soluble,0.6381000280380249,0.7192000150680542,0.02280000038444996,0.053700000047683716,0.22709999978542328,0.004800000227987766,0.006599999964237213,0.3440999984741211,0.28690001368522644,0.015200000256299973,0.3301999866962433,0.11079999804496765,0.029400000348687172,0.7577000260353088
YJR095W,Mitochondrion,Mitochondrial transit peptide,Transmembrane,0.179299995303154,0.15960000455379486,0.029400000348687172,0.06400000303983688,0.8707000017166138,0.05460000038146973,0.3765999972820282,0.08760000020265579,0.1315000057220459,0.10819999873638153,0.22599999606609344,0.8708999752998352,0.01269999984651804,0.25859999656677246
YJR103W,Cytoplasm,,Soluble,0.6510999798774719,0.3634999990463257,0.013399999588727951,0.15399999916553497,0.30889999866485596,0.024900000542402267,0.12219999730587006,0.23589999973773956,0.1379999965429306,0.03700000047683716,0.5450000166893005,0.02370000071823597,0.07119999825954437,0.785099983215332
YJR104C,Cytoplasm,,Soluble,0.48750001192092896,0.1111999973654747,0.31060001254081726,0.14880000054836273,0.5047000050544739,0.009600000455975533,0.19200000166893005,0.05490000173449516,0.01899999938905239,0.07190000265836716,0.3732999861240387,0.01510000042617321,0.09290000051259995,0.8568999767303467
YJR105W,Cytoplasm,Peroxisomal targeting signal,Soluble,0.8185999989509583,0.2858999967575073,0.057500001043081284,0.17630000412464142,0.25859999656677246,0.052400000393390656,0.33480000495910645,0.10029999911785126,0.11860000342130661,0.08429999649524689,0.42480000853538513,0.031199999153614044,0.03909999877214432,0.8073999881744385
YJR109C,Cytoplasm,,Soluble,0.7526000142097473,0.28859999775886536,0.01679999940097332,0.050200000405311584,0.15760000050067902,0.03889999911189079,0.1039000004529953,0.35659998655319214,0.1371999979019165,0.024399999529123306,0.4661000072956085,0.026799999177455902,0.04899999871850014,0.8242999911308289
YJR110W,Cytoplasm|Lysosome/Vacuole,Nuclear localization signal,Peripheral|Soluble,0.6384999752044678,0.37119999527931213,0.05119999870657921,0.1695999950170517,0.1282999962568283,0.002099999925121665,0.3118000030517578,0.5841000080108643,0.46630001068115234,0.02879999950528145,0.7638999819755554,0.045499999076128006,0.025100000202655792,0.5928999781608582
YJR121W,Mitochondrion,Mitochondrial transit peptide,Peripheral|Soluble,0.08489999920129776,0.07460000365972519,0.0348999984562397,0.13030000030994415,0.9348999857902527,0.08370000123977661,0.028599999845027924,0.02449999935925007,0.041200000792741776,0.007300000172108412,0.7289000153541565,0.02879999950528145,0.039500001817941666,0.6194000244140625
YJR130C,Cytoplasm|Nucleus,,Soluble,0.8287000060081482,0.5569000244140625,0.019700000062584877,0.029200000688433647,0.3228999972343445,0.043299999088048935,0.1768999993801117,0.21930000185966492,0.2542000114917755,0.02419999986886978,0.47450000047683716,0.03880000114440918,0.07020000368356705,0.7567999958992004
YJR131W,Endoplasmic reticulum|Golgi apparatus,Signal peptide|Transmembrane domain,Transmembrane,0.156700000166893,0.10199999809265137,0.25110000371932983,0.20430000126361847,0.10409999638795853,0.022099999710917473,0.7263000011444092,0.44350001215934753,0.6977999806404114,0.018699999898672104,0.19990000128746033,0.8604000210762024,0.030799999833106995,0.27799999713897705
YJR133W,Cytoplasm|Nucleus,Nuclear localization signal,Soluble,0.7010999917984009,0.5644999742507935,0.21729999780654907,0.03999999910593033,0.13819999992847443,0.013100000098347664,0.15139999985694885,0.0478999987244606,0.1160999983549118,0.028300000354647636,0.392300009727478,0.03689999878406525,0.08299999684095383,0.819599986076355
YJR137C,Cytoplasm,,Soluble,0.7483000159263611,0.35249999165534973,0.0868000015616417,0.1145000010728836,0.36390000581741333,0.04560000076889992,0.08619999885559082,0.07450000196695328,0.04100000113248825,0.06960000097751617,0.4357999861240387,0.034699998795986176,0.037700001150369644,0.8191999793052673
YJR139C,Cytoplasm,,Soluble,0.5719000101089478,0.25209999084472656,0.09109999984502792,0.05779999867081642,0.5286999940872192,0.06360000371932983,0.0568000003695488,0.04540000110864639,0.021700000390410423,0.037700001150369644,0.5030999779701233,0.02370000071823597,0.10209999978542328,0.7716000080108643
YJR143C,Endoplasmic reticulum,Signal peptide|Transmembrane domain,Transmembrane,0.11100000143051147,0.262800008058548,0.009100000374019146,0.12610000371932983,0.043800000101327896,0.00570000009611249,0.8511000275611877,0.09730000048875809,0.15800000727176666,0.006899999920278788,0.03920000046491623,0.9918000102043152,0.01600000075995922,0.12880000472068787
YJR148W,Cytoplasm,Peroxisomal targeting signal,Soluble,0.8555999994277954,0.2556999921798706,0.002300000051036477,0.044199999421834946,0.4715000092983246,0.004100000020116568,0.06870000064373016,0.06300000101327896,0.054499998688697815,0.12999999523162842,0.24289999902248383,0.029400000348687172,0.05480000004172325,0.8639000058174133
YJR149W,Cytoplasm|Nucleus,,Peripheral|Soluble,0.7093999981880188,0.5584999918937683,0.25679999589920044,0.06469999998807907,0.36329999566078186,0.06270000338554382,0.10000000149011612,0.358599990606308,0.19030000269412994,0.023800000548362732,0.7314000129699707,0.05290000140666962,0.04450000077486038,0.6762999892234802
YJR152W,Endoplasmic reticulum|Golgi apparatus,Transmembrane domain,Transmembrane,0.14710000157356262,0.07069999724626541,0.05260000005364418,0.42100000381469727,0.1354999989271164,0.0019000000320374966,0.7202000021934509,0.23989999294281006,0.7107999920845032,0.0026000000070780516,0.011800000444054604,0.9930999875068665,0.03909999877214432,0.21850000321865082
YJR153W,Extracellular,Signal peptide,Soluble,0.0949999988079071,0.05180000141263008,0.9664999842643738,0.13729999959468842,0.06319999694824219,0.010099999606609344,0.12099999934434891,0.20829999446868896,0.06069999933242798,0.005100000184029341,0.11649999767541885,0.01489999983459711,0.04019999876618385,0.9265999794006348
YJR155W,Cytoplasm,,Soluble,0.6402999758720398,0.21850000321865082,0.11320000141859055,0.1274999976158142,0.2257000058889389,0.02539999969303608,0.21819999814033508,0.0869000032544136,0.4077000021934509,0.026799999177455902,0.5044000148773193,0.07479999959468842,0.022199999541044235,0.7455999851226807
YJR158W,Cell membrane,Transmembrane domain,Transmembrane,0.12110000103712082,0.13580000400543213,0.09570000320672989,0.6254000067710876,0.14910000562667847,0.03449999913573265,0.21639999747276306,0.375,0.40389999747276306,0.016599999740719795,0.0142000000923872,0.9962999820709229,0.027300000190734863,0.16040000319480896
YJR159W,Cytoplasm,Mitochondrial transit peptide,Soluble,0.6866000294685364,0.349700003862381,0.02850000001490116,0.1762000024318695,0.5839999914169312,0.027000000700354576,0.2329999953508377,0.06419999897480011,0.07349999994039536,0.00559999980032444,0.33559998869895935,0.014499999582767487,0.05480000004172325,0.8805000185966492
YJR160C,Cell membrane,Transmembrane domain,Transmembrane,0.10890000313520432,0.15489999949932098,0.04659999907016754,0.5123000144958496,0.04600000008940697,0.0015999999595806003,0.21889999508857727,0.4189999997615814,0.4481000006198883,0.015300000086426735,0.01600000075995922,0.9922999739646912,0.029100000858306885,0.21130000054836273
YKL001C,Cytoplasm|Nucleus,,Soluble,0.6945000290870667,0.5562999844551086,0.012299999594688416,0.04349999874830246,0.43479999899864197,0.050599999725818634,0.041099999099969864,0.1770000010728836,0.15809999406337738,0.18000000715255737,0.5440000295639038,0.012299999594688416,0.08630000054836273,0.8349000215530396
YKL004W,Endoplasmic reticulum|Golgi apparatus,Signal peptide|Transmembrane domain,Transmembrane,0.19850000739097595,0.125900000333786,0.056699998676776886,0.18619999289512634,0.11420000344514847,0.008899999782443047,0.8855999708175659,0.39259999990463257,0.6998999714851379,0.08060000091791153,0.07699999958276749,0.9869999885559082,0.011099999770522118,0.16670000553131104
YKL008C,Endoplasmic reticulum,Signal peptide|Transmembrane domain,Transmembrane,0.11599999666213989,0.14569999277591705,0.027400000020861626,0.19189999997615814,0.17399999499320984,0.005400000140070915,0.8691999912261963,0.22310000658035278,0.3546000123023987,0.03579999879002571,0.10980000346899033,0.9896000027656555,0.007000000216066837,0.10050000250339508
YKL016C,Mitochondrion,Mitochondrial transit peptide,Peripheral|Soluble,0.1777999997138977,0.19380000233650208,0.0210999995470047,0.04170000180602074,0.968500018119812,0.007000000216066837,0.02850000001490116,0.023099999874830246,0.02250000089406967,0.07349999994039536,0.7224000096321106,0.05220000073313713,0.024700000882148743,0.5795000195503235
YKL019W,Cytoplasm|Nucleus,Nuclear export signal,Soluble,0.6729999780654907,0.5406000018119812,0.0020000000949949026,0.04360000044107437,0.3093999922275543,0.0008999999845400453,0.1589999943971634,0.3776000142097473,0.26460000872612,0.07779999822378159,0.412200003862381,0.03550000116229057,0.020899999886751175,0.7836999893188477
YKL024C,Cytoplasm,Nuclear localization signal,Soluble,0.8012999892234802,0.43959999084472656,0.11990000307559967,0.1657000035047531,0.4975000023841858,0.06310000270605087,0.06729999929666519,0.03840000182390213,0.11580000072717667,0.018300000578165054,0.3781000077724457,0.009800000116229057,0.10809999704360962,0.8959000110626221
YKL026C,Cytoplasm,Peroxisomal targeting signal,Soluble,0.7009999752044678,0.36309999227523804,0.11339999735355377,0.1738000065088272,0.48649999499320984,0.014100000262260437,0.1420000046491623,0.5457000136375427,0.18140000104904175,0.6554999947547913,0.595300018787384,0.020099999383091927,0.11159999668598175,0.7767999768257141
YKL029C,Mitochondrion,Mitochondrial transit peptide,Soluble,0.12470000237226486,0.14300000667572021,0.027400000020861626,0.08879999816417694,0.9368000030517578,0.043699998408555984,0.032600000500679016,0.05979999899864197,0.10400000214576721,0.01510000042617321,0.574999988079071,0.051899999380111694,0.034299999475479126,0.7001000046730042
YKL035W,Cytoplasm|Nucleus,,Soluble,0.7937999963760376,0.5396999716758728,0.21389999985694885,0.051600001752376556,0.07540000230073929,0.012000000104308128,0.11509999632835388,0.08380000293254852,0.1720999926328659,0.052400000393390656,0.5105000138282776,0.04129999876022339,0.05180000141263008,0.789900004863739
YKL055C,Cytoplasm|Nucleus,Nuclear localization signal,Soluble,0.6729000210762024,0.5439000129699707,0.022099999710917473,0.1340000033378601,0.5580000281333923,0.1370999962091446,0.11429999768733978,0.11159999668598175,0.0714000016450882,0.011500000022351742,0.4927999973297119,0.046799998730421066,0.03830000013113022,0.78329998254776
YKL060C,Cytoplasm,,Soluble,0.9056000113487244,0.4189000129699707,0.2401999980211258,0.3151000142097473,0.2863999903202057,0.094200000166893,0.09529999643564224,0.05469999834895134,0.07720000296831131,0.0019000000320374966,0.5245000123977661,0.012199999764561653,0.08030000329017639,0.8539999723434448
YKL067W,Cytoplasm|Mitochondrion,Peroxisomal targeting signal,Soluble,0.8479999899864197,0.2087000012397766,0.0024999999441206455,0.033900000154972076,0.6789000034332275,0.020899999886751175,0.10729999840259552,0.11729999631643295,0.07649999856948853,0.385699987411499,0.35269999504089355,0.007300000172108412,0.06449999660253525,0.901199996471405
YKL069W,Cytoplasm|Nucleus,Nuclear localization signal|Nuclear export signal,Soluble,0.8604999780654907,0.573199987411499,0.012199999764561653,0.04149999842047691,0.2996000051498413,0.01140000019222498,0.34279999136924744,0.12359999865293503,0.1817999929189682,0.026100000366568565,0.40400001406669617,0.06289999932050705,0.04670000076293945,0.7354000210762024
YKL080W,Cytoplasm,,Soluble,0.5884000062942505,0.31279999017715454,0.06469999998807907,0.050599999725818634,0.1046999990940094,0.0005000000237487257,0.13850000500679016,0.4796000123023987,0.3450999855995178,0.001500000013038516,0.5631999969482422,0.04309999942779541,0.04439999908208847,0.7171000242233276
YKL085W,Mitochondrion,Mitochondrial transit peptide,Peripheral|Soluble,0.21969999372959137,0.11410000175237656,0.0284000001847744,0.0494999997317791,0.9484000205993652,0.031700000166893005,0.03290000185370445,0.039900001138448715,0.031599998474121094,0.021700000390410423,0.7146000266075134,0.02370000071823597,0.05389999970793724,0.6600000262260437
YKL087C,Endoplasmic reticulum,Transmembrane domain|Mitochondrial transit peptide,Peripheral|Soluble,0.38029998540878296,0.11140000075101852,0.19599999487400055,0.3190000057220459,0.550599992275238,0.022099999710917473,0.6230000257492065,0.5443000197410583,0.550599992275238,0.09210000187158585,0.7558000087738037,0.05249999836087227,0.25279998779296875,0.531499981880188
YKL088W,Cytoplasm,,Soluble,0.5839999914169312,0.460999995470047,0.043699998408555984,0.1931000053882599,0.1720000058412552,0.0007999999797903001,0.4512999951839447,0.059700001031160355,0.1379999965429306,0.024000000208616257,0.5636000037193298,0.030799999833106995,0.10289999842643738,0.7616000175476074
YKL094W,Cytoplasm,,Peripheral|Soluble,0.5480999946594238,0.18449999392032623,0.11800000071525574,0.2054000049829483,0.4812999963760376,0.009600000455975533,0.5338000059127808,0.28999999165534973,0.3089999854564667,0.0203000009059906,0.7192000150680542,0.08569999784231186,0.15039999783039093,0.4805000126361847
YKL103C,Cytoplasm,Nuclear localization signal,Soluble,0.7199000120162964,0.41190001368522644,0.06030000001192093,0.05169999971985817,0.15970000624656677,0.00559999980032444,0.2667999863624573,0.4424999952316284,0.2240999937057495,0.003000000026077032,0.3725000023841858,0.041099999099969864,0.020500000566244125,0.77920001745224
YKL104C,Cytoplasm,,Soluble,0.6687999963760376,0.3824999928474426,0.04610000178217888,0.05959999933838844,0.3353999853134155,0.006500000134110451,0.20739999413490295,0.14329999685287476,0.19529999792575836,0.00930000003427267,0.44110000133514404,0.06340000033378601,0.1387999951839447,0.7024999856948853
YKL106W,Mitochondrion,Mitochondrial transit peptide,Peripheral|Soluble,0.1437000036239624,0.15760000050067902,0.03519999980926514,0.09189999848604202,0.9394000172615051,0.01730000041425228,0.06030000001192093,0.10540000349283218,0.054999999701976776,0.03220000118017197,0.6665999889373779,0.04259999841451645,0.05510000139474869,0.6049000024795532
YKL120W,Mitochondrion,Transmembrane domain|Mitochondrial transit peptide,Transmembrane,0.14550000429153442,0.16279999911785126,0.007499999832361937,0.14239999651908875,0.8916000127792358,0.047200001776218414,0.24770000576972961,0.11680000275373459,0.09290000051259995,0.03200000151991844,0.19280000030994415,0.8881999850273132,0.006599999964237213,0.26649999618530273
YKL127W,Cytoplasm,Nuclear localization signal,Soluble,0.8046000003814697,0.5241000056266785,0.0917000025510788,0.07329999655485153,0.15379999577999115,0.01549999974668026,0.3215000033378601,0.015300000086426735,0.08619999885559082,0.015300000086426735,0.37220001220703125,0.028599999845027924,0.025100000202655792,0.8442000150680542
YKL132C,Cytoplasm,,Soluble,0.8216999769210815,0.43549999594688416,0.03819999843835831,0.05559999868273735,0.4560999870300293,0.01899999938905239,0.08659999817609787,0.10970000177621841,0.28790000081062317,0.024900000542402267,0.600600004196167,0.04450000077486038,0.04399999976158142,0.7591999769210815
YKL140W,Endoplasmic reticulum,Signal peptide,Transmembrane,0.36419999599456787,0.1543000042438507,0.07490000128746033,0.15649999678134918,0.29910001158714294,0.011900000274181366,0.6330000162124634,0.4388999938964844,0.6330999732017517,0.057999998331069946,0.6128000020980835,0.7807000279426575,0.06909999996423721,0.14489999413490295
YKL141W,Mitochondrion,Mitochondrial transit peptide,Transmembrane,0.08980000019073486,0.07190000265836716,0.013899999670684338,0.09939999878406525,0.9617999792098999,0.1542000025510788,0.057999998331069946,0.02850000001490116,0.061500001698732376,0.021199999377131462,0.08540000021457672,0.9941999912261963,0.0142000000923872,0.09229999780654907
YKL146W,Lysosome/Vacuole,Signal peptide|Transmembrane domain,Transmembrane,0.08889999985694885,0.07029999792575836,0.016300000250339508,0.3675000071525574,0.14880000054836273,0.0052999998442828655,0.5177000164985657,0.7821999788284302,0.45879998803138733,0.00419999985024333,0.08590000122785568,0.9865999817848206,0.03689999878406525,0.10700000077486038
YKL148C,Mitochondrion,Mitochondrial transit peptide,Soluble,0.14830000698566437,0.10540000349283218,0.03009999915957451,0.07169999927282333,0.9595999717712402,0.037300001829862595,0.05350000038743019,0.10440000146627426,0.08709999918937683,0.033799998462200165,0.5666000247001648,0.04619999974966049,0.036400001496076584,0.6919999718666077
YKL150W,Mitochondrion,Mitochondrial transit peptide,Transmembrane,0.18709999322891235,0.09510000050067902,0.08049999922513962,0.07020000368356705,0.9569000005722046,0.06469999998807907,0.15360000729560852,0.10249999910593033,0.08429999649524689,0.12890000641345978,0.45339998602867126,0.9107999801635742,0.004399999976158142,0.13699999451637268
YKL152C,Cytoplasm,,Soluble,0.8256000280380249,0.23800000548362732,0.042399998754262924,0.20180000364780426,0.4424000084400177,0.021299999207258224,0.15360000729560852,0.11729999631643295,0.2206999957561493,0.08659999817609787,0.49149999022483826,0.008899999782443047,0.03500000014901161,0.8748000264167786
YKL165C,Endoplasmic reticulum,Signal peptide|Transmembrane domain,Transmembrane,0.16920000314712524,0.14399999380111694,0.020899999886751175,0.11079999804496765,0.07039999961853027,0.0015999999595806003,0.9075999855995178,0.2513999938964844,0.3644999861717224,0.012500000186264515,0.1005999967455864,0.9839000105857849,0.02800000086426735,0.11190000176429749
YKL174C,Lysosome/Vacuole,Transmembrane domain,Transmembrane,0.1915999948978424,0.1720000058412552,0.01140000019222498,0.2500999867916107,0.14949999749660492,0.0010999999940395355,0.41609999537467957,0.6032000184059143,0.46140000224113464,0.0034000000450760126,0.02410000003874302,0.995199978351593,0.017999999225139618,0.1437000036239624
YKL181W,Cytoplasm,,Soluble,0.5630000233650208,0.5001999735832214,0.012600000016391277,0.16940000653266907,0.09730000048875809,0.0032999999821186066,0.10040000081062317,0.06430000066757202,0.07779999822378159,0.0017000000225380063,0.4700999855995178,0.0333000011742115,0.05829999968409538,0.758400022983551
YKL182W,Cytoplasm,,Soluble,0.6133999824523926,0.4018999934196472,0.12409999966621399,0.043800000101327896,0.526199996471405,0.06700000166893005,0.24979999661445618,0.16750000417232513,0.0697999969124794,0.03629999980330467,0.5396999716758728,0.05900000035762787,0.05609999969601631,0.7398999929428101
YKL184W,Cytoplasm,,Soluble,0.8360999822616577,0.42340001463890076,0.012799999676644802,0.03590000048279762,0.39559999108314514,0.01600000075995922,0.11860000342130661,0.18520000576972961,0.2223999947309494,0.06509999930858612,0.5464000105857849,0.03280000016093254,0.1039000004529953,0.734499990940094
YKL188C,Peroxisome,Peroxisomal targeting signal,Transmembrane,0.14249999821186066,0.23010000586509705,0.04399999976158142,0.0551999993622303,0.5697000026702881,0.012799999676644802,0.4571000039577484,0.3950999975204468,0.31779998540878296,0.7741000056266785,0.3034999966621399,0.9309999942779541,0.005100000184029341,0.1695999950170517
YKL192C,Mitochondrion,Mitochondrial transit peptide,Peripheral|Soluble,0.10400000214576721,0.1362999975681305,0.0066999997943639755,0.07270000129938126,0.9625999927520752,0.023600000888109207,0.018699999898672104,0.03420000150799751,0.032499998807907104,0.00559999980032444,0.6567999720573425,0.03660000115633011,0.041999999433755875,0.6496999859809875
YKL194C,Mitochondrion,Mitochondrial transit peptide,Peripheral|Soluble,0.17190000414848328,0.15889999270439148,0.04270000010728836,0.052799999713897705,0.9453999996185303,0.05719999969005585,0.046300001442432404,0.04830000177025795,0.06909999996423721,0.016100000590085983,0.6604999899864197,0.0502999983727932,0.07580000162124634,0.6128000020980835
YKL211C,Cytoplasm,,Soluble,0.8167999982833862,0.4510999917984009,0.04910000041127205,0.11079999804496765,0.5586000084877014,0.03500000014901161,0.1598999947309494,0.3467999994754791,0.19779999554157257,0.006500000134110451,0.3513000011444092,0.025599999353289604,0.1331000030040741,0.8526999950408936
YKL212W,Endoplasmic reticulum,Signal peptide|Transmembrane domain,Transmembrane,0.19550000131130219,0.12189999967813492,0.034299999475479126,0.18950000405311584,0.2451999932527542,0.026100000366568565,0.8673999905586243,0.20469999313354492,0.5703999996185303,0.05779999867081642,0.13950000703334808,0.9779999852180481,0.014100000262260437,0.13580000400543213
YKL215C,Cytoplasm|Nucleus,Nuclear localization signal|Nuclear export signal,Soluble,0.7455999851226807,0.5641999840736389,0.051899999380111694,0.06800000369548798,0.14669999480247498,0.04309999942779541,0.0786999985575676,0.08699999749660492,0.05469999834895134,0.013500000350177288,0.34360000491142273,0.042100001126527786,0.10660000145435333,0.8079000115394592
YKL216W,Cytoplasm|Nucleus,Nuclear localization signal,Peripheral|Soluble,0.8030999898910522,0.5989000201225281,0.0364999994635582,0.2410999983549118,0.3440000116825104,0.019899999722838402,0.13760000467300415,0.2468000054359436,0.21580000221729279,9.999999747378752e-05,0.7275000214576721,0.014999999664723873,0.039400000125169754,0.7703999876976013
YKL217W,Cell membrane,Transmembrane domain,Transmembrane,0.2071000039577484,0.13459999859333038,0.027400000020861626,0.6053000092506409,0.125900000333786,0.002899999963119626,0.5993000268936157,0.40290001034736633,0.3382999897003174,0.006099999882280827,0.029899999499320984,0.9896000027656555,0.025100000202655792,0.17919999361038208
YKL218C,Cytoplasm|Nucleus,Mitochondrial transit peptide,Soluble,0.5861999988555908,0.5938000082969666,0.16380000114440918,0.17010000348091125,0.5582000017166138,0.011500000022351742,0.0746999979019165,0.0982000008225441,0.09019999951124191,0.008500000461935997,0.5303000211715698,0.01810000091791153,0.05310000106692314,0.8343999981880188
YKL220C,Lysosome/Vacuole,Signal peptide|Transmembrane domain,Transmembrane,0.11349999904632568,0.1599999964237213,0.04610000178217888,0.48489999771118164,0.04740000143647194,0.003000000026077032,0.47099998593330383,0.6270999908447266,0.44040000438690186,0.0052999998442828655,0.06539999693632126,0.9890000224113464,0.02280000038444996,0.1046999990940094
YKR009C,Peroxisome,Peroxisomal targeting signal,Soluble,0.19020000100135803,0.421999990940094,0.035599999129772186,0.06449999660253525,0.1395999938249588,0.005900000222027302,0.14090000092983246,0.23499999940395355,0.0364999994635582,0.980400025844574,0.5142999887466431,0.023399999365210533,0.03359999880194664,0.8027999997138977
YKR031C,Lysosome/Vacuole,,Peripheral|Soluble,0.4462999999523163,0.3456999957561493,0.04569999873638153,0.15119999647140503,0.26179999113082886,0.010300000198185444,0.362199991941452,0.6141999959945679,0.32359999418258667,0.14990000426769257,0.7785000205039978,0.1648000031709671,0.03449999913573265,0.5063999891281128
YKR039W,Cell membrane,Transmembrane domain,Transmembrane,0.14959999918937683,0.09139999747276306,0.01940000057220459,0.6297000050544739,0.15710000693798065,0.008500000461935997,0.3750999867916107,0.43619999289512634,0.5205000042915344,0.0032999999821186066,0.04470000043511391,0.9909999966621399,0.023000000044703484,0.11869999766349792
YKR043C,Cytoplasm,Nuclear localization signal,Soluble,0.7348999977111816,0.5027999877929688,0.008299999870359898,0.05079999938607216,0.2535000145435333,0.0017000000225380063,0.3880000114440918,0.24660000205039978,0.2565000057220459,0.07729999721050262,0.39590001106262207,0.09070000052452087,0.04430000111460686,0.7249000072479248
YKR052C,Mitochondrion,Mitochondrial transit peptide,Transmembrane,0.16740000247955322,0.16820000112056732,0.004900000058114529,0.08799999952316284,0.9021999835968018,0.013700000010430813,0.10559999942779541,0.1046999990940094,0.048700001090765,0.11819999665021896,0.12449999898672104,0.9204999804496765,0.00930000003427267,0.24860000610351562
YKR053C,Endoplasmic reticulum,Transmembrane domain,Transmembrane,0.14970000088214874,0.1185000017285347,0.04390000179409981,0.2782999873161316,0.16120000183582306,0.012799999676644802,0.7053999900817871,0.16680000722408295,0.22689999639987946,0.009700000286102295,0.07240000367164612,0.9775000214576721,0.051500000059604645,0.1818999946117401
YKR058W,Cytoplasm|Nucleus,Nuclear export signal,Soluble,0.722000002861023,0.5566999912261963,0.00570000009611249,0.11940000206232071,0.18310000002384186,0.009499999694526196,0.4481000006198883,0.4163999855518341,0.3037000000476837,0.011500000022351742,0.47679999470710754,0.030899999663233757,0.0272000003606081,0.767300009727478
YKR061W,Golgi apparatus,Signal peptide|Transmembrane domain,Transmembrane,0.1800999939441681,0.12359999865293503,0.19249999523162842,0.13269999623298645,0.1354999989271164,0.01549999974668026,0.611299991607666,0.30070000886917114,0.8978000283241272,0.03530000150203705,0.19089999794960022,0.9390000104904175,0.03150000050663948,0.19769999384880066
YKR066C,Mitochondrion,Mitochondrial transit peptide,Transmembrane,0.13109999895095825,0.0949999988079071,0.06449999660253525,0.06509999930858612,0.9162999987602234,0.19990000128746033,0.13109999895095825,0.05889999866485596,0.07519999891519547,0.04280000180006027,0.3822000026702881,0.9524999856948853,0.008700000122189522,0.1356000006198883
YKR067W,Endoplasmic reticulum,Transmembrane domain,Transmembrane,0.21940000355243683,0.2071000039577484,0.01640000008046627,0.1979999989271164,0.17679999768733978,0.009600000455975533,0.7684000134468079,0.28380000591278076,0.3400000035762787,0.0024999999441206455,0.3206999897956848,0.9825000166893005,0.02879999950528145,0.06350000202655792
YKR069W,Cytoplasm|Nucleus,Peroxisomal targeting signal,Soluble,0.5485000014305115,0.6715999841690063,0.011800000444054604,0.013199999928474426,0.36000001430511475,0.0737999975681305,0.24500000476837158,0.18529999256134033,0.1111999973654747,0.2689000070095062,0.6080999970436096,0.04650000110268593,0.05480000004172325,0.7152000069618225
YKR072C,Cytoplasm,Nuclear localization signal,Soluble,0.6334999799728394,0.4763999879360199,0.03709999844431877,0.20569999516010284,0.22290000319480896,0.0019000000320374966,0.2773999869823456,0.053300000727176666,0.14839999377727509,0.03909999877214432,0.5838000178337097,0.037700001150369644,0.1859000027179718,0.7305999994277954
YKR076W,Cytoplasm,Peroxisomal targeting signal,Soluble,0.592199981212616,0.24789999425411224,0.004000000189989805,0.0803999975323677,0.13899999856948853,0.031599998474121094,0.09019999951124191,0.1842000037431717,0.3693999946117401,0.6403999924659729,0.5572999715805054,0.01940000057220459,0.04800000041723251,0.7835000157356262
YKR080W,Cytoplasm,Mitochondrial transit peptide,Soluble,0.4510999917984009,0.45980000495910645,0.0272000003606081,0.09279999881982803,0.5932000279426575,0.16500000655651093,0.33500000834465027,0.13770000636577606,0.023000000044703484,0.018200000748038292,0.5349000096321106,0.029600000008940697,0.08129999786615372,0.8087999820709229
YKR089C,Cytoplasm,,Peripheral,0.6169000267982483,0.30309998989105225,0.022099999710917473,0.23839999735355377,0.4474000036716461,0.028300000354647636,0.1729000061750412,0.22939999401569366,0.22290000319480896,0.2973000109195709,0.7972000241279602,0.10670000314712524,0.05810000002384186,0.45509999990463257
YKR093W,Cell membrane,Transmembrane domain,Transmembrane,0.1451999992132187,0.14319999516010284,0.024299999698996544,0.43799999356269836,0.07569999992847443,0.002400000113993883,0.5278000235557556,0.28349998593330383,0.2946999967098236,0.005200000014156103,0.018300000578165054,0.9958000183105469,0.038600001484155655,0.13750000298023224
YKR097W,Cytoplasm,,Peripheral|Soluble,0.8300999999046326,0.26579999923706055,0.11620000004768372,0.23389999568462372,0.30730000138282776,0.02979999966919422,0.05429999902844429,0.1599999964237213,0.2554999887943268,0.08940000087022781,0.7027000188827515,0.01940000057220459,0.18569999933242798,0.7443000078201294
YLL001W,Lysosome/Vacuole,,Peripheral|Soluble,0.42010000348091125,0.28139999508857727,0.032499998807907104,0.08860000222921371,0.4311999976634979,0.0052999998442828655,0.2578999996185303,0.5533999800682068,0.4016999900341034,0.3255000114440918,0.7261000275611877,0.03220000118017197,0.05829999968409538,0.6434999704360962
YLL012W,Endoplasmic reticulum,Signal peptide,Transmembrane,0.24719999730587006,0.19789999723434448,0.13439999520778656,0.2093999981880188,0.4343000054359436,0.054999999701976776,0.7739999890327454,0.4634999930858612,0.5454000234603882,0.2102999985218048,0.5133000016212463,0.873199999332428,0.08209999650716782,0.14869999885559082
YLL015W,Lysosome/Vacuole,Transmembrane domain,Transmembrane,0.1340000033378601,0.16380000114440918,0.016899999231100082,0.4609000086784363,0.24729999899864197,0.010900000110268593,0.483599990606308,0.8026000261306763,0.36039999127388,0.023600000888109207,0.12099999934434891,0.9829000234603882,0.007600000128149986,0.1307000070810318
YLL018C,Cytoplasm,Nuclear localization signal,Soluble,0.7720000147819519,0.35280001163482666,0.382999986410141,0.07769999653100967,0.19660000503063202,0.0031999999191612005,0.2630999982357025,0.03480000048875809,0.08579999953508377,0.0003000000142492354,0.33970001339912415,0.020500000566244125,0.08169999718666077,0.8708000183105469
YLL018C-A,Cytoplasm|Mitochondrion,Mitochondrial transit peptide,Peripheral|Soluble,0.5239999890327454,0.14110000431537628,0.08910000324249268,0.23019999265670776,0.6833000183105469,0.01850000023841858,0.2298000007867813,0.11749999970197678,0.27309998869895935,0.05869999900460243,0.628000020980835,0.02449999935925007,0.05530000105500221,0.7282000184059143
YLL028W,Cell membrane|Endoplasmic reticulum,Transmembrane domain,Transmembrane,0.19910000264644623,0.08869999647140503,0.031099999323487282,0.7117999792098999,0.07880000025033951,0.007899999618530273,0.6452000141143799,0.17970000207424164,0.32190001010894775,0.003700000001117587,0.02419999986886978,0.9962000250816345,0.05000000074505806,0.10090000182390213
YLL031C,Endoplasmic reticulum,Signal peptide|Transmembrane domain,Transmembrane,0.16660000383853912,0.16920000314712524,0.02500000037252903,0.09910000115633011,0.06340000033378601,0.0017000000225380063,0.8705000281333923,0.28279998898506165,0.5486000180244446,0.010499999858438969,0.10570000112056732,0.9878000020980835,0.02419999986886978,0.1014999970793724
YLL041C,Mitochondrion,Mitochondrial transit peptide,Peripheral|Soluble,0.17919999361038208,0.11620000004768372,0.021800000220537186,0.08399999886751175,0.9405999779701233,0.023499999195337296,0.043800000101327896,0.05779999867081642,0.060100000351667404,0.014100000262260437,0.705299973487854,0.05420000106096268,0.04230000078678131,0.6115999817848206
YLL043W,Cell membrane,Transmembrane domain,Transmembrane,0.23340000212192535,0.1890999972820282,0.03519999980926514,0.6915000081062317,0.21359999477863312,0.00430000014603138,0.2736999988555908,0.41600000858306885,0.36890000104904175,0.014100000262260437,0.06629999727010727,0.9818000197410583,0.02319999970495701,0.17249999940395355
YLL048C,Lysosome/Vacuole,Signal peptide|Transmembrane domain,Transmembrane,0.14059999585151672,0.21130000054836273,0.01360000018030405,0.3472000062465668,0.186599999666214,0.006300000008195639,0.5029000043869019,0.868399977684021,0.5047000050544739,0.05009999871253967,0.12080000340938568,0.9865000247955322,0.010900000110268593,0.1242000013589859
YLL051C,Lysosome/Vacuole,Signal peptide|Transmembrane domain,Transmembrane,0.11509999632835388,0.19920000433921814,0.031099999323487282,0.4603999853134155,0.052799999713897705,0.0024999999441206455,0.4684999883174896,0.6974999904632568,0.5192999839782715,0.013500000350177288,0.07859999686479568,0.9902999997138977,0.025100000202655792,0.08839999884366989
YLL052C,Endoplasmic reticulum|Lysosome/Vacuole,Signal peptide|Transmembrane domain,Transmembrane,0.17880000174045563,0.25380000472068787,0.12439999729394913,0.4530999958515167,0.2809999883174896,0.008700000122189522,0.6937000155448914,0.6141999959945679,0.45350000262260437,0.010700000450015068,0.0608999989926815,0.9836999773979187,0.05139999836683273,0.21960000693798065
YLL053C,Cell membrane,Signal peptide|Transmembrane domain,Transmembrane,0.21649999916553497,0.12700000405311584,0.06599999964237213,0.5906999707221985,0.11010000109672546,0.004999999888241291,0.6144999861717224,0.36399999260902405,0.3005000054836273,0.013100000098347664,0.05869999900460243,0.9685999751091003,0.08209999650716782,0.24779999256134033
YLL057C,Cytoplasm,Peroxisomal targeting signal,Soluble,0.5756999850273132,0.34779998660087585,0.014600000344216824,0.035599999129772186,0.24950000643730164,0.07050000131130219,0.29010000824928284,0.12489999830722809,0.066600002348423,0.07599999755620956,0.3571000099182129,0.033399999141693115,0.02370000071823597,0.8270000219345093
YLL058W,Cytoplasm,,Soluble,0.7738000154495239,0.5235000252723694,0.011500000022351742,0.052299998700618744,0.353300005197525,0.025200000032782555,0.1665000021457672,0.05649999901652336,0.11219999939203262,0.06560000032186508,0.3743000030517578,0.042100001126527786,0.03359999880194664,0.8255000114440918
YLL061W,Cell membrane,Transmembrane domain,Transmembrane,0.16169999539852142,0.13449999690055847,0.017400000244379044,0.5449000000953674,0.1776999980211258,0.006599999964237213,0.32829999923706055,0.46790000796318054,0.48170000314712524,0.0027000000700354576,0.051500000059604645,0.9900000095367432,0.026100000366568565,0.11789999902248383
YLL062C,Cytoplasm,Nuclear localization signal,Soluble,0.8463000059127808,0.5033000111579895,0.04340000078082085,0.06679999828338623,0.45730000734329224,0.02019999921321869,0.1031000018119812,0.09950000047683716,0.3301999866962433,0.00419999985024333,0.6186000108718872,0.032600000500679016,0.028999999165534973,0.7612000107765198
YLR011W,Cytoplasm|Nucleus,Nuclear localization signal|Nuclear export signal,Soluble,0.7910000085830688,0.7019000053405762,0.023900000378489494,0.05640000104904175,0.17630000412464142,0.0066999997943639755,0.3158999979496002,0.09229999780654907,0.18729999661445618,0.0032999999821186066,0.5782999992370605,0.014800000004470348,0.04769999906420708,0.8219000101089478
YLR017W,Mitochondrion,Mitochondrial transit peptide,Soluble,0.34630000591278076,0.20100000500679016,0.18639999628067017,0.04340000078082085,0.6449999809265137,0.1023000031709671,0.0494999997317791,0.06260000169277191,0.05220000073313713,0.06960000097751617,0.5023000240325928,0.05700000002980232,0.04190000146627426,0.7117000222206116
YLR020C,Endoplasmic reticulum,Signal peptide|Transmembrane domain,Transmembrane,0.19329999387264252,0.2605000138282776,0.04410000145435333,0.2623000144958496,0.36039999127388,0.019700000062584877,0.8406999707221985,0.45579999685287476,0.5382000207901001,0.09759999811649323,0.5979999899864197,0.9160000085830688,0.08739999681711197,0.08829999715089798
YLR027C,Cytoplasm|Peroxisome,Peroxisomal targeting signal,Soluble,0.6301000118255615,0.35839998722076416,0.013799999840557575,0.06809999793767929,0.21220000088214874,0.004100000020116568,0.08290000259876251,0.19040000438690186,0.03959999978542328,0.9419000148773193,0.3562999963760376,0.021700000390410423,0.11869999766349792,0.7893000245094299
YLR028C,Cytoplasm,,Soluble,0.8100000023841858,0.19580000638961792,0.33570000529289246,0.02590000070631504,0.08510000258684158,0.006200000178068876,0.19220000505447388,0.3197000026702881,0.5414000153541565,0.0052999998442828655,0.3882000148296356,0.03759999945759773,0.04690000042319298,0.8359000086784363
YLR038C,Cytoplasm,,Soluble,0.436599999666214,0.062300000339746475,0.28279998898506165,0.24719999730587006,0.4986000061035156,0.049300000071525574,0.13300000131130219,0.07620000094175339,0.09239999949932098,0.09019999951124191,0.5950000286102295,0.011099999770522118,0.037300001829862595,0.8223000168800354
YLR043C,Cytoplasm,Nuclear localization signal,Soluble,0.8758000135421753,0.4244000017642975,0.14329999685287476,0.11959999799728394,0.3000999987125397,0.002400000113993883,0.14470000565052032,0.09570000320672989,0.17720000445842743,0.0026000000070780516,0.3490999937057495,0.0038999998942017555,0.09440000355243683,0.9232000112533569
YLR044C,Cytoplasm|Nucleus,Nuclear localization signal,Soluble,0.7907999753952026,0.7107999920845032,0.03550000116229057,0.03310000151395798,0.11330000311136246,0.007699999958276749,0.018400000408291817,0.014800000004470348,0.0203000009059906,0.0272000003606081,0.38920000195503235,0.023800000548362732,0.043299999088048935,0.8285999894142151
YLR047C,Lysosome/Vacuole,Signal peptide|Transmembrane domain,Transmembrane,0.11760000139474869,0.21240000426769257,0.021299999207258224,0.4311999976634979,0.12919999659061432,0.0010000000474974513,0.54830002784729,0.5349000096321106,0.329800009727478,0.047600001096725464,0.07590000331401825,0.9923999905586243,0.02319999970495701,0.10890000313520432
YLR056W,Endoplasmic reticulum,Signal peptide|Transmembrane domain,Transmembrane,0.14579999446868896,0.10769999772310257,0.016100000590085983,0.10540000349283218,0.17669999599456787,0.022700000554323196,0.9628000259399414,0.3075000047683716,0.3578999936580658,0.03720000013709068,0.09109999984502792,0.9934999942779541,0.007300000172108412,0.08969999849796295
YLR057W,Endoplasmic reticulum|Golgi apparatus,Signal peptide|Transmembrane domain,Transmembrane,0.21979999542236328,0.17470000684261322,0.10869999974966049,0.10689999908208847,0.23149999976158142,0.00139999995008111,0.6784999966621399,0.3027999997138977,0.8544999957084656,0.0272000003606081,0.2671000063419342,0.9158999919891357,0.021800000220537186,0.19130000472068787
YLR058C,Cytoplasm,,Soluble,0.8252000212669373,0.42989999055862427,0.120899997651577,0.06930000334978104,0.2883000075817108,0.47609999775886536,0.050999999046325684,0.03460000082850456,0.037700001150369644,0.08500000089406967,0.2992999851703644,0.040300000458955765,0.05009999871253967,0.8119999766349792
YLR060W,Cytoplasm|Nucleus,Nuclear localization signal,Soluble,0.737500011920929,0.717199981212616,0.07890000194311142,0.09510000050067902,0.1923000067472458,0.025200000032782555,0.1316000074148178,0.1145000010728836,0.03420000150799751,0.0019000000320374966,0.3946000039577484,0.029999999329447746,0.13429999351501465,0.7904000282287598
YLR070C,Cytoplasm,,Soluble,0.7110000252723694,0.3652999997138977,0.020800000056624413,0.10779999941587448,0.4325999915599823,0.03280000016093254,0.21439999341964722,0.08569999784231186,0.1459999978542328,0.01810000091791153,0.40119999647140503,0.019099999219179153,0.055799998342990875,0.8550000190734863
YLR081W,Cell membrane,Transmembrane domain,Transmembrane,0.10499999672174454,0.1273999959230423,0.11320000141859055,0.7184000015258789,0.1607999950647354,0.01549999974668026,0.2222999930381775,0.36890000104904175,0.4749999940395355,0.017000000923871994,0.016300000250339508,0.9955999851226807,0.027000000700354576,0.15729999542236328
YLR089C,Mitochondrion,Mitochondrial transit peptide,Soluble,0.22280000150203705,0.1738000065088272,0.026900000870227814,0.05510000139474869,0.8482999801635742,0.18199999630451202,0.07039999961853027,0.06689999997615814,0.05649999901652336,0.1266999989748001,0.5713000297546387,0.09380000084638596,0.05779999867081642,0.6477000117301941
YLR092W,Lysosome/Vacuole,Transmembrane domain,Transmembrane,0.13689999282360077,0.19820000231266022,0.011699999682605267,0.4616999924182892,0.06270000338554382,0.005499999970197678,0.3912999927997589,0.6532999873161316,0.5522000193595886,0.010400000028312206,0.10809999704360962,0.9865999817848206,0.01730000041425228,0.10819999873638153
YLR100W,Endoplasmic reticulum,,Peripheral|Transmembrane,0.334199994802475,0.24560000002384186,0.1103999987244606,0.08659999817609787,0.4320000112056732,0.009100000374019146,0.5163000226020813,0.19130000472068787,0.34790000319480896,0.10689999908208847,0.6403999924659729,0.5789999961853027,0.07410000264644623,0.22460000216960907
YLR109W,Cytoplasm,Peroxisomal targeting signal,Soluble,0.8521999716758728,0.3871999979019165,0.1088000014424324,0.020899999886751175,0.15530000627040863,0.0019000000320374966,0.10819999873638153,0.17839999496936798,0.15029999613761902,0.11379999667406082,0.4681999981403351,0.014100000262260437,0.08389999717473984,0.8346999883651733
YLR130C,Cell membrane,Signal peptide|Transmembrane domain,Transmembrane,0.08510000258684158,0.06960000097751617,0.04529999941587448,0.6047999858856201,0.022099999710917473,0.010400000028312206,0.5508999824523926,0.48570001125335693,0.48410001397132874,0.006599999964237213,0.09600000083446503,0.9939000010490417,0.01850000023841858,0.07569999992847443
YLR133W,Cytoplasm,Nuclear localization signal,Soluble,0.6895999908447266,0.3970000147819519,0.08269999921321869,0.2151000052690506,0.12439999729394913,0.0017999999690800905,0.21240000426769257,0.13459999859333038,0.2563000023365021,0.013399999588727951,0.4490000009536743,0.05249999836087227,0.029500000178813934,0.755299985408783
YLR134W,Cytoplasm|Nucleus,Nuclear localization signal,Soluble,0.79830002784729,0.7221999764442444,0.03530000150203705,0.035999998450279236,0.10409999638795853,0.00860000029206276,0.01590000092983246,0.018200000748038292,0.023000000044703484,0.030300000682473183,0.38670000433921814,0.031199999153614044,0.04569999873638153,0.8075000047683716
YLR138W,Cell membrane,Transmembrane domain,Transmembrane,0.1550000011920929,0.13660000264644623,0.034699998795986176,0.6315000057220459,0.23690000176429749,0.012000000104308128,0.4681999981403351,0.4650999903678894,0.34310001134872437,0.011900000274181366,0.07090000063180923,0.9900000095367432,0.031099999323487282,0.09300000220537186
YLR142W,Mitochondrion,Mitochondrial transit peptide,Peripheral,0.17870000004768372,0.18289999663829803,0.03440000116825104,0.11089999973773956,0.8934000134468079,0.024900000542402267,0.11909999698400497,0.13670000433921814,0.18029999732971191,0.009499999694526196,0.8378000259399414,0.3695000112056732,0.0697999969124794,0.1890999972820282
YLR146C,Cytoplasm|Nucleus,Nuclear localization signal,Soluble,0.7728999853134155,0.5307000279426575,0.03579999879002571,0.07840000092983246,0.2483000010251999,0.00989999994635582,0.08579999953508377,0.14810000360012054,0.14949999749660492,0.012500000186264515,0.37049999833106995,0.02879999950528145,0.04360000044107437,0.8203999996185303
YLR151C,Mitochondrion,Peroxisomal targeting signal,Soluble,0.2928999960422516,0.3889999985694885,0.008100000210106373,0.023900000378489494,0.8137000203132629,0.05649999901652336,0.26809999346733093,0.02500000037252903,0.07159999758005142,0.6107000112533569,0.40689998865127563,0.3086000084877014,0.048900000751018524,0.5267999768257141
YLR153C,Cytoplasm|Peroxisome,Peroxisomal targeting signal,Soluble,0.5223000049591064,0.2890999913215637,0.01860000006854534,0.2644999921321869,0.4431999921798706,0.09000000357627869,0.28600001335144043,0.2989000082015991,0.3215000033378601,0.736299991607666,0.47620001435279846,0.020600000396370888,0.0551999993622303,0.800599992275238
YLR155C,Extracellular,Signal peptide,Soluble,0.1200999990105629,0.04749999940395355,0.8853999972343445,0.06509999930858612,0.08969999849796295,0.012000000104308128,0.37599998712539673,0.3513000011444092,0.14390000700950623,0.003100000089034438,0.24969999492168427,0.026799999177455902,0.0284000001847744,0.8639000058174133
YLR157C,Extracellular,Signal peptide,Soluble,0.1200999990105629,0.04749999940395355,0.8853999972343445,0.06509999930858612,0.08969999849796295,0.012000000104308128,0.37599998712539673,0.3513000011444092,0.14390000700950623,0.003100000089034438,0.24969999492168427,0.026799999177455902,0.0284000001847744,0.8639000058174133
YLR158C,Extracellular,Signal peptide,Soluble,0.1200999990105629,0.04749999940395355,0.8853999972343445,0.06509999930858612,0.08969999849796295,0.012000000104308128,0.37599998712539673,0.3513000011444092,0.14390000700950623,0.003100000089034438,0.24969999492168427,0.026799999177455902,0.0284000001847744,0.8639000058174133
YLR160C,Extracellular,Signal peptide,Soluble,0.1200999990105629,0.04749999940395355,0.8853999972343445,0.06509999930858612,0.08969999849796295,0.012000000104308128,0.37599998712539673,0.3513000011444092,0.14390000700950623,0.003100000089034438,0.24969999492168427,0.026799999177455902,0.0284000001847744,0.8639000058174133
YLR164W,Mitochondrion,Mitochondrial transit peptide,Transmembrane,0.09740000218153,0.0868000015616417,0.00989999994635582,0.03669999912381172,0.9523000121116638,0.06830000132322311,0.06530000269412994,0.022199999541044235,0.035999998450279236,0.012799999676644802,0.10369999706745148,0.9904000163078308,0.005400000140070915,0.11180000007152557
YLR172C,Cytoplasm|Nucleus,,Peripheral|Soluble,0.7379000186920166,0.6301000118255615,0.01489999983459711,0.06870000064373016,0.16940000653266907,0.035999998450279236,0.47369998693466187,0.09489999711513519,0.12020000070333481,0.010200000368058681,0.635699987411499,0.023399999365210533,0.05590000003576279,0.7768999934196472
YLR174W,Cytoplasm|Nucleus,Peroxisomal targeting signal,Soluble,0.6342999935150146,0.5677000284194946,0.1379999965429306,0.03849999979138374,0.18469999730587006,0.002199999988079071,0.14300000667572021,0.13220000267028809,0.0215000007301569,0.6482999920845032,0.34310001134872437,0.01209999993443489,0.06440000236034393,0.8935999870300293
YLR180W,Cytoplasm,Peroxisomal targeting signal,Soluble,0.5692999958992004,0.4970000088214874,0.03370000049471855,0.006099999882280827,0.2822999954223633,0.08980000019073486,0.04270000010728836,0.01769999973475933,0.04280000180006027,0.6187000274658203,0.3822000026702881,0.018699999898672104,0.08290000259876251,0.8547999858856201
YLR189C,Cytoplasm,,Peripheral|Soluble,0.6200000047683716,0.290800005197525,0.08330000191926956,0.25220000743865967,0.26260000467300415,0.07249999791383743,0.3472999930381775,0.3596000075340271,0.43880000710487366,0.13429999351501465,0.7304999828338623,0.08579999953508377,0.061900001019239426,0.5382999777793884
YLR201C,Mitochondrion,Mitochondrial transit peptide,Peripheral,0.23669999837875366,0.11969999969005585,0.03909999877214432,0.0357000008225441,0.9677000045776367,0.015399999916553497,0.061400000005960464,0.032099999487400055,0.061000000685453415,0.08560000360012054,0.7785000205039978,0.14190000295639038,0.04410000145435333,0.4050999879837036
YLR209C,Cytoplasm,,Soluble,0.45910000801086426,0.4650999903678894,0.021800000220537186,0.027799999341368675,0.1396999955177307,0.01360000018030405,0.08330000191926956,0.022199999541044235,0.04879999905824661,0.01759999990463257,0.30140000581741333,0.0203000009059906,0.06069999933242798,0.8791000247001648
YLR211C,Cytoplasm,Peroxisomal targeting signal,Peripheral|Soluble,0.6935999989509583,0.29820001125335693,0.0502999983727932,0.1647000014781952,0.2142000049352646,0.0010999999940395355,0.24279999732971191,0.31470000743865967,0.2313999980688095,0.24390000104904175,0.6636000275611877,0.016499999910593033,0.08389999717473984,0.7964000105857849
YLR214W,Lysosome/Vacuole,Signal peptide|Transmembrane domain,Transmembrane,0.12070000171661377,0.15700000524520874,0.02879999950528145,0.4936999976634979,0.05939999967813492,0.003000000026077032,0.4975999891757965,0.5562999844551086,0.45419999957084656,0.007899999618530273,0.06270000338554382,0.9914000034332275,0.020800000056624413,0.10270000249147415
YLR231C,Cytoplasm,Nuclear localization signal|Nuclear export signal,Soluble,0.8550999760627747,0.5270000100135803,0.02160000056028366,0.03889999911189079,0.22499999403953552,0.053300000727176666,0.16760000586509705,0.09120000153779984,0.07259999960660934,0.007799999788403511,0.446399986743927,0.04320000112056732,0.04839999973773956,0.7709000110626221
YLR237W,Lysosome/Vacuole,Transmembrane domain,Transmembrane,0.11980000138282776,0.17229999601840973,0.045099999755620956,0.383899986743927,0.20440000295639038,0.0034000000450760126,0.2872999906539917,0.44920000433921814,0.328900009393692,0.0031999999191612005,0.03310000151395798,0.9940000176429749,0.014700000174343586,0.12300000339746475
YLR240W,Cytoplasm|Lysosome/Vacuole,Nuclear export signal,Peripheral|Soluble,0.5565000176429749,0.36399999260902405,0.00570000009611249,0.23980000615119934,0.12189999967813492,0.005900000222027302,0.2257000058889389,0.583299994468689,0.5964000225067139,0.005400000140070915,0.7441999912261963,0.03610000014305115,0.053700000047683716,0.6453999876976013
YLR244C,Cytoplasm|Nucleus,,Soluble,0.5486000180244446,0.6888999938964844,0.028999999165534973,0.05609999969601631,0.42559999227523804,0.019200000911951065,0.1324000060558319,0.03880000114440918,0.08659999817609787,0.034699998795986176,0.2766000032424927,0.017100000753998756,0.04740000143647194,0.8841000199317932
YLR245C,Cytoplasm,Peroxisomal targeting signal,Soluble,0.8391000032424927,0.46970000863075256,0.05860000103712082,0.03629999980330467,0.22139999270439148,0.04899999871850014,0.3199000060558319,0.0210999995470047,0.01730000041425228,0.47429999709129333,0.3862999975681305,0.052799999713897705,0.037300001829862595,0.8084999918937683
YLR258W,Cytoplasm,,Peripheral|Soluble,0.7416999936103821,0.3310999870300293,0.14380000531673431,0.054099999368190765,0.35929998755455017,0.10779999941587448,0.14650000631809235,0.09889999777078629,0.10589999705553055,0.007400000002235174,0.6337000131607056,0.044199999421834946,0.02459999918937683,0.6969000101089478
YLR260W,Cytoplasm,Nuclear localization signal,Soluble,0.5975000262260437,0.3637999892234802,0.051100000739097595,0.4025000035762787,0.22859999537467957,0.0034000000450760126,0.31060001254081726,0.5148000121116638,0.5450999736785889,0.013500000350177288,0.5997999906539917,0.0892999991774559,0.093299999833107,0.6341999769210815
YLR284C,Peroxisome,Peroxisomal targeting signal,Soluble,0.1987999975681305,0.3668999969959259,0.09210000187158585,0.0925000011920929,0.07940000295639038,0.0020000000949949026,0.19859999418258667,0.06679999828338623,0.06849999725818634,0.8245999813079834,0.3506999909877777,0.044599998742341995,0.017000000923871994,0.8082000017166138
YLR285W,Cytoplasm|Nucleus,Nuclear export signal,Soluble,0.7010999917984009,0.5303000211715698,0.006200000178068876,0.07109999656677246,0.19429999589920044,0.006599999964237213,0.05429999902844429,0.16359999775886536,0.2587999999523163,0.002300000051036477,0.40849998593330383,0.04879999905824661,0.046799998730421066,0.7422999739646912
YLR286C,Extracellular,Signal peptide,Soluble,0.13019999861717224,0.09600000083446503,0.9200000166893005,0.16279999911785126,0.05860000103712082,0.008999999612569809,0.35910001397132874,0.28189998865127563,0.22269999980926514,0.0035000001080334187,0.15710000693798065,0.05260000005364418,0.04780000075697899,0.8434000015258789
YLR295C,Mitochondrion,Mitochondrial transit peptide,Soluble,0.10490000247955322,0.13930000364780426,0.016300000250339508,0.08389999717473984,0.968999981880188,0.009499999694526196,0.04879999905824661,0.02930000051856041,0.05770000070333481,0.014299999922513962,0.5759000182151794,0.20409999787807465,0.02290000021457672,0.47589999437332153
YLR299W,Endoplasmic reticulum,Signal peptide,Soluble,0.2451000064611435,0.10849999636411667,0.4643999934196472,0.10790000110864639,0.11230000108480453,0.029100000858306885,0.7301999926567078,0.5224999785423279,0.3634999990463257,0.02070000022649765,0.272599995136261,0.42649999260902405,0.04520000144839287,0.5246000289916992
YLR300W,Extracellular,Signal peptide,Soluble,0.17100000381469727,0.062300000339746475,0.8302000164985657,0.10140000283718109,0.11680000275373459,0.008299999870359898,0.2874000072479248,0.38089999556541443,0.1412000060081482,0.004399999976158142,0.19189999997615814,0.02019999921321869,0.027699999511241913,0.8964999914169312
YLR303W,Cytoplasm,Peroxisomal targeting signal,Soluble,0.8414999842643738,0.24250000715255737,0.03009999915957451,0.08780000358819962,0.20419999957084656,0.0052999998442828655,0.13850000500679016,0.07169999927282333,0.03020000085234642,0.27720001339912415,0.3882000148296356,0.010999999940395355,0.041999999433755875,0.882099986076355
YLR304C,Mitochondrion,Mitochondrial transit peptide,Peripheral|Soluble,0.37450000643730164,0.1379999965429306,0.17329999804496765,0.03290000185370445,0.843500018119812,0.04969999939203262,0.047600001096725464,0.013500000350177288,0.018799999728798866,0.06270000338554382,0.695900022983551,0.04899999871850014,0.032099999487400055,0.6014000177383423
YLR305C,Cytoplasm,,Soluble,0.527899980545044,0.48750001192092896,0.0649000033736229,0.09969999641180038,0.03359999880194664,0.012600000016391277,0.3571999967098236,0.35899999737739563,0.5234000086784363,0.015599999576807022,0.5483999848365784,0.054099999368190765,0.03620000183582306,0.6996999979019165
YLR307W,Extracellular,Signal peptide,Soluble,0.16410000622272491,0.0608999989926815,0.8863999843597412,0.08460000157356262,0.08410000056028366,0.019700000062584877,0.3174999952316284,0.3346000015735626,0.27070000767707825,0.0026000000070780516,0.20749999582767487,0.05169999971985817,0.04769999906420708,0.8334000110626221
YLR308W,Extracellular,Signal peptide,Soluble,0.14509999752044678,0.07930000126361847,0.8689000010490417,0.0820000022649765,0.06520000100135803,0.011599999852478504,0.40139999985694885,0.38609999418258667,0.39419999718666077,0.005400000140070915,0.21889999508857727,0.06129999831318855,0.07559999823570251,0.8210999965667725
YLR328W,Cytoplasm,Nuclear localization signal,Soluble,0.59170001745224,0.46549999713897705,0.040800001472234726,0.15389999747276306,0.2321999967098236,0.04600000008940697,0.125900000333786,0.1932000070810318,0.2971000075340271,0.02070000022649765,0.5679000020027161,0.04769999906420708,0.15559999644756317,0.6865000128746033
YLR342W,Cell membrane|Endoplasmic reticulum,Transmembrane domain,Transmembrane,0.10040000081062317,0.22920000553131104,0.08150000125169754,0.5656999945640564,0.3813999891281128,0.06930000334978104,0.646399974822998,0.47589999437332153,0.42340001463890076,0.008200000040233135,0.10140000283718109,0.9894999861717224,0.026100000366568565,0.14810000360012054
YLR345W,Cytoplasm,Nuclear export signal,Soluble,0.7864999771118164,0.4287000000476837,0.016300000250339508,0.09350000321865082,0.22040000557899475,0.027799999341368675,0.12430000305175781,0.24240000545978546,0.2085999995470047,0.03909999877214432,0.565500020980835,0.060100000351667404,0.05389999970793724,0.703499972820282
YLR348C,Mitochondrion,Mitochondrial transit peptide,Transmembrane,0.17170000076293945,0.15289999544620514,0.004900000058114529,0.13349999487400055,0.8375999927520752,0.0210999995470047,0.3765000104904175,0.09099999815225601,0.06199999898672104,0.020999999716877937,0.1509999930858612,0.9344000220298767,0.008999999612569809,0.22390000522136688
YLR350W,Endoplasmic reticulum,Transmembrane domain,Transmembrane,0.06930000334978104,0.3328000009059906,0.005900000222027302,0.15860000252723694,0.13429999351501465,0.03920000046491623,0.7851999998092651,0.3346000015735626,0.38359999656677246,0.02500000037252903,0.04129999876022339,0.9951000213623047,0.024000000208616257,0.131400004029274
YLR351C,Mitochondrion,Mitochondrial transit peptide,Peripheral|Soluble,0.3781999945640564,0.18129999935626984,0.0215000007301569,0.032499998807907104,0.7369999885559082,0.2298000007867813,0.0284000001847744,0.04650000110268593,0.058800000697374344,0.19259999692440033,0.6230999827384949,0.031599998474121094,0.05079999938607216,0.6995000243186951
YLR354C,Cytoplasm|Nucleus,Nuclear localization signal,Soluble,0.5264000296592712,0.6517999768257141,0.0284000001847744,0.06499999761581421,0.45239999890327454,0.019099999219179153,0.03280000016093254,0.025800000876188278,0.010700000450015068,0.007499999832361937,0.3725000023841858,0.007300000172108412,0.06769999861717224,0.9139999747276306
YLR355C,Mitochondrion,Mitochondrial transit peptide,Peripheral|Soluble,0.16200000047683716,0.07819999754428864,0.05660000070929527,0.10999999940395355,0.9143000245094299,0.11999999731779099,0.025100000202655792,0.040800001472234726,0.06620000302791595,0.008200000040233135,0.6581000089645386,0.053700000047683716,0.045099999755620956,0.6359999775886536
YLR359W,Cytoplasm,Peroxisomal targeting signal,Soluble,0.7638999819755554,0.47350001335144043,0.06310000270605087,0.07500000298023224,0.29809999465942383,0.07069999724626541,0.01679999940097332,0.05460000038146973,0.03970000147819519,0.2143000066280365,0.5677000284194946,0.02669999934732914,0.0632999986410141,0.7903000116348267
YLR360W,Cytoplasm|Nucleus,Nuclear export signal,Peripheral|Soluble,0.4961000084877014,0.557699978351593,0.008200000040233135,0.08259999752044678,0.25220000743865967,0.0034000000450760126,0.4154999852180481,0.34139999747276306,0.31029999256134033,0.02250000089406967,0.7204999923706055,0.0957999974489212,0.06260000169277191,0.5719000101089478
YLR372W,Endoplasmic reticulum,Signal peptide|Transmembrane domain,Transmembrane,0.07180000096559525,0.10490000247955322,0.01810000091791153,0.11219999939203262,0.13189999759197235,0.018799999728798866,0.8388000130653381,0.09570000320672989,0.4408999979496002,0.08309999853372574,0.06769999861717224,0.9939000010490417,0.009100000374019146,0.09319999814033508
YLR377C,Cytoplasm|Nucleus,Nuclear localization signal|Nuclear export signal,Soluble,0.6603999733924866,0.544700026512146,0.025100000202655792,0.07760000228881836,0.19329999387264252,0.00860000029206276,0.12690000236034393,0.21480000019073486,0.06750000268220901,0.07410000264644623,0.5336999893188477,0.03440000116825104,0.09390000253915787,0.7818999886512756
YLR382C,Mitochondrion,Mitochondrial transit peptide,Soluble,0.2092999964952469,0.1404000073671341,0.0348999984562397,0.028300000354647636,0.9304999709129333,0.05090000107884407,0.050200000405311584,0.05260000005364418,0.03779999911785126,0.013899999670684338,0.5163999795913696,0.0697999969124794,0.02889999933540821,0.6815000176429749
YLR386W,Cytoplasm|Lysosome/Vacuole|Golgi apparatus,Nuclear export signal,Peripheral|Soluble,0.6484000086784363,0.29919999837875366,0.00839999970048666,0.13809999823570251,0.10840000212192535,0.00139999995008111,0.2831000089645386,0.5710999965667725,0.6736999750137329,0.09880000352859497,0.7001000046730042,0.05810000002384186,0.03319999948143959,0.6255000233650208
YLR395C,Mitochondrion,Mitochondrial transit peptide,Transmembrane,0.12319999933242798,0.12070000171661377,0.01119999960064888,0.1005999967455864,0.9686999917030334,0.018699999898672104,0.02930000051856041,0.031599998474121094,0.047200001776218414,0.0052999998442828655,0.195700004696846,0.9776999950408936,0.013500000350177288,0.11020000278949738
YLR410W,Cytoplasm,Nuclear localization signal,Soluble,0.6216999888420105,0.49000000953674316,0.04740000143647194,0.1251000016927719,0.11559999734163284,0.005200000014156103,0.18860000371932983,0.12389999628067017,0.12880000472068787,0.011699999682605267,0.5843999981880188,0.05299999937415123,0.039400000125169754,0.739799976348877
YLR420W,Cytoplasm|Nucleus,Nuclear localization signal,Soluble,0.6948000192642212,0.8215000033378601,0.014600000344216824,0.03280000016093254,0.1899999976158142,0.014499999582767487,0.09449999779462814,0.07599999755620956,0.16769999265670776,0.002300000051036477,0.49630001187324524,0.03880000114440918,0.01679999940097332,0.7749999761581421
YLR432W,Cytoplasm,,Soluble,0.6391000151634216,0.45350000262260437,0.09640000015497208,0.13269999623298645,0.15289999544620514,0.01759999990463257,0.021400000900030136,0.06549999862909317,0.011099999770522118,0.030700000002980232,0.6075999736785889,0.024399999529123306,0.0617000013589859,0.7657999992370605
YLR438W,Cytoplasm,Nuclear localization signal,Soluble,0.8370000123977661,0.5016999840736389,0.07649999856948853,0.017999999225139618,0.5838000178337097,0.016300000250339508,0.1615000069141388,0.11699999868869781,0.12219999730587006,0.009499999694526196,0.46779999136924744,0.024800000712275505,0.050599999725818634,0.8238999843597412
YLR446W,Cytoplasm|Nucleus,Nuclear localization signal|Nuclear export signal,Soluble,0.7271000146865845,0.7093999981880188,0.006000000052154064,0.05429999902844429,0.4287000000476837,0.001500000013038516,0.09179999679327011,0.11840000003576279,0.09300000220537186,0.003000000026077032,0.5389999747276306,0.08860000222921371,0.032600000500679016,0.6654000282287598
YLR447C,Cytoplasm,,Peripheral|Soluble,0.6814000010490417,0.2992999851703644,0.059300001710653305,0.18289999663829803,0.06769999861717224,0.013199999928474426,0.03319999948143959,0.4715999960899353,0.05130000039935112,0.02879999950528145,0.6207000017166138,0.065700002014637,0.045099999755620956,0.6388000249862671
YLR450W,Endoplasmic reticulum,Transmembrane domain,Transmembrane,0.1834000051021576,0.3009999990463257,0.010999999940395355,0.11159999668598175,0.24169999361038208,0.05990000069141388,0.7777000069618225,0.34439998865127563,0.4465999901294708,0.42899999022483826,0.12970000505447388,0.9876999855041504,0.010400000028312206,0.1145000010728836
YML004C,Cytoplasm,,Soluble,0.7558000087738037,0.29589998722076416,0.14900000393390656,0.10000000149011612,0.3986000120639801,0.026200000196695328,0.19280000030994415,0.11490000039339066,0.23989999294281006,0.03180000185966492,0.47450000047683716,0.015300000086426735,0.0640999972820282,0.8464999794960022
YML008C,Endoplasmic reticulum,,Peripheral|Soluble,0.4077000021934509,0.1234000027179718,0.07270000129938126,0.14319999516010284,0.2526000142097473,0.04340000078082085,0.7340999841690063,0.14480000734329224,0.334199994802475,0.014600000344216824,0.6330999732017517,0.10180000215768814,0.04820000007748604,0.5374000072479248
YML022W,Cytoplasm,,Soluble,0.5831000208854675,0.3346000015735626,0.24169999361038208,0.05979999899864197,0.2184000015258789,0.011500000022351742,0.1889999955892563,0.12269999831914902,0.11699999868869781,0.004100000020116568,0.3492000102996826,0.019600000232458115,0.0763000026345253,0.859499990940094
YML035C,Cytoplasm|Nucleus,,Soluble,0.5468999743461609,0.5403000116348267,0.005900000222027302,0.11180000007152557,0.2687999904155731,0.0010000000474974513,0.03669999912381172,0.2736999988555908,0.1525000035762787,0.016100000590085983,0.6082000136375427,0.05299999937415123,0.035599999129772186,0.699999988079071
YML042W,Mitochondrion,Peroxisomal targeting signal,Peripheral|Soluble,0.2125999927520752,0.22010000050067902,0.021700000390410423,0.0502999983727932,0.6230000257492065,0.009499999694526196,0.47440001368522644,0.031599998474121094,0.08219999819993973,0.5788999795913696,0.7103000283241272,0.06710000336170197,0.03449999913573265,0.5705999732017517
YML054C,Mitochondrion,Mitochondrial transit peptide,Transmembrane,0.1468999981880188,0.11089999973773956,0.05649999901652336,0.06650000065565109,0.9474999904632568,0.04360000044107437,0.07739999890327454,0.06870000064373016,0.10300000011920929,0.027000000700354576,0.4894999861717224,0.8367000222206116,0.011099999770522118,0.18729999661445618
YML056C,Cytoplasm,,Soluble,0.67330002784729,0.46560001373291016,0.08320000022649765,0.14159999787807465,0.181099995970726,0.012600000016391277,0.014100000262260437,0.07729999721050262,0.009200000204145908,0.023800000548362732,0.5823000073432922,0.021400000900030136,0.061500001698732376,0.7936000227928162
YML059C,Endoplasmic reticulum,Transmembrane domain,Transmembrane,0.21050000190734863,0.33469998836517334,0.06260000169277191,0.4065999984741211,0.42719998955726624,0.08749999850988388,0.7092999815940857,0.40459999442100525,0.2842000126838684,0.17980000376701355,0.49399998784065247,0.9441999793052673,0.07919999957084656,0.11159999668598175
YML070W,Cytoplasm,Nuclear localization signal,Soluble,0.7681000232696533,0.47510001063346863,0.040699999779462814,0.02800000086426735,0.504800021648407,0.009399999864399433,0.16869999468326569,0.11840000003576279,0.0982000008225441,0.05550000071525574,0.4844000041484833,0.01850000023841858,0.07000000029802322,0.8001999855041504
YML075C,Endoplasmic reticulum,Signal peptide|Transmembrane domain,Transmembrane,0.18299999833106995,0.2906000018119812,0.013399999588727951,0.13609999418258667,0.22660000622272491,0.11760000139474869,0.8151999711990356,0.3749000132083893,0.5175999999046326,0.27320000529289246,0.13779999315738678,0.9843000173568726,0.007400000002235174,0.1395999938249588
YML081C-A,Mitochondrion,Transmembrane domain|Mitochondrial transit peptide,Transmembrane,0.10949999839067459,0.11840000003576279,0.029400000348687172,0.06949999928474426,0.9333999752998352,0.04039999842643738,0.25690001249313354,0.08410000056028366,0.04769999906420708,0.030899999663233757,0.34950000047683716,0.9527999758720398,0.004600000102072954,0.14579999446868896
YML082W,Cytoplasm|Nucleus,Nuclear localization signal|Nuclear export signal,Soluble,0.826200008392334,0.5343000292778015,0.029899999499320984,0.049300000071525574,0.2483000010251999,0.05339999869465828,0.08659999817609787,0.16300000250339508,0.16830000281333923,0.012000000104308128,0.5170999765396118,0.03869999945163727,0.05350000038743019,0.7689999938011169
YML086C,Cytoplasm,,Peripheral,0.46970000863075256,0.34549999237060547,0.061900001019239426,0.1348000019788742,0.4634000062942505,0.2313999980688095,0.5293999910354614,0.12720000743865967,0.2231999933719635,0.17010000348091125,0.7098000049591064,0.5256999731063843,0.1289999932050705,0.2313999980688095
YML100W,Cytoplasm,,Peripheral|Soluble,0.6331999897956848,0.40209999680519104,0.1370999962091446,0.07039999961853027,0.241799995303154,0.006099999882280827,0.06459999829530716,0.2606000006198883,0.13369999825954437,0.020899999886751175,0.6367999911308289,0.055799998342990875,0.024000000208616257,0.6597999930381775
YML106W,Cytoplasm|Nucleus,Nuclear localization signal,Peripheral|Soluble,0.7907999753952026,0.5527999997138977,0.07339999824762344,0.09449999779462814,0.1543000042438507,0.01269999984651804,0.05460000038146973,0.06620000302791595,0.11079999804496765,0.00039999998989515007,0.6590999960899353,0.046300001442432404,0.036400001496076584,0.6855999827384949
YML110C,Mitochondrion,Mitochondrial transit peptide,Peripheral,0.17720000445842743,0.11169999837875366,0.0357000008225441,0.07410000264644623,0.9473999738693237,0.0340999998152256,0.07119999825954437,0.052799999713897705,0.07450000196695328,0.023800000548362732,0.711899995803833,0.08789999783039093,0.029999999329447746,0.4578999876976013
YML120C,Mitochondrion,Mitochondrial transit peptide,Peripheral|Transmembrane,0.16539999842643738,0.09700000286102295,0.027499999850988388,0.061400000005960464,0.9320999979972839,0.011699999682605267,0.2037000060081482,0.1826000064611435,0.15549999475479126,0.031199999153614044,0.7346000075340271,0.5773000121116638,0.2409999966621399,0.1014999970793724
YML123C,Cell membrane|Lysosome/Vacuole,Transmembrane domain,Transmembrane,0.13510000705718994,0.08290000259876251,0.07280000299215317,0.676800012588501,0.09529999643564224,0.0035000001080334187,0.592199981212616,0.6360999941825867,0.4059000015258789,0.01600000075995922,0.024399999529123306,0.994700014591217,0.029200000688433647,0.12950000166893005
YML125C,Cell membrane,Transmembrane domain,Transmembrane,0.19169999659061432,0.3142000138759613,0.05620000138878822,0.349700003862381,0.3402999937534332,0.01769999973475933,0.37720000743865967,0.17270000278949738,0.1185000017285347,0.020600000396370888,0.15469999611377716,0.9686999917030334,0.08160000294446945,0.17589999735355377
YML126C,Mitochondrion,Mitochondrial transit peptide,Peripheral|Soluble,0.4027999937534332,0.19189999997615814,0.051899999380111694,0.02539999969303608,0.8866999745368958,0.05820000171661377,0.16869999468326569,0.08179999887943268,0.0714000016450882,0.3953999876976013,0.6638000011444092,0.08460000157356262,0.07620000094175339,0.5479000210762024
YMR006C,Extracellular,,Lipid anchor,0.08749999850988388,0.0892999991774559,0.8187000155448914,0.4602000117301941,0.10520000010728836,0.0017000000225380063,0.26570001244544983,0.24410000443458557,0.2646999955177307,0.011599999852478504,0.2093999981880188,0.2345999926328659,0.9726999998092651,0.4627000093460083
YMR008C,Extracellular|Cell membrane,,Lipid anchor,0.11169999837875366,0.07649999856948853,0.8253999948501587,0.5275999903678894,0.09769999980926514,0.0015999999595806003,0.259799987077713,0.25949999690055847,0.2159000039100647,0.024000000208616257,0.22699999809265137,0.18719999492168427,0.9560999870300293,0.4681999981403351
YMR009W,Cytoplasm,,Soluble,0.7014999985694885,0.5199999809265137,0.001500000013038516,0.01549999974668026,0.18559999763965607,0.009800000116229057,0.11320000141859055,0.09650000184774399,0.17919999361038208,0.026399999856948853,0.5569999814033508,0.02239999920129776,0.025499999523162842,0.8256000280380249
YMR011W,Cell membrane,Transmembrane domain,Transmembrane,0.08950000256299973,0.14740000665187836,0.1160999983549118,0.5769000053405762,0.09009999781847,0.00279999990016222,0.1873999983072281,0.35040000081062317,0.33489999175071716,0.017000000923871994,0.016499999910593033,0.9958999752998352,0.03139999881386757,0.1467999964952469
YMR013C,Endoplasmic reticulum,Transmembrane domain,Transmembrane,0.1177000030875206,0.25189998745918274,0.026399999856948853,0.2492000013589859,0.17960000038146973,0.002199999988079071,0.7240999937057495,0.3601999878883362,0.3107999861240387,0.006099999882280827,0.1492999941110611,0.9757999777793884,0.04039999842643738,0.14880000054836273
YMR015C,Endoplasmic reticulum,Signal peptide|Transmembrane domain,Transmembrane,0.20350000262260437,0.12189999967813492,0.2806999981403351,0.06939999759197235,0.18400000035762787,0.09860000014305115,0.9053000211715698,0.10840000212192535,0.225600004196167,0.0026000000070780516,0.34060001373291016,0.8458999991416931,0.02280000038444996,0.22460000216960907
YMR020W,Cytoplasm,Nuclear localization signal,Soluble,0.5712000131607056,0.512499988079071,0.1177000030875206,0.01549999974668026,0.2160000056028366,0.013299999758601189,0.05730000138282776,0.1006999984383583,0.11829999834299088,0.03849999979138374,0.3732999861240387,0.10040000081062317,0.014800000004470348,0.7426000237464905
YMR041C,Cytoplasm,,Soluble,0.64410001039505,0.3573000133037567,0.025200000032782555,0.05719999969005585,0.34290000796318054,0.09080000221729279,0.13269999623298645,0.3346000015735626,0.4839000105857849,0.016300000250339508,0.5149999856948853,0.053199999034404755,0.020500000566244125,0.7594000101089478
YMR054W,Lysosome/Vacuole,Transmembrane domain,Transmembrane,0.17759999632835388,0.20749999582767487,0.014100000262260437,0.4284999966621399,0.06669999659061432,0.0010000000474974513,0.23579999804496765,0.7067999839782715,0.45419999957084656,0.0032999999821186066,0.05339999869465828,0.9957000017166138,0.012799999676644802,0.07720000296831131
YMR056C,Mitochondrion,Transmembrane domain,Transmembrane,0.1835000067949295,0.0851999968290329,0.014800000004470348,0.24860000610351562,0.8726000189781189,0.05040000006556511,0.350600004196167,0.13420000672340393,0.10989999771118164,0.10530000180006027,0.1754000037908554,0.9704999923706055,0.013500000350177288,0.13259999454021454
YMR058W,Cell membrane|Endoplasmic reticulum,Signal peptide|Transmembrane domain,Transmembrane,0.13619999587535858,0.09470000118017197,0.05310000106692314,0.6521999835968018,0.09920000284910202,0.012900000438094139,0.6779999732971191,0.3693999946117401,0.5479000210762024,0.029400000348687172,0.06599999964237213,0.9930999875068665,0.26179999113082886,0.0803999975323677
YMR062C,Mitochondrion,Mitochondrial transit peptide,Soluble,0.31060001254081726,0.1370999962091446,0.07490000128746033,0.04769999906420708,0.8967000246047974,0.060600001364946365,0.03480000048875809,0.17069999873638153,0.04439999908208847,0.13109999895095825,0.5716999769210815,0.0430000014603138,0.05530000105500221,0.6398000121116638
YMR083W,Mitochondrion,Mitochondrial transit peptide,Peripheral|Soluble,0.09679999947547913,0.09200000017881393,0.10260000079870224,0.07829999923706055,0.9031999707221985,0.050700001418590546,0.034299999475479126,0.07649999856948853,0.0697999969124794,0.02810000069439411,0.6344000101089478,0.050700001418590546,0.04050000011920929,0.6302000284194946
YMR087W,Cytoplasm,,Soluble,0.6607000231742859,0.5228999853134155,0.039799999445676804,0.15070000290870667,0.3077000081539154,0.024700000882148743,0.10779999941587448,0.36039999127388,0.21140000224113464,0.12370000034570694,0.5889000296592712,0.07769999653100967,0.057500001043081284,0.683899998664856
YMR088C,Lysosome/Vacuole,Transmembrane domain,Transmembrane,0.10419999808073044,0.09120000153779984,0.008700000122189522,0.26739999651908875,0.18219999969005585,0.003000000026077032,0.4794999957084656,0.8885999917984009,0.24609999358654022,0.017100000753998756,0.07249999791383743,0.9904999732971191,0.03220000118017197,0.0957999974489212
YMR099C,Cytoplasm,,Soluble,0.7293999791145325,0.24869999289512634,0.08240000158548355,0.045899998396635056,0.2913999855518341,0.008799999952316284,0.1940000057220459,0.08540000021457672,0.3971000015735626,0.10679999738931656,0.5403000116348267,0.026200000196695328,0.06599999964237213,0.7962999939918518
YMR101C,Endoplasmic reticulum,Transmembrane domain,Peripheral,0.26089999079704285,0.22910000383853912,0.07150000333786011,0.275299996137619,0.49070000648498535,0.07639999687671661,0.8043000102043152,0.33250001072883606,0.43470001220703125,0.09359999746084213,0.7692000269889832,0.5242999792098999,0.2037000060081482,0.19089999794960022
YMR105C,Cytoplasm,Nuclear localization signal,Soluble,0.8019000291824341,0.47850000858306885,0.08129999786615372,0.06199999898672104,0.14100000262260437,0.008899999782443047,0.4291999936103821,0.016100000590085983,0.09399999678134918,0.021400000900030136,0.3528999984264374,0.021299999207258224,0.025800000876188278,0.8654000163078308
YMR108W,Mitochondrion,Mitochondrial transit peptide,Soluble,0.18780000507831573,0.13300000131130219,0.04050000011920929,0.08309999853372574,0.9592999815940857,0.07660000026226044,0.04569999873638153,0.050700001418590546,0.09059999883174896,0.02280000038444996,0.6194999814033508,0.07479999959468842,0.03889999911189079,0.5979999899864197
YMR110C,Endoplasmic reticulum,,Transmembrane,0.3190000057220459,0.16979999840259552,0.1907999962568283,0.21379999816417694,0.40209999680519104,0.24609999358654022,0.7346000075340271,0.1509000062942505,0.2558000087738037,0.13359999656677246,0.43720000982284546,0.8693000078201294,0.09080000221729279,0.12729999423027039
YMR113W,Cytoplasm,,Peripheral|Soluble,0.829800009727478,0.43160000443458557,0.01679999940097332,0.05350000038743019,0.623199999332428,0.010300000198185444,0.12780000269412994,0.11339999735355377,0.20600000023841858,0.03819999843835831,0.6557999849319458,0.027400000020861626,0.065700002014637,0.7242000102996826
YMR120C,Cytoplasm,,Soluble,0.8119999766349792,0.17810000479221344,0.3869999945163727,0.02539999969303608,0.06629999727010727,0.00559999980032444,0.1876000016927719,0.2824999988079071,0.5210000276565552,0.004600000102072954,0.38519999384880066,0.03880000114440918,0.039900001138448715,0.8323000073432922
YMR145C,Mitochondrion,Mitochondrial transit peptide,Peripheral|Transmembrane,0.1420000046491623,0.11079999804496765,0.027400000020861626,0.06700000166893005,0.9117000102996826,0.03480000048875809,0.3075999915599823,0.14030000567436218,0.227400004863739,0.03009999915957451,0.6700999736785889,0.7699999809265137,0.08889999985694885,0.10599999874830246
YMR162C,Cell membrane|Lysosome/Vacuole|Golgi apparatus,Signal peptide|Transmembrane domain,Transmembrane,0.22269999980926514,0.13580000400543213,0.01759999990463257,0.5340999960899353,0.1420000046491623,0.006399999838322401,0.5837000012397766,0.680400013923645,0.682200014591217,0.007799999788403511,0.0851999968290329,0.9886000156402588,0.011800000444054604,0.1128000020980835
YMR165C,Cytoplasm,Nuclear localization signal|Nuclear export signal,Peripheral|Soluble,0.703000009059906,0.39660000801086426,0.0714000016450882,0.07850000262260437,0.3686999976634979,0.0071000000461936,0.17389999330043793,0.33629998564720154,0.3853999972343445,0.054499998688697815,0.8702999949455261,0.030899999663233757,0.1136000007390976,0.4934000074863434
YMR169C,Cytoplasm,,Soluble,0.7689999938011169,0.27079999446868896,0.06729999929666519,0.048900000751018524,0.25940001010894775,0.00839999970048666,0.08550000190734863,0.14920000731945038,0.10840000212192535,0.0674000009894371,0.32120001316070557,0.023099999874830246,0.05939999967813492,0.8543000221252441
YMR170C,Cytoplasm,,Soluble,0.7788000106811523,0.2637999951839447,0.08869999647140503,0.05400000140070915,0.25270000100135803,0.007699999958276749,0.0949999988079071,0.14920000731945038,0.08399999886751175,0.08709999918937683,0.2597000002861023,0.038100000470876694,0.05979999899864197,0.8309000134468079
YMR189W,Mitochondrion,Mitochondrial transit peptide,Peripheral|Soluble,0.15440000593662262,0.11670000106096268,0.06069999933242798,0.053700000047683716,0.9575999975204468,0.10019999742507935,0.04089999943971634,0.05620000138878822,0.07970000058412552,0.04580000042915344,0.6477000117301941,0.06669999659061432,0.04089999943971634,0.6114000082015991
YMR202W,Endoplasmic reticulum,Signal peptide,Transmembrane,0.12790000438690186,0.12919999659061432,0.13220000267028809,0.1720000058412552,0.24410000443458557,0.04450000077486038,0.9275000095367432,0.4401000142097473,0.4178999960422516,0.16210000216960907,0.1932000070810318,0.8790000081062317,0.01769999973475933,0.28189998865127563
YMR205C,Cytoplasm,,Soluble,0.772599995136261,0.3028999865055084,0.06390000134706497,0.0843999981880188,0.26589998602867126,0.0949999988079071,0.07609999924898148,0.04800000041723251,0.09839999675750732,0.008999999612569809,0.6013000011444092,0.03400000184774399,0.046300001442432404,0.758400022983551
YMR207C,Mitochondrion,Mitochondrial transit peptide,Soluble,0.3953000009059906,0.20059999823570251,0.09269999712705612,0.06539999693632126,0.7444999814033508,0.09510000050067902,0.08699999749660492,0.16060000658035278,0.1289999932050705,0.16120000183582306,0.5742999911308289,0.17339999973773956,0.07429999858140945,0.5759999752044678
YMR208W,Cytoplasm|Nucleus,,Soluble,0.6028000116348267,0.5372999906539917,0.0034000000450760126,0.06920000165700912,0.38359999656677246,0.007400000002235174,0.36390000581741333,0.060499999672174454,0.10920000076293945,0.32589998841285706,0.41670000553131104,0.0966000035405159,0.05209999904036522,0.6987000107765198
YMR210W,Cytoplasm,,Peripheral|Soluble,0.5906999707221985,0.22599999606609344,0.0812000036239624,0.23109999299049377,0.5636000037193298,0.08810000121593475,0.3752000033855438,0.29120001196861267,0.319599986076355,0.03680000081658363,0.6280999779701233,0.07639999687671661,0.10890000313520432,0.529699981212616
YMR217W,Cytoplasm|Nucleus,Nuclear localization signal,Soluble,0.7419999837875366,0.560699999332428,0.03709999844431877,0.13079999387264252,0.310699999332428,0.06019999831914902,0.12269999831914902,0.07519999891519547,0.16040000319480896,0.0052999998442828655,0.4339999854564667,0.01899999938905239,0.07620000094175339,0.8312000036239624
YMR220W,Cytoplasm|Nucleus,,Soluble,0.6302000284194946,0.5633999705314636,0.0421999990940094,0.08290000259876251,0.35179999470710754,0.008500000461935997,0.09269999712705612,0.08049999922513962,0.11180000007152557,0.4090000092983246,0.41530001163482666,0.09759999811649323,0.0494999997317791,0.7193999886512756
YMR226C,Cytoplasm|Nucleus,,Soluble,0.572700023651123,0.5967000126838684,0.08479999750852585,0.056299999356269836,0.18780000507831573,0.007899999618530273,0.05530000105500221,0.050700001418590546,0.007400000002235174,0.15160000324249268,0.462799996137619,0.020999999716877937,0.06750000268220901,0.829200029373169
YMR241W,Mitochondrion,Mitochondrial transit peptide,Transmembrane,0.14000000059604645,0.18060000240802765,0.05180000141263008,0.07530000060796738,0.864799976348877,0.029200000688433647,0.26100000739097595,0.12849999964237213,0.11429999768733978,0.23729999363422394,0.23309999704360962,0.9125999808311462,0.004900000058114529,0.2574999928474426
YMR243C,Lysosome/Vacuole,Signal peptide|Transmembrane domain,Transmembrane,0.13930000364780426,0.12240000069141388,0.120899997651577,0.20509999990463257,0.04039999842643738,0.012299999594688416,0.5110999941825867,0.8087999820709229,0.633400022983551,0.1371999979019165,0.0966000035405159,0.9894999861717224,0.030300000682473183,0.11919999867677689
YMR246W,Cytoplasm,Nuclear localization signal,Peripheral,0.3578999936580658,0.40869998931884766,0.028999999165534973,0.397599995136261,0.21140000224113464,0.17059999704360962,0.40149998664855957,0.34209999442100525,0.34299999475479126,0.004999999888241291,0.7924000024795532,0.1054999977350235,0.0625,0.40369999408721924
YMR250W,Cytoplasm,,Soluble,0.6664999723434448,0.43059998750686646,0.13349999487400055,0.07859999686479568,0.5454999804496765,0.024800000712275505,0.2061000019311905,0.10670000314712524,0.14380000531673431,0.08730000257492065,0.5249999761581421,0.058800000697374344,0.07509999722242355,0.7164999842643738
YMR256C,Mitochondrion,Mitochondrial transit peptide,Transmembrane,0.09690000116825104,0.06750000268220901,0.023900000378489494,0.05460000038146973,0.9427000284194946,0.03869999945163727,0.30730000138282776,0.11590000241994858,0.0731000006198883,0.10599999874830246,0.2685999870300293,0.9703999757766724,0.01080000028014183,0.1251000016927719
YMR261C,Cytoplasm,Nuclear localization signal,Peripheral|Soluble,0.7286999821662903,0.4846999943256378,0.11630000174045563,0.08259999752044678,0.2353000044822693,0.004800000227987766,0.07919999957084656,0.23919999599456787,0.1565999984741211,0.014499999582767487,0.6335999965667725,0.05460000038146973,0.02759999968111515,0.6723999977111816
YMR267W,Mitochondrion,Mitochondrial transit peptide,Soluble,0.16869999468326569,0.14399999380111694,0.05719999969005585,0.060100000351667404,0.9110000133514404,0.05939999967813492,0.03220000118017197,0.04039999842643738,0.038600001484155655,0.017400000244379044,0.5751000046730042,0.11569999903440475,0.03869999945163727,0.5760999917984009
YMR271C,Cytoplasm,Nuclear localization signal,Soluble,0.8210999965667725,0.5060999989509583,0.08900000154972076,0.045099999755620956,0.10090000182390213,0.01590000092983246,0.07859999686479568,0.04830000177025795,0.09889999777078629,0.00039999998989515007,0.5184000134468079,0.04129999876022339,0.05169999971985817,0.7501999735832214
YMR272C,Endoplasmic reticulum,Signal peptide|Transmembrane domain,Transmembrane,0.15489999949932098,0.17679999768733978,0.00989999994635582,0.09529999643564224,0.16609999537467957,0.033399999141693115,0.8816999793052673,0.3747999966144562,0.3082999885082245,0.003000000026077032,0.15690000355243683,0.9797000288963318,0.008700000122189522,0.10949999839067459
YMR278W,Cytoplasm|Nucleus,Nuclear localization signal,Soluble,0.8149999976158142,0.6628000140190125,0.03840000182390213,0.025800000876188278,0.39800000190734863,0.020400000736117363,0.08160000294446945,0.08860000222921371,0.07959999889135361,0.021800000220537186,0.4092000126838684,0.025599999353289604,0.04309999942779541,0.8395000100135803
YMR281W,Endoplasmic reticulum,Signal peptide,Transmembrane,0.12110000103712082,0.2053000032901764,0.13050000369548798,0.07209999859333038,0.36329999566078186,0.004100000020116568,0.8122000098228455,0.30559998750686646,0.4018999934196472,0.06880000233650208,0.476500004529953,0.8102999925613403,0.0575999990105629,0.17249999940395355
YMR289W,Cytoplasm|Nucleus,Nuclear localization signal,Soluble,0.8251000046730042,0.5809999704360962,0.018699999898672104,0.01140000019222498,0.34119999408721924,0.04360000044107437,0.164000004529953,0.0502999983727932,0.07720000296831131,0.006200000178068876,0.4742000102996826,0.06750000268220901,0.04729999974370003,0.7684999704360962
YMR293C,Cytoplasm|Nucleus,Mitochondrial transit peptide|Nuclear localization signal,Soluble,0.5778999924659729,0.6377999782562256,0.03700000047683716,0.027300000190734863,0.6019999980926514,0.1753000020980835,0.061000000685453415,0.120899997651577,0.1606999933719635,0.03669999912381172,0.46129998564720154,0.059300001710653305,0.018699999898672104,0.7411999702453613
YMR296C,Endoplasmic reticulum,Signal peptide,Transmembrane,0.11779999732971191,0.22990000247955322,0.03020000085234642,0.04580000042915344,0.2565999925136566,0.014100000262260437,0.7935000061988831,0.08290000259876251,0.0989999994635582,0.07339999824762344,0.15520000457763672,0.9611999988555908,0.017799999564886093,0.17880000174045563
YMR298W,Endoplasmic reticulum,Signal peptide|Transmembrane domain,Transmembrane,0.24639999866485596,0.2549999952316284,0.17550000548362732,0.2775000035762787,0.29840001463890076,0.035100001841783524,0.7401999831199646,0.46369999647140503,0.5669000148773193,0.0032999999821186066,0.13940000534057617,0.9593999981880188,0.031700000166893005,0.21940000355243683
YMR300C,Cytoplasm|Nucleus,Nuclear localization signal,Soluble,0.7717999815940857,0.6205000281333923,0.0723000019788742,0.0544000007212162,0.3456999957561493,0.013899999670684338,0.06589999794960022,0.20340000092983246,0.11949999630451202,0.0027000000700354576,0.5245000123977661,0.0681999996304512,0.05139999836683273,0.6662999987602234
YMR301C,Mitochondrion,Mitochondrial transit peptide,Transmembrane,0.09799999743700027,0.094200000166893,0.020800000056624413,0.07980000227689743,0.957099974155426,0.04809999838471413,0.038600001484155655,0.05810000002384186,0.08219999819993973,0.04839999973773956,0.19359999895095825,0.9861999750137329,0.012000000104308128,0.07760000228881836
YMR303C,Cytoplasm,,Soluble,0.6729000210762024,0.38929998874664307,0.08500000089406967,0.061400000005960464,0.1891999989748001,0.06469999998807907,0.11900000274181366,0.08879999816417694,0.1428000032901764,0.01140000019222498,0.3865000009536743,0.02810000069439411,0.046799998730421066,0.8264999985694885
YMR306W,Endoplasmic reticulum,Signal peptide|Transmembrane domain,Transmembrane,0.11909999698400497,0.20149999856948853,0.06279999762773514,0.430400013923645,0.4361000061035156,0.07909999787807465,0.7886999845504761,0.536300003528595,0.4871000051498413,0.026599999517202377,0.09640000015497208,0.993399977684021,0.02500000037252903,0.13349999487400055
YMR313C,Cytoplasm,,Peripheral|Transmembrane,0.4221999943256378,0.33160001039505005,0.03849999979138374,0.2046000063419342,0.37860000133514404,0.02370000071823597,0.29649999737739563,0.20749999582767487,0.31769999861717224,0.0722000002861023,0.7281000018119812,0.6944000124931335,0.10409999638795853,0.14659999310970306
YMR318C,Cytoplasm,,Soluble,0.8034999966621399,0.32499998807907104,0.024800000712275505,0.1573999971151352,0.27379998564720154,0.02889999933540821,0.23070000112056732,0.1656000018119812,0.16619999706745148,0.0142000000923872,0.37119999527931213,0.022600000724196434,0.05180000141263008,0.8476999998092651
YMR319C,Cell membrane|Endoplasmic reticulum,Transmembrane domain,Transmembrane,0.17659999430179596,0.19329999387264252,0.01759999990463257,0.6419000029563904,0.22339999675750732,0.03530000150203705,0.6392999887466431,0.359499990940094,0.4715999960899353,0.03139999881386757,0.03739999979734421,0.9940000176429749,0.024900000542402267,0.16660000383853912
YMR322C,Cytoplasm|Nucleus,Nuclear localization signal,Soluble,0.7728000283241272,0.5728999972343445,0.18080000579357147,0.1420000046491623,0.36309999227523804,0.1518000066280365,0.06509999930858612,0.024299999698996544,0.06279999762773514,0.009499999694526196,0.33889999985694885,0.09849999845027924,0.014700000174343586,0.7368999719619751
YMR323W,Cytoplasm,,Soluble,0.9007999897003174,0.33480000495910645,0.11590000241994858,0.14640000462532043,0.2070000022649765,0.008299999870359898,0.028699999675154686,0.12479999661445618,0.01759999990463257,0.08269999921321869,0.32010000944137573,0.021400000900030136,0.07169999927282333,0.8633999824523926
YNL003C,Mitochondrion,Mitochondrial transit peptide,Transmembrane,0.19519999623298645,0.12919999659061432,0.01730000041425228,0.12139999866485596,0.8033999800682068,0.016699999570846558,0.24379999935626984,0.2029999941587448,0.1574999988079071,0.329800009727478,0.23000000417232513,0.9089999794960022,0.020899999886751175,0.19249999523162842
YNL009W,Cytoplasm|Peroxisome,Peroxisomal targeting signal,Soluble,0.5895000100135803,0.4235999882221222,0.03849999979138374,0.015599999576807022,0.2874999940395355,0.0007999999797903001,0.15389999747276306,0.08449999988079071,0.026000000536441803,0.8515999913215637,0.3149000108242035,0.01510000042617321,0.07370000332593918,0.8845000267028809
YNL029C,Golgi apparatus,Signal peptide|Transmembrane domain,Transmembrane,0.17419999837875366,0.13899999856948853,0.1915999948978424,0.12319999933242798,0.08780000358819962,0.009399999864399433,0.5631999969482422,0.3637000024318695,0.9287999868392944,0.019700000062584877,0.1687999963760376,0.9340000152587891,0.021299999207258224,0.21639999747276306
YNL036W,Cytoplasm|Nucleus,Nuclear export signal,Soluble,0.7475000023841858,0.6345000267028809,0.007199999876320362,0.07739999890327454,0.5360000133514404,0.003599999938160181,0.08470000326633453,0.3921000063419342,0.07580000162124634,0.1111999973654747,0.4519999921321869,0.03750000149011612,0.03709999844431877,0.7961000204086304
YNL037C,Mitochondrion,Mitochondrial transit peptide,Soluble,0.15639999508857727,0.10090000182390213,0.04259999841451645,0.04089999943971634,0.9469000101089478,0.0414000004529953,0.03370000049471855,0.03440000116825104,0.022600000724196434,0.01640000008046627,0.5852000117301941,0.02160000056028366,0.04639999940991402,0.7409999966621399
YNL038W,Endoplasmic reticulum,Signal peptide|Transmembrane domain,Transmembrane,0.2337999939918518,0.2948000133037567,0.06970000267028809,0.2304999977350235,0.2540000081062317,0.025100000202655792,0.6776000261306763,0.3416000008583069,0.3659999966621399,0.0729999989271164,0.17839999496936798,0.980400025844574,0.05779999867081642,0.13220000267028809
YNL045W,Mitochondrion,Mitochondrial transit peptide,Peripheral|Soluble,0.2953000068664551,0.20309999585151672,0.09889999777078629,0.03889999911189079,0.7639999985694885,0.062199998646974564,0.1023000031709671,0.05310000106692314,0.09369999915361404,0.11599999666213989,0.6438999772071838,0.1266999989748001,0.043699998408555984,0.5059000253677368
YNL048W,Endoplasmic reticulum,Signal peptide|Transmembrane domain,Transmembrane,0.19689999520778656,0.2768999934196472,0.10920000076293945,0.12189999967813492,0.23999999463558197,0.01730000041425228,0.8511000275611877,0.16410000622272491,0.23109999299049377,0.02449999935925007,0.3538999855518341,0.8816999793052673,0.030799999833106995,0.15000000596046448
YNL052W,Mitochondrion,Mitochondrial transit peptide,Transmembrane,0.05490000173449516,0.08820000290870667,0.018400000408291817,0.04960000142455101,0.9753000140190125,0.0364999994635582,0.048500001430511475,0.03440000116825104,0.03660000115633011,0.014100000262260437,0.15790000557899475,0.9824000000953674,0.006200000178068876,0.11069999635219574
YNL054W,Lysosome/Vacuole,Signal peptide|Transmembrane domain,Transmembrane,0.23330000042915344,0.2662000060081482,0.04800000041723251,0.37689998745918274,0.10369999706745148,0.0019000000320374966,0.4596000015735626,0.6464999914169312,0.5426999926567078,0.003599999938160181,0.12680000066757202,0.9937000274658203,0.0210999995470047,0.0949999988079071
YNL065W,Cell membrane,Transmembrane domain,Transmembrane,0.15870000422000885,0.1623000055551529,0.03519999980926514,0.6625000238418579,0.21160000562667847,0.004399999976158142,0.44510000944137573,0.41359999775886536,0.3677000105381012,0.0013000000035390258,0.035599999129772186,0.9959999918937683,0.029200000688433647,0.09290000051259995
YNL071W,Mitochondrion,Mitochondrial transit peptide,Peripheral|Soluble,0.13650000095367432,0.07890000194311142,0.024000000208616257,0.0737999975681305,0.947700023651123,0.012500000186264515,0.05400000140070915,0.052400000393390656,0.09040000289678574,0.01269999984651804,0.8077999949455261,0.023600000888109207,0.055399999022483826,0.6129000186920166
YNL073W,Mitochondrion,Mitochondrial transit peptide,Soluble,0.16099999845027924,0.16689999401569366,0.08749999850988388,0.043800000101327896,0.9611999988555908,0.036400001496076584,0.05380000174045563,0.04190000146627426,0.06620000302791595,0.024299999698996544,0.5863999724388123,0.12110000103712082,0.027899999171495438,0.574400007724762
YNL092W,Cytoplasm|Nucleus,Nuclear localization signal,Soluble,0.5938000082969666,0.6682000160217285,0.012799999676644802,0.059300001710653305,0.15219999849796295,0.0020000000949949026,0.15399999916553497,0.24469999969005585,0.322299987077713,0.003800000064074993,0.40939998626708984,0.10540000349283218,0.02239999920129776,0.6753000020980835
YNL101W,Lysosome/Vacuole,Signal peptide|Transmembrane domain,Transmembrane,0.09790000319480896,0.0640999972820282,0.018300000578165054,0.2831000089645386,0.20239999890327454,0.007899999618530273,0.448199987411499,0.8439000248908997,0.48829999566078186,0.011599999852478504,0.09629999846220016,0.9887999892234802,0.03620000183582306,0.09059999883174896
YNL104C,Cytoplasm,Peroxisomal targeting signal,Soluble,0.6351000070571899,0.17990000545978546,0.0868000015616417,0.09350000321865082,0.4700999855995178,0.12060000002384186,0.17350000143051147,0.22529999911785126,0.14839999377727509,0.09799999743700027,0.5654000043869019,0.041099999099969864,0.04969999939203262,0.7416999936103821
YNL106C,Cytoplasm,Nuclear export signal,Peripheral|Soluble,0.7864999771118164,0.2678999900817871,0.07729999721050262,0.1160999983549118,0.1290999948978424,0.005100000184029341,0.09929999709129333,0.2612999975681305,0.4099000096321106,0.08370000123977661,0.7095000147819519,0.05130000039935112,0.03849999979138374,0.6571999788284302
YNL117W,Peroxisome,Peroxisomal targeting signal,Soluble,0.40220001339912415,0.3111000061035156,0.13449999690055847,0.10530000180006027,0.3305000066757202,0.042399998754262924,0.13379999995231628,0.06419999897480011,0.01759999990463257,0.7369999885559082,0.5723000168800354,0.028999999165534973,0.0333000011742115,0.7875999808311462
YNL129W,Cytoplasm|Nucleus,Nuclear localization signal,Soluble,0.7207000255584717,0.5533000230789185,0.01730000041425228,0.02930000051856041,0.2526000142097473,0.002300000051036477,0.12800000607967377,0.07320000231266022,0.06889999657869339,0.0027000000700354576,0.28200000524520874,0.03579999879002571,0.04879999905824661,0.8511999845504761
YNL130C,Endoplasmic reticulum|Lysosome/Vacuole|Golgi apparatus,Transmembrane domain,Transmembrane,0.21690000593662262,0.08309999853372574,0.007000000216066837,0.22519999742507935,0.314300000667572,0.008200000040233135,0.7811999917030334,0.8166999816894531,0.6934999823570251,0.025800000876188278,0.08190000057220459,0.9866999983787537,0.016599999740719795,0.12330000102519989
YNL141W,Cytoplasm,Nuclear export signal,Soluble,0.6789000034332275,0.358599990606308,0.016300000250339508,0.19629999995231628,0.1941000074148178,0.026799999177455902,0.05990000069141388,0.4016999900341034,0.18449999392032623,0.005100000184029341,0.5679000020027161,0.029500000178813934,0.02810000069439411,0.7872999906539917
YNL142W,Cell membrane|Lysosome/Vacuole,Transmembrane domain,Transmembrane,0.08030000329017639,0.11710000038146973,0.019899999722838402,0.7706999778747559,0.10140000283718109,0.006099999882280827,0.29919999837875366,0.6132000088691711,0.31619998812675476,0.0008999999845400453,0.01600000075995922,0.9941999912261963,0.04650000110268593,0.1624000072479248
YNL169C,Mitochondrion,Mitochondrial transit peptide,Transmembrane,0.11580000072717667,0.18050000071525574,0.03539999946951866,0.04050000011920929,0.9165999889373779,0.11749999970197678,0.23270000517368317,0.14669999480247498,0.358599990606308,0.1445000022649765,0.5613999962806702,0.9376999735832214,0.016300000250339508,0.09769999980926514
YNL191W,Cytoplasm|Nucleus,,Soluble,0.5098000168800354,0.5878000259399414,0.11949999630451202,0.12330000102519989,0.1899999976158142,0.008200000040233135,0.10159999877214432,0.24379999935626984,0.2637999951839447,0.051600001752376556,0.3991999924182892,0.10599999874830246,0.059300001710653305,0.6643000245094299
YNL192W,Cell membrane,Transmembrane domain,Transmembrane,0.14890000224113464,0.06859999895095825,0.029200000688433647,0.6866000294685364,0.08699999749660492,0.002899999963119626,0.5669000148773193,0.4219000041484833,0.4659000039100647,0.007400000002235174,0.07450000196695328,0.9922999739646912,0.021400000900030136,0.10300000011920929
YNL202W,Peroxisome,Peroxisomal targeting signal,Soluble,0.2556999921798706,0.3334999978542328,0.032600000500679016,0.01730000041425228,0.1632000058889389,0.11580000072717667,0.1404999941587448,0.038600001484155655,0.20469999313354492,0.9470000267028809,0.4781000018119812,0.03720000013709068,0.051899999380111694,0.8066999912261963
YNL219C,Endoplasmic reticulum,Signal peptide|Transmembrane domain,Transmembrane,0.11379999667406082,0.181099995970726,0.02969999983906746,0.11890000104904175,0.13199999928474426,0.00419999985024333,0.9100000262260437,0.09839999675750732,0.2345000058412552,0.0032999999821186066,0.10019999742507935,0.9672999978065491,0.009800000116229057,0.20389999449253082
YNL220W,Cytoplasm,,Soluble,0.8172000050544739,0.3172000050544739,0.2290000021457672,0.020500000566244125,0.2273000031709671,0.021800000220537186,0.07580000162124634,0.09920000284910202,0.14509999752044678,0.020400000736117363,0.3325999975204468,0.017899999395012856,0.045899998396635056,0.8755000233650208
YNL229C,Cytoplasm,,Soluble,0.7502999901771545,0.3449000120162964,0.02329999953508377,0.1476999968290329,0.4212999939918518,0.012199999764561653,0.1826000064611435,0.2190999984741211,0.26030001044273376,0.1859000027179718,0.5012000203132629,0.048500001430511475,0.03229999914765358,0.7239999771118164
YNL241C,Cytoplasm,,Soluble,0.7759000062942505,0.21860000491142273,0.059300001710653305,0.18389999866485596,0.3028999865055084,0.016699999570846558,0.31209999322891235,0.20640000700950623,0.13420000672340393,0.012199999764561653,0.45500001311302185,0.03620000183582306,0.057999998331069946,0.7620999813079834
YNL247W,Mitochondrion,Mitochondrial transit peptide,Soluble,0.40149998664855957,0.32679998874664307,0.05530000105500221,0.028300000354647636,0.6761999726295471,0.010700000450015068,0.10199999809265137,0.07429999858140945,0.04230000078678131,0.01850000023841858,0.5648000240325928,0.044599998742341995,0.05550000071525574,0.6729999780654907
YNL256W,Cytoplasm|Mitochondrion,,Soluble,0.4794999957084656,0.4300999939441681,0.019999999552965164,0.04010000079870224,0.8328999876976013,0.14589999616146088,0.03680000081658363,0.13600000739097595,0.09709999710321426,0.13670000433921814,0.5659000277519226,0.04170000180602074,0.05939999967813492,0.7401999831199646
YNL267W,Cytoplasm|Golgi apparatus,Nuclear export signal,Peripheral|Soluble,0.5825999975204468,0.24609999358654022,0.035599999129772186,0.20090000331401825,0.09749999642372131,0.059700001031160355,0.2628999948501587,0.3555000126361847,0.7584999799728394,0.06260000169277191,0.7031000256538391,0.04170000180602074,0.043299999088048935,0.6385999917984009
YNL268W,Cell membrane,Transmembrane domain,Transmembrane,0.14309999346733093,0.10440000146627426,0.020600000396370888,0.6858000159263611,0.1860000044107437,0.010400000028312206,0.37720000743865967,0.48190000653266907,0.5529000163078308,0.005499999970197678,0.03020000085234642,0.9965000152587891,0.0203000009059906,0.0949999988079071
YNL270C,Cell membrane,Transmembrane domain,Transmembrane,0.13689999282360077,0.10339999943971634,0.01269999984651804,0.5875999927520752,0.14300000667572021,0.010499999858438969,0.38989999890327454,0.45179998874664307,0.5756000280380249,0.004999999888241291,0.029600000008940697,0.9970999956130981,0.014700000174343586,0.09839999675750732
YNL274C,Cytoplasm,Peroxisomal targeting signal,Soluble,0.7831000089645386,0.3296000063419342,0.013199999928474426,0.1054999977350235,0.1054999977350235,0.07440000027418137,0.4212000072002411,0.13609999418258667,0.0908999964594841,0.629800021648407,0.3431999981403351,0.04749999940395355,0.028200000524520874,0.8278999924659729
YNL275W,Cell membrane,Transmembrane domain,Transmembrane,0.14730000495910645,0.18469999730587006,0.024399999529123306,0.45210000872612,0.06889999657869339,0.016100000590085983,0.24420000612735748,0.38019999861717224,0.43799999356269836,0.0020000000949949026,0.061900001019239426,0.992900013923645,0.03020000085234642,0.1225999966263771
YNL277W,Cytoplasm,,Soluble,0.5300999879837036,0.4970000088214874,0.42649999260902405,0.10920000076293945,0.2387000024318695,0.008799999952316284,0.12210000306367874,0.0737999975681305,0.09600000083446503,0.08129999786615372,0.4422000050544739,0.07530000060796738,0.03720000013709068,0.7139000296592712
YNL280C,Endoplasmic reticulum,Transmembrane domain,Transmembrane,0.10339999943971634,0.2257000058889389,0.0015999999595806003,0.1257999986410141,0.10899999737739563,0.038100000470876694,0.9451000094413757,0.23880000412464142,0.38429999351501465,0.0032999999821186066,0.08219999819993973,0.989799976348877,0.007799999788403511,0.11949999630451202
YNL292W,Nucleus,Nuclear localization signal,Soluble,0.26579999923706055,0.8690000176429749,0.037700001150369644,0.010499999858438969,0.4560999870300293,0.0010000000474974513,0.2522999942302704,0.010700000450015068,0.032499998807907104,0.008200000040233135,0.3151000142097473,0.022700000554323196,0.04089999943971634,0.8574000000953674
YNL316C,Cytoplasm,Nuclear localization signal|Nuclear export signal,Soluble,0.7562999725341797,0.525600016117096,0.00559999980032444,0.04780000075697899,0.4185999929904938,0.004999999888241291,0.1395999938249588,0.07580000162124634,0.05909999832510948,0.02199999988079071,0.42879998683929443,0.06400000303983688,0.05139999836683273,0.7400000095367432
YNL318C,Cell membrane,Transmembrane domain,Transmembrane,0.12549999356269836,0.18729999661445618,0.01889999955892563,0.5227000117301941,0.13330000638961792,0.00839999970048666,0.2551000118255615,0.5358999967575073,0.42719998955726624,0.007400000002235174,0.021800000220537186,0.9965999722480774,0.04270000010728836,0.10649999976158142
YNL325C,Cytoplasm|Lysosome/Vacuole,,Peripheral|Soluble,0.5705000162124634,0.37770000100135803,0.0340999998152256,0.11760000139474869,0.07980000227689743,0.0027000000700354576,0.12479999661445618,0.6492000222206116,0.41839998960494995,0.03539999946951866,0.7318000197410583,0.042399998754262924,0.0414000004529953,0.6657999753952026
YNL331C,Cytoplasm,,Soluble,0.7103999853134155,0.22089999914169312,0.08590000122785568,0.08940000087022781,0.16509999334812164,0.017999999225139618,0.17679999768733978,0.05849999934434891,0.24899999797344208,0.0215000007301569,0.5203999876976013,0.04490000009536743,0.020500000566244125,0.7576000094413757
YNL333W,Cytoplasm,,Peripheral|Soluble,0.8514999747276306,0.44350001215934753,0.1200999990105629,0.19220000505447388,0.149399995803833,0.07410000264644623,0.041099999099969864,0.11469999700784683,0.05299999937415123,0.013899999670684338,0.6773999929428101,0.0052999998442828655,0.0989999994635582,0.894599974155426
YNL334C,Cytoplasm|Nucleus,Nuclear localization signal,Soluble,0.7782999873161316,0.5440999865531921,0.01489999983459711,0.09229999780654907,0.47920000553131104,0.01600000075995922,0.1648000031709671,0.0957999974489212,0.21369999647140503,0.008899999782443047,0.4438000023365021,0.03999999910593033,0.06019999831914902,0.7882000207901001
YNL335W,Cytoplasm|Nucleus,Nuclear localization signal,Soluble,0.7505999803543091,0.5547000169754028,0.03970000147819519,0.0674000009894371,0.1031000018119812,0.10989999771118164,0.10289999842643738,0.1145000010728836,0.08529999852180481,0.006200000178068876,0.33980000019073486,0.09099999815225601,0.02280000038444996,0.7487999796867371
YNR001C,Mitochondrion,Mitochondrial transit peptide,Soluble,0.19949999451637268,0.08009999990463257,0.03720000013709068,0.049800001084804535,0.925000011920929,0.04560000076889992,0.04859999939799309,0.03680000081658363,0.0803999975323677,0.164000004529953,0.5958999991416931,0.09109999984502792,0.028300000354647636,0.6222000122070312
YNR008W,Endoplasmic reticulum,Signal peptide|Transmembrane domain,Transmembrane,0.13230000436306,0.2296999990940094,0.2515999972820282,0.17339999973773956,0.3001999855041504,0.11420000344514847,0.6832000017166138,0.4717000126838684,0.6110000014305115,0.02319999970495701,0.2199999988079071,0.9386000037193298,0.012900000438094139,0.20340000092983246
YNR012W,Cytoplasm|Nucleus,Nuclear localization signal|Nuclear export signal,Soluble,0.7480999827384949,0.6636000275611877,0.053300000727176666,0.05849999934434891,0.1339000016450882,0.01269999984651804,0.08340000361204147,0.06849999725818634,0.14650000631809235,0.0024999999441206455,0.5267999768257141,0.03620000183582306,0.06689999997615814,0.7746000289916992
YNR013C,Lysosome/Vacuole,Signal peptide|Transmembrane domain,Transmembrane,0.07989999651908875,0.28380000591278076,0.03240000084042549,0.4178999960422516,0.11379999667406082,0.0034000000450760126,0.5467000007629395,0.582099974155426,0.5008999705314636,0.011599999852478504,0.0348999984562397,0.9941999912261963,0.02070000022649765,0.12039999663829803
YNR016C,Cytoplasm,,Soluble,0.75,0.4848000109195709,0.02759999968111515,0.06729999929666519,0.47269999980926514,0.052400000393390656,0.13030000030994415,0.3142000138759613,0.12030000239610672,0.2948000133037567,0.5228000283241272,0.038100000470876694,0.04899999871850014,0.7921000123023987
YNR019W,Endoplasmic reticulum,Signal peptide|Transmembrane domain,Transmembrane,0.04600000008940697,0.12080000340938568,0.007799999788403511,0.13779999315738678,0.09920000284910202,0.18970000743865967,0.8235999941825867,0.09200000017881393,0.6150000095367432,0.015200000256299973,0.10170000046491623,0.9887999892234802,0.00559999980032444,0.12039999663829803
YNR027W,Cytoplasm|Nucleus,,Soluble,0.6980999708175659,0.7163000106811523,0.024399999529123306,0.027300000190734863,0.1307000070810318,0.007799999788403511,0.05829999968409538,0.13809999823570251,0.1737000048160553,0.1460999995470047,0.3741999864578247,0.036400001496076584,0.03550000116229057,0.8177000284194946
YNR030W,Endoplasmic reticulum,Signal peptide|Transmembrane domain,Transmembrane,0.13099999725818634,0.19900000095367432,0.02019999921321869,0.0982000008225441,0.19949999451637268,0.02810000069439411,0.9325000047683716,0.14010000228881836,0.37459999322891235,0.0010000000474974513,0.09759999811649323,0.9546999931335449,0.009800000116229057,0.23170000314712524
YNR033W,Cytoplasm|Nucleus,Nuclear localization signal|Nuclear export signal,Soluble,0.739300012588501,0.6177999973297119,0.013100000098347664,0.04280000180006027,0.44209998846054077,0.011699999682605267,0.14880000054836273,0.17800000309944153,0.2757999897003174,0.019600000232458115,0.43650001287460327,0.04349999874830246,0.04839999973773956,0.7739999890327454
YNR041C,Mitochondrion,Mitochondrial transit peptide,Transmembrane,0.07970000058412552,0.10279999673366547,0.01850000023841858,0.0803999975323677,0.9390000104904175,0.14730000495910645,0.08900000154972076,0.121799997985363,0.1446000039577484,0.00800000037997961,0.1324000060558319,0.9537000060081482,0.004399999976158142,0.1868000030517578
YNR043W,Cytoplasm,Peroxisomal targeting signal,Soluble,0.7207000255584717,0.5023999810218811,0.01600000075995922,0.11389999836683273,0.3151000142097473,0.008500000461935997,0.3407000005245209,0.06809999793767929,0.09669999778270721,0.46950000524520874,0.36010000109672546,0.0333000011742115,0.0892999991774559,0.8206999897956848
YNR050C,Cytoplasm,,Soluble,0.6245999932289124,0.39660000801086426,0.09939999878406525,0.08990000188350677,0.16769999265670776,0.008799999952316284,0.0786999985575676,0.02459999918937683,0.04089999943971634,0.05249999836087227,0.4481000006198883,0.03350000083446503,0.0681999996304512,0.7735000252723694
YNR056C,Lysosome/Vacuole,Signal peptide|Transmembrane domain,Transmembrane,0.13770000636577606,0.1843000054359436,0.022199999541044235,0.3068000078201294,0.19820000231266022,0.009200000204145908,0.4124999940395355,0.6549999713897705,0.5318999886512756,0.009200000204145908,0.03229999914765358,0.9940999746322632,0.033900000154972076,0.15060000121593475
YNR057C,Cytoplasm|Nucleus,Nuclear export signal,Soluble,0.617900013923645,0.727400004863739,0.010700000450015068,0.04600000008940697,0.23119999468326569,0.009399999864399433,0.18799999356269836,0.29829999804496765,0.1906999945640564,0.004800000227987766,0.5972999930381775,0.06319999694824219,0.052400000393390656,0.7185999751091003
YNR058W,Cytoplasm,Nuclear localization signal,Soluble,0.7749999761581421,0.4593000113964081,0.05739999935030937,0.024000000208616257,0.6007000207901001,0.017999999225139618,0.07760000228881836,0.357699990272522,0.23280000686645508,0.031300000846385956,0.5152999758720398,0.03150000050663948,0.03799999877810478,0.7827000021934509
YNR060W,Cell membrane|Lysosome/Vacuole,Signal peptide|Transmembrane domain,Transmembrane,0.12250000238418579,0.1671999990940094,0.03849999979138374,0.5238000154495239,0.04989999905228615,0.0032999999821186066,0.5188000202178955,0.5800999999046326,0.4528000056743622,0.004999999888241291,0.06159999966621399,0.9887999892234802,0.0210999995470047,0.11140000075101852
YNR067C,Extracellular,Signal peptide,Soluble,0.22030000388622284,0.13519999384880066,0.8374999761581421,0.09489999711513519,0.06509999930858612,0.0038999998942017555,0.39750000834465027,0.23080000281333923,0.15119999647140503,0.02930000051856041,0.20839999616146088,0.0957999974489212,0.0892999991774559,0.7720000147819519
YNR072W,Cell membrane,Transmembrane domain,Transmembrane,0.1468999981880188,0.1388999968767166,0.09440000355243683,0.5710999965667725,0.1476999968290329,0.019200000911951065,0.23000000417232513,0.3977000117301941,0.41370001435279846,0.021700000390410423,0.014299999922513962,0.9962999820709229,0.027699999511241913,0.15790000557899475
YNR073C,Cytoplasm,,Soluble,0.7919999957084656,0.40220001339912415,0.04390000179409981,0.12189999967813492,0.545199990272522,0.00930000003427267,0.06849999725818634,0.12610000371932983,0.10369999706745148,0.005200000014156103,0.5264999866485596,0.0551999993622303,0.010700000450015068,0.7396000027656555
YOL011W,Extracellular,,Lipid anchor,0.1378999948501587,0.12489999830722809,0.8127999901771545,0.37599998712539673,0.07289999723434448,0.002199999988079071,0.3287000060081482,0.2142000049352646,0.27489998936653137,0.025299999862909317,0.2152000069618225,0.30820000171661377,0.9623000025749207,0.4562999904155731
YOL020W,Cell membrane,Transmembrane domain,Transmembrane,0.13089999556541443,0.13169999420642853,0.007199999876320362,0.6222000122070312,0.18170000612735748,0.00570000009611249,0.35670000314712524,0.5293999910354614,0.46399998664855957,0.0034000000450760126,0.04619999974966049,0.9918000102043152,0.027699999511241913,0.10760000348091125
YOL033W,Mitochondrion,Mitochondrial transit peptide,Peripheral|Soluble,0.18070000410079956,0.17589999735355377,0.019999999552965164,0.026200000196695328,0.9667999744415283,0.06520000100135803,0.06960000097751617,0.09860000014305115,0.08399999886751175,0.026399999856948853,0.6525999903678894,0.08009999990463257,0.03099999949336052,0.5737000107765198
YOL049W,Cytoplasm,,Soluble,0.6022999882698059,0.28870001435279846,0.05530000105500221,0.010200000368058681,0.2556000053882599,0.0013000000035390258,0.12160000205039978,0.5562000274658203,0.08709999918937683,0.14560000598430634,0.4390999972820282,0.03240000084042549,0.01640000008046627,0.7756999731063843
YOL052C,Cytoplasm,,Soluble,0.6348000168800354,0.36090001463890076,0.016599999740719795,0.05900000035762787,0.1949000060558319,0.0012000000569969416,0.29339998960494995,0.5297999978065491,0.2092999964952469,0.062300000339746475,0.4122999906539917,0.07109999656677246,0.02500000037252903,0.7591999769210815
YOL055C,Cytoplasm,Nuclear localization signal,Soluble,0.8841999769210815,0.4966999888420105,0.12129999697208405,0.06859999895095825,0.43299999833106995,0.02759999968111515,0.033900000154972076,0.34700000286102295,0.1785999983549118,0.007400000002235174,0.5349000096321106,0.02250000089406967,0.03909999877214432,0.8299999833106995
YOL058W,Cytoplasm,Nuclear localization signal,Soluble,0.7081000208854675,0.5236999988555908,0.028699999675154686,0.0778999999165535,0.13850000500679016,0.000699999975040555,0.04910000041127205,0.051100000739097595,0.07100000232458115,0.0005000000237487257,0.38440001010894775,0.023399999365210533,0.05460000038146973,0.8259999752044678
YOL059W,Mitochondrion,Mitochondrial transit peptide,Soluble,0.23000000417232513,0.23839999735355377,0.06109999865293503,0.10769999772310257,0.9290000200271606,0.07519999891519547,0.04019999876618385,0.061799999326467514,0.05990000069141388,0.09910000115633011,0.5931000113487244,0.10220000147819519,0.10360000282526016,0.5878999829292297
YOL061W,Cytoplasm,,Soluble,0.6394000053405762,0.4578000009059906,0.029899999499320984,0.05849999934434891,0.20170000195503235,0.005100000184029341,0.1396999955177307,0.07580000162124634,0.15629999339580536,0.0020000000949949026,0.5339999794960022,0.044599998742341995,0.07429999858140945,0.7014999985694885
YOL064C,Cytoplasm,,Soluble,0.8751000165939331,0.38109999895095825,0.058800000697374344,0.0364999994635582,0.35010001063346863,0.018200000748038292,0.05609999969601631,0.17329999804496765,0.14970000088214874,0.13760000467300415,0.3944000005722046,0.037300001829862595,0.047200001776218414,0.8133999705314636
YOL065C,Endoplasmic reticulum,Signal peptide|Transmembrane domain,Transmembrane,0.21879999339580536,0.3003999888896942,0.14800000190734863,0.15469999611377716,0.4034999907016754,0.013500000350177288,0.794700026512146,0.3889999985694885,0.5670999884605408,0.15629999339580536,0.34279999136924744,0.9408000111579895,0.12080000340938568,0.09759999811649323
YOL066C,Cytoplasm|Nucleus,Nuclear localization signal,Soluble,0.5440000295639038,0.6859999895095825,0.018400000408291817,0.008999999612569809,0.13379999995231628,0.01590000092983246,0.10859999805688858,0.03819999843835831,0.18479999899864197,0.04010000079870224,0.3418999910354614,0.05429999902844429,0.03099999949336052,0.7839999794960022
YOL068C,Cytoplasm|Nucleus,Nuclear localization signal,Soluble,0.5281999707221985,0.7958999872207642,0.031700000166893005,0.03920000046491623,0.3450999855995178,0.002300000051036477,0.08449999988079071,0.10909999907016754,0.043699998408555984,0.0052999998442828655,0.48809999227523804,0.15539999306201935,0.054999999701976776,0.6029000282287598
YOL077W-A,Mitochondrion,Mitochondrial transit peptide,Transmembrane,0.14959999918937683,0.17000000178813934,0.07680000364780426,0.07339999824762344,0.8791000247001648,0.11940000206232071,0.3027999997138977,0.19949999451637268,0.13740000128746033,0.04619999974966049,0.3792000114917755,0.9110999703407288,0.016899999231100082,0.1889999955892563
YOL086C,Cytoplasm,,Soluble,0.6866000294685364,0.38350000977516174,0.07490000128746033,0.07180000096559525,0.21729999780654907,0.056699998676776886,0.11159999668598175,0.10180000215768814,0.13230000436306,0.012000000104308128,0.4072999954223633,0.02370000071823597,0.0502999983727932,0.835099995136261
YOL092W,Lysosome/Vacuole,Transmembrane domain,Transmembrane,0.14180000126361847,0.13289999961853027,0.01119999960064888,0.11299999803304672,0.22059999406337738,0.0017999999690800905,0.42989999055862427,0.917900025844574,0.6039000153541565,0.2506999969482422,0.0778999999165535,0.9907000064849854,0.021900000050663948,0.10620000213384628
YOL096C,Mitochondrion,Mitochondrial transit peptide,Peripheral,0.16990000009536743,0.12080000340938568,0.0333000011742115,0.07989999651908875,0.9581000208854675,0.04439999908208847,0.03460000082850456,0.04399999976158142,0.07400000095367432,0.010900000110268593,0.6809999942779541,0.1379999965429306,0.037700001150369644,0.4641999900341034
YOL097C,Cytoplasm,,Soluble,0.7117000222206116,0.2305999994277954,0.08150000125169754,0.03629999980330467,0.17569999396800995,0.017500000074505806,0.23389999568462372,0.1370999962091446,0.38749998807907104,0.013799999840557575,0.4104999899864197,0.0210999995470047,0.05180000141263008,0.8269000053405762
YOL103W,Cell membrane,Transmembrane domain,Transmembrane,0.14180000126361847,0.16349999606609344,0.032099999487400055,0.689300000667572,0.20170000195503235,0.015200000256299973,0.18449999392032623,0.4934000074863434,0.3653999865055084,0.03530000150203705,0.02889999933540821,0.9940000176429749,0.05380000174045563,0.1145000010728836
YOL122C,Lysosome/Vacuole,Transmembrane domain,Transmembrane,0.17810000479221344,0.1534000039100647,0.03680000081658363,0.5027999877929688,0.18629999458789825,0.0034000000450760126,0.3691999912261963,0.7411999702453613,0.49709999561309814,0.025599999353289604,0.05169999971985817,0.9932000041007996,0.044199999421834946,0.10339999943971634
YOL126C,Cytoplasm|Nucleus,,Soluble,0.7182000279426575,0.6256999969482422,0.003700000001117587,0.10819999873638153,0.21410000324249268,0.000699999975040555,0.20000000298023224,0.17270000278949738,0.21050000190734863,0.11159999668598175,0.5259000062942505,0.032999999821186066,0.06129999831318855,0.754800021648407
YOL130W,Golgi apparatus,Transmembrane domain,Transmembrane,0.23019999265670776,0.15449999272823334,0.027300000190734863,0.38199999928474426,0.18199999630451202,0.023600000888109207,0.5856999754905701,0.31540000438690186,0.6326000094413757,0.030799999833106995,0.12690000236034393,0.989300012588501,0.0738999992609024,0.08089999854564667
YOL136C,Cytoplasm|Nucleus,Nuclear export signal,Soluble,0.6862999796867371,0.52920001745224,0.007799999788403511,0.06960000097751617,0.4383000135421753,0.0020000000949949026,0.26019999384880066,0.5493000149726868,0.20419999957084656,0.1339000016450882,0.5386999845504761,0.12039999663829803,0.03310000151395798,0.6306999921798706
YOL140W,Mitochondrion,Mitochondrial transit peptide,Peripheral|Soluble,0.17100000381469727,0.12470000237226486,0.04010000079870224,0.03099999949336052,0.9567999839782715,0.09650000184774399,0.03280000016093254,0.05400000140070915,0.01899999938905239,0.02250000089406967,0.7077999711036682,0.030700000002980232,0.034699998795986176,0.6401000022888184
YOL143C,Cytoplasm,Nuclear localization signal,Soluble,0.8416000008583069,0.4429999887943268,0.06449999660253525,0.2745000123977661,0.5828999876976013,0.028999999165534973,0.0722000002861023,0.08630000054836273,0.04479999840259552,0.001500000013038516,0.5831999778747559,0.009999999776482582,0.10670000314712524,0.8216000199317932
YOL151W,Cytoplasm,,Soluble,0.6621999740600586,0.3765999972820282,0.26190000772476196,0.07819999754428864,0.1370999962091446,0.005900000222027302,0.11249999701976776,0.13259999454021454,0.18729999661445618,0.16670000553131104,0.3573000133037567,0.023099999874830246,0.04340000078082085,0.8454999923706055
YOL152W,Cell membrane,Signal peptide|Transmembrane domain,Transmembrane,0.1136000007390976,0.2273000031709671,0.019600000232458115,0.4627000093460083,0.0917000025510788,0.002899999963119626,0.5295000076293945,0.4934000074863434,0.33559998869895935,0.009200000204145908,0.0786999985575676,0.9932000041007996,0.023000000044703484,0.09030000120401382
YOL156W,Cell membrane,Transmembrane domain,Transmembrane,0.10750000178813934,0.13699999451637268,0.0746999979019165,0.7002999782562256,0.16339999437332153,0.012299999594688416,0.2198999971151352,0.34880000352859497,0.40860000252723694,0.017500000074505806,0.017899999395012856,0.9948999881744385,0.02630000002682209,0.16120000183582306
YOL157C,Cytoplasm,Nuclear localization signal,Soluble,0.7943000197410583,0.4823000133037567,0.04309999942779541,0.07289999723434448,0.35670000314712524,0.04780000075697899,0.066600002348423,0.15060000121593475,0.06129999831318855,0.00559999980032444,0.3416999876499176,0.05009999871253967,0.020600000396370888,0.795199990272522
YOL165C,Cytoplasm,,Soluble,0.8532000184059143,0.43869999051094055,0.07370000332593918,0.1868000030517578,0.08820000290870667,0.09009999781847,0.14380000531673431,0.10530000180006027,0.06780000030994415,0.10679999738931656,0.3626999855041504,0.03590000048279762,0.021900000050663948,0.8621000051498413
YOR002W,Endoplasmic reticulum,Signal peptide|Transmembrane domain,Transmembrane,0.1111999973654747,0.23569999635219574,0.005100000184029341,0.11959999799728394,0.10790000110864639,0.006000000052154064,0.9472000002861023,0.13729999959468842,0.4327999949455261,0.014100000262260437,0.03849999979138374,0.9760000109672546,0.016899999231100082,0.2434999942779541
YOR011W,Cell membrane|Lysosome/Vacuole,Signal peptide|Transmembrane domain,Transmembrane,0.15960000455379486,0.1412999927997589,0.03819999843835831,0.6085000038146973,0.12770000100135803,0.01600000075995922,0.5916000008583069,0.6308000087738037,0.3328999876976013,0.005499999970197678,0.07039999961853027,0.9932000041007996,0.0215000007301569,0.0778999999165535
YOR025W,Nucleus,Nuclear localization signal,Soluble,0.4219000041484833,0.9265000224113464,0.04100000113248825,0.026799999177455902,0.13169999420642853,0.00139999995008111,0.03739999979734421,0.06800000369548798,0.03480000048875809,0.007799999788403511,0.36579999327659607,0.06319999694824219,0.02449999935925007,0.7918000221252441
YOR040W,Mitochondrion,Mitochondrial transit peptide,Soluble,0.43849998712539673,0.46309998631477356,0.024299999698996544,0.017500000074505806,0.7641000151634216,0.01119999960064888,0.17499999701976776,0.04899999871850014,0.03269999846816063,0.02370000071823597,0.5694000124931335,0.04769999906420708,0.028599999845027924,0.6960999965667725
YOR054C,Cytoplasm,,Soluble,0.5839999914169312,0.36070001125335693,0.055399999022483826,0.14650000631809235,0.2443999946117401,0.0044999998062849045,0.31189998984336853,0.08749999850988388,0.210999995470047,0.10639999806880951,0.5817999839782715,0.05260000005364418,0.15360000729560852,0.7020000219345093
YOR065W,Mitochondrion,Mitochondrial transit peptide,Transmembrane,0.09969999641180038,0.07259999960660934,0.014700000174343586,0.12349999696016312,0.9039000272750854,0.02070000022649765,0.40299999713897705,0.11710000038146973,0.13850000500679016,0.02250000089406967,0.19779999554157257,0.9750999808311462,0.16120000183582306,0.07940000295639038
YOR067C,Endoplasmic reticulum,Signal peptide|Transmembrane domain,Transmembrane,0.09730000048875809,0.2287999987602234,0.00930000003427267,0.07620000094175339,0.09260000288486481,0.007300000172108412,0.9311000108718872,0.08889999985694885,0.4341999888420105,0.004800000227987766,0.05050000175833702,0.9751999974250793,0.014999999664723873,0.23019999265670776
YOR071C,Lysosome/Vacuole,Transmembrane domain,Transmembrane,0.1315000057220459,0.19089999794960022,0.02199999988079071,0.41519999504089355,0.19789999723434448,0.00419999985024333,0.2935999929904938,0.5277000069618225,0.3894999921321869,0.0034000000450760126,0.0357000008225441,0.9940999746322632,0.016300000250339508,0.1177000030875206
YOR074C,Cytoplasm|Nucleus,Nuclear localization signal,Soluble,0.5504000186920166,0.5896000266075134,0.09650000184774399,0.039500001817941666,0.23199999332427979,0.02879999950528145,0.029400000348687172,0.006399999838322401,0.03180000185966492,0.003800000064074993,0.46320000290870667,0.04540000110864639,0.03579999879002571,0.7376000285148621
YOR081C,Cytoplasm,,Peripheral,0.6198999881744385,0.3156000077724457,0.022600000724196434,0.20759999752044678,0.38040000200271606,0.016899999231100082,0.14990000426769257,0.2727000117301941,0.193900004029274,0.2012999951839447,0.7368000149726868,0.13940000534057617,0.03840000182390213,0.45210000872612
YOR095C,Cytoplasm,,Soluble,0.6694999933242798,0.3151000142097473,0.11620000004768372,0.11209999769926071,0.49559998512268066,0.1703999936580658,0.07880000025033951,0.07360000163316727,0.07989999651908875,0.028200000524520874,0.476500004529953,0.02969999983906746,0.08489999920129776,0.804099977016449
YOR099W,Golgi apparatus,Signal peptide|Transmembrane domain,Transmembrane,0.1347000002861023,0.09120000153779984,0.21729999780654907,0.1509999930858612,0.08669999986886978,0.01549999974668026,0.4948999881744385,0.41200000047683716,0.925000011920929,0.019500000402331352,0.12870000302791595,0.9368000030517578,0.011500000022351742,0.2433999925851822
YOR100C,Mitochondrion,Mitochondrial transit peptide,Transmembrane,0.22220000624656677,0.1492999941110611,0.010599999688565731,0.11140000075101852,0.8762000203132629,0.023000000044703484,0.28850001096725464,0.13359999656677246,0.16689999401569366,0.20749999582767487,0.16380000114440918,0.9703999757766724,0.010999999940395355,0.12540000677108765
YOR108W,Mitochondrion,Mitochondrial transit peptide,Peripheral|Soluble,0.4059000015258789,0.22849999368190765,0.07620000094175339,0.09839999675750732,0.7430999875068665,0.40860000252723694,0.045899998396635056,0.08489999920129776,0.04989999905228615,0.04540000110864639,0.6614999771118164,0.044199999421834946,0.053599998354911804,0.6909000277519226
YOR109W,Cytoplasm,Nuclear export signal,Peripheral|Soluble,0.7605999708175659,0.32899999618530273,0.02710000053048134,0.0843999981880188,0.11309999972581863,0.0034000000450760126,0.12860000133514404,0.36390000581741333,0.36039999127388,0.03590000048279762,0.7146000266075134,0.05040000006556511,0.025599999353289604,0.6625999808311462
YOR120W,Cytoplasm,Nuclear localization signal,Soluble,0.7293999791145325,0.4794999957084656,0.022299999371170998,0.07490000128746033,0.14110000431537628,0.04129999876022339,0.15860000252723694,0.1906999945640564,0.06430000066757202,0.014299999922513962,0.29490000009536743,0.013899999670684338,0.04540000110864639,0.8823999762535095
YOR125C,Mitochondrion,Mitochondrial transit peptide,Peripheral,0.18549999594688416,0.07530000060796738,0.06769999861717224,0.06340000033378601,0.9514999985694885,0.11150000244379044,0.07720000296831131,0.05299999937415123,0.06019999831914902,0.0731000006198883,0.7788000106811523,0.42289999127388,0.0502999983727932,0.18330000340938568
