Protein_ID,Localizations,Signals,Membrane types,Cytoplasm,Nucleus,Extracellular,Cell membrane,Mitochondrion,Plastid,Endoplasmic reticulum,Lysosome/Vacuole,Golgi apparatus,Peroxisome,Peripheral,Transmembrane,Lipid anchor,Soluble
ENSG00000144057,Golgi apparatus,Signal peptide|Transmembrane domain,Transmembrane,0.16869999468326569,0.11710000038146973,0.3499000072479248,0.23029999434947968,0.11050000041723251,0.00419999985024333,0.3181000053882599,0.16459999978542328,0.8666999936103821,0.01860000006854534,0.18140000104904175,0.8629999756813049,0.3156999945640564,0.25049999356269836
ENSG00000144136,Cell membrane,Transmembrane domain,Transmembrane,0.17069999873638153,0.03539999946951866,0.028200000524520874,0.7268999814987183,0.18799999356269836,0.011500000022351742,0.5022000074386597,0.4699000120162964,0.4474000036716461,0.008899999782443047,0.062199998646974564,0.9905999898910522,0.11010000109672546,0.10270000249147415
ENSG00000144182,Mitochondrion,Mitochondrial transit peptide,Soluble,0.21400000154972076,0.16899999976158142,0.04600000008940697,0.05380000174045563,0.907800018787384,0.005799999926239252,0.0632999986410141,0.034299999475479126,0.08900000154972076,0.027899999171495438,0.4097000062465668,0.19300000369548798,0.03840000182390213,0.7928000092506409
ENSG00000144231,Nucleus,Nuclear localization signal|Nuclear export signal,Soluble,0.46219998598098755,0.7581999897956848,0.05480000004172325,0.14000000059604645,0.13079999387264252,0.006800000090152025,0.10220000147819519,0.1535000056028366,0.16329999268054962,0.012299999594688416,0.4616999924182892,0.03319999948143959,0.3278999924659729,0.7960000038146973
ENSG00000144278,Golgi apparatus,Signal peptide|Transmembrane domain,Transmembrane,0.17880000174045563,0.0494999997317791,0.4864000082015991,0.24390000104904175,0.12430000305175781,0.00930000003427267,0.4871000051498413,0.4198000133037567,0.9261999726295471,0.033900000154972076,0.13050000369548798,0.8618999719619751,0.3571999967098236,0.2867000102996826
ENSG00000144290,Cell membrane,Transmembrane domain,Transmembrane,0.19599999487400055,0.12229999899864197,0.03420000150799751,0.8888000249862671,0.1615000069141388,0.010999999940395355,0.385699987411499,0.47380000352859497,0.24529999494552612,0.008200000040233135,0.22689999639987946,0.9574999809265137,0.025800000876188278,0.15049999952316284
ENSG00000144357,Nucleus,Nuclear export signal,Soluble,0.4474000036716461,0.6237999796867371,0.02979999966919422,0.15240000188350677,0.16660000383853912,0.010700000450015068,0.37540000677108765,0.3977000117301941,0.34060001373291016,0.03909999877214432,0.40119999647140503,0.3538999855518341,0.05649999901652336,0.73089998960495
ENSG00000144362,Cytoplasm,Nuclear localization signal,Soluble,0.7491999864578247,0.4090000092983246,0.26750001311302185,0.20550000667572021,0.20180000364780426,0.005799999926239252,0.19030000269412994,0.22100000083446503,0.23090000450611115,0.09109999984502792,0.23919999599456787,0.2303999960422516,0.08219999819993973,0.8101999759674072
ENSG00000144583,Endoplasmic reticulum,Signal peptide|Transmembrane domain,Transmembrane,0.19280000030994415,0.16740000247955322,0.044599998742341995,0.5260000228881836,0.2635999917984009,0.03920000046491623,0.63919997215271,0.5421000123023987,0.53329998254776,0.009700000286102295,0.15060000121593475,0.9933000206947327,0.10939999669790268,0.08500000089406967
ENSG00000144591,Cytoplasm,,Soluble,0.7465999722480774,0.3955000042915344,0.1761000007390976,0.1298000067472458,0.1737000048160553,0.04170000180602074,0.3695000112056732,0.2159000039100647,0.4489000141620636,0.19900000095367432,0.47369998693466187,0.2004999965429306,0.3050999939441681,0.6740000247955322
ENSG00000144659,Mitochondrion,Mitochondrial transit peptide,Transmembrane,0.18140000104904175,0.15309999883174896,0.03840000182390213,0.16779999434947968,0.8334000110626221,0.049300000071525574,0.18440000712871552,0.30379998683929443,0.311599999666214,0.24940000474452972,0.12919999659061432,0.9573000073432922,0.10379999876022339,0.1607999950647354
ENSG00000144741,Mitochondrion,Mitochondrial transit peptide,Transmembrane,0.20520000159740448,0.121799997985363,0.10840000212192535,0.1607999950647354,0.8658000230789185,0.07739999890327454,0.15029999613761902,0.25189998745918274,0.2410999983549118,0.14409999549388885,0.18610000610351562,0.9689000248908997,0.1940000057220459,0.11550000309944153
ENSG00000144744,Nucleus,Nuclear localization signal,Soluble,0.27230000495910645,0.8658000230789185,0.16369999945163727,0.09390000253915787,0.34779998660087585,0.002300000051036477,0.11779999732971191,0.15629999339580536,0.08020000159740448,0.02199999988079071,0.3797000050544739,0.07639999687671661,0.382999986410141,0.8361999988555908
ENSG00000144843,Cytoplasm|Nucleus,Nuclear export signal,Soluble,0.7491000294685364,0.5382999777793884,0.18080000579357147,0.14309999346733093,0.4496000111103058,0.017100000753998756,0.1581999957561493,0.05009999871253967,0.2793999910354614,0.052799999713897705,0.2969000041484833,0.16099999845027924,0.2612000107765198,0.8615000247955322
ENSG00000144908,Cytoplasm,,Soluble,0.7675999999046326,0.25679999589920044,0.09440000355243683,0.21960000693798065,0.3077999949455261,0.0544000007212162,0.23749999701976776,0.16670000553131104,0.18060000240802765,0.14249999821186066,0.459199994802475,0.1720999926328659,0.17100000381469727,0.7282000184059143
ENSG00000145020,Mitochondrion,Mitochondrial transit peptide,Soluble,0.24300000071525574,0.11760000139474869,0.06499999761581421,0.09809999912977219,0.9186999797821045,0.0006000000284984708,0.058400001376867294,0.07010000199079514,0.07609999924898148,0.009999999776482582,0.5964999794960022,0.09989999979734421,0.12070000171661377,0.7871000170707703
ENSG00000145214,Cytoplasm,Nuclear export signal,Peripheral|Soluble,0.7210000157356262,0.3546000123023987,0.056299999356269836,0.5221999883651733,0.17720000445842743,0.013000000268220901,0.3919000029563904,0.4178999960422516,0.3107999861240387,0.05790000036358833,0.7361000180244446,0.08269999921321869,0.17479999363422394,0.7910000085830688
ENSG00000145217,Cell membrane,Transmembrane domain,Transmembrane,0.15000000596046448,0.08669999986886978,0.04529999941587448,0.70169997215271,0.15489999949932098,0.0026000000070780516,0.36910000443458557,0.5386999845504761,0.4081999957561493,0.0348999984562397,0.2467000037431717,0.9609000086784363,0.14630000293254852,0.15620000660419464
ENSG00000145283,Cell membrane,Transmembrane domain,Transmembrane,0.11079999804496765,0.08070000261068344,0.016300000250339508,0.8729000091552734,0.2451999932527542,0.008200000040233135,0.41179999709129333,0.3723999857902527,0.1695999950170517,0.025200000032782555,0.048500001430511475,0.9923999905586243,0.289000004529953,0.09030000120401382
ENSG00000145284,Endoplasmic reticulum,Transmembrane domain,Transmembrane,0.09430000185966492,0.10369999706745148,0.006099999882280827,0.2702000141143799,0.43220001459121704,0.007600000128149986,0.8863000273704529,0.07419999688863754,0.3181000053882599,0.08030000329017639,0.15880000591278076,0.8822000026702881,0.10239999741315842,0.3077000081539154
ENSG00000145293,Cytoplasm,,Soluble,0.7864000201225281,0.483599990606308,0.12330000102519989,0.1784999966621399,0.2955000102519989,0.013899999670684338,0.1282999962568283,0.047200001776218414,0.07530000060796738,0.0869000032544136,0.24320000410079956,0.14730000495910645,0.1671999990940094,0.7840999960899353
ENSG00000145321,Extracellular,Signal peptide,Soluble,0.11810000240802765,0.125900000333786,0.7814000248908997,0.09279999881982803,0.06030000001192093,0.0008999999845400453,0.1251000016927719,0.3488999903202057,0.08569999784231186,0.0024999999441206455,0.4309000074863434,0.04580000042915344,0.1216999962925911,0.9172000288963318
ENSG00000145337,Mitochondrion,Mitochondrial transit peptide,Peripheral|Soluble,0.15199999511241913,0.1712000072002411,0.052400000393390656,0.08969999849796295,0.9757000207901001,0.002300000051036477,0.02539999969303608,0.05400000140070915,0.10499999672174454,0.027899999171495438,0.7057999968528748,0.05959999933838844,0.16060000658035278,0.7534000277519226
ENSG00000145384,Cytoplasm,Nuclear localization signal,Soluble,0.828499972820282,0.3716999888420105,0.43869999051094055,0.27079999446868896,0.3714999854564667,0.18649999797344208,0.16580000519752502,0.08429999649524689,0.4458000063896179,0.05609999969601631,0.37950000166893005,0.06809999793767929,0.06400000303983688,0.826200008392334
ENSG00000145391,Cytoplasm|Nucleus,Nuclear localization signal|Nuclear export signal,Soluble,0.6571000218391418,0.6589999794960022,0.056299999356269836,0.2971000075340271,0.15479999780654907,0.02810000069439411,0.131400004029274,0.06769999861717224,0.06480000168085098,0.01679999940097332,0.35519999265670776,0.07829999923706055,0.19939999282360077,0.8810999989509583
ENSG00000145416,Cell membrane|Endoplasmic reticulum|Lysosome/Vacuole,Signal peptide|Transmembrane domain,Transmembrane,0.1459999978542328,0.12309999763965607,0.023600000888109207,0.5740000009536743,0.2240000069141388,0.05490000173449516,0.6122999787330627,0.6618000268936157,0.5809000134468079,0.01510000042617321,0.09239999949932098,0.9926999807357788,0.058400001376867294,0.09030000120401382
ENSG00000145439,Cytoplasm|Mitochondrion,,Peripheral|Soluble,0.6180999875068665,0.2614000141620636,0.06539999693632126,0.14990000426769257,0.6775000095367432,0.030700000002980232,0.2863999903202057,0.2987000048160553,0.20399999618530273,0.22310000658035278,0.6547999978065491,0.1648000031709671,0.23000000417232513,0.5266000032424927
ENSG00000145476,Endoplasmic reticulum,Signal peptide,Peripheral|Transmembrane,0.12960000336170197,0.10869999974966049,0.13109999895095825,0.1949000060558319,0.3440000116825104,0.049300000071525574,0.777400016784668,0.17389999330043793,0.11720000207424164,0.10130000114440918,0.7366999983787537,0.6470000147819519,0.30149999260902405,0.32710000872612
ENSG00000145494,Mitochondrion,Mitochondrial transit peptide,Soluble,0.1509000062942505,0.08460000157356262,0.05339999869465828,0.07429999858140945,0.9684000015258789,0.002400000113993883,0.06689999997615814,0.05389999970793724,0.09290000051259995,0.0038999998942017555,0.47920000553131104,0.07419999688863754,0.06620000302791595,0.6050000190734863
ENSG00000145495,Endoplasmic reticulum,Signal peptide|Transmembrane domain,Transmembrane,0.12160000205039978,0.2434999942779541,0.00989999994635582,0.5238000154495239,0.27880001068115234,0.008100000210106373,0.897599995136261,0.4932999908924103,0.6355000138282776,0.007899999618530273,0.21649999916553497,0.9939000010490417,0.01899999938905239,0.07750000059604645
ENSG00000145545,Endoplasmic reticulum,Transmembrane domain,Transmembrane,0.13809999823570251,0.10909999907016754,0.03280000016093254,0.2964000105857849,0.18940000236034393,0.08460000157356262,0.8241000175476074,0.3603000044822693,0.3806000053882599,0.017999999225139618,0.14740000665187836,0.9699000120162964,0.028300000354647636,0.1347000002861023
ENSG00000145626,Endoplasmic reticulum,Signal peptide|Transmembrane domain,Transmembrane,0.18230000138282776,0.06319999694824219,0.05990000069141388,0.2863999903202057,0.08529999852180481,0.013700000010430813,0.89410001039505,0.4027999937534332,0.4090000092983246,0.05959999933838844,0.3402000069618225,0.9071999788284302,0.1987999975681305,0.18639999628067017
ENSG00000145675,Cytoplasm|Lysosome/Vacuole,Nuclear localization signal,Peripheral|Soluble,0.7002999782562256,0.36079999804496765,0.06469999998807907,0.4803999960422516,0.05909999832510948,0.004999999888241291,0.20090000331401825,0.5946000218391418,0.34389999508857727,0.0017000000225380063,0.7452999949455261,0.020400000736117363,0.2556999921798706,0.8525000214576721
ENSG00000145692,Cytoplasm,,Soluble,0.7815999984741211,0.28999999165534973,0.05559999868273735,0.23739999532699585,0.420199990272522,0.03200000151991844,0.18809999525547028,0.15880000591278076,0.13950000703334808,0.13449999690055847,0.5706999897956848,0.05719999969005585,0.2142000049352646,0.8173999786376953
ENSG00000145725,Cytoplasm,Nuclear export signal,Soluble,0.6884999871253967,0.3700000047683716,0.03269999846816063,0.4462999999523163,0.1981000006198883,0.015599999576807022,0.2062000036239624,0.3253999948501587,0.22699999809265137,0.01510000042617321,0.5027999877929688,0.0940999984741211,0.16459999978542328,0.8169000148773193
ENSG00000145730,Cell membrane|Lysosome/Vacuole,Signal peptide|Transmembrane domain,Transmembrane,0.19789999723434448,0.1298999935388565,0.17000000178813934,0.6873000264167786,0.039000000804662704,0.028599999845027924,0.4426000118255615,0.6047999858856201,0.5260999798774719,0.07450000196695328,0.11949999630451202,0.8981000185012817,0.3741999864578247,0.2870999872684479
ENSG00000145949,Cytoplasm|Nucleus,Nuclear localization signal|Nuclear export signal,Soluble,0.7210999727249146,0.5569999814033508,0.06300000101327896,0.1931000053882599,0.2712000012397766,0.020099999383091927,0.1290999948978424,0.11240000277757645,0.17440000176429749,0.03240000084042549,0.4560000002384186,0.044199999421834946,0.5333999991416931,0.8507999777793884
ENSG00000146039,Cell membrane,Transmembrane domain,Transmembrane,0.11760000139474869,0.10329999774694443,0.0625,0.7448999881744385,0.10930000245571136,0.002400000113993883,0.26570001244544983,0.3003000020980835,0.21729999780654907,0.05779999867081642,0.05130000039935112,0.9733999967575073,0.2087000012397766,0.2037000060081482
ENSG00000146066,Mitochondrion,Transmembrane domain,Transmembrane,0.046799998730421066,0.07569999992847443,0.0568000003695488,0.26919999718666077,0.8324999809265137,0.1559000015258789,0.017799999564886093,0.19939999282360077,0.04610000178217888,0.13600000739097595,0.2175000011920929,0.9878000020980835,0.05620000138878822,0.05909999832510948
ENSG00000146070,Endoplasmic reticulum|Lysosome/Vacuole|Golgi apparatus,Signal peptide,Peripheral|Transmembrane,0.4715999960899353,0.2502000033855438,0.47839999198913574,0.3109000027179718,0.4169999957084656,0.09130000323057175,0.8112999796867371,0.6344000101089478,0.6542999744415283,0.01209999993443489,0.7397000193595886,0.6980999708175659,0.6003999710083008,0.3118000030517578
ENSG00000146085,Mitochondrion,Mitochondrial transit peptide,Soluble,0.21649999916553497,0.15539999306201935,0.01730000041425228,0.11389999836683273,0.8924999833106995,0.01549999974668026,0.06669999659061432,0.06939999759197235,0.0406000018119812,0.19599999487400055,0.5716999769210815,0.09109999984502792,0.11940000206232071,0.8116000294685364
ENSG00000146151,Cytoplasm|Mitochondrion,Mitochondrial transit peptide,Soluble,0.5031999945640564,0.13529999554157257,0.15139999985694885,0.07069999724626541,0.8621000051498413,0.02370000071823597,0.34860000014305115,0.07029999792575836,0.20839999616146088,0.23680000007152557,0.5178999900817871,0.09740000218153,0.41589999198913574,0.7479000091552734
ENSG00000146233,Endoplasmic reticulum,Signal peptide|Transmembrane domain,Peripheral|Transmembrane,0.1501999944448471,0.10989999771118164,0.0649000033736229,0.14669999480247498,0.27469998598098755,0.02239999920129776,0.8769000172615051,0.09929999709129333,0.14079999923706055,0.04879999905824661,0.8097000122070312,0.6060000061988831,0.2395000010728836,0.2646999955177307
ENSG00000146373,Cell membrane,Transmembrane domain,Transmembrane,0.33739998936653137,0.3240000009536743,0.09709999710321426,0.5432000160217285,0.46889999508857727,0.04560000076889992,0.5536999702453613,0.4357999861240387,0.5242999792098999,0.006000000052154064,0.4729999899864197,0.9528999924659729,0.41110000014305115,0.10239999741315842
ENSG00000146411,Cell membrane,Transmembrane domain,Transmembrane,0.1670999974012375,0.10689999908208847,0.0494999997317791,0.7696999907493591,0.17409999668598175,0.009100000374019146,0.21660000085830688,0.5598999857902527,0.39010000228881836,0.1225999966263771,0.12389999628067017,0.9731000065803528,0.2888999879360199,0.13680000603199005
ENSG00000146414,Nucleus,Nuclear localization signal,Soluble,0.1704999953508377,0.9491000175476074,0.01080000028014183,0.04360000044107437,0.09260000288486481,0.03370000049471855,0.02759999968111515,0.06350000202655792,0.03180000185966492,0.005900000222027302,0.19550000131130219,0.1274999976158142,0.12380000203847885,0.8876000046730042
ENSG00000146477,Cell membrane,Transmembrane domain,Transmembrane,0.1460999995470047,0.06310000270605087,0.04430000111460686,0.8317999839782715,0.08820000290870667,0.005100000184029341,0.15379999577999115,0.421999990940094,0.2630999982357025,0.31450000405311584,0.16410000622272491,0.9609000086784363,0.3630000054836273,0.12129999697208405
ENSG00000146587,Nucleus,Nuclear localization signal,Soluble,0.24079999327659607,0.7045000195503235,0.03669999912381172,0.210999995470047,0.033799998462200165,0.030500000342726707,0.06390000134706497,0.06759999692440033,0.025100000202655792,0.006800000090152025,0.11569999903440475,0.13570000231266022,0.20900000631809235,0.8962000012397766
ENSG00000146701,Mitochondrion,Mitochondrial transit peptide,Peripheral|Soluble,0.23240000009536743,0.07249999791383743,0.023600000888109207,0.18440000712871552,0.9054999947547913,0.016899999231100082,0.049300000071525574,0.04619999974966049,0.04500000178813934,0.04960000142455101,0.6894999742507935,0.08529999852180481,0.2802000045776367,0.6926000118255615
ENSG00000146733,Cytoplasm,,Soluble,0.6919999718666077,0.4000999927520752,0.10599999874830246,0.28529998660087585,0.32910001277923584,0.0031999999191612005,0.10170000046491623,0.17579999566078186,0.09560000151395798,0.06620000302791595,0.4375,0.13120000064373016,0.3725000023841858,0.7432000041007996
ENSG00000147003,Cell membrane|Lysosome/Vacuole,Signal peptide|Transmembrane domain,Transmembrane,0.21649999916553497,0.09910000115633011,0.16040000319480896,0.8537999987602234,0.019700000062584877,0.0035000001080334187,0.17229999601840973,0.6518999934196472,0.30799999833106995,0.05739999935030937,0.042399998754262924,0.9848999977111816,0.4551999866962433,0.12919999659061432
ENSG00000147100,Cell membrane,Signal peptide|Transmembrane domain,Transmembrane,0.1429000049829483,0.045899998396635056,0.04690000042319298,0.7829999923706055,0.1517000049352646,0.004999999888241291,0.3271999955177307,0.5425999760627747,0.6115999817848206,0.1599999964237213,0.0957999974489212,0.9848999977111816,0.22269999980926514,0.1274999976158142
ENSG00000147119,Golgi apparatus,Signal peptide|Transmembrane domain,Transmembrane,0.23960000276565552,0.08699999749660492,0.35989999771118164,0.23980000615119934,0.10700000077486038,0.005900000222027302,0.39989998936653137,0.17839999496936798,0.8709999918937683,0.041099999099969864,0.27059999108314514,0.7705000042915344,0.3021000027656555,0.423799991607666
ENSG00000147123,Mitochondrion,Mitochondrial transit peptide,Transmembrane,0.16140000522136688,0.14959999918937683,0.02329999953508377,0.03449999913573265,0.9138000011444092,0.007699999958276749,0.19429999589920044,0.038600001484155655,0.11180000007152557,0.01810000091791153,0.08649999648332596,0.9847999811172485,0.05990000069141388,0.14880000054836273
ENSG00000147155,Endoplasmic reticulum,Signal peptide,Transmembrane,0.21860000491142273,0.17399999499320984,0.03779999911785126,0.1354999989271164,0.07360000163316727,0.03660000115633011,0.9226999878883362,0.2973000109195709,0.2160000056028366,0.02810000069439411,0.06530000269412994,0.9955999851226807,0.030300000682473183,0.08500000089406967
ENSG00000147160,Endoplasmic reticulum,Transmembrane domain,Transmembrane,0.14790000021457672,0.11969999969005585,0.0203000009059906,0.12559999525547028,0.2207999974489212,0.04529999941587448,0.8727999925613403,0.11550000309944153,0.17409999668598175,0.010200000368058681,0.5385000109672546,0.8639000058174133,0.13490000367164612,0.26739999651908875
ENSG00000147224,Cytoplasm,Nuclear export signal,Soluble,0.7555000185966492,0.4666000008583069,0.06599999964237213,0.22779999673366547,0.17499999701976776,0.01769999973475933,0.2273000031709671,0.13089999556541443,0.1858000010251999,0.025200000032782555,0.4918999969959259,0.053700000047683716,0.5116999745368958,0.7404000163078308
ENSG00000147383,Cytoplasm|Endoplasmic reticulum,,Transmembrane,0.5929999947547913,0.17679999768733978,0.03500000014901161,0.2540000081062317,0.48420000076293945,0.025499999523162842,0.6740000247955322,0.46470001339912415,0.64410001039505,0.025299999862909317,0.5952000021934509,0.5734999775886536,0.18809999525547028,0.3555999994277954
ENSG00000147408,Golgi apparatus,Signal peptide|Transmembrane domain,Transmembrane,0.13989999890327454,0.1428000032901764,0.19589999318122864,0.24079999327659607,0.057100001722574234,0.003700000001117587,0.5449000000953674,0.2257000058889389,0.909600019454956,0.0414000004529953,0.296999990940094,0.8705999851226807,0.23360000550746918,0.262800008058548
ENSG00000147416,Cytoplasm,,Peripheral|Soluble,0.4278999865055084,0.3167000114917755,0.04500000178813934,0.3319999873638153,0.49140000343322754,0.009499999694526196,0.14110000431537628,0.32659998536109924,0.1387999951839447,0.12330000102519989,0.6891999840736389,0.05000000074505806,0.23090000450611115,0.7050999999046326
ENSG00000147454,Mitochondrion,Mitochondrial transit peptide,Transmembrane,0.09539999812841415,0.2021999955177307,0.10000000149011612,0.1331000030040741,0.8366000056266785,0.04320000112056732,0.15790000557899475,0.1850000023841858,0.21969999372959137,0.12759999930858612,0.19679999351501465,0.9300000071525574,0.12330000102519989,0.15029999613761902
ENSG00000147465,Mitochondrion,Mitochondrial transit peptide,Soluble,0.3325999975204468,0.1103999987244606,0.16179999709129333,0.1932000070810318,0.8734999895095825,0.05999999865889549,0.07010000199079514,0.061900001019239426,0.20350000262260437,0.12240000069141388,0.5181999802589417,0.059300001710653305,0.23270000517368317,0.8140000104904175
ENSG00000147535,Cell membrane|Endoplasmic reticulum,Signal peptide|Transmembrane domain,Transmembrane,0.051600001752376556,0.030500000342726707,0.06800000369548798,0.5968000292778015,0.14319999516010284,0.04360000044107437,0.7340999841690063,0.3100999891757965,0.4302000105381012,0.02459999918937683,0.0729999989271164,0.9907000064849854,0.13650000095367432,0.10750000178813934
ENSG00000147548,Nucleus,Nuclear localization signal,Soluble,0.20630000531673431,0.9714999794960022,0.0357000008225441,0.09019999951124191,0.042500000447034836,0.023600000888109207,0.03060000017285347,0.017899999395012856,0.01640000008046627,0.00139999995008111,0.2493000030517578,0.061799999326467514,0.06629999727010727,0.9168999791145325
ENSG00000147576,Mitochondrion,Mitochondrial transit peptide,Peripheral|Soluble,0.3765000104904175,0.17069999873638153,0.1005999967455864,0.2842000126838684,0.8209999799728394,0.0012000000569969416,0.06840000301599503,0.16459999978542328,0.19859999418258667,0.11540000140666962,0.6984999775886536,0.07410000264644623,0.19220000505447388,0.7763000130653381
ENSG00000147606,Cell membrane,Transmembrane domain,Transmembrane,0.12790000438690186,0.07109999656677246,0.028300000354647636,0.6832000017166138,0.12770000100135803,0.006899999920278788,0.37779998779296875,0.49140000343322754,0.362199991941452,0.01730000041425228,0.18569999933242798,0.9666000008583069,0.08190000057220459,0.1453000009059906
ENSG00000147614,Cytoplasm,Nuclear export signal,Peripheral|Soluble,0.7400000095367432,0.24379999935626984,0.15710000693798065,0.19750000536441803,0.18559999763965607,0.03500000014901161,0.251800000667572,0.5695000290870667,0.44130000472068787,0.16179999709129333,0.739799976348877,0.08389999717473984,0.10429999977350235,0.6460000276565552
ENSG00000147647,Cytoplasm,,Soluble,0.7354999780654907,0.4496000111103058,0.0820000022649765,0.23849999904632568,0.16459999978542328,0.010499999858438969,0.17669999599456787,0.23729999363422394,0.14079999923706055,0.22750000655651093,0.3264000117778778,0.11630000174045563,0.2401999980211258,0.819100022315979
ENSG00000147669,Cytoplasm|Nucleus,Nuclear localization signal,Soluble,0.5537999868392944,0.7296000123023987,0.10199999809265137,0.13809999823570251,0.0551999993622303,0.010099999606609344,0.2321999967098236,0.1264999955892563,0.04690000042319298,0.0012000000569969416,0.42149999737739563,0.015399999916553497,0.1014999970793724,0.8377000093460083
ENSG00000147684,Mitochondrion,Mitochondrial transit peptide,Peripheral,0.23229999840259552,0.08169999718666077,0.014299999922513962,0.16110000014305115,0.9514999985694885,0.002300000051036477,0.07370000332593918,0.04010000079870224,0.045499999076128006,0.013799999840557575,0.8256000280380249,0.41119998693466187,0.0820000022649765,0.39660000801086426
ENSG00000147804,Cell membrane|Lysosome/Vacuole,Signal peptide|Transmembrane domain,Transmembrane,0.11379999667406082,0.07050000131130219,0.02239999920129776,0.758400022983551,0.08250000327825546,0.01140000019222498,0.3882000148296356,0.7150999903678894,0.44510000944137573,0.0658000037074089,0.11699999868869781,0.9650999903678894,0.09529999643564224,0.15080000460147858
ENSG00000147813,Cytoplasm,Nuclear export signal,Soluble,0.7246000170707703,0.4099999964237213,0.11379999667406082,0.27300000190734863,0.3779999911785126,0.001500000013038516,0.12680000066757202,0.2750000059604645,0.1469999998807907,0.04500000178813934,0.5501999855041504,0.12049999833106995,0.34549999237060547,0.8008999824523926
ENSG00000147853,Mitochondrion,Mitochondrial transit peptide,Peripheral|Soluble,0.24959999322891235,0.11710000038146973,0.023900000378489494,0.13210000097751617,0.8672000169754028,0.020800000056624413,0.05429999902844429,0.060499999672174454,0.03200000151991844,0.14309999346733093,0.718500018119812,0.02669999934732914,0.25380000472068787,0.7549999952316284
ENSG00000147854,Nucleus,Nuclear localization signal,Soluble,0.3723999857902527,0.8325999975204468,0.01600000075995922,0.05209999904036522,0.04360000044107437,0.014299999922513962,0.13830000162124634,0.0729999989271164,0.11110000312328339,0.0052999998442828655,0.2621999979019165,0.03189999982714653,0.11590000241994858,0.9139999747276306
ENSG00000147872,Cytoplasm,Nuclear export signal,Peripheral,0.6191999912261963,0.23280000686645508,0.14110000431537628,0.4814999997615814,0.45410001277923584,0.029500000178813934,0.46000000834465027,0.21250000596046448,0.4577000141143799,0.31709998846054077,0.7803000211715698,0.41690000891685486,0.532800018787384,0.43799999356269836
ENSG00000148057,Cytoplasm,Nuclear export signal,Soluble,0.7171000242233276,0.4970000088214874,0.11320000141859055,0.2648000121116638,0.3395000100135803,0.024700000882148743,0.23770000040531158,0.094200000166893,0.13439999520778656,0.30059999227523804,0.22660000622272491,0.2071000039577484,0.1039000004529953,0.8201000094413757
ENSG00000148090,Mitochondrion,Mitochondrial transit peptide,Peripheral|Soluble,0.2240999937057495,0.1290999948978424,0.09179999679327011,0.164900004863739,0.8277000188827515,0.0010999999940395355,0.10819999873638153,0.16979999840259552,0.1623000055551529,0.06449999660253525,0.6437000036239624,0.04089999943971634,0.4875999987125397,0.7652000188827515
ENSG00000148154,Endoplasmic reticulum,Signal peptide|Transmembrane domain,Transmembrane,0.18240000307559967,0.0851999968290329,0.20669999718666077,0.5001000165939331,0.12460000067949295,0.015300000086426735,0.5659999847412109,0.47189998626708984,0.5943999886512756,0.007400000002235174,0.36500000953674316,0.925599992275238,0.05640000104904175,0.1784999966621399
ENSG00000148218,Cytoplasm,,Soluble,0.8113999962806702,0.39809998869895935,0.051600001752376556,0.11749999970197678,0.49779999256134033,0.011099999770522118,0.2199999988079071,0.4049000144004822,0.18170000612735748,0.08349999785423279,0.45879998803138733,0.14869999885559082,0.1656000018119812,0.7800999879837036
ENSG00000148229,Nucleus,Nuclear localization signal,Soluble,0.29670000076293945,0.9305999875068665,0.06300000101327896,0.093299999833107,0.1696999967098236,0.02759999968111515,0.06350000202655792,0.09690000116825104,0.026499999687075615,0.0034000000450760126,0.14480000734329224,0.027000000700354576,0.2646999955177307,0.9193999767303467
ENSG00000148288,Golgi apparatus,Signal peptide|Transmembrane domain,Transmembrane,0.17389999330043793,0.10000000149011612,0.5340999960899353,0.13449999690055847,0.1477999985218048,0.005200000014156103,0.5339999794960022,0.40540000796318054,0.9277999997138977,0.0035000001080334187,0.31520000100135803,0.8960000276565552,0.22360000014305115,0.2700999975204468
ENSG00000148334,Mitochondrion,Mitochondrial transit peptide,Peripheral|Transmembrane,0.19380000233650208,0.13330000638961792,0.08349999785423279,0.1453000009059906,0.9240999817848206,0.0210999995470047,0.18140000104904175,0.06360000371932983,0.1242000013589859,0.08320000022649765,0.663100004196167,0.8052999973297119,0.08110000193119049,0.3197999894618988
ENSG00000148344,Endoplasmic reticulum,Transmembrane domain,Transmembrane,0.09059999883174896,0.062199998646974564,0.004000000189989805,0.4740000069141388,0.29980000853538513,0.016100000590085983,0.6144000291824341,0.19269999861717224,0.19470000267028809,0.14149999618530273,0.2922999858856201,0.9546999931335449,0.06769999861717224,0.12530000507831573
ENSG00000148356,Cytoplasm|Lysosome/Vacuole,Nuclear export signal,Peripheral|Soluble,0.7272999882698059,0.29899999499320984,0.08889999985694885,0.3953000009059906,0.15479999780654907,0.004399999976158142,0.28940001130104065,0.664900004863739,0.42879998683929443,0.03359999880194664,0.6972000002861023,0.051100000739097595,0.5911999940872192,0.7767000198364258
ENSG00000148377,Cytoplasm,Peroxisomal targeting signal,Soluble,0.7416999936103821,0.46209999918937683,0.120899997651577,0.050700001418590546,0.27730000019073486,0.014299999922513962,0.11150000244379044,0.1996999979019165,0.24770000576972961,0.6897000074386597,0.321399986743927,0.11729999631643295,0.16369999945163727,0.8105999827384949
ENSG00000148384,Cytoplasm,Nuclear export signal,Peripheral|Lipid anchor|Soluble,0.5755000114440918,0.23810000717639923,0.04100000113248825,0.5543000102043152,0.17270000278949738,0.028300000354647636,0.29280000925064087,0.4399999976158142,0.5979999899864197,0.03579999879002571,0.7031999826431274,0.09700000286102295,0.8277000188827515,0.5741999745368958
ENSG00000148459,Mitochondrion,Mitochondrial transit peptide,Soluble,0.2662000060081482,0.21449999511241913,0.04769999906420708,0.10249999910593033,0.9215999841690063,0.0012000000569969416,0.10719999670982361,0.10679999738931656,0.1543000042438507,0.16590000689029694,0.5572999715805054,0.10490000247955322,0.25220000743865967,0.7867000102996826
ENSG00000148606,Nucleus,Nuclear export signal,Soluble,0.36250001192092896,0.7307000160217285,0.039799999445676804,0.16539999842643738,0.18230000138282776,0.07859999686479568,0.11819999665021896,0.18619999289512634,0.10130000114440918,0.05260000005364418,0.4406000077724457,0.09510000050067902,0.1242000013589859,0.8123999834060669
ENSG00000148634,Cytoplasm,Nuclear export signal,Soluble,0.7075999975204468,0.42010000348091125,0.04619999974966049,0.21469999849796295,0.08869999647140503,0.05590000003576279,0.18790000677108765,0.31450000405311584,0.27459999918937683,0.05420000106096268,0.5040000081062317,0.06520000100135803,0.09929999709129333,0.8353000283241272
ENSG00000148672,Mitochondrion,Mitochondrial transit peptide,Soluble,0.19740000367164612,0.1454000025987625,0.06769999861717224,0.13429999351501465,0.9078999757766724,0.0010000000474974513,0.1754000037908554,0.1234000027179718,0.3124000132083893,0.15299999713897705,0.5856999754905701,0.12630000710487366,0.4242999851703644,0.6851000189781189
ENSG00000148795,Endoplasmic reticulum,Signal peptide|Transmembrane domain,Peripheral|Transmembrane,0.1386999934911728,0.09099999815225601,0.04259999841451645,0.1639000028371811,0.2897000014781952,0.01899999938905239,0.8449000120162964,0.15049999952316284,0.11230000108480453,0.026200000196695328,0.7998999953269958,0.5794000029563904,0.155799999833107,0.27480000257492065
ENSG00000148832,Nucleus,Peroxisomal targeting signal,Soluble,0.31040000915527344,0.34630000591278076,0.03539999946951866,0.06260000169277191,0.27630001306533813,0.0008999999845400453,0.1412999927997589,0.04309999942779541,0.07090000063180923,0.4796999990940094,0.5047000050544739,0.11060000211000443,0.4043000042438507,0.7803000211715698
ENSG00000148834,Cytoplasm,Nuclear export signal,Soluble,0.8309000134468079,0.3490000069141388,0.1339000016450882,0.1476999968290329,0.18310000002384186,0.045099999755620956,0.3206000030040741,0.16410000622272491,0.3093999922275543,0.18050000071525574,0.3407999873161316,0.08619999885559082,0.3075999915599823,0.7811999917030334
ENSG00000149016,Cytoplasm|Nucleus,Nuclear localization signal,Soluble,0.609499990940094,0.5896999835968018,0.05510000139474869,0.07020000368356705,0.19709999859333038,0.0044999998062849045,0.16410000622272491,0.13220000267028809,0.13830000162124634,0.02969999983906746,0.19900000095367432,0.16009999811649323,0.19050000607967377,0.8585000038146973
ENSG00000149084,Endoplasmic reticulum,Signal peptide,Peripheral|Transmembrane,0.22370000183582306,0.06970000267028809,0.164000004529953,0.3089999854564667,0.3806999921798706,0.10279999673366547,0.8364999890327454,0.24289999902248383,0.16200000047683716,0.04839999973773956,0.7871999740600586,0.9031999707221985,0.40869998931884766,0.11230000108480453
ENSG00000149089,Cytoplasm,Nuclear export signal|Peroxisomal targeting signal,Soluble,0.7889999747276306,0.37880000472068787,0.044599998742341995,0.2597000002861023,0.2549000084400177,0.035599999129772186,0.13580000400543213,0.11640000343322754,0.15690000355243683,0.226500004529953,0.33709999918937683,0.046300001442432404,0.38449999690055847,0.8269000053405762
ENSG00000149091,Cytoplasm|Cell membrane,Nuclear export signal,Peripheral|Soluble,0.680400013923645,0.34549999237060547,0.045899998396635056,0.61080002784729,0.21050000190734863,0.014100000262260437,0.21549999713897705,0.43389999866485596,0.27300000190734863,0.011900000274181366,0.7275000214576721,0.07069999724626541,0.3109999895095825,0.7742000222206116
ENSG00000149124,Cytoplasm,Nuclear export signal,Soluble,0.5665000081062317,0.3765000104904175,0.1817999929189682,0.24979999661445618,0.5060999989509583,0.010400000028312206,0.2791000008583069,0.2535000145435333,0.1834000051021576,0.0989999994635582,0.4156999886035919,0.18469999730587006,0.19200000166893005,0.7498999834060669
ENSG00000149150,Cell membrane,Signal peptide|Transmembrane domain,Transmembrane,0.12430000305175781,0.0575999990105629,0.07090000063180923,0.7300999760627747,0.14139999449253082,0.010499999858438969,0.4814000129699707,0.5254999995231628,0.5127999782562256,0.13439999520778656,0.06610000133514404,0.991599977016449,0.21209999918937683,0.1234000027179718
ENSG00000149313,Cytoplasm|Nucleus,,Soluble,0.722100019454956,0.5527999997138977,0.03629999980330467,0.06920000165700912,0.3650999963283539,0.014399999752640724,0.23739999532699585,0.041600000113248825,0.05490000173449516,0.038100000470876694,0.2870999872684479,0.0551999993622303,0.44850000739097595,0.8611000180244446
ENSG00000149380,Endoplasmic reticulum,Signal peptide,Soluble,0.20890000462532043,0.11900000274181366,0.526199996471405,0.2409999966621399,0.12970000505447388,0.00039999998989515007,0.5871999859809875,0.45570001006126404,0.49480000138282776,0.012600000016391277,0.34610000252723694,0.29899999499320984,0.1446000039577484,0.6841999888420105
ENSG00000149435,Cytoplasm|Extracellular,,Soluble,0.5619000196456909,0.15610000491142273,0.7307000160217285,0.2694000005722046,0.12890000641345978,0.12630000710487366,0.39329999685287476,0.19939999282360077,0.22120000422000885,0.21649999916553497,0.27390000224113464,0.06639999896287918,0.2425999939441681,0.761900007724762
ENSG00000149452,Cell membrane,Transmembrane domain,Transmembrane,0.16670000553131104,0.08720000088214874,0.052000001072883606,0.7994999885559082,0.18400000035762787,0.00989999994635582,0.1768999993801117,0.3815000057220459,0.30790001153945923,0.19280000030994415,0.12280000001192093,0.9562000036239624,0.1728000044822693,0.17489999532699585
ENSG00000149476,Cytoplasm,Nuclear export signal,Soluble,0.6958000063896179,0.4964999854564667,0.0722000002861023,0.24469999969005585,0.44699999690055847,0.01510000042617321,0.28870001435279846,0.2565000057220459,0.4828999936580658,0.35589998960494995,0.4997999966144562,0.11940000206232071,0.32269999384880066,0.7892000079154968
ENSG00000149485,Endoplasmic reticulum,Transmembrane domain,Transmembrane,0.1639000028371811,0.1160999983549118,0.007799999788403511,0.22779999673366547,0.4357999861240387,0.014100000262260437,0.8464000225067139,0.19200000166893005,0.5594000220298767,0.04399999976158142,0.3012999892234802,0.8672999739646912,0.07490000128746033,0.2732999920845032
ENSG00000149527,Cytoplasm|Cell membrane,Nuclear localization signal|Nuclear export signal,Peripheral|Soluble,0.6699000000953674,0.30640000104904175,0.07680000364780426,0.6690999865531921,0.1362999975681305,0.0203000009059906,0.30550000071525574,0.42719998955726624,0.3359000086784363,0.028200000524520874,0.6642000079154968,0.09319999814033508,0.18459999561309814,0.7548999786376953
ENSG00000149541,Golgi apparatus,Signal peptide|Transmembrane domain,Transmembrane,0.15379999577999115,0.1362999975681305,0.3280999958515167,0.19699999690055847,0.15279999375343323,0.006399999838322401,0.4672999978065491,0.16179999709129333,0.8680999875068665,0.025299999862909317,0.3684000074863434,0.6747000217437744,0.3467000126838684,0.42989999055862427
ENSG00000149742,Cell membrane,Transmembrane domain,Transmembrane,0.17749999463558197,0.07259999960660934,0.09080000221729279,0.8043000102043152,0.09059999883174896,0.00570000009611249,0.12470000237226486,0.18449999392032623,0.17069999873638153,0.06669999659061432,0.07909999787807465,0.9603000283241272,0.15060000121593475,0.20419999957084656
ENSG00000149782,Cytoplasm,Nuclear export signal,Peripheral|Soluble,0.7477999925613403,0.3488999903202057,0.05660000070929527,0.5277000069618225,0.2363000065088272,0.0066999997943639755,0.19380000233650208,0.46619999408721924,0.2563999891281128,0.03189999982714653,0.6585000157356262,0.06239999830722809,0.19740000367164612,0.8396000266075134
ENSG00000149809,Endoplasmic reticulum,Transmembrane domain,Transmembrane,0.1177000030875206,0.11980000138282776,0.014999999664723873,0.3758000135421753,0.21160000562667847,0.00570000009611249,0.8960999846458435,0.1745000034570694,0.49230000376701355,0.013899999670684338,0.21969999372959137,0.9793999791145325,0.04569999873638153,0.1120000034570694
ENSG00000149925,Cytoplasm,Nuclear export signal,Soluble,0.8094000220298767,0.24869999289512634,0.21690000593662262,0.48570001125335693,0.3709000051021576,0.02329999953508377,0.13120000064373016,0.15639999508857727,0.16439999639987946,0.06040000170469284,0.4943999946117401,0.018799999728798866,0.5062000155448914,0.8486999869346619
ENSG00000149929,Nucleus,Nuclear localization signal,Soluble,0.2476000040769577,0.9678000211715698,0.02250000089406967,0.02669999934732914,0.03999999910593033,0.003599999938160181,0.02459999918937683,0.014299999922513962,0.03420000150799751,0.004000000189989805,0.07069999724626541,0.029100000858306885,0.3555999994277954,0.9527000188827515
ENSG00000150540,Cytoplasm,Nuclear localization signal|Nuclear export signal,Soluble,0.7312999963760376,0.44679999351501465,0.24210000038146973,0.16120000183582306,0.23800000548362732,0.04170000180602074,0.1362999975681305,0.16349999606609344,0.15729999542236328,0.06989999860525131,0.3321000039577484,0.2134000062942505,0.12439999729394913,0.8353999853134155
ENSG00000150656,Endoplasmic reticulum|Lysosome/Vacuole,Signal peptide,Soluble,0.2483000010251999,0.13750000298023224,0.5235999822616577,0.20059999823570251,0.14259999990463257,0.0017000000225380063,0.6147000193595886,0.7156999707221985,0.4733000099658966,0.017100000753998756,0.4657999873161316,0.3131999969482422,0.2371000051498413,0.6917999982833862
ENSG00000150712,Cytoplasm,Nuclear export signal,Peripheral|Soluble,0.7023000121116638,0.2777999937534332,0.03480000048875809,0.15600000321865082,0.1768999993801117,0.01679999940097332,0.3149999976158142,0.49309998750686646,0.40299999713897705,0.02630000002682209,0.6204000115394592,0.10419999808073044,0.12950000166893005,0.8030999898910522
ENSG00000150768,Mitochondrion,Mitochondrial transit peptide,Peripheral|Soluble,0.251800000667572,0.1550000011920929,0.03020000085234642,0.13379999995231628,0.835099995136261,0.0010999999940395355,0.19779999554157257,0.0729999989271164,0.17550000548362732,0.09470000118017197,0.7315999865531921,0.029600000008940697,0.17720000445842743,0.7940000295639038
ENSG00000150787,Cytoplasm,,Soluble,0.6381999850273132,0.45170000195503235,0.031599998474121094,0.1362999975681305,0.4219000041484833,0.006899999920278788,0.15320000052452087,0.24560000002384186,0.21789999306201935,0.1973000019788742,0.2651999890804291,0.07400000095367432,0.2079000025987625,0.8705000281333923
ENSG00000150867,Cytoplasm,Nuclear export signal,Soluble,0.6169999837875366,0.44190001487731934,0.03759999945759773,0.34599998593330383,0.10639999806880951,0.023800000548362732,0.2045000046491623,0.3167000114917755,0.3546999990940094,0.00839999970048666,0.5694000124931335,0.08669999986886978,0.1728000044822693,0.786899983882904
ENSG00000151005,Cytoplasm,,Soluble,0.7678999900817871,0.3425000011920929,0.038100000470876694,0.2410999983549118,0.16680000722408295,0.004600000102072954,0.33399999141693115,0.20419999957084656,0.20059999823570251,0.3619999885559082,0.3452000021934509,0.12380000203847885,0.17180000245571136,0.8184999823570251
ENSG00000151012,Cell membrane,Transmembrane domain,Transmembrane,0.1688999980688095,0.06449999660253525,0.0333000011742115,0.7135999798774719,0.17509999871253967,0.010200000368058681,0.3098999857902527,0.47110000252723694,0.426800012588501,0.02630000002682209,0.07599999755620956,0.9853000044822693,0.2062000036239624,0.08980000019073486
ENSG00000151092,Cytoplasm,Nuclear export signal,Soluble,0.7003999948501587,0.4927999973297119,0.13379999995231628,0.12020000070333481,0.2824000120162964,0.00800000037997961,0.27250000834465027,0.10180000215768814,0.16910000145435333,0.07900000363588333,0.37929999828338623,0.09019999951124191,0.15559999644756317,0.8805000185966492
ENSG00000151093,Mitochondrion,Mitochondrial transit peptide,Soluble,0.16760000586509705,0.14079999923706055,0.009200000204145908,0.03370000049471855,0.916100025177002,0.029999999329447746,0.026100000366568565,0.04690000042319298,0.03550000116229057,0.052000001072883606,0.35249999165534973,0.17810000479221344,0.07590000331401825,0.7688000202178955
ENSG00000151148,Cytoplasm,Nuclear export signal,Soluble,0.656499981880188,0.4237000048160553,0.03290000185370445,0.2272000014781952,0.14669999480247498,0.05169999971985817,0.20720000565052032,0.3939000070095062,0.30959999561309814,0.05460000038146973,0.47929999232292175,0.2345999926328659,0.21299999952316284,0.7458000183105469
ENSG00000151151,Cytoplasm|Nucleus,Nuclear export signal,Soluble,0.7124999761581421,0.5687000155448914,0.04670000076293945,0.17139999568462372,0.20010000467300415,0.004399999976158142,0.3158999979496002,0.18029999732971191,0.2117999941110611,0.01489999983459711,0.35920000076293945,0.08160000294446945,0.1680999994277954,0.8664000034332275
ENSG00000151224,Cytoplasm|Nucleus,Nuclear export signal,Soluble,0.8741000294685364,0.5210999846458435,0.023399999365210533,0.19779999554157257,0.2547999918460846,0.015200000256299973,0.14069999754428864,0.16509999334812164,0.14480000734329224,0.1256999969482422,0.2635999917984009,0.053599998354911804,0.3077999949455261,0.8651999831199646
ENSG00000151229,Cell membrane|Lysosome/Vacuole,Transmembrane domain,Transmembrane,0.18230000138282776,0.09920000284910202,0.048700001090765,0.8307999968528748,0.2004999965429306,0.01510000042617321,0.20739999413490295,0.6718999743461609,0.45829999446868896,0.05270000174641609,0.12380000203847885,0.9509999752044678,0.320499986410141,0.1492999941110611
ENSG00000151348,Golgi apparatus,Signal peptide|Transmembrane domain,Transmembrane,0.14650000631809235,0.11919999867677689,0.3192000091075897,0.17810000479221344,0.07819999754428864,0.030300000682473183,0.4934999942779541,0.26460000872612,0.9361000061035156,0.037700001150369644,0.24809999763965607,0.9085000157356262,0.21619999408721924,0.21870000660419464
ENSG00000151360,Cytoplasm,,Soluble,0.6104000210762024,0.3499000072479248,0.11089999973773956,0.1193000003695488,0.3465999960899353,0.0203000009059906,0.2087000012397766,0.08810000121593475,0.12720000743865967,0.16099999845027924,0.227400004863739,0.21400000154972076,0.10679999738931656,0.804099977016449
ENSG00000151366,Mitochondrion,Transmembrane domain,Transmembrane,0.17239999771118164,0.15809999406337738,0.04659999907016754,0.02930000051856041,0.8217999935150146,0.03280000016093254,0.05290000140666962,0.08820000290870667,0.04650000110268593,0.03220000118017197,0.149399995803833,0.9858999848365784,0.04780000075697899,0.08560000360012054
ENSG00000151376,Mitochondrion,Mitochondrial transit peptide,Peripheral|Soluble,0.30140000581741333,0.15929999947547913,0.032999999821186066,0.18770000338554382,0.6913999915122986,0.000699999975040555,0.12219999730587006,0.20000000298023224,0.10540000349283218,0.022099999710917473,0.7206000089645386,0.07930000126361847,0.33160001039505005,0.7531999945640564
ENSG00000151418,Cytoplasm,Nuclear export signal,Peripheral,0.6118999719619751,0.19910000264644623,0.05139999836683273,0.41339999437332153,0.31859999895095825,0.002899999963119626,0.265500009059906,0.35830000042915344,0.2712000012397766,0.011300000362098217,0.8554999828338623,0.029600000008940697,0.5819000005722046,0.47699999809265137
ENSG00000151498,Mitochondrion,Mitochondrial transit peptide,Peripheral|Soluble,0.14169999957084656,0.11240000277757645,0.024299999698996544,0.11240000277757645,0.8931999802589417,0.0003000000142492354,0.14249999821186066,0.12080000340938568,0.10849999636411667,0.031300000846385956,0.6401000022888184,0.16590000689029694,0.1868000030517578,0.6855999827384949
ENSG00000151552,Cytoplasm,,Soluble,0.6620000004768372,0.32100000977516174,0.3984000086784363,0.16380000114440918,0.38089999556541443,0.0031999999191612005,0.11089999973773956,0.3147999942302704,0.14499999582767487,0.06400000303983688,0.4666000008583069,0.17190000414848328,0.2531999945640564,0.6665999889373779
ENSG00000151576,Cytoplasm,Nuclear localization signal,Soluble,0.6417999863624573,0.4708999991416931,0.05079999938607216,0.09679999947547913,0.25110000371932983,0.01860000006854534,0.17990000545978546,0.05990000069141388,0.06199999898672104,0.0027000000700354576,0.20100000500679016,0.23440000414848328,0.12269999831914902,0.8406999707221985
ENSG00000151611,Mitochondrion,Mitochondrial transit peptide,Soluble,0.15080000460147858,0.15960000455379486,0.03480000048875809,0.05090000107884407,0.9327999949455261,0.008100000210106373,0.08810000121593475,0.0348999984562397,0.10320000350475311,0.020600000396370888,0.4916999936103821,0.17409999668598175,0.16930000483989716,0.788100004196167
ENSG00000151632,Cytoplasm,,Soluble,0.8163999915122986,0.3131999969482422,0.14509999752044678,0.13279999792575836,0.3582000136375427,0.1251000016927719,0.16500000655651093,0.2556999921798706,0.07199999690055847,0.07509999722242355,0.2678999900817871,0.0478999987244606,0.12129999697208405,0.8398000001907349
ENSG00000151665,Endoplasmic reticulum,,Transmembrane,0.20080000162124634,0.2833999991416931,0.030899999663233757,0.06679999828338623,0.23639999330043793,0.021800000220537186,0.879800021648407,0.3125,0.30869999527931213,0.03590000048279762,0.07649999856948853,0.9941999912261963,0.03500000014901161,0.11029999703168869
ENSG00000151689,Cytoplasm,Nuclear export signal,Soluble,0.725600004196167,0.4925999939441681,0.1151999980211258,0.18400000035762787,0.30399999022483826,0.01080000028014183,0.17090000212192535,0.07729999721050262,0.2167000025510788,0.02160000056028366,0.37290000915527344,0.13109999895095825,0.2578999996185303,0.8310999870300293
ENSG00000151692,Cell membrane,Transmembrane domain,Transmembrane,0.3521000146865845,0.2619999945163727,0.04320000112056732,0.5307999849319458,0.44029998779296875,0.01850000023841858,0.5149000287055969,0.3603000044822693,0.47699999809265137,0.010099999606609344,0.3495999872684479,0.9282000064849854,0.4684999883174896,0.11710000038146973
ENSG00000151726,Mitochondrion|Endoplasmic reticulum,Peroxisomal targeting signal,Transmembrane,0.28999999165534973,0.1023000031709671,0.12929999828338623,0.30000001192092896,0.6965000033378601,0.3562000095844269,0.7465000152587891,0.1859000027179718,0.18850000202655792,0.4562999904155731,0.5526000261306763,0.8514000177383423,0.6517000198364258,0.25999999046325684
ENSG00000151729,Mitochondrion,Transmembrane domain,Transmembrane,0.20659999549388885,0.09929999709129333,0.07169999927282333,0.41850000619888306,0.8313000202178955,0.04410000145435333,0.17990000545978546,0.11010000109672546,0.2029000073671341,0.16769999265670776,0.16869999468326569,0.9052000045776367,0.0917000025510788,0.1956000030040741
ENSG00000151790,Cytoplasm,,Soluble,0.6574000120162964,0.32249999046325684,0.03790000081062317,0.11209999769926071,0.4657999873161316,0.017899999395012856,0.26170000433921814,0.21559999883174896,0.16750000417232513,0.0738999992609024,0.5238999724388123,0.10209999978542328,0.4339999854564667,0.6929000020027161
ENSG00000151883,Cytoplasm,Nuclear export signal,Soluble,0.6520000100135803,0.4383000135421753,0.0502999983727932,0.22040000557899475,0.2888000011444092,0.0471000000834465,0.3750999867916107,0.2621000111103058,0.37119999527931213,0.026599999517202377,0.3492000102996826,0.1446000039577484,0.2718999981880188,0.8118000030517578
ENSG00000152127,Golgi apparatus,Signal peptide|Transmembrane domain,Transmembrane,0.16689999401569366,0.15600000321865082,0.2092999964952469,0.18860000371932983,0.03959999978542328,0.013899999670684338,0.599399983882904,0.2937000095844269,0.9391000270843506,0.04600000008940697,0.42969998717308044,0.854200005531311,0.35269999504089355,0.2752000093460083
ENSG00000152234,Mitochondrion,Mitochondrial transit peptide,Peripheral|Soluble,0.07880000025033951,0.0925000011920929,0.028200000524520874,0.14169999957084656,0.8863999843597412,0.029500000178813934,0.054999999701976776,0.04749999940395355,0.15129999816417694,0.05180000141263008,0.7085999846458435,0.050700001418590546,0.25540000200271606,0.7221999764442444
ENSG00000152254,Endoplasmic reticulum,Signal peptide|Transmembrane domain,Transmembrane,0.08420000225305557,0.09369999915361404,0.025599999353289604,0.23759999871253967,0.2337000072002411,0.019600000232458115,0.8924999833106995,0.32350000739097595,0.4415000081062317,0.019700000062584877,0.056699998676776886,0.9918000102043152,0.08370000123977661,0.13429999351501465
ENSG00000152256,Mitochondrion,Mitochondrial transit peptide,Peripheral|Soluble,0.3091000020503998,0.22120000422000885,0.030700000002980232,0.1200999990105629,0.9211999773979187,0.0007999999797903001,0.07609999924898148,0.07190000265836716,0.11129999905824661,0.050599999725818634,0.626800000667572,0.0778999999165535,0.3149000108242035,0.6769000291824341
ENSG00000152270,Cell membrane,Transmembrane domain,Transmembrane,0.3215999901294708,0.2987000048160553,0.032499998807907104,0.6481000185012817,0.19200000166893005,0.027400000020861626,0.5875999927520752,0.26669999957084656,0.3849000036716461,0.17710000276565552,0.3303999900817871,0.9779999852180481,0.2800000011920929,0.15449999272823334
ENSG00000152402,Cytoplasm,,Peripheral|Soluble,0.663100004196167,0.23919999599456787,0.04670000076293945,0.5091999769210815,0.18129999935626984,0.008999999612569809,0.273499995470047,0.3483999967575073,0.3327000141143799,0.156700000166893,0.6122000217437744,0.12219999730587006,0.5156999826431274,0.7738000154495239
ENSG00000152455,Cytoplasm|Nucleus,Nuclear localization signal,Soluble,0.48899999260902405,0.8154000043869019,0.032499998807907104,0.12200000137090683,0.1446000039577484,0.021299999207258224,0.0689999982714653,0.03150000050663948,0.034299999475479126,0.003000000026077032,0.2508000135421753,0.048500001430511475,0.09470000118017197,0.906499981880188
ENSG00000152463,Cytoplasm,,Soluble,0.6585999727249146,0.46970000863075256,0.08969999849796295,0.0778999999165535,0.1873999983072281,0.002199999988079071,0.09889999777078629,0.2168000042438507,0.08299999684095383,0.008799999952316284,0.37229999899864197,0.0754999965429306,0.10819999873638153,0.8888999819755554
ENSG00000152465,Cytoplasm,Nuclear localization signal,Soluble,0.7710000276565552,0.4941999912261963,0.03959999978542328,0.09480000287294388,0.13740000128746033,0.016899999231100082,0.3089999854564667,0.1379999965429306,0.2402999997138977,0.03180000185966492,0.39809998869895935,0.11100000143051147,0.23649999499320984,0.8003000020980835
ENSG00000152484,Cytoplasm,,Peripheral|Soluble,0.6000999808311462,0.48089998960494995,0.12530000507831573,0.35409998893737793,0.2190999984741211,0.00570000009611249,0.23389999568462372,0.28630000352859497,0.3578000068664551,0.010200000368058681,0.6237999796867371,0.07649999856948853,0.39259999990463257,0.7818999886512756
ENSG00000152556,Cytoplasm,Nuclear export signal,Soluble,0.7567999958992004,0.226500004529953,0.05510000139474869,0.3513000011444092,0.22599999606609344,0.08940000087022781,0.23899999260902405,0.5045999884605408,0.16449999809265137,0.218299999833107,0.4699000120162964,0.09920000284910202,0.24539999663829803,0.8019000291824341
ENSG00000152620,Mitochondrion,Mitochondrial transit peptide,Soluble,0.373199999332428,0.23489999771118164,0.04529999941587448,0.07500000298023224,0.8949000239372253,0.0020000000949949026,0.06379999965429306,0.08070000261068344,0.14069999754428864,0.07109999656677246,0.38510000705718994,0.16169999539852142,0.23549999296665192,0.7928000092506409
ENSG00000152642,Cytoplasm,Nuclear export signal,Soluble,0.8427000045776367,0.2973000109195709,0.05550000071525574,0.18970000743865967,0.42590001225471497,0.005400000140070915,0.2362000048160553,0.26190000772476196,0.30070000886917114,0.10930000245571136,0.4950999915599823,0.08049999922513962,0.43160000443458557,0.7910000085830688
ENSG00000152683,Golgi apparatus,Transmembrane domain,Transmembrane,0.1282999962568283,0.2558000087738037,0.008799999952316284,0.4713999927043915,0.0869000032544136,0.010300000198185444,0.48069998621940613,0.5763000249862671,0.7663999795913696,0.028200000524520874,0.11959999799728394,0.978600025177002,0.2313999980688095,0.1282999962568283
ENSG00000152779,Cell membrane,Signal peptide|Transmembrane domain,Transmembrane,0.16179999709129333,0.06120000034570694,0.07970000058412552,0.7174999713897705,0.15440000593662262,0.004699999932199717,0.30869999527931213,0.43130001425743103,0.4528999924659729,0.08320000022649765,0.13079999387264252,0.9872000217437744,0.2743000090122223,0.10270000249147415
ENSG00000152782,Cytoplasm|Nucleus,Nuclear export signal,Soluble,0.6319000124931335,0.5716000199317932,0.05079999938607216,0.22310000658035278,0.2996000051498413,0.014600000344216824,0.24609999358654022,0.17489999532699585,0.25929999351501465,0.09459999948740005,0.5616000294685364,0.15029999613761902,0.439300000667572,0.7856000065803528
ENSG00000152904,Cytoplasm|Nucleus,Nuclear export signal,Soluble,0.6517000198364258,0.5406000018119812,0.0348999984562397,0.16859999299049377,0.3587999939918518,0.009100000374019146,0.22310000658035278,0.17479999363422394,0.07400000095367432,0.0812000036239624,0.35929998755455017,0.08209999650716782,0.3695000112056732,0.8021000027656555
ENSG00000152952,Extracellular|Endoplasmic reticulum,Signal peptide,Soluble,0.19930000603199005,0.10189999639987946,0.6258999705314636,0.24549999833106995,0.07199999690055847,0.00989999994635582,0.6401000022888184,0.30640000104904175,0.40529999136924744,0.007400000002235174,0.44110000133514404,0.20270000398159027,0.15629999339580536,0.677299976348877
ENSG00000153015,Nucleus,Nuclear localization signal,Soluble,0.10279999673366547,0.9192000031471252,0.060600001364946365,0.03830000013113022,0.022099999710917473,0.007000000216066837,0.02979999966919422,0.0478999987244606,0.07649999856948853,0.004800000227987766,0.23199999332427979,0.052299998700618744,0.06069999933242798,0.8781999945640564
ENSG00000153086,Cytoplasm,Peroxisomal targeting signal,Soluble,0.7778000235557556,0.17059999704360962,0.11010000109672546,0.2484000027179718,0.28119999170303345,0.020999999716877937,0.20469999313354492,0.15379999577999115,0.22859999537467957,0.4018999934196472,0.5590999722480774,0.1404999941587448,0.14630000293254852,0.7529000043869019
ENSG00000153201,Nucleus,Nuclear export signal,Soluble,0.4410000145435333,0.699999988079071,0.05090000107884407,0.33239999413490295,0.1340000033378601,0.010599999688565731,0.14339999854564667,0.19629999995231628,0.1023000031709671,0.05009999871253967,0.42899999022483826,0.09780000150203705,0.06390000134706497,0.8564000129699707
ENSG00000153207,Nucleus,Nuclear localization signal,Soluble,0.295199990272522,0.8953999876976013,0.03229999914765358,0.08380000293254852,0.053599998354911804,0.04039999842643738,0.04129999876022339,0.0608999989926815,0.05909999832510948,0.03669999912381172,0.5257999897003174,0.16619999706745148,0.1648000031709671,0.7817000150680542
ENSG00000153291,Mitochondrion,Transmembrane domain|Mitochondrial transit peptide,Transmembrane,0.1421000063419342,0.10740000009536743,0.05990000069141388,0.23489999771118164,0.8759999871253967,0.037700001150369644,0.19339999556541443,0.29409998655319214,0.31360000371932983,0.20640000700950623,0.21330000460147858,0.8744000196456909,0.10419999808073044,0.19820000231266022
ENSG00000153395,Endoplasmic reticulum,Transmembrane domain,Transmembrane,0.243599995970726,0.20239999890327454,0.050999999046325684,0.492900013923645,0.27469998598098755,0.02500000037252903,0.7868000268936157,0.18019999563694,0.34360000491142273,0.05950000137090683,0.3634999990463257,0.911899983882904,0.38440001010894775,0.2632000148296356
ENSG00000153574,Cytoplasm|Mitochondrion,Mitochondrial transit peptide,Soluble,0.5167999863624573,0.26570001244544983,0.19850000739097595,0.15479999780654907,0.8522999882698059,0.01360000018030405,0.08980000019073486,0.12120000272989273,0.1996999979019165,0.11410000175237656,0.3625999987125397,0.08009999990463257,0.3271999955177307,0.7906000018119812
ENSG00000153786,Endoplasmic reticulum|Golgi apparatus,Signal peptide|Transmembrane domain,Transmembrane,0.19769999384880066,0.07349999994039536,0.025299999862909317,0.3425999879837036,0.08669999986886978,0.0052999998442828655,0.6223999857902527,0.5339999794960022,0.7903000116348267,0.003000000026077032,0.10599999874830246,0.9793999791145325,0.06710000336170197,0.10999999940395355
ENSG00000153827,Nucleus,Nuclear localization signal|Nuclear export signal,Soluble,0.33550000190734863,0.8755000233650208,0.009800000116229057,0.2078000009059906,0.07850000262260437,0.039000000804662704,0.19040000438690186,0.09889999777078629,0.1168999969959259,0.04439999908208847,0.49939998984336853,0.09160000085830688,0.11150000244379044,0.784500002861023
ENSG00000153904,Cytoplasm,,Soluble,0.7009000182151794,0.3617999851703644,0.05909999832510948,0.15770000219345093,0.5383999943733215,0.004100000020116568,0.22990000247955322,0.09520000219345093,0.10930000245571136,0.07490000128746033,0.46230000257492065,0.11249999701976776,0.2215999960899353,0.7968999743461609
ENSG00000153933,Endoplasmic reticulum,Signal peptide|Transmembrane domain,Peripheral|Transmembrane,0.3450999855995178,0.1860000044107437,0.08739999681711197,0.43059998750686646,0.16529999673366547,0.0697999969124794,0.8097000122070312,0.1965000033378601,0.34060001373291016,0.05700000002980232,0.6693999767303467,0.7591000199317932,0.23680000007152557,0.3587999939918518
ENSG00000153936,Golgi apparatus,Signal peptide|Transmembrane domain,Transmembrane,0.10809999704360962,0.09880000352859497,0.511900007724762,0.23229999840259552,0.10790000110864639,0.01940000057220459,0.2102999985218048,0.2295999974012375,0.890999972820282,0.009399999864399433,0.29820001125335693,0.6711000204086304,0.20810000598430634,0.46299999952316284
ENSG00000153976,Golgi apparatus,Signal peptide|Transmembrane domain,Transmembrane,0.1551000028848648,0.08139999955892563,0.3359000086784363,0.2599000036716461,0.07680000364780426,0.0052999998442828655,0.4041999876499176,0.18780000507831573,0.9139000177383423,0.031099999323487282,0.12439999729394913,0.9466000199317932,0.6011000275611877,0.20110000669956207
ENSG00000154025,Cell membrane,Transmembrane domain,Transmembrane,0.131400004029274,0.025100000202655792,0.05660000070929527,0.7677000164985657,0.14749999344348907,0.023000000044703484,0.3249000012874603,0.4296000003814697,0.21199999749660492,0.007000000216066837,0.06319999694824219,0.989799976348877,0.16459999978542328,0.10920000076293945
ENSG00000154027,Cytoplasm,Nuclear export signal,Soluble,0.8208000063896179,0.2370000034570694,0.04600000008940697,0.37229999899864197,0.10719999670982361,0.009800000116229057,0.20720000565052032,0.5307000279426575,0.2989000082015991,0.048700001090765,0.3693000078201294,0.07599999755620956,0.6019999980926514,0.8007000088691711
ENSG00000154080,Golgi apparatus,Signal peptide|Transmembrane domain,Transmembrane,0.12630000710487366,0.0885000005364418,0.47510001063346863,0.24150000512599945,0.06750000268220901,0.0052999998442828655,0.44530001282691956,0.16290000081062317,0.8687999844551086,0.011599999852478504,0.2362000048160553,0.9332000017166138,0.1251000016927719,0.24690000712871552
ENSG00000154227,Endoplasmic reticulum,Signal peptide|Transmembrane domain,Transmembrane,0.07569999992847443,0.08299999684095383,0.00839999970048666,0.3158999979496002,0.18440000712871552,0.008999999612569809,0.6973999738693237,0.31459999084472656,0.5277000069618225,0.07270000129938126,0.10499999672174454,0.9947999715805054,0.03229999914765358,0.07509999722242355
ENSG00000154252,Golgi apparatus,Signal peptide|Transmembrane domain,Transmembrane,0.2184000015258789,0.08209999650716782,0.2854999899864197,0.2498999983072281,0.07580000162124634,0.00279999990016222,0.3905999958515167,0.35019999742507935,0.9039999842643738,0.019700000062584877,0.38850000500679016,0.7437999844551086,0.1889999955892563,0.3296000063419342
ENSG00000154269,Cell membrane,Signal peptide|Transmembrane domain,Transmembrane,0.26460000872612,0.13580000400543213,0.364300012588501,0.7871000170707703,0.06520000100135803,0.003800000064074993,0.15489999949932098,0.4320000112056732,0.3650999963283539,0.017100000753998756,0.272599995136261,0.85589998960495,0.2676999866962433,0.3684999942779541
ENSG00000154370,Cytoplasm,Nuclear export signal,Soluble,0.6751000285148621,0.4821000099182129,0.15710000693798065,0.22669999301433563,0.2442999929189682,0.0007999999797903001,0.1858000010251999,0.46700000762939453,0.20250000059604645,0.009499999694526196,0.5389999747276306,0.06920000165700912,0.36500000953674316,0.8022000193595886
ENSG00000154447,Cytoplasm,,Soluble,0.6894000172615051,0.3702999949455261,0.07689999788999557,0.32839998602867126,0.12449999898672104,0.009800000116229057,0.21230000257492065,0.3151000142097473,0.35839998722076416,0.039500001817941666,0.5509999990463257,0.021299999207258224,0.13680000603199005,0.8708000183105469
ENSG00000154518,Mitochondrion,Mitochondrial transit peptide,Transmembrane,0.07370000332593918,0.05050000175833702,0.04399999976158142,0.33880001306533813,0.8241999745368958,0.010700000450015068,0.10520000010728836,0.0771000012755394,0.13199999928474426,0.02590000070631504,0.4415000081062317,0.8924999833106995,0.08919999748468399,0.14959999918937683
ENSG00000154678,Cytoplasm,Nuclear export signal,Soluble,0.5803999900817871,0.36419999599456787,0.03779999911785126,0.4002000093460083,0.23839999735355377,0.013100000098347664,0.17710000276565552,0.2777000069618225,0.35690000653266907,0.19460000097751617,0.5450000166893005,0.156700000166893,0.3138999938964844,0.7605000138282776
ENSG00000154723,Mitochondrion,Mitochondrial transit peptide,Peripheral,0.10920000076293945,0.05090000107884407,0.028699999675154686,0.1501999944448471,0.9447000026702881,0.0010000000474974513,0.02889999933540821,0.03799999877810478,0.12880000472068787,0.017899999395012856,0.9047999978065491,0.042500000447034836,0.21119999885559082,0.454800009727478
ENSG00000154914,Cytoplasm,Nuclear localization signal|Nuclear export signal,Peripheral|Soluble,0.6274999976158142,0.3808000087738037,0.059300001710653305,0.5303999781608582,0.1655000001192093,0.013700000010430813,0.37400001287460327,0.4336000084877014,0.38440001010894775,0.08839999884366989,0.7186999917030334,0.12070000171661377,0.2994000017642975,0.7268999814987183
ENSG00000154930,Mitochondrion,Mitochondrial transit peptide,Soluble,0.27390000224113464,0.21080000698566437,0.039500001817941666,0.18379999697208405,0.890999972820282,0.0012000000569969416,0.12129999697208405,0.1599999964237213,0.12240000069141388,0.040699999779462814,0.48969998955726624,0.16850000619888306,0.19939999282360077,0.765500009059906
ENSG00000155016,Endoplasmic reticulum,Signal peptide|Transmembrane domain,Peripheral|Transmembrane,0.11749999970197678,0.08590000122785568,0.0478999987244606,0.2045000046491623,0.4099000096321106,0.013299999758601189,0.9086999893188477,0.1468999981880188,0.16820000112056732,0.2061000019311905,0.8291000127792358,0.6805999875068665,0.26600000262260437,0.20399999618530273
ENSG00000155085,Cytoplasm,Nuclear localization signal|Nuclear export signal,Soluble,0.8334000110626221,0.26910001039505005,0.05530000105500221,0.22089999914169312,0.22589999437332153,0.010499999858438969,0.15459999442100525,0.12639999389648438,0.21889999508857727,0.00860000029206276,0.4016999900341034,0.22699999809265137,0.16200000047683716,0.7827000021934509
ENSG00000155097,Cytoplasm|Lysosome/Vacuole,Nuclear export signal,Peripheral|Soluble,0.6775000095367432,0.20550000667572021,0.08129999786615372,0.21570000052452087,0.188400000333786,0.015699999406933784,0.2815999984741211,0.7706999778747559,0.5996000170707703,0.025100000202655792,0.7199000120162964,0.1006999984383583,0.44269999861717224,0.6244999766349792
ENSG00000155099,Lysosome/Vacuole,Transmembrane domain,Transmembrane,0.25459998846054077,0.2476000040769577,0.030500000342726707,0.46209999918937683,0.12470000237226486,0.01510000042617321,0.5938000082969666,0.6952999830245972,0.6310999989509583,0.020999999716877937,0.13220000267028809,0.9810000061988831,0.14489999413490295,0.09200000017881393
ENSG00000155189,Mitochondrion|Endoplasmic reticulum,Transmembrane domain|Mitochondrial transit peptide,Transmembrane,0.15199999511241913,0.19779999554157257,0.04749999940395355,0.16359999775886536,0.6747999787330627,0.09679999947547913,0.8299000263214111,0.15060000121593475,0.3292999863624573,0.053199999034404755,0.3774000108242035,0.9290000200271606,0.2542000114917755,0.16619999706745148
ENSG00000155252,Lysosome/Vacuole,Nuclear export signal,Peripheral|Lipid anchor,0.47530001401901245,0.2777000069618225,0.0949999988079071,0.4657999873161316,0.27799999713897705,0.01810000091791153,0.43959999084472656,0.6704000234603882,0.6323999762535095,0.03460000082850456,0.7436000108718872,0.11180000007152557,0.8568999767303467,0.46650001406669617
ENSG00000155287,Mitochondrion,,Transmembrane,0.11879999935626984,0.19760000705718994,0.11699999868869781,0.16210000216960907,0.7918999791145325,0.0215000007301569,0.13609999418258667,0.17000000178813934,0.19519999623298645,0.1071000024676323,0.17430000007152557,0.9387000203132629,0.22990000247955322,0.17489999532699585
ENSG00000155313,Cytoplasm,Nuclear export signal,Soluble,0.6717000007629395,0.49050000309944153,0.031199999153614044,0.21089999377727509,0.15839999914169312,0.008500000461935997,0.3465000092983246,0.44780001044273376,0.383899986743927,0.03959999978542328,0.5320000052452087,0.045899998396635056,0.24459999799728394,0.8888000249862671
ENSG00000155368,Cytoplasm,Nuclear export signal|Peroxisomal targeting signal,Soluble,0.8341000080108643,0.31310001015663147,0.10199999809265137,0.3253999948501587,0.45350000262260437,0.0835999995470047,0.3950999975204468,0.2615000009536743,0.4918999969959259,0.08709999918937683,0.4011000096797943,0.02239999920129776,0.11050000041723251,0.8616999983787537
ENSG00000155380,Cell membrane,Signal peptide|Transmembrane domain,Transmembrane,0.18880000710487366,0.05220000073313713,0.10029999911785126,0.7515000104904175,0.16979999840259552,0.008799999952316284,0.3379000127315521,0.44999998807907104,0.4675000011920929,0.08500000089406967,0.1071000024676323,0.982200026512146,0.1987999975681305,0.10019999742507935
ENSG00000155465,Cell membrane|Lysosome/Vacuole,Transmembrane domain,Transmembrane,0.1746000051498413,0.05640000104904175,0.03669999912381172,0.6933000087738037,0.15049999952316284,0.0066999997943639755,0.3840999901294708,0.6014000177383423,0.39169999957084656,0.026599999517202377,0.06880000233650208,0.98089998960495,0.27649998664855957,0.10279999673366547
ENSG00000155561,Cytoplasm|Nucleus,Nuclear export signal,Soluble,0.5115000009536743,0.511900007724762,0.02810000069439411,0.14000000059604645,0.08020000159740448,0.0210999995470047,0.26840001344680786,0.5806999802589417,0.2766999900341034,0.03840000182390213,0.4821000099182129,0.3513999879360199,0.17870000004768372,0.6834999918937683
ENSG00000155660,Endoplasmic reticulum,Signal peptide,Soluble,0.1784999966621399,0.13429999351501465,0.35670000314712524,0.22779999673366547,0.06469999998807907,0.007400000002235174,0.8938999772071838,0.4700999855995178,0.4603999853134155,0.1703999936580658,0.46630001068115234,0.043299999088048935,0.2777000069618225,0.8356999754905701
ENSG00000155827,Nucleus,Nuclear localization signal,Soluble,0.4677000045776367,0.7170000076293945,0.02810000069439411,0.12399999797344208,0.06289999932050705,0.005400000140070915,0.12389999628067017,0.20419999957084656,0.3190999925136566,0.0035000001080334187,0.5196999907493591,0.044599998742341995,0.22529999911785126,0.8679999709129333
ENSG00000155850,Cell membrane,Transmembrane domain,Transmembrane,0.1324000060558319,0.07450000196695328,0.032099999487400055,0.7583000063896179,0.1137000024318695,0.008500000461935997,0.43070000410079956,0.4088999927043915,0.36000001430511475,0.025200000032782555,0.14090000092983246,0.972599983215332,0.11479999870061874,0.13249999284744263
ENSG00000155886,Cell membrane,Signal peptide|Transmembrane domain,Transmembrane,0.08900000154972076,0.09070000052452087,0.029100000858306885,0.7276999950408936,0.15459999442100525,0.003599999938160181,0.4293999969959259,0.27889999747276306,0.5286999940872192,0.0414000004529953,0.05400000140070915,0.9787999987602234,0.16599999368190765,0.15240000188350677
ENSG00000155893,Golgi apparatus,Signal peptide|Transmembrane domain,Transmembrane,0.21610000729560852,0.0812000036239624,0.44940000772476196,0.16580000519752502,0.14149999618530273,0.02410000003874302,0.29260000586509705,0.4147000014781952,0.8827000260353088,0.020999999716877937,0.396699994802475,0.7623000144958496,0.12359999865293503,0.2906999886035919
ENSG00000155897,Cell membrane,Signal peptide|Transmembrane domain,Transmembrane,0.1551000028848648,0.1354999989271164,0.01119999960064888,0.7372000217437744,0.06509999930858612,0.034299999475479126,0.3084000051021576,0.4325999915599823,0.6047000288963318,0.1404999941587448,0.10339999943971634,0.994700014591217,0.10949999839067459,0.0835999995470047
ENSG00000156006,Cytoplasm,,Soluble,0.8410000205039978,0.28949999809265137,0.08330000191926956,0.09790000319480896,0.38609999418258667,0.0071000000461936,0.1542000025510788,0.07069999724626541,0.10660000145435333,0.06719999760389328,0.398499995470047,0.15289999544620514,0.12710000574588776,0.861299991607666
ENSG00000156096,Endoplasmic reticulum,Signal peptide|Transmembrane domain,Transmembrane,0.16990000009536743,0.05400000140070915,0.05770000070333481,0.38089999556541443,0.06949999928474426,0.013000000268220901,0.8540999889373779,0.3073999881744385,0.3440999984741211,0.0551999993622303,0.23399999737739563,0.9269999861717224,0.29679998755455017,0.18690000474452972
ENSG00000156110,Cytoplasm|Nucleus,Nuclear localization signal,Soluble,0.49639999866485596,0.6255999803543091,0.11949999630451202,0.195700004696846,0.2345999926328659,0.004999999888241291,0.16009999811649323,0.12189999967813492,0.07660000026226044,0.010900000110268593,0.36719998717308044,0.054499998688697815,0.21459999680519104,0.8306000232696533
ENSG00000156136,Cytoplasm|Nucleus,Nuclear localization signal,Soluble,0.4984000027179718,0.7272999882698059,0.13349999487400055,0.0746999979019165,0.09690000116825104,0.00570000009611249,0.08619999885559082,0.12110000103712082,0.10130000114440918,0.025299999862909317,0.24529999494552612,0.10620000213384628,0.3165000081062317,0.8560000061988831
ENSG00000156219,Cell membrane,,Lipid anchor,0.1678999960422516,0.09269999712705612,0.5745000243186951,0.6582000255584717,0.07660000026226044,0.0035000001080334187,0.3407000005245209,0.18559999763965607,0.2240000069141388,0.006200000178068876,0.10080000013113022,0.3659000098705292,0.9708999991416931,0.4350999891757965
ENSG00000156222,Cell membrane|Lysosome/Vacuole,Transmembrane domain,Transmembrane,0.06440000236034393,0.05079999938607216,0.012000000104308128,0.7050999999046326,0.11469999700784683,0.009999999776482582,0.4357999861240387,0.6053000092506409,0.39010000228881836,0.19089999794960022,0.11349999904632568,0.9959999918937683,0.3612000048160553,0.054999999701976776
ENSG00000156256,Cytoplasm|Nucleus,Nuclear export signal,Soluble,0.7163000106811523,0.5295000076293945,0.022700000554323196,0.1062999963760376,0.18729999661445618,0.0031999999191612005,0.3084000051021576,0.2434999942779541,0.3151000142097473,0.005900000222027302,0.4255000054836273,0.043800000101327896,0.16089999675750732,0.9038000106811523
ENSG00000156411,Mitochondrion,Transmembrane domain,Transmembrane,0.14959999918937683,0.10859999805688858,0.021700000390410423,0.10100000351667404,0.9031999707221985,0.025800000876188278,0.09430000185966492,0.045899998396635056,0.02319999970495701,0.09860000014305115,0.1720000058412552,0.9779000282287598,0.02449999935925007,0.0794999971985817
ENSG00000156413,Golgi apparatus,Signal peptide|Transmembrane domain,Transmembrane,0.16590000689029694,0.10239999741315842,0.37209999561309814,0.266400009393692,0.061900001019239426,0.008500000461935997,0.4611999988555908,0.3328000009059906,0.8324999809265137,0.017400000244379044,0.3700999915599823,0.7558000087738037,0.12839999794960022,0.38100001215934753
ENSG00000156463,Cytoplasm,,Soluble,0.7049999833106995,0.2745000123977661,0.053599998354911804,0.2896000146865845,0.13019999861717224,0.01360000018030405,0.18150000274181366,0.2773999869823456,0.31630000472068787,0.06390000134706497,0.5821999907493591,0.03629999980330467,0.11620000004768372,0.8521000146865845
ENSG00000156467,Mitochondrion,Mitochondrial transit peptide,Peripheral,0.11240000277757645,0.028699999675154686,0.02500000037252903,0.1477999985218048,0.9417999982833862,0.05920000001788139,0.03200000151991844,0.05380000174045563,0.027400000020861626,0.006000000052154064,0.7551000118255615,0.45660001039505005,0.05050000175833702,0.2831000089645386
ENSG00000156471,Endoplasmic reticulum|Golgi apparatus,Signal peptide|Transmembrane domain,Transmembrane,0.09610000252723694,0.11500000208616257,0.005900000222027302,0.3513999879360199,0.08889999985694885,0.006899999920278788,0.8499000072479248,0.36039999127388,0.7383000254631042,0.011099999770522118,0.053300000727176666,0.9968000054359436,0.05260000005364418,0.0649000033736229
ENSG00000156508,Cytoplasm|Nucleus,Nuclear localization signal,Soluble,0.7239000201225281,0.5045999884605408,0.1388999968767166,0.2957000136375427,0.15960000455379486,0.14499999582767487,0.13179999589920044,0.11670000106096268,0.2207999974489212,0.046799998730421066,0.2996000051498413,0.03959999978542328,0.26269999146461487,0.8339999914169312
ENSG00000156510,Cytoplasm,,Soluble,0.6633999943733215,0.2994000017642975,0.09759999811649323,0.24979999661445618,0.3707999885082245,0.006899999920278788,0.20600000023841858,0.2856999933719635,0.29910001158714294,0.03680000081658363,0.5760999917984009,0.12780000269412994,0.26019999384880066,0.7949000000953674
ENSG00000156515,Cytoplasm,,Peripheral|Soluble,0.6259999871253967,0.3199000060558319,0.09470000118017197,0.3546999990940094,0.4726000130176544,0.014499999582767487,0.2152000069618225,0.23350000381469727,0.2847999930381775,0.0851999968290329,0.6353999972343445,0.12880000472068787,0.30970001220703125,0.7570000290870667
ENSG00000156587,Cytoplasm|Nucleus,Nuclear export signal,Soluble,0.6851000189781189,0.5565000176429749,0.0738999992609024,0.14480000734329224,0.1737000048160553,0.007300000172108412,0.20960000157356262,0.25060001015663147,0.37549999356269836,0.07890000194311142,0.4198000133037567,0.04430000111460686,0.11569999903440475,0.807200014591217
ENSG00000156599,Golgi apparatus,Signal peptide|Transmembrane domain,Transmembrane,0.22220000624656677,0.053199999034404755,0.03590000048279762,0.5070000290870667,0.15719999372959137,0.004800000227987766,0.5461999773979187,0.4666999876499176,0.715499997138977,0.003000000026077032,0.13809999823570251,0.9726999998092651,0.09189999848604202,0.1451999992132187
ENSG00000156650,Nucleus,Nuclear localization signal,Soluble,0.19939999282360077,0.967199981212616,0.01209999993443489,0.09009999781847,0.06030000001192093,0.03840000182390213,0.0934000015258789,0.02669999934732914,0.025599999353289604,0.003800000064074993,0.21240000426769257,0.1096000000834465,0.042500000447034836,0.8790000081062317
ENSG00000156689,Cytoplasm,Nuclear localization signal|Nuclear export signal,Soluble,0.6392999887466431,0.39340001344680786,0.12710000574588776,0.20469999313354492,0.3603000044822693,0.016300000250339508,0.2102999985218048,0.20280000567436218,0.12280000001192093,0.047600001096725464,0.36169999837875366,0.20679999887943268,0.12780000269412994,0.7641000151634216
ENSG00000156795,Cytoplasm|Nucleus,Nuclear export signal,Soluble,0.7828999757766724,0.7106000185012817,0.08309999853372574,0.12229999899864197,0.27959999442100525,0.003800000064074993,0.3896999955177307,0.14020000398159027,0.1615000069141388,0.02669999934732914,0.2784999907016754,0.050700001418590546,0.17900000512599945,0.8801000118255615
ENSG00000156873,Cytoplasm,Nuclear export signal,Soluble,0.666100025177002,0.3837999999523163,0.011900000274181366,0.30709999799728394,0.399399995803833,0.06390000134706497,0.37209999561309814,0.34310001134872437,0.53329998254776,0.16259999573230743,0.5845000147819519,0.12099999934434891,0.6642000079154968,0.7114999890327454
ENSG00000156885,Mitochondrion,Mitochondrial transit peptide,Transmembrane,0.09740000218153,0.05620000138878822,0.017999999225139618,0.05739999935030937,0.9211999773979187,0.005900000222027302,0.07900000363588333,0.03150000050663948,0.05310000106692314,0.0778999999165535,0.27000001072883606,0.8217999935150146,0.015699999406933784,0.21240000426769257
ENSG00000156958,Cytoplasm,Nuclear export signal,Soluble,0.8511999845504761,0.49239999055862427,0.05790000036358833,0.07779999822378159,0.44519999623298645,0.06440000236034393,0.13830000162124634,0.1281999945640564,0.09539999812841415,0.305400013923645,0.45809999108314514,0.10339999943971634,0.27790001034736633,0.798799991607666
ENSG00000156966,Golgi apparatus,Signal peptide,Transmembrane,0.15569999814033508,0.06340000033378601,0.42910000681877136,0.2029000073671341,0.09880000352859497,0.006200000178068876,0.20250000059604645,0.14419999718666077,0.9228000044822693,0.04129999876022339,0.2603999972343445,0.9211000204086304,0.2003999948501587,0.18780000507831573
ENSG00000156983,Nucleus,Nuclear localization signal,Soluble,0.25189998745918274,0.9441999793052673,0.01679999940097332,0.10270000249147415,0.07169999927282333,0.013399999588727951,0.06620000302791595,0.02850000001490116,0.029899999499320984,0.0031999999191612005,0.19200000166893005,0.0560000017285347,0.10530000180006027,0.9139999747276306
ENSG00000157020,Cytoplasm|Nucleus,Nuclear export signal,Soluble,0.6894000172615051,0.6078000068664551,0.04280000180006027,0.18070000410079956,0.1256999969482422,0.009499999694526196,0.2996000051498413,0.44179999828338623,0.13420000672340393,0.14390000700950623,0.3736000061035156,0.03229999914765358,0.19820000231266022,0.8118000030517578
ENSG00000157045,Cytoplasm|Nucleus,Nuclear export signal,Soluble,0.6851000189781189,0.7009999752044678,0.06809999793767929,0.0812000036239624,0.43939998745918274,0.011599999852478504,0.21879999339580536,0.1745000034570694,0.24449999630451202,0.08389999717473984,0.41690000891685486,0.06440000236034393,0.36340001225471497,0.8391000032424927
ENSG00000157064,Cytoplasm,Nuclear export signal,Soluble,0.6712999939918518,0.4672999978065491,0.050599999725818634,0.14100000262260437,0.39980000257492065,0.010300000198185444,0.39010000228881836,0.13850000500679016,0.3312000036239624,0.11420000344514847,0.21940000355243683,0.10429999977350235,0.10840000212192535,0.8119999766349792
ENSG00000157087,Cell membrane,Transmembrane domain,Transmembrane,0.1932000070810318,0.09399999678134918,0.027499999850988388,0.8241000175476074,0.16930000483989716,0.0071000000461936,0.42100000381469727,0.48809999227523804,0.4499000012874603,0.01720000058412552,0.05829999968409538,0.9787999987602234,0.0706000030040741,0.1624000072479248
ENSG00000157103,Cell membrane,Transmembrane domain,Transmembrane,0.12870000302791595,0.04410000145435333,0.05220000073313713,0.9193999767303467,0.11469999700784683,0.005900000222027302,0.22360000014305115,0.45739999413490295,0.24809999763965607,0.015300000086426735,0.08940000087022781,0.9843000173568726,0.06440000236034393,0.1054999977350235
ENSG00000157184,Mitochondrion,Mitochondrial transit peptide,Peripheral|Soluble,0.3276999890804291,0.2517000138759613,0.02759999968111515,0.1941000074148178,0.7447999715805054,0.002300000051036477,0.16349999606609344,0.22920000553131104,0.12720000743865967,0.04859999939799309,0.6407999992370605,0.24269999563694,0.1396999955177307,0.6116999983787537
ENSG00000157326,Mitochondrion|Peroxisome,Peroxisomal targeting signal,Soluble,0.3140000104904175,0.2736999988555908,0.0215000007301569,0.09799999743700027,0.6575000286102295,0.03759999945759773,0.08550000190734863,0.11050000041723251,0.17409999668598175,0.7824000120162964,0.5996000170707703,0.13130000233650208,0.32109999656677246,0.5710999965667725
ENSG00000157349,Cytoplasm,Nuclear export signal,Soluble,0.6261000037193298,0.49380001425743103,0.037300001829862595,0.2151000052690506,0.10899999737739563,0.014999999664723873,0.10570000112056732,0.11969999969005585,0.18719999492168427,0.02969999983906746,0.3458000123500824,0.04340000078082085,0.2513999938964844,0.8634999990463257
ENSG00000157350,Golgi apparatus,Signal peptide|Transmembrane domain,Transmembrane,0.14900000393390656,0.0892999991774559,0.4065999984741211,0.23649999499320984,0.1264999955892563,0.007699999958276749,0.1882999986410141,0.2231999933719635,0.9344000220298767,0.01979999989271164,0.12370000034570694,0.9537000060081482,0.3089999854564667,0.21850000321865082
ENSG00000157353,Cytoplasm,Nuclear export signal,Soluble,0.7803000211715698,0.39309999346733093,0.0640999972820282,0.22689999639987946,0.4943000078201294,0.07649999856948853,0.20679999887943268,0.19820000231266022,0.13689999282360077,0.258899986743927,0.5224000215530396,0.35429999232292175,0.20489999651908875,0.774399995803833
ENSG00000157399,Endoplasmic reticulum,Signal peptide,Transmembrane,0.27320000529289246,0.07259999960660934,0.12080000340938568,0.2606000006198883,0.13650000095367432,0.006899999920278788,0.7560999989509583,0.46869999170303345,0.3659999966621399,0.010599999688565731,0.15049999952316284,0.8281000256538391,0.3499000072479248,0.41659998893737793
ENSG00000157426,Nucleus,,Soluble,0.3393999934196472,0.613099992275238,0.024399999529123306,0.08780000358819962,0.2232999950647354,0.004100000020116568,0.1145000010728836,0.09510000050067902,0.2563000023365021,0.09009999781847,0.4763999879360199,0.2231999933719635,0.20170000195503235,0.795199990272522
ENSG00000157593,Golgi apparatus,Transmembrane domain,Transmembrane,0.08510000258684158,0.07890000194311142,0.05050000175833702,0.3727000057697296,0.3167000114917755,0.04360000044107437,0.4941999912261963,0.3619000017642975,0.7613000273704529,0.10040000081062317,0.1354999989271164,0.9663000106811523,0.25940001010894775,0.09359999746084213
ENSG00000157680,Cytoplasm,Nuclear export signal,Peripheral|Soluble,0.6818000078201294,0.3481000065803528,0.04699999839067459,0.5235999822616577,0.24230000376701355,0.014499999582767487,0.2069000005722046,0.45730000734329224,0.3407000005245209,0.03700000047683716,0.6776000261306763,0.08630000054836273,0.23170000314712524,0.7851999998092651
ENSG00000157765,Cell membrane,Signal peptide|Transmembrane domain,Transmembrane,0.14489999413490295,0.04230000078678131,0.01640000008046627,0.8708000183105469,0.1160999983549118,0.002899999963119626,0.435699999332428,0.4575999975204468,0.40049999952316284,0.005900000222027302,0.14740000665187836,0.9804999828338623,0.32670000195503235,0.09070000052452087
ENSG00000157881,Cytoplasm,Nuclear export signal,Soluble,0.7110000252723694,0.4812000095844269,0.05739999935030937,0.17560000717639923,0.33570000529289246,0.03290000185370445,0.12049999833106995,0.2467000037431717,0.1662999987602234,0.13850000500679016,0.46480000019073486,0.20919999480247498,0.3003999888896942,0.7888000011444092
ENSG00000158006,Cytoplasm,Peroxisomal targeting signal,Peripheral|Lipid anchor,0.491100013256073,0.4043000042438507,0.17499999701976776,0.3474999964237213,0.22699999809265137,0.0024999999441206455,0.45089998841285706,0.19020000100135803,0.23849999904632568,0.18799999356269836,0.7698000073432922,0.37450000643730164,0.8845999836921692,0.41040000319480896
ENSG00000158008,Golgi apparatus,Signal peptide|Transmembrane domain,Transmembrane,0.15950000286102295,0.11680000275373459,0.36489999294281006,0.24879999458789825,0.11060000211000443,0.014700000174343586,0.5663999915122986,0.25119999051094055,0.8851000070571899,0.01720000058412552,0.5177000164985657,0.8228999972343445,0.15790000557899475,0.26179999113082886
ENSG00000158022,Cytoplasm,Nuclear export signal,Soluble,0.7601000070571899,0.4034999907016754,0.07039999961853027,0.08669999986886978,0.20100000500679016,0.0044999998062849045,0.1307000070810318,0.5224999785423279,0.4828999936580658,0.16179999709129333,0.40849998593330383,0.06480000168085098,0.43689998984336853,0.8348000049591064
ENSG00000158089,Golgi apparatus,Signal peptide|Transmembrane domain,Transmembrane,0.16130000352859497,0.061000000685453415,0.43720000982284546,0.26159998774528503,0.1421000063419342,0.007199999876320362,0.4375999867916107,0.38510000705718994,0.9132999777793884,0.03310000151395798,0.22699999809265137,0.8948000073432922,0.35350000858306885,0.274399995803833
ENSG00000158104,Cytoplasm,Nuclear export signal|Peroxisomal targeting signal,Soluble,0.7591000199317932,0.2630000114440918,0.060499999672174454,0.37720000743865967,0.34049999713897705,0.01679999940097332,0.3675000071525574,0.24799999594688416,0.427700012922287,0.14069999754428864,0.5453000068664551,0.07440000027418137,0.17560000717639923,0.7634999752044678
ENSG00000158125,Cytoplasm,Peroxisomal targeting signal,Soluble,0.7925000190734863,0.1704999953508377,0.06930000334978104,0.14990000426769257,0.24699999392032623,0.03869999945163727,0.125900000333786,0.2712000012397766,0.34549999237060547,0.6517000198364258,0.3788999915122986,0.14090000092983246,0.1881999969482422,0.8248999714851379
ENSG00000158296,Cell membrane,Transmembrane domain,Transmembrane,0.08829999715089798,0.06040000170469284,0.04769999906420708,0.817799985408783,0.17229999601840973,0.005900000222027302,0.5302000045776367,0.3296999931335449,0.26010000705718994,0.03020000085234642,0.09040000289678574,0.9860000014305115,0.14920000731945038,0.09059999883174896
ENSG00000158467,Cytoplasm,Nuclear localization signal|Nuclear export signal,Soluble,0.6746000051498413,0.36329999566078186,0.017400000244379044,0.5637000203132629,0.210099995136261,0.0142000000923872,0.1881999969482422,0.13950000703334808,0.23839999735355377,0.020800000056624413,0.44670000672340393,0.04010000079870224,0.5024999976158142,0.8478000164031982
ENSG00000158470,Golgi apparatus,Signal peptide|Transmembrane domain,Transmembrane,0.12960000336170197,0.1137000024318695,0.3578999936580658,0.15860000252723694,0.05779999867081642,0.005499999970197678,0.4291999936103821,0.33959999680519104,0.9437999725341797,0.03220000118017197,0.22910000383853912,0.9639999866485596,0.40529999136924744,0.14429999887943268
ENSG00000158516,Extracellular,Signal peptide,Soluble,0.13680000603199005,0.054499998688697815,0.8126000165939331,0.1485999971628189,0.03819999843835831,0.0013000000035390258,0.41929998993873596,0.44780001044273376,0.41280001401901245,0.0003000000142492354,0.23080000281333923,0.09000000357627869,0.15449999272823334,0.8568999767303467
ENSG00000158525,Extracellular|Lysosome/Vacuole,Signal peptide,Soluble,0.16539999842643738,0.05510000139474869,0.6193000078201294,0.21130000054836273,0.0284000001847744,0.0024999999441206455,0.39070001244544983,0.7111999988555908,0.5049999952316284,0.0019000000320374966,0.25440001487731934,0.1264999955892563,0.20550000667572021,0.8338000178337097
ENSG00000158571,Cytoplasm,Nuclear export signal,Peripheral|Soluble,0.7653999924659729,0.3959999978542328,0.07100000232458115,0.23579999804496765,0.37720000743865967,0.009399999864399433,0.2303999960422516,0.17589999735355377,0.2320999950170517,0.06120000034570694,0.6097000241279602,0.06030000001192093,0.5507000088691711,0.8102999925613403
ENSG00000158578,Mitochondrion,Mitochondrial transit peptide,Peripheral|Soluble,0.3474000096321106,0.08590000122785568,0.03620000183582306,0.1589999943971634,0.8217999935150146,0.007400000002235174,0.12700000405311584,0.07639999687671661,0.20520000159740448,0.13300000131130219,0.6503999829292297,0.11379999667406082,0.515500009059906,0.7060999870300293
ENSG00000158623,Cytoplasm,Nuclear localization signal,Peripheral|Soluble,0.5245000123977661,0.32760000228881836,0.01889999955892563,0.3828999996185303,0.18410000205039978,0.008500000461935997,0.4147999882698059,0.38280001282691956,0.6229000091552734,0.020600000396370888,0.6775000095367432,0.066600002348423,0.18330000340938568,0.763700008392334
ENSG00000158669,Endoplasmic reticulum,Signal peptide|Transmembrane domain,Transmembrane,0.14589999616146088,0.14949999749660492,0.030799999833106995,0.30230000615119934,0.27140000462532043,0.01810000091791153,0.8154000043869019,0.25380000472068787,0.5199000239372253,0.01360000018030405,0.28619998693466187,0.9689000248908997,0.27090001106262207,0.148499995470047
ENSG00000158786,Extracellular,Signal peptide,Soluble,0.15039999783039093,0.06129999831318855,0.9606000185012817,0.2295999974012375,0.10490000247955322,0.0019000000320374966,0.17980000376701355,0.23690000176429749,0.0714000016450882,0.0003000000142492354,0.26330000162124634,0.06520000100135803,0.3328999876976013,0.8691999912261963
ENSG00000158825,Cytoplasm|Nucleus,Nuclear export signal,Soluble,0.7857999801635742,0.6351000070571899,0.026100000366568565,0.1437000036239624,0.4154999852180481,0.012500000186264515,0.03480000048875809,0.06700000166893005,0.09790000319480896,0.20810000598430634,0.4169999957084656,0.07249999791383743,0.38370001316070557,0.8263000249862671
ENSG00000158850,Golgi apparatus,Signal peptide,Transmembrane,0.12359999865293503,0.06650000065565109,0.5515999794006348,0.22030000388622284,0.17080000042915344,0.010700000450015068,0.31839999556541443,0.23010000586509705,0.9059000015258789,0.038600001484155655,0.2459000051021576,0.8726999759674072,0.24009999632835388,0.2524000108242035
ENSG00000158864,Mitochondrion,Mitochondrial transit peptide,Soluble,0.18799999356269836,0.14630000293254852,0.05990000069141388,0.14419999718666077,0.9508000016212463,0.0024999999441206455,0.09459999948740005,0.10700000077486038,0.10040000081062317,0.0333000011742115,0.5503000020980835,0.14470000565052032,0.08179999887943268,0.7350000143051147
ENSG00000158865,Cell membrane,Transmembrane domain,Transmembrane,0.12999999523162842,0.030500000342726707,0.030899999663233757,0.805400013923645,0.1281999945640564,0.01730000041425228,0.4034000039100647,0.4846000075340271,0.3012000024318695,0.007799999788403511,0.08760000020265579,0.9890999794006348,0.14810000360012054,0.10220000147819519
ENSG00000159063,Endoplasmic reticulum,Signal peptide|Transmembrane domain,Transmembrane,0.1096000000834465,0.1274999976158142,0.033900000154972076,0.28360000252723694,0.18410000205039978,0.027899999171495438,0.9526000022888184,0.21320000290870667,0.5544000267982483,0.027300000190734863,0.0908999964594841,0.9915000200271606,0.04410000145435333,0.08299999684095383
ENSG00000159082,Cytoplasm,Nuclear export signal,Peripheral|Soluble,0.6488999724388123,0.20520000159740448,0.1808999925851822,0.3869999945163727,0.121799997985363,0.022199999541044235,0.31299999356269836,0.5616999864578247,0.5781000256538391,0.030899999663233757,0.6377000212669373,0.09120000153779984,0.12449999898672104,0.7883999943733215
ENSG00000159131,Cytoplasm,Nuclear export signal|Peroxisomal targeting signal,Soluble,0.8183000087738037,0.20890000462532043,0.04969999939203262,0.12489999830722809,0.39980000257492065,0.0364999994635582,0.25529998540878296,0.31850001215934753,0.3734000027179718,0.2443999946117401,0.43639999628067017,0.12080000340938568,0.1298000067472458,0.8287000060081482
ENSG00000159199,Mitochondrion,Mitochondrial transit peptide,Transmembrane,0.07689999788999557,0.04520000144839287,0.053300000727176666,0.37630000710487366,0.8070999979972839,0.006800000090152025,0.13050000369548798,0.09070000052452087,0.17669999599456787,0.04340000078082085,0.39149999618530273,0.8937000036239624,0.08709999918937683,0.15760000050067902
ENSG00000159202,Cytoplasm|Nucleus,Nuclear export signal,Soluble,0.6164000034332275,0.682699978351593,0.0430000014603138,0.19050000607967377,0.22550000250339508,0.00139999995008111,0.2919999957084656,0.36970001459121704,0.3677000105381012,0.08980000019073486,0.367000013589859,0.06700000166893005,0.5034999847412109,0.8238999843597412
ENSG00000159228,Cytoplasm,,Soluble,0.753600001335144,0.429500013589859,0.3407999873161316,0.14030000567436218,0.34599998593330383,0.025800000876188278,0.24050000309944153,0.27799999713897705,0.13580000400543213,0.04960000142455101,0.438400000333786,0.10100000351667404,0.21330000460147858,0.7573999762535095
ENSG00000159231,Cytoplasm,,Soluble,0.7152000069618225,0.438400000333786,0.26739999651908875,0.11100000143051147,0.32019999623298645,0.024000000208616257,0.15199999511241913,0.15839999914169312,0.0608999989926815,0.03739999979734421,0.2822999954223633,0.13590000569820404,0.13500000536441803,0.7868000268936157
ENSG00000159267,Cytoplasm,,Soluble,0.7843000292778015,0.4049000144004822,0.060100000351667404,0.1665000021457672,0.20170000195503235,0.01209999993443489,0.227400004863739,0.311599999666214,0.2029000073671341,0.12770000100135803,0.42149999737739563,0.1597999930381775,0.4198000133037567,0.833299994468689
ENSG00000159322,Endoplasmic reticulum|Golgi apparatus,Signal peptide|Transmembrane domain,Peripheral|Transmembrane,0.17710000276565552,0.10760000348091125,0.3449999988079071,0.24140000343322754,0.34540000557899475,0.008500000461935997,0.7443000078201294,0.40209999680519104,0.7188000082969666,0.021400000900030136,0.6323999762535095,0.8033000230789185,0.43230000138282776,0.25600001215934753
ENSG00000159337,Cytoplasm,Nuclear export signal,Peripheral|Soluble,0.6844000220298767,0.35370001196861267,0.17010000348091125,0.4724999964237213,0.41819998621940613,0.008899999782443047,0.3693999946117401,0.5468999743461609,0.41359999775886536,0.06889999657869339,0.7296000123023987,0.21549999713897705,0.5429999828338623,0.6757000088691711
ENSG00000159339,Cytoplasm,Nuclear localization signal,Soluble,0.6927000284194946,0.4327000081539154,0.21119999885559082,0.155799999833107,0.27239999175071716,0.028200000524520874,0.3659000098705292,0.22830000519752502,0.28110000491142273,0.005200000014156103,0.43479999899864197,0.28299999237060547,0.35499998927116394,0.789900004863739
ENSG00000159348,Endoplasmic reticulum,Signal peptide|Transmembrane domain,Peripheral|Transmembrane,0.20839999616146088,0.12030000239610672,0.06780000030994415,0.20149999856948853,0.5493999719619751,0.045899998396635056,0.9016000032424927,0.10999999940395355,0.1746000051498413,0.35370001196861267,0.7807999849319458,0.8137999773025513,0.25600001215934753,0.17569999396800995
ENSG00000159398,Cell membrane,,Lipid anchor,0.1695999950170517,0.055399999022483826,0.3580000102519989,0.7613000273704529,0.06759999692440033,0.003599999938160181,0.3573000133037567,0.4081000089645386,0.29980000853538513,0.027499999850988388,0.29319998621940613,0.23510000109672546,0.9678999781608582,0.3919000029563904
ENSG00000159399,Cytoplasm,,Soluble,0.6902999877929688,0.37940001487731934,0.09109999984502792,0.26190000772476196,0.436599999666214,0.005200000014156103,0.19300000369548798,0.24420000612735748,0.26080000400543213,0.03009999915957451,0.5950000286102295,0.11150000244379044,0.23260000348091125,0.7993000149726868
ENSG00000159423,Mitochondrion,Mitochondrial transit peptide,Peripheral|Soluble,0.2013999968767166,0.1996999979019165,0.04600000008940697,0.12470000237226486,0.9024999737739563,0.0003000000142492354,0.08900000154972076,0.10620000213384628,0.07349999994039536,0.016899999231100082,0.6664999723434448,0.13689999282360077,0.18850000202655792,0.723800003528595
ENSG00000159433,Cytoplasm,Nuclear export signal,Soluble,0.6559000015258789,0.30079999566078186,0.04969999939203262,0.31279999017715454,0.16060000658035278,0.01810000091791153,0.2110999971628189,0.34610000252723694,0.26759999990463257,0.0284000001847744,0.3727000057697296,0.18230000138282776,0.042899999767541885,0.7961000204086304
ENSG00000159459,Cytoplasm|Nucleus,Nuclear export signal,Soluble,0.5473999977111816,0.545799970626831,0.032499998807907104,0.11460000276565552,0.16519999504089355,0.012500000186264515,0.4059000015258789,0.4438999891281128,0.47029998898506165,0.03579999879002571,0.4194999933242798,0.3458000123500824,0.04749999940395355,0.7376999855041504
ENSG00000159461,Endoplasmic reticulum|Golgi apparatus,Transmembrane domain,Transmembrane,0.16910000145435333,0.2606000006198883,0.013100000098347664,0.2630000114440918,0.18539999425411224,0.005400000140070915,0.7448999881744385,0.2791999876499176,0.6819999814033508,0.01979999989271164,0.17080000042915344,0.9733999967575073,0.09040000289678574,0.17569999396800995
ENSG00000159495,Cytoplasm,Nuclear localization signal,Soluble,0.6531999707221985,0.30640000104904175,0.4056999981403351,0.37860000133514404,0.273499995470047,0.009200000204145908,0.2574000060558319,0.1598999947309494,0.31150001287460327,0.018799999728798866,0.3995000123977661,0.17489999532699585,0.24320000410079956,0.83160001039505
ENSG00000159527,Extracellular,Signal peptide,Soluble,0.24539999663829803,0.12060000002384186,0.9028000235557556,0.2506999969482422,0.1137000024318695,0.0006000000284984708,0.2551000118255615,0.37299999594688416,0.2669999897480011,0.0010000000474974513,0.31540000438690186,0.0658000037074089,0.12860000133514404,0.869700014591217
ENSG00000159593,Cytoplasm,Nuclear export signal,Soluble,0.6790000200271606,0.3847000002861023,0.05530000105500221,0.11540000140666962,0.22190000116825104,0.025299999862909317,0.22699999809265137,0.2824999988079071,0.24809999763965607,0.13269999623298645,0.3296000063419342,0.16580000519752502,0.19509999454021454,0.671999990940094
ENSG00000159640,Cell membrane|Lysosome/Vacuole,Signal peptide|Transmembrane domain,Transmembrane,0.2282000035047531,0.14380000531673431,0.23000000417232513,0.6207000017166138,0.027699999511241913,0.01720000058412552,0.36239999532699585,0.6453999876976013,0.625,0.32659998536109924,0.20280000567436218,0.9444000124931335,0.5205000042915344,0.15960000455379486
ENSG00000159650,Cytoplasm,,Soluble,0.7074999809265137,0.43050000071525574,0.10719999670982361,0.2295999974012375,0.2012999951839447,0.0031999999191612005,0.21469999849796295,0.2295999974012375,0.29660001397132874,0.2619999945163727,0.5382999777793884,0.08030000329017639,0.12870000302791595,0.8751000165939331
ENSG00000159692,Cytoplasm|Nucleus,Nuclear export signal,Soluble,0.6222000122070312,0.6337000131607056,0.1306000053882599,0.19629999995231628,0.18219999969005585,0.013199999928474426,0.1273999959230423,0.09290000051259995,0.14010000228881836,0.06629999727010727,0.329800009727478,0.09080000221729279,0.21979999542236328,0.779699981212616
ENSG00000159714,Golgi apparatus,Signal peptide|Transmembrane domain,Transmembrane,0.2029999941587448,0.061000000685453415,0.06599999964237213,0.41110000014305115,0.05849999934434891,0.004399999976158142,0.6079999804496765,0.4255000054836273,0.6809999942779541,0.016499999910593033,0.14390000700950623,0.9890999794006348,0.13609999418258667,0.0966000035405159
ENSG00000159720,Cytoplasm,Nuclear export signal,Peripheral|Soluble,0.7250999808311462,0.24199999868869781,0.12409999966621399,0.22030000388622284,0.19290000200271606,0.03150000050663948,0.18320000171661377,0.5806000232696533,0.3596999943256378,0.10360000282526016,0.7473000288009644,0.09480000287294388,0.10999999940395355,0.6035000085830688
ENSG00000159899,Cell membrane|Lysosome/Vacuole,Signal peptide|Transmembrane domain,Transmembrane,0.2614000141620636,0.065700002014637,0.0608999989926815,0.8511999845504761,0.10119999945163727,0.014999999664723873,0.376800000667572,0.7333999872207642,0.38519999384880066,0.06629999727010727,0.10000000149011612,0.9520000219345093,0.37540000677108765,0.09749999642372131
ENSG00000159921,Cytoplasm,,Soluble,0.7613000273704529,0.29350000619888306,0.05350000038743019,0.12780000269412994,0.32269999384880066,0.02329999953508377,0.17419999837875366,0.1542000025510788,0.16249999403953552,0.11569999903440475,0.40790000557899475,0.16850000619888306,0.14890000224113464,0.7728000283241272
ENSG00000160014,Cytoplasm|Nucleus,,Soluble,0.611299991607666,0.6373000144958496,0.2766999900341034,0.36250001192092896,0.09109999984502792,0.02290000021457672,0.2061000019311905,0.12929999828338623,0.15919999778270721,0.09179999679327011,0.4708999991416931,0.03799999877810478,0.6146000027656555,0.8097000122070312
ENSG00000160087,Endoplasmic reticulum,Signal peptide|Transmembrane domain,Transmembrane,0.14380000531673431,0.3646000027656555,0.02930000051856041,0.19280000030994415,0.2800999879837036,0.10180000215768814,0.868399977684021,0.1671999990940094,0.4799000024795532,0.12150000035762787,0.15060000121593475,0.9352999925613403,0.2565999925136566,0.1673000007867813
ENSG00000160179,Cell membrane,Transmembrane domain,Transmembrane,0.1518000066280365,0.10509999841451645,0.024299999698996544,0.8230000138282776,0.32820001244544983,0.0142000000923872,0.5641999840736389,0.527400016784668,0.46369999647140503,0.06920000165700912,0.2206999957561493,0.9527000188827515,0.22660000622272491,0.13089999556541443
ENSG00000160191,Cytoplasm,Nuclear export signal,Peripheral|Lipid anchor|Soluble,0.6291999816894531,0.40290001034736633,0.044199999421834946,0.5533000230789185,0.2078000009059906,0.010999999940395355,0.3116999864578247,0.26589998602867126,0.36480000615119934,0.026799999177455902,0.604200005531311,0.11330000311136246,0.9204000234603882,0.5164999961853027
ENSG00000160194,Mitochondrion,Mitochondrial transit peptide,Soluble,0.16769999265670776,0.17910000681877136,0.07919999957084656,0.11829999834299088,0.9508000016212463,0.004699999932199717,0.03779999911785126,0.033799998462200165,0.0869000032544136,0.014000000432133675,0.45809999108314514,0.0925000011920929,0.2126999944448471,0.6658999919891357
ENSG00000160200,Cytoplasm,Nuclear export signal,Soluble,0.6535999774932861,0.3562000095844269,0.03420000150799751,0.41510000824928284,0.33320000767707825,0.005200000014156103,0.24050000309944153,0.2556000053882599,0.14900000393390656,0.04309999942779541,0.5054000020027161,0.04399999976158142,0.7028999924659729,0.8485999703407288
ENSG00000160209,Cytoplasm,Nuclear export signal|Peroxisomal targeting signal,Soluble,0.8223999738693237,0.4562000036239624,0.14010000228881836,0.15080000460147858,0.22059999406337738,0.026900000870227814,0.14219999313354492,0.13089999556541443,0.2581999897956848,0.6237999796867371,0.2353000044822693,0.09189999848604202,0.1914999932050705,0.8689000010490417
ENSG00000160211,Cytoplasm,Peroxisomal targeting signal,Soluble,0.7555999755859375,0.1873999983072281,0.07410000264644623,0.3779999911785126,0.05820000171661377,0.017899999395012856,0.2727999985218048,0.15320000052452087,0.19660000503063202,0.3375000059604645,0.39629998803138733,0.09290000051259995,0.5187000036239624,0.741100013256073
ENSG00000160216,Endoplasmic reticulum,Signal peptide|Transmembrane domain,Transmembrane,0.17800000309944153,0.14110000431537628,0.04340000078082085,0.18940000236034393,0.3635999858379364,0.0414000004529953,0.8794000148773193,0.21819999814033508,0.47110000252723694,0.017400000244379044,0.14409999549388885,0.9753999710083008,0.38190001249313354,0.14149999618530273
ENSG00000160282,Cytoplasm,Nuclear export signal,Peripheral|Soluble,0.7069000005722046,0.3343000113964081,0.0746999979019165,0.17389999330043793,0.5303000211715698,0.00430000014603138,0.2079000025987625,0.2442999929189682,0.4099999964237213,0.0608999989926815,0.6171000003814697,0.1315000057220459,0.26339998841285706,0.8047000169754028
ENSG00000160285,Cytoplasm|Endoplasmic reticulum,,Peripheral,0.5238000154495239,0.16680000722408295,0.050599999725818634,0.4474000036716461,0.4180000126361847,0.0430000014603138,0.7348999977111816,0.527899980545044,0.4702000021934509,0.029999999329447746,0.6582000255584717,0.4921000003814697,0.14749999344348907,0.4115999937057495
ENSG00000160326,Cell membrane,Transmembrane domain,Transmembrane,0.12229999899864197,0.08489999920129776,0.04540000110864639,0.7876999974250793,0.2362000048160553,0.007899999618530273,0.22089999914169312,0.5442000031471252,0.4413999915122986,0.12439999729394913,0.1615999937057495,0.9690999984741211,0.2574999928474426,0.14169999957084656
ENSG00000160408,Golgi apparatus,Signal peptide|Transmembrane domain,Transmembrane,0.10010000318288803,0.09629999846220016,0.35409998893737793,0.2013999968767166,0.08630000054836273,0.01269999984651804,0.2870999872684479,0.21410000324249268,0.885200023651123,0.021900000050663948,0.1899999976158142,0.694599986076355,0.27869999408721924,0.45320001244544983
ENSG00000160439,Mitochondrion,Mitochondrial transit peptide,Transmembrane,0.2994999885559082,0.11289999634027481,0.22709999978542328,0.16189999878406525,0.8102999925613403,0.16359999775886536,0.5532000064849854,0.17800000309944153,0.1412999927997589,0.11150000244379044,0.5415999889373779,0.6985999941825867,0.48590001463890076,0.30799999833106995
ENSG00000160446,Endoplasmic reticulum|Golgi apparatus,Signal peptide|Transmembrane domain,Transmembrane,0.19830000400543213,0.06300000101327896,0.057100001722574234,0.3465000092983246,0.07020000368356705,0.007899999618530273,0.6823999881744385,0.5449000000953674,0.7710999846458435,0.022600000724196434,0.20880000293254852,0.9496999979019165,0.10819999873638153,0.20029999315738678
ENSG00000160471,Cytoplasm,Peroxisomal targeting signal,Peripheral|Soluble,0.4593000113964081,0.20640000700950623,0.13650000095367432,0.05530000105500221,0.5098999738693237,0.18039999902248383,0.17170000076293945,0.08569999784231186,0.22619999945163727,0.33500000834465027,0.6111000180244446,0.11810000240802765,0.01679999940097332,0.5781000256538391
ENSG00000160688,Mitochondrion,Mitochondrial transit peptide,Soluble,0.4724999964237213,0.34279999136924744,0.065700002014637,0.09239999949932098,0.6758999824523926,0.004100000020116568,0.32850000262260437,0.1136000007390976,0.21770000457763672,0.08269999921321869,0.5759999752044678,0.15459999442100525,0.2409999966621399,0.7660999894142151
ENSG00000160714,Cytoplasm,Nuclear export signal,Soluble,0.7439000010490417,0.4262999892234802,0.05339999869465828,0.24899999797344208,0.13420000672340393,0.002199999988079071,0.5109000205993652,0.23989999294281006,0.4065999984741211,0.0203000009059906,0.4717000126838684,0.04659999907016754,0.30630001425743103,0.8137000203132629
ENSG00000160752,Mitochondrion,Mitochondrial transit peptide,Soluble,0.359499990940094,0.29339998960494995,0.07339999824762344,0.07000000029802322,0.8605999946594238,0.0034000000450760126,0.14890000224113464,0.10689999908208847,0.12330000102519989,0.17409999668598175,0.5051000118255615,0.17430000007152557,0.16750000417232513,0.7688000202178955
ENSG00000160868,Endoplasmic reticulum,Signal peptide|Transmembrane domain,Peripheral|Transmembrane,0.16940000653266907,0.0843999981880188,0.026799999177455902,0.20499999821186066,0.21170000731945038,0.00419999985024333,0.9089999794960022,0.14949999749660492,0.14749999344348907,0.010300000198185444,0.6274999976158142,0.8108999729156494,0.2531999945640564,0.2079000025987625
ENSG00000160870,Endoplasmic reticulum,Signal peptide|Transmembrane domain,Peripheral|Transmembrane,0.15289999544620514,0.07010000199079514,0.026100000366568565,0.210099995136261,0.21359999477863312,0.004399999976158142,0.9071999788284302,0.13760000467300415,0.13580000400543213,0.01269999984651804,0.6333000063896179,0.8044999837875366,0.26170000433921814,0.2101999968290329
ENSG00000160882,Mitochondrion,Mitochondrial transit peptide,Peripheral,0.218299999833107,0.12880000472068787,0.09300000220537186,0.20489999651908875,0.833299994468689,0.003800000064074993,0.09399999678134918,0.0812000036239624,0.0617000013589859,0.0333000011742115,0.7361000180244446,0.38359999656677246,0.23899999260902405,0.4860999882221222
ENSG00000160883,Cytoplasm,Nuclear export signal,Soluble,0.6848000288009644,0.444599986076355,0.04450000077486038,0.32100000977516174,0.3091999888420105,0.0031999999191612005,0.24660000205039978,0.3495999872684479,0.38909998536109924,0.13429999351501465,0.5583999752998352,0.12690000236034393,0.3059999942779541,0.8054999709129333
ENSG00000161013,Golgi apparatus,Signal peptide|Transmembrane domain,Transmembrane,0.14910000562667847,0.14959999918937683,0.20319999754428864,0.21379999816417694,0.052799999713897705,0.0010000000474974513,0.45179998874664307,0.23849999904632568,0.9487000107765198,0.015799999237060547,0.3343999981880188,0.9129999876022339,0.19120000302791595,0.24779999256134033
ENSG00000161031,Extracellular,Signal peptide,Soluble,0.22910000383853912,0.09520000219345093,0.8715000152587891,0.33079999685287476,0.20170000195503235,0.005200000014156103,0.4925999939441681,0.33959999680519104,0.364300012588501,0.011900000274181366,0.3422999978065491,0.18379999697208405,0.16920000314712524,0.8213000297546387
ENSG00000161217,Nucleus,Nuclear export signal,Peripheral|Soluble,0.46810001134872437,0.5232999920845032,0.032999999821186066,0.19550000131130219,0.3368000090122223,0.03790000081062317,0.31450000405311584,0.23980000615119934,0.3783999979496002,0.01549999974668026,0.6608999967575073,0.06430000066757202,0.6894000172615051,0.6783000230789185
ENSG00000161267,Mitochondrion,Mitochondrial transit peptide,Peripheral,0.2198999971151352,0.13830000162124634,0.04479999840259552,0.10610000044107437,0.8779000043869019,0.042899999767541885,0.1386999934911728,0.0794999971985817,0.09610000252723694,0.10750000178813934,0.717199981212616,0.2493000030517578,0.23080000281333923,0.47209998965263367
ENSG00000161281,Mitochondrion,Transmembrane domain|Mitochondrial transit peptide,Transmembrane,0.09669999778270721,0.05689999833703041,0.028599999845027924,0.08709999918937683,0.9368000030517578,0.004999999888241291,0.0551999993622303,0.04490000009536743,0.05270000174641609,0.005900000222027302,0.15360000729560852,0.974399983882904,0.07819999754428864,0.08730000257492065
ENSG00000161513,Mitochondrion,Mitochondrial transit peptide,Peripheral|Soluble,0.3783000111579895,0.21469999849796295,0.03669999912381172,0.07090000063180923,0.9032999873161316,0.00019999999494757503,0.13429999351501465,0.07119999825954437,0.09929999709129333,0.00430000014603138,0.657800018787384,0.1420000046491623,0.1527000069618225,0.7549999952316284
ENSG00000161533,Peroxisome,Peroxisomal targeting signal,Soluble,0.1965000033378601,0.16369999945163727,0.04520000144839287,0.10689999908208847,0.10180000215768814,0.013700000010430813,0.06849999725818634,0.039000000804662704,0.02280000038444996,0.9943000078201294,0.5307999849319458,0.14790000021457672,0.19609999656677246,0.7656999826431274
ENSG00000161653,Mitochondrion,Mitochondrial transit peptide,Soluble,0.2054000049829483,0.2053000032901764,0.05530000105500221,0.08269999921321869,0.7972999811172485,0.00860000029206276,0.03319999948143959,0.08829999715089798,0.10689999908208847,0.015200000256299973,0.5242000222206116,0.13729999959468842,0.26100000739097595,0.7929999828338623
ENSG00000161714,Cytoplasm|Cell membrane,,Peripheral|Soluble,0.6014000177383423,0.3580000102519989,0.09830000251531601,0.6825000047683716,0.20360000431537628,0.00279999990016222,0.22419999539852142,0.5267000198364258,0.19859999418258667,0.007600000128149986,0.8474000096321106,0.17880000174045563,0.48260000348091125,0.5982999801635742
ENSG00000161798,Cell membrane|Lysosome/Vacuole,Transmembrane domain,Transmembrane,0.2791000008583069,0.05990000069141388,0.09229999780654907,0.8034999966621399,0.1143999993801117,0.029100000858306885,0.3452000021934509,0.5974000096321106,0.4221000075340271,0.05130000039935112,0.051500000059604645,0.9718999862670898,0.3328999876976013,0.14149999618530273
ENSG00000161896,Cytoplasm,Nuclear export signal,Soluble,0.7263000011444092,0.5012000203132629,0.07360000163316727,0.1860000044107437,0.31679999828338623,0.003100000089034438,0.3046000003814697,0.26420000195503235,0.24490000307559967,0.007499999832361937,0.3887999951839447,0.04839999973773956,0.27410000562667847,0.9063000082969666
ENSG00000161905,Cytoplasm,,Soluble,0.6604999899864197,0.29170000553131104,0.2451999932527542,0.44760000705718994,0.3197999894618988,0.0272000003606081,0.12200000137090683,0.2741999924182892,0.21930000185966492,0.025800000876188278,0.557200014591217,0.13519999384880066,0.14560000598430634,0.8100000023841858
ENSG00000161980,Nucleus,Nuclear export signal,Soluble,0.38960000872612,0.7615000009536743,0.03739999979734421,0.07530000060796738,0.23170000314712524,0.023600000888109207,0.19499999284744263,0.3287999927997589,0.10360000282526016,0.010300000198185444,0.19709999859333038,0.06430000066757202,0.10499999672174454,0.7800999879837036
ENSG00000162040,Golgi apparatus,Signal peptide|Transmembrane domain,Transmembrane,0.15790000557899475,0.06369999796152115,0.32919999957084656,0.3386000096797943,0.08429999649524689,0.0034000000450760126,0.5040000081062317,0.2587999999523163,0.9106000065803528,0.03750000149011612,0.31040000915527344,0.8395000100135803,0.3000999987125397,0.30399999022483826
ENSG00000162066,Cytoplasm,,Soluble,0.6638000011444092,0.3560999929904938,0.18400000035762787,0.186599999666214,0.39259999990463257,0.004100000020116568,0.225600004196167,0.38999998569488525,0.3070000112056732,0.1006999984383583,0.40149998664855957,0.1185000017285347,0.5889000296592712,0.7853000164031982
ENSG00000162104,Cell membrane,Signal peptide|Transmembrane domain,Transmembrane,0.1956000030040741,0.15289999544620514,0.014100000262260437,0.6944000124931335,0.07339999824762344,0.026799999177455902,0.4050999879837036,0.41029998660087585,0.5315999984741211,0.12780000269412994,0.08290000259876251,0.994700014591217,0.13609999418258667,0.1039000004529953
ENSG00000162139,Cytoplasm|Cell membrane|Lysosome/Vacuole,Nuclear export signal,Peripheral|Soluble,0.551800012588501,0.27649998664855957,0.3037000000476837,0.6198999881744385,0.45809999108314514,0.002300000051036477,0.352400004863739,0.6585000157356262,0.450300008058548,0.10869999974966049,0.6173999905586243,0.2784999907016754,0.36719998717308044,0.6098999977111816
ENSG00000162174,Cytoplasm,Nuclear export signal|Peroxisomal targeting signal,Soluble,0.7836999893188477,0.426800012588501,0.04520000144839287,0.18199999630451202,0.18050000071525574,0.1014999970793724,0.18219999969005585,0.14489999413490295,0.19110000133514404,0.4106000065803528,0.31439998745918274,0.05700000002980232,0.2741999924182892,0.8363000154495239
ENSG00000162298,Endoplasmic reticulum,Signal peptide|Transmembrane domain,Transmembrane,0.1632000058889389,0.17059999704360962,0.008799999952316284,0.439300000667572,0.16120000183582306,0.0010999999940395355,0.7753000259399414,0.2842999994754791,0.5806999802589417,0.010700000450015068,0.1835000067949295,0.9728000164031982,0.04780000075697899,0.17339999973773956
ENSG00000162365,Endoplasmic reticulum,Signal peptide|Transmembrane domain,Peripheral|Transmembrane,0.19599999487400055,0.11900000274181366,0.07249999791383743,0.17900000512599945,0.14069999754428864,0.007600000128149986,0.8847000002861023,0.15209999680519104,0.11680000275373459,0.09929999709129333,0.7121999859809875,0.7991999983787537,0.3262999951839447,0.23559999465942383
ENSG00000162368,Cytoplasm,Nuclear export signal,Soluble,0.7932999730110168,0.3012000024318695,0.20010000467300415,0.26420000195503235,0.3537999987602234,0.016599999740719795,0.29190000891685486,0.2214999943971634,0.2773999869823456,0.1103999987244606,0.20980000495910645,0.048700001090765,0.32249999046325684,0.866599977016449
ENSG00000162383,Cell membrane,Transmembrane domain,Transmembrane,0.09430000185966492,0.059300001710653305,0.046300001442432404,0.8447999954223633,0.23119999468326569,0.008299999870359898,0.2240999937057495,0.46950000524520874,0.27649998664855957,0.021800000220537186,0.10660000145435333,0.9848999977111816,0.15780000388622284,0.10329999774694443
ENSG00000162390,Cytoplasm,Mitochondrial transit peptide,Soluble,0.5975000262260437,0.2524999976158142,0.11909999698400497,0.28929999470710754,0.5336999893188477,0.0754999965429306,0.22759999334812164,0.18979999423027039,0.18649999797344208,0.19519999623298645,0.45329999923706055,0.22949999570846558,0.22439999878406525,0.7955999970436096
ENSG00000162402,Cytoplasm|Nucleus,Nuclear export signal,Soluble,0.5612999796867371,0.5576000213623047,0.026399999856948853,0.31540000438690186,0.13809999823570251,0.015200000256299973,0.4018999934196472,0.42899999022483826,0.3928000032901764,0.018300000578165054,0.4867999851703644,0.20960000157356262,0.11140000075101852,0.7429999709129333
ENSG00000162407,Cell membrane|Endoplasmic reticulum,Signal peptide|Transmembrane domain,Transmembrane,0.06589999794960022,0.03220000118017197,0.06780000030994415,0.7350000143051147,0.046799998730421066,0.022299999371170998,0.7251999974250793,0.362199991941452,0.5942999720573425,0.00430000014603138,0.03909999877214432,0.9944999814033508,0.13500000536441803,0.09149999916553497
ENSG00000162433,Mitochondrion,Mitochondrial transit peptide,Soluble,0.37470000982284546,0.09730000048875809,0.04010000079870224,0.14480000734329224,0.8901000022888184,0.006599999964237213,0.04859999939799309,0.04919999837875366,0.026399999856948853,0.17739999294281006,0.590399980545044,0.0272000003606081,0.45080000162124634,0.8252000212669373
ENSG00000162482,Cytoplasm,,Soluble,0.7487000226974487,0.46459999680519104,0.08789999783039093,0.1152999997138977,0.503600001335144,0.008700000122189522,0.17219999432563782,0.27649998664855957,0.1679999977350235,0.03929999843239784,0.4997999966144562,0.07859999686479568,0.1639000028371811,0.8134999871253967
ENSG00000162496,Endoplasmic reticulum,Mitochondrial transit peptide,Peripheral|Transmembrane,0.31139999628067017,0.1551000028848648,0.08460000157356262,0.3009999990463257,0.42829999327659607,0.019899999722838402,0.8032000064849854,0.22269999980926514,0.263700008392334,0.07850000262260437,0.7559999823570251,0.8009999990463257,0.5449000000953674,0.18780000507831573
ENSG00000162551,Cell membrane,,Lipid anchor,0.09369999915361404,0.028699999675154686,0.3887999951839447,0.7815999984741211,0.060499999672174454,0.0012000000569969416,0.47850000858306885,0.41679999232292175,0.2773999869823456,0.012000000104308128,0.1915999948978424,0.33899998664855957,0.9805999994277954,0.2770000100135803
ENSG00000162607,Nucleus,Nuclear localization signal,Soluble,0.44699999690055847,0.8996999859809875,0.007400000002235174,0.05779999867081642,0.10119999945163727,0.026399999856948853,0.08990000188350677,0.06030000001192093,0.1703999936580658,0.011599999852478504,0.4124999940395355,0.10679999738931656,0.12409999966621399,0.8561999797821045
ENSG00000162630,Golgi apparatus,Signal peptide|Transmembrane domain,Transmembrane,0.11760000139474869,0.08020000159740448,0.3912999927997589,0.21960000693798065,0.049800001084804535,0.002400000113993883,0.19120000302791595,0.1606999933719635,0.8960999846458435,0.02250000089406967,0.2648000121116638,0.9305999875068665,0.12479999661445618,0.19709999859333038
ENSG00000162688,Cytoplasm,Nuclear export signal,Soluble,0.7200000286102295,0.24950000643730164,0.13459999859333038,0.3070000112056732,0.26489999890327454,0.05469999834895134,0.3294000029563904,0.26840001344680786,0.2558000087738037,0.0794999971985817,0.39259999990463257,0.25429999828338623,0.08510000258684158,0.7595999836921692
ENSG00000162694,Golgi apparatus,Signal peptide,Transmembrane,0.1860000044107437,0.1128000020980835,0.36410000920295715,0.1177000030875206,0.04100000113248825,0.002899999963119626,0.3919999897480011,0.27799999713897705,0.7770000100135803,0.007199999876320362,0.3971000015735626,0.8072999715805054,0.06589999794960022,0.31439998745918274
ENSG00000162695,Lysosome/Vacuole|Golgi apparatus,Transmembrane domain,Transmembrane,0.12800000607967377,0.16949999332427979,0.006500000134110451,0.4797999858856201,0.15860000252723694,0.0017000000225380063,0.47429999709129333,0.6837000250816345,0.7954000234603882,0.04619999974966049,0.19059999287128448,0.965499997138977,0.23810000717639923,0.11289999634027481
ENSG00000162813,Cytoplasm|Nucleus,Nuclear export signal,Soluble,0.8285999894142151,0.5820000171661377,0.05400000140070915,0.2883000075817108,0.18050000071525574,0.0689999982714653,0.21369999647140503,0.12349999696016312,0.28049999475479126,0.03819999843835831,0.40290001034736633,0.06650000065565109,0.15600000321865082,0.832099974155426
ENSG00000162836,Mitochondrion,Mitochondrial transit peptide,Soluble,0.28209999203681946,0.12870000302791595,0.31779998540878296,0.1014999970793724,0.8792999982833862,0.06019999831914902,0.11800000071525574,0.10239999741315842,0.10779999941587448,0.13899999856948853,0.5950999855995178,0.3398999869823456,0.1444000005722046,0.6236000061035156
ENSG00000162882,Cytoplasm|Nucleus,Nuclear export signal,Soluble,0.5450000166893005,0.5598999857902527,0.05990000069141388,0.27230000495910645,0.3057999908924103,0.0026000000070780516,0.33329999446868896,0.3434000015258789,0.3158000111579895,0.021199999377131462,0.5685999989509583,0.1242000013589859,0.23739999532699585,0.7476999759674072
ENSG00000162885,Extracellular|Golgi apparatus,Signal peptide,Transmembrane,0.15700000524520874,0.06920000165700912,0.6383000016212463,0.2549999952316284,0.09719999879598618,0.0024999999441206455,0.5638999938964844,0.3271999955177307,0.8485000133514404,0.010499999858438969,0.5575000047683716,0.7164000272750854,0.18889999389648438,0.34540000557899475
ENSG00000163002,Nucleus,Nuclear export signal,Peripheral|Soluble,0.33079999685287476,0.5142999887466431,0.04399999976158142,0.27250000834465027,0.1851000040769577,0.030300000682473183,0.3529999852180481,0.33889999985694885,0.3635999858379364,0.08540000021457672,0.6269000172615051,0.07999999821186066,0.4404999911785126,0.6092000007629395
ENSG00000163012,Cytoplasm|Nucleus,Nuclear export signal,Soluble,0.6841999888420105,0.5131000280380249,0.045099999755620956,0.17309999465942383,0.11289999634027481,0.009800000116229057,0.15360000729560852,0.2483000010251999,0.2354000061750412,0.15369999408721924,0.3549000024795532,0.09989999979734421,0.13410000503063202,0.8655999898910522
ENSG00000163082,Endoplasmic reticulum,Transmembrane domain,Transmembrane,0.09780000150203705,0.12300000339746475,0.006099999882280827,0.23600000143051147,0.1632000058889389,0.08370000123977661,0.6556000113487244,0.2870999872684479,0.303600013256073,0.032600000500679016,0.06400000303983688,0.991599977016449,0.07169999927282333,0.12700000405311584
ENSG00000163106,Cytoplasm,Peroxisomal targeting signal,Soluble,0.7678999900817871,0.19179999828338623,0.243599995970726,0.21580000221729279,0.08860000222921371,0.020800000056624413,0.40230000019073486,0.024800000712275505,0.12070000171661377,0.7077999711036682,0.35359999537467957,0.0997999981045723,0.0414000004529953,0.8130999803543091
ENSG00000163114,Mitochondrion,Mitochondrial transit peptide,Peripheral|Soluble,0.10729999840259552,0.06120000034570694,0.03440000116825104,0.12160000205039978,0.9057000279426575,0.008299999870359898,0.06449999660253525,0.0575999990105629,0.06080000102519989,0.03280000016093254,0.6216999888420105,0.07460000365972519,0.18129999935626984,0.6852999925613403
ENSG00000163131,Extracellular|Lysosome/Vacuole,Signal peptide,Soluble,0.19550000131130219,0.06350000202655792,0.738099992275238,0.1251000016927719,0.08160000294446945,0.0006000000284984708,0.22110000252723694,0.6948000192642212,0.14390000700950623,0.0006000000284984708,0.33399999141693115,0.0658000037074089,0.09229999780654907,0.8747000098228455
ENSG00000163162,Lysosome/Vacuole,Signal peptide|Transmembrane domain,Transmembrane,0.2644999921321869,0.08860000222921371,0.07000000029802322,0.47290000319480896,0.04610000178217888,0.006099999882280827,0.4887999892234802,0.6539000272750854,0.5587000250816345,0.04089999943971634,0.09929999709129333,0.980400025844574,0.3255000114440918,0.13650000095367432
ENSG00000163218,Extracellular,Signal peptide,Soluble,0.18559999763965607,0.1006999984383583,0.9298999905586243,0.21160000562667847,0.16329999268054962,0.0035000001080334187,0.24650000035762787,0.32280001044273376,0.2847000062465668,0.0034000000450760126,0.3578000068664551,0.08479999750852585,0.14470000565052032,0.8575999736785889
ENSG00000163281,Cytoplasm,,Soluble,0.7142999768257141,0.27230000495910645,0.07129999995231628,0.2433999925851822,0.33959999680519104,0.007400000002235174,0.1632000058889389,0.09619999676942825,0.12470000237226486,0.0794999971985817,0.4880000054836273,0.06769999861717224,0.21359999477863312,0.7675999999046326
ENSG00000163283,Cell membrane,Signal peptide,Lipid anchor,0.1160999983549118,0.048700001090765,0.5722000002861023,0.7861999869346619,0.053700000047683716,0.00039999998989515007,0.357699990272522,0.41769999265670776,0.2922999858856201,0.009700000286102295,0.1809999942779541,0.32420000433921814,0.9811000227928162,0.3598000109195709
ENSG00000163286,Cell membrane,,Lipid anchor,0.1062999963760376,0.05469999834895134,0.5062000155448914,0.8180000185966492,0.06440000236034393,0.0003000000142492354,0.3822999894618988,0.44029998779296875,0.29499998688697815,0.010400000028312206,0.20090000331401825,0.34049999713897705,0.9853000044822693,0.31869998574256897
ENSG00000163295,Cell membrane,,Lipid anchor,0.11219999939203262,0.04280000180006027,0.513700008392334,0.8083000183105469,0.055799998342990875,0.0005000000237487257,0.374099999666214,0.4733000099658966,0.2759000062942505,0.011599999852478504,0.18930000066757202,0.2928999960422516,0.9805999994277954,0.36959999799728394
ENSG00000163344,Cytoplasm,Nuclear export signal,Soluble,0.6830000281333923,0.42820000648498535,0.09510000050067902,0.24639999866485596,0.414900004863739,0.0008999999845400453,0.43720000982284546,0.08720000088214874,0.2529999911785126,0.20260000228881836,0.3937999904155731,0.11599999666213989,0.2827000021934509,0.8539999723434448
ENSG00000163352,Mitochondrion,,Transmembrane,0.20229999721050262,0.3440000116825104,0.40139999985694885,0.13729999959468842,0.5224999785423279,0.19939999282360077,0.29989999532699585,0.09049999713897705,0.10809999704360962,0.3686999976634979,0.24490000307559967,0.7652999758720398,0.09709999710321426,0.396699994802475
ENSG00000163393,Cell membrane,Transmembrane domain,Transmembrane,0.18790000677108765,0.0771000012755394,0.0421999990940094,0.7127000093460083,0.16169999539852142,0.006200000178068876,0.2565000057220459,0.5683000087738037,0.4717000126838684,0.2418999969959259,0.10840000212192535,0.9776999950408936,0.15839999914169312,0.14180000126361847
ENSG00000163399,Cell membrane,Transmembrane domain,Transmembrane,0.20229999721050262,0.10440000146627426,0.01489999983459711,0.8098999857902527,0.16120000183582306,0.0052999998442828655,0.4975999891757965,0.48240000009536743,0.39469999074935913,0.014700000174343586,0.14659999310970306,0.9448000192642212,0.1446000039577484,0.16990000009536743
ENSG00000163406,Cell membrane,Signal peptide|Transmembrane domain,Transmembrane,0.14429999887943268,0.09350000321865082,0.02889999933540821,0.7430999875068665,0.08449999988079071,0.004900000058114529,0.3529999852180481,0.3977000117301941,0.29280000925064087,0.053700000047683716,0.06909999996423721,0.9840999841690063,0.13289999961853027,0.1054999977350235
ENSG00000163481,Cytoplasm,Nuclear export signal,Soluble,0.7825000286102295,0.4334999918937683,0.07090000063180923,0.06989999860525131,0.12110000103712082,0.00559999980032444,0.20669999718666077,0.14869999885559082,0.3124000132083893,0.046799998730421066,0.3330000042915344,0.0544000007212162,0.13600000739097595,0.9052000045776367
ENSG00000163521,Lysosome/Vacuole,Signal peptide,Soluble,0.20800000429153442,0.09260000288486481,0.44200000166893005,0.27720001339912415,0.07460000365972519,0.0044999998062849045,0.5590999722480774,0.6919000148773193,0.3797000050544739,0.009100000374019146,0.4309999942779541,0.27390000224113464,0.065700002014637,0.71670001745224
ENSG00000163527,Endoplasmic reticulum,Signal peptide|Transmembrane domain,Transmembrane,0.1282999962568283,0.13600000739097595,0.0272000003606081,0.2639000117778778,0.15489999949932098,0.003800000064074993,0.8970999717712402,0.11749999970197678,0.4763000011444092,0.0031999999191612005,0.2906999886035919,0.9009000062942505,0.1160999983549118,0.1784999966621399
ENSG00000163541,Mitochondrion,Mitochondrial transit peptide,Peripheral|Soluble,0.18770000338554382,0.10019999742507935,0.03590000048279762,0.16429999470710754,0.9085999727249146,0.001500000013038516,0.09099999815225601,0.04360000044107437,0.10670000314712524,0.04190000146627426,0.6524999737739563,0.10589999705553055,0.19110000133514404,0.722599983215332
ENSG00000163581,Cell membrane,Transmembrane domain,Transmembrane,0.11779999732971191,0.06629999727010727,0.05849999934434891,0.8392999768257141,0.22859999537467957,0.007300000172108412,0.18970000743865967,0.3450999855995178,0.359499990940094,0.04019999876618385,0.07909999787807465,0.9666000008583069,0.21140000224113464,0.15539999306201935
ENSG00000163586,Cytoplasm,Nuclear localization signal,Soluble,0.8051999807357788,0.38089999556541443,0.5192999839782715,0.33489999175071716,0.45249998569488525,0.10159999877214432,0.15780000388622284,0.034699998795986176,0.19200000166893005,0.02329999953508377,0.20229999721050262,0.09359999746084213,0.057500001043081284,0.852400004863739
ENSG00000163590,Endoplasmic reticulum|Golgi apparatus,Signal peptide|Transmembrane domain,Transmembrane,0.19480000436306,0.19830000400543213,0.08340000361204147,0.1388999968767166,0.2750000059604645,0.04039999842643738,0.845300018787384,0.19329999387264252,0.6761000156402588,0.053700000047683716,0.4056999981403351,0.8224999904632568,0.40119999647140503,0.2635999917984009
ENSG00000163624,Endoplasmic reticulum,Transmembrane domain,Transmembrane,0.16910000145435333,0.13729999959468842,0.008100000210106373,0.28929999470710754,0.2393999993801117,0.0017999999690800905,0.7907999753952026,0.23510000109672546,0.6365000009536743,0.00419999985024333,0.179299995303154,0.9886999726295471,0.08699999749660492,0.08799999952316284
ENSG00000163631,Extracellular,Signal peptide,Soluble,0.11949999630451202,0.07079999893903732,0.9114999771118164,0.08969999849796295,0.04170000180602074,0.002300000051036477,0.16699999570846558,0.3037000000476837,0.1720000058412552,0.0019000000320374966,0.49559998512268066,0.03779999911785126,0.10540000349283218,0.9115999937057495
ENSG00000163655,Cytoplasm,Nuclear export signal,Soluble,0.7903000116348267,0.4607999920845032,0.03240000084042549,0.13539999723434448,0.4235999882221222,0.02879999950528145,0.18610000610351562,0.1306000053882599,0.0729999989271164,0.053599998354911804,0.4620000123977661,0.08780000358819962,0.3303000032901764,0.8507999777793884
ENSG00000163659,Cytoplasm|Nucleus,,Soluble,0.6211000084877014,0.5472999811172485,0.06639999896287918,0.17010000348091125,0.0820000022649765,0.013799999840557575,0.30799999833106995,0.2143000066280365,0.14059999585151672,0.13459999859333038,0.3476000130176544,0.050599999725818634,0.10509999841451645,0.9128999710083008
ENSG00000163686,Endoplasmic reticulum,Signal peptide,Peripheral|Transmembrane,0.27219998836517334,0.15189999341964722,0.13510000705718994,0.17010000348091125,0.3968000113964081,0.08460000157356262,0.9409999847412109,0.39340001344680786,0.19709999859333038,0.04960000142455101,0.7171000242233276,0.6748999953269958,0.271699994802475,0.2824000120162964
ENSG00000163719,Cytoplasm,Nuclear export signal,Peripheral|Soluble,0.7282999753952026,0.3472000062465668,0.03579999879002571,0.29580000042915344,0.25870001316070557,0.00860000029206276,0.3968000113964081,0.40119999647140503,0.48339998722076416,0.26269999146461487,0.6349999904632568,0.10890000313520432,0.27630001306533813,0.8185999989509583
ENSG00000163738,Mitochondrion,Mitochondrial transit peptide,Soluble,0.21789999306201935,0.14800000190734863,0.07320000231266022,0.09769999980926514,0.9395999908447266,0.0010999999940395355,0.058800000697374344,0.094200000166893,0.14710000157356262,0.08709999918937683,0.478300005197525,0.14499999582767487,0.24570000171661377,0.7664999961853027
ENSG00000163743,Cytoplasm|Nucleus,Nuclear export signal,Soluble,0.536300003528595,0.6284999847412109,0.030899999663233757,0.17090000212192535,0.09570000320672989,0.012600000016391277,0.22949999570846558,0.2565000057220459,0.07209999859333038,0.09070000052452087,0.32580000162124634,0.05590000003576279,0.1655000001192093,0.8302000164985657
ENSG00000163751,Extracellular,Signal peptide,Soluble,0.11289999634027481,0.02879999950528145,0.7771999835968018,0.14830000698566437,0.042399998754262924,0.00419999985024333,0.2240000069141388,0.39590001106262207,0.23680000007152557,0.0005000000237487257,0.20649999380111694,0.11620000004768372,0.08309999853372574,0.8531000018119812
ENSG00000163754,Cytoplasm,Nuclear export signal,Soluble,0.784600019454956,0.23399999737739563,0.08659999817609787,0.10029999911785126,0.17990000545978546,0.006800000090152025,0.40709999203681946,0.2554999887943268,0.588100016117096,0.133200004696846,0.23070000112056732,0.06930000334978104,0.1996999979019165,0.8061000108718872
ENSG00000163755,Cytoplasm,,Peripheral|Soluble,0.4846000075340271,0.26109999418258667,0.05869999900460243,0.181099995970726,0.2542000114917755,0.022199999541044235,0.3653999865055084,0.44699999690055847,0.3197000026702881,0.019500000402331352,0.6531000137329102,0.20000000298023224,0.20909999310970306,0.6941999793052673
ENSG00000163803,Cell membrane,Signal peptide|Transmembrane domain,Transmembrane,0.23350000381469727,0.13619999587535858,0.38909998536109924,0.7789999842643738,0.037700001150369644,0.009999999776482582,0.15539999306201935,0.5834000110626221,0.31690001487731934,0.0640999972820282,0.22290000319480896,0.777899980545044,0.44130000472068787,0.4271000027656555
ENSG00000163810,Cytoplasm,Nuclear localization signal,Soluble,0.7087000012397766,0.3021000027656555,0.4975999891757965,0.3336000144481659,0.2971999943256378,0.01360000018030405,0.2648000121116638,0.16869999468326569,0.28029999136924744,0.012500000186264515,0.3610000014305115,0.19529999792575836,0.1370999962091446,0.8439000248908997
ENSG00000163812,Golgi apparatus,Signal peptide|Transmembrane domain,Transmembrane,0.2101999968290329,0.05299999937415123,0.02630000002682209,0.40860000252723694,0.09149999916553497,0.003000000026077032,0.5875999927520752,0.40459999442100525,0.7854999899864197,0.0026000000070780516,0.11069999635219574,0.9817000031471252,0.05460000038146973,0.09719999879598618
ENSG00000163817,Cell membrane,Transmembrane domain,Transmembrane,0.11630000174045563,0.060499999672174454,0.02239999920129776,0.853600025177002,0.07169999927282333,0.00419999985024333,0.14669999480247498,0.49900001287460327,0.1996999979019165,0.007499999832361937,0.09049999713897705,0.989300012588501,0.08659999817609787,0.09220000356435776
ENSG00000163864,Cytoplasm|Mitochondrion,,Soluble,0.6464999914169312,0.4489000141620636,0.060100000351667404,0.06970000267028809,0.6995000243186951,0.0052999998442828655,0.2980000078678131,0.12620000541210175,0.29809999465942383,0.028200000524520874,0.3549000024795532,0.05079999938607216,0.2386000007390976,0.8539000153541565
ENSG00000163882,Cytoplasm|Nucleus,Nuclear export signal,Soluble,0.60589998960495,0.5182999968528748,0.16670000553131104,0.19130000472068787,0.1923000067472458,0.027499999850988388,0.1436000019311905,0.15790000557899475,0.18310000002384186,0.09809999912977219,0.4943999946117401,0.15479999780654907,0.25,0.6104999780654907
ENSG00000163902,Endoplasmic reticulum,Signal peptide|Transmembrane domain,Transmembrane,0.17059999704360962,0.11659999936819077,0.009800000116229057,0.29739999771118164,0.05380000174045563,0.006099999882280827,0.8539000153541565,0.3249000012874603,0.5281000137329102,0.026100000366568565,0.1875,0.958299994468689,0.11020000278949738,0.1468999981880188
ENSG00000163931,Cytoplasm,Nuclear export signal|Peroxisomal targeting signal,Soluble,0.8403000235557556,0.23389999568462372,0.0617000013589859,0.37700000405311584,0.387800008058548,0.011500000022351742,0.3571999967098236,0.13770000636577606,0.3009999990463257,0.28209999203681946,0.4106999933719635,0.09629999846220016,0.2134999930858612,0.8252000212669373
ENSG00000163958,Golgi apparatus,Signal peptide|Transmembrane domain,Transmembrane,0.16779999434947968,0.05169999971985817,0.04839999973773956,0.4388999938964844,0.06700000166893005,0.011800000444054604,0.59170001745224,0.4456000030040741,0.6883999705314636,0.003100000089034438,0.1445000022649765,0.9745000004768372,0.08569999784231186,0.15539999306201935
ENSG00000163959,Cell membrane,Signal peptide|Transmembrane domain,Transmembrane,0.12870000302791595,0.07540000230073929,0.0674000009894371,0.8600000143051147,0.039799999445676804,0.032999999821186066,0.358599990606308,0.37299999594688416,0.5273000001907349,0.030300000682473183,0.11890000104904175,0.9879000186920166,0.1671999990940094,0.07540000230073929
ENSG00000163964,Endoplasmic reticulum|Golgi apparatus,Signal peptide,Transmembrane,0.25920000672340393,0.10589999705553055,0.08810000121593475,0.3930000066757202,0.10989999771118164,0.006300000008195639,0.7968000173568726,0.34700000286102295,0.6830000281333923,0.05939999967813492,0.13210000097751617,0.9541000127792358,0.2563999891281128,0.1688999980688095
ENSG00000164023,Cell membrane|Endoplasmic reticulum|Golgi apparatus,Signal peptide|Transmembrane domain,Transmembrane,0.058800000697374344,0.051600001752376556,0.011900000274181366,0.6358000040054321,0.17270000278949738,0.01360000018030405,0.8127999901771545,0.31139999628067017,0.6948999762535095,0.0027000000700354576,0.1923999935388565,0.9726999998092651,0.13349999487400055,0.0860000029206276
ENSG00000164039,Cytoplasm,,Soluble,0.6424999833106995,0.26010000705718994,0.3059000074863434,0.29679998755455017,0.4327000081539154,0.032600000500679016,0.12960000336170197,0.2222999930381775,0.2492000013589859,0.2863999903202057,0.5763000249862671,0.17839999496936798,0.34860000014305115,0.5473999977111816
ENSG00000164068,Cytoplasm,Nuclear export signal,Soluble,0.5654000043869019,0.3889000117778778,0.05050000175833702,0.1768999993801117,0.14550000429153442,0.04010000079870224,0.36970001459121704,0.4869999885559082,0.34279999136924744,0.08810000121593475,0.4383000135421753,0.24969999492168427,0.1340000033378601,0.7307000160217285
ENSG00000164089,Nucleus,Nuclear localization signal,Soluble,0.3959999978542328,0.8359000086784363,0.05790000036358833,0.10809999704360962,0.2924000024795532,0.01489999983459711,0.13279999792575836,0.013000000268220901,0.04309999942779541,0.5412999987602234,0.28529998660087585,0.0722000002861023,0.48750001192092896,0.8913999795913696
ENSG00000164100,Golgi apparatus,Signal peptide|Transmembrane domain,Transmembrane,0.16439999639987946,0.11289999634027481,0.3386000096797943,0.251800000667572,0.0617000013589859,0.006800000090152025,0.4381999969482422,0.34450000524520874,0.9000999927520752,0.0142000000923872,0.2434999942779541,0.9239000082015991,0.3147999942302704,0.257099986076355
ENSG00000164116,Cytoplasm,,Peripheral|Soluble,0.6686000227928162,0.1972000002861023,0.048900000751018524,0.4943999946117401,0.2924000024795532,0.011300000362098217,0.25119999051094055,0.34549999237060547,0.30649998784065247,0.14319999516010284,0.6018000245094299,0.10350000113248825,0.48539999127388,0.7936000227928162
ENSG00000164120,Cytoplasm,,Soluble,0.6940000057220459,0.26969999074935913,0.1128000020980835,0.17090000212192535,0.3481999933719635,0.005499999970197678,0.08309999853372574,0.11209999769926071,0.08730000257492065,0.06419999897480011,0.3928000032901764,0.14749999344348907,0.30320000648498535,0.777400016784668
ENSG00000164181,Endoplasmic reticulum,Signal peptide|Transmembrane domain,Transmembrane,0.053199999034404755,0.07419999688863754,0.008899999782443047,0.36629998683929443,0.22030000388622284,0.005799999926239252,0.9229999780654907,0.14139999449253082,0.34310001134872437,0.02329999953508377,0.07919999957084656,0.9878000020980835,0.048700001090765,0.08389999717473984
ENSG00000164197,Cytoplasm|Nucleus,Nuclear localization signal,Transmembrane,0.5478000044822693,0.5184000134468079,0.05829999968409538,0.14169999957084656,0.0771000012755394,0.010200000368058681,0.48420000076293945,0.21719999611377716,0.33480000495910645,0.03180000185966492,0.1509999930858612,0.7177000045776367,0.14710000157356262,0.4758000075817108
ENSG00000164211,Cytoplasm|Nucleus,Nuclear export signal,Soluble,0.6263999938964844,0.5453000068664551,0.05770000070333481,0.3749000132083893,0.3619999885559082,0.010900000110268593,0.21220000088214874,0.10320000350475311,0.17980000376701355,0.02500000037252903,0.49480000138282776,0.28369998931884766,0.19470000267028809,0.6349999904632568
ENSG00000164258,Mitochondrion,Mitochondrial transit peptide,Peripheral|Soluble,0.15029999613761902,0.15559999644756317,0.03790000081062317,0.0697999969124794,0.9559999704360962,0.020899999886751175,0.056299999356269836,0.0632999986410141,0.08609999716281891,0.041099999099969864,0.6276999711990356,0.055799998342990875,0.17030000686645508,0.6401000022888184
ENSG00000164294,Endoplasmic reticulum,Signal peptide,Transmembrane,0.2264000028371811,0.10610000044107437,0.22139999270439148,0.2563999891281128,0.33079999685287476,0.027499999850988388,0.9162999987602234,0.41589999198913574,0.42309999465942383,0.13740000128746033,0.3138999938964844,0.6741999983787537,0.42160001397132874,0.39010000228881836
ENSG00000164303,Cell membrane,,Lipid anchor,0.10999999940395355,0.04960000142455101,0.5049999952316284,0.734000027179718,0.094200000166893,0.0013000000035390258,0.41819998621940613,0.47920000553131104,0.31709998846054077,0.016899999231100082,0.28780001401901245,0.24719999730587006,0.9837999939918518,0.36239999532699585
ENSG00000164329,Cytoplasm|Nucleus,Nuclear localization signal,Soluble,0.48969998955726624,0.8790000081062317,0.026599999517202377,0.02979999966919422,0.08479999750852585,0.007499999832361937,0.1354999989271164,0.04270000010728836,0.03889999911189079,0.0357000008225441,0.19580000638961792,0.04149999842047691,0.07150000333786011,0.9289000034332275
ENSG00000164347,Mitochondrion,Mitochondrial transit peptide,Soluble,0.23119999468326569,0.12700000405311584,0.009999999776482582,0.05090000107884407,0.9359999895095825,0.023800000548362732,0.1062999963760376,0.02889999933540821,0.10719999670982361,0.059300001710653305,0.5170999765396118,0.13770000636577606,0.06279999762773514,0.8130000233650208
ENSG00000164363,Cell membrane,Transmembrane domain,Transmembrane,0.13220000267028809,0.048900000751018524,0.029100000858306885,0.8378000259399414,0.11339999735355377,0.0032999999821186066,0.15710000693798065,0.43799999356269836,0.16760000586509705,0.005400000140070915,0.12540000677108765,0.9854000210762024,0.08060000091791153,0.10830000042915344
ENSG00000164398,Endoplasmic reticulum,,Transmembrane,0.3012999892234802,0.11379999667406082,0.09839999675750732,0.3522999882698059,0.5950999855995178,0.16019999980926514,0.8137000203132629,0.14300000667572021,0.21379999816417694,0.33169999718666077,0.5321000218391418,0.8822000026702881,0.7491999864578247,0.22789999842643738
ENSG00000164405,Mitochondrion,Transmembrane domain,Transmembrane,0.1834000051021576,0.15139999985694885,0.024700000882148743,0.07000000029802322,0.8816999793052673,0.03290000185370445,0.12890000641345978,0.032600000500679016,0.013399999588727951,0.02449999935925007,0.17640000581741333,0.9860000014305115,0.025800000876188278,0.08139999955892563
ENSG00000164414,Golgi apparatus,Signal peptide|Transmembrane domain,Transmembrane,0.07169999927282333,0.09390000253915787,0.08190000057220459,0.32519999146461487,0.1647000014781952,0.02070000022649765,0.38089999556541443,0.3034999966621399,0.8704000115394592,0.08219999819993973,0.09210000187158585,0.9688000082969666,0.18619999289512634,0.12110000103712082
ENSG00000164434,Cytoplasm,Nuclear export signal,Soluble,0.8410000205039978,0.34929999709129333,0.4941999912261963,0.40209999680519104,0.5623000264167786,0.10930000245571136,0.19920000433921814,0.07649999856948853,0.3950999975204468,0.08269999921321869,0.3395000100135803,0.05469999834895134,0.1080000028014183,0.8323000073432922
ENSG00000164466,Mitochondrion,,Transmembrane,0.24150000512599945,0.07559999823570251,0.0754999965429306,0.14509999752044678,0.9053999781608582,0.09179999679327011,0.2741999924182892,0.20819999277591705,0.21359999477863312,0.35109999775886536,0.22310000658035278,0.9596999883651733,0.05849999934434891,0.1363999992609024
ENSG00000164494,Mitochondrion,Mitochondrial transit peptide,Soluble,0.20399999618530273,0.18619999289512634,0.027799999341368675,0.1005999967455864,0.8919000029563904,0.057100001722574234,0.0723000019788742,0.08229999989271164,0.09160000085830688,0.10289999842643738,0.357699990272522,0.25780001282691956,0.19830000400543213,0.7573999762535095
ENSG00000164535,Cell membrane|Lysosome/Vacuole,Transmembrane domain,Transmembrane,0.25679999589920044,0.12240000069141388,0.03500000014901161,0.6643999814987183,0.14470000565052032,0.01860000006854534,0.4528000056743622,0.7289000153541565,0.588100016117096,0.013799999840557575,0.11289999634027481,0.9725000262260437,0.3001999855041504,0.1324000060558319
ENSG00000164574,Golgi apparatus,Signal peptide,Transmembrane,0.1307000070810318,0.06310000270605087,0.4952999949455261,0.18860000371932983,0.11959999799728394,0.008700000122189522,0.38429999351501465,0.29019999504089355,0.89410001039505,0.031700000166893005,0.35100001096725464,0.916100025177002,0.21480000019073486,0.19210000336170197
ENSG00000164638,Cell membrane,Signal peptide|Transmembrane domain,Transmembrane,0.09510000050067902,0.06019999831914902,0.07370000332593918,0.6722000241279602,0.1371999979019165,0.010700000450015068,0.36070001125335693,0.5103999972343445,0.5781000256538391,0.19419999420642853,0.054999999701976776,0.9843000173568726,0.12479999661445618,0.12049999833106995
ENSG00000164663,Nucleus,Nuclear export signal,Soluble,0.36250001192092896,0.7547000050544739,0.014800000004470348,0.08070000261068344,0.08799999952316284,0.006500000134110451,0.10409999638795853,0.10639999806880951,0.13230000436306,0.08619999885559082,0.4587000012397766,0.049300000071525574,0.18410000205039978,0.8927000164985657
ENSG00000164687,Cytoplasm,Nuclear export signal|Peroxisomal targeting signal,Soluble,0.8629999756813049,0.298799991607666,0.367000013589859,0.3531000018119812,0.5935999751091003,0.0778999999165535,0.24070000648498535,0.10440000146627426,0.5160999894142151,0.12160000205039978,0.3962000012397766,0.03970000147819519,0.09939999878406525,0.8456000089645386
ENSG00000164707,Cell membrane|Endoplasmic reticulum,Transmembrane domain,Transmembrane,0.07129999995231628,0.06080000102519989,0.04019999876618385,0.7547000050544739,0.18610000610351562,0.006399999838322401,0.6399999856948853,0.3098999857902527,0.2517000138759613,0.021400000900030136,0.06920000165700912,0.9876000285148621,0.14390000700950623,0.09239999949932098
ENSG00000164708,Cytoplasm|Mitochondrion,Nuclear export signal,Soluble,0.8373000025749207,0.3199999928474426,0.09309999644756317,0.22380000352859497,0.7706000208854675,0.04430000111460686,0.18289999663829803,0.07329999655485153,0.19850000739097595,0.04390000179409981,0.49320000410079956,0.05820000171661377,0.23440000414848328,0.7498000264167786
ENSG00000164733,Extracellular|Lysosome/Vacuole,Signal peptide,Soluble,0.12600000202655792,0.05900000035762787,0.7822999954223633,0.2078000009059906,0.08669999986886978,0.0012000000569969416,0.2906000018119812,0.6536999940872192,0.32190001010894775,0.0008999999845400453,0.42100000381469727,0.04179999977350235,0.20029999315738678,0.8687000274658203
ENSG00000164742,Cell membrane,Signal peptide|Transmembrane domain,Transmembrane,0.15680000185966492,0.1331000030040741,0.013000000268220901,0.7360000014305115,0.07530000060796738,0.015300000086426735,0.35269999504089355,0.43299999833106995,0.5673999786376953,0.12839999794960022,0.16519999504089355,0.9912999868392944,0.1298000067472458,0.09560000151395798
ENSG00000164776,Cytoplasm,Nuclear export signal,Peripheral|Soluble,0.650600016117096,0.31610000133514404,0.010200000368058681,0.33899998664855957,0.42260000109672546,0.031099999323487282,0.4047999978065491,0.16189999878406525,0.4196999967098236,0.18129999935626984,0.616100013256073,0.120899997651577,0.5927000045776367,0.6970000267028809
ENSG00000164867,Cytoplasm|Cell membrane,,Peripheral,0.6489999890327454,0.227400004863739,0.051500000059604645,0.5841000080108643,0.4327000081539154,0.013000000268220901,0.225600004196167,0.3418000042438507,0.30550000071525574,0.05889999866485596,0.7242000102996826,0.24160000681877136,0.748199999332428,0.47909998893737793
ENSG00000164879,Cytoplasm,,Soluble,0.7073000073432922,0.2578999996185303,0.36640000343322754,0.2628999948501587,0.07850000262260437,0.015399999916553497,0.10379999876022339,0.31540000438690186,0.09130000323057175,0.007199999876320362,0.49950000643730164,0.017799999564886093,0.3034000098705292,0.8873000144958496
ENSG00000164889,Cell membrane,Transmembrane domain,Transmembrane,0.15559999644756317,0.08579999953508377,0.041999999433755875,0.8898000121116638,0.16169999539852142,0.01549999974668026,0.40139999985694885,0.5547999739646912,0.35899999737739563,0.024800000712275505,0.27469998598098755,0.9426000118255615,0.03759999945759773,0.1738000065088272
ENSG00000164904,Mitochondrion,Mitochondrial transit peptide,Soluble,0.2971000075340271,0.1818999946117401,0.030300000682473183,0.1347000002861023,0.9100000262260437,0.004800000227987766,0.09260000288486481,0.1462000012397766,0.11050000041723251,0.0142000000923872,0.589900016784668,0.14630000293254852,0.2362000048160553,0.6729000210762024
ENSG00000164919,Mitochondrion,Transmembrane domain,Transmembrane,0.13449999690055847,0.14020000398159027,0.06560000032186508,0.04399999976158142,0.9072999954223633,0.014000000432133675,0.07050000131130219,0.04960000142455101,0.04769999906420708,0.0689999982714653,0.14900000393390656,0.96670001745224,0.07750000059604645,0.15160000324249268
ENSG00000164933,Mitochondrion,Mitochondrial transit peptide,Transmembrane,0.14740000665187836,0.1152999997138977,0.04399999976158142,0.14569999277591705,0.8432000279426575,0.0364999994635582,0.16089999675750732,0.2150000035762787,0.19869999587535858,0.30300000309944153,0.19709999859333038,0.949400007724762,0.12479999661445618,0.1412000060081482
ENSG00000164951,Mitochondrion,Mitochondrial transit peptide,Peripheral|Soluble,0.18809999525547028,0.2029999941587448,0.01360000018030405,0.05040000006556511,0.8919000029563904,0.02319999970495701,0.11699999868869781,0.028200000524520874,0.11789999902248383,0.009999999776482582,0.649399995803833,0.09210000187158585,0.2987000048160553,0.7501999735832214
ENSG00000164978,Cytoplasm|Nucleus,,Soluble,0.6195999979972839,0.5299999713897705,0.0731000006198883,0.0754999965429306,0.3499000072479248,0.010700000450015068,0.05900000035762787,0.04170000180602074,0.05860000103712082,0.19439999759197235,0.17679999768733978,0.1273999959230423,0.07850000262260437,0.8294000029563904
ENSG00000165029,Cell membrane|Lysosome/Vacuole,Signal peptide|Transmembrane domain,Transmembrane,0.2287999987602234,0.10890000313520432,0.031099999323487282,0.6676999926567078,0.2223999947309494,0.024299999698996544,0.4652999937534332,0.7314000129699707,0.4544999897480011,0.10360000282526016,0.21369999647140503,0.9864000082015991,0.1054999977350235,0.07530000060796738
ENSG00000165060,Mitochondrion,Mitochondrial transit peptide,Soluble,0.10869999974966049,0.12030000239610672,0.058400001376867294,0.08699999749660492,0.9473999738693237,0.008500000461935997,0.05909999832510948,0.030799999833106995,0.14059999585151672,0.13910000026226044,0.5480999946594238,0.09880000352859497,0.21050000190734863,0.7067000269889832
ENSG00000165078,Extracellular,Signal peptide,Soluble,0.15119999647140503,0.08799999952316284,0.7699999809265137,0.26429998874664307,0.11140000075101852,0.003100000089034438,0.2727999985218048,0.4178999960422516,0.4625999927520752,0.004999999888241291,0.2849000096321106,0.17730000615119934,0.17520000040531158,0.8016999959945679
ENSG00000165092,Cytoplasm,Nuclear localization signal,Soluble,0.7702999711036682,0.28299999237060547,0.03460000082850456,0.3898000121116638,0.19910000264644623,0.006200000178068876,0.24959999322891235,0.0828000009059906,0.03739999979734421,0.11869999766349792,0.30140000581741333,0.1111999973654747,0.31290000677108765,0.8136000037193298
ENSG00000165102,Lysosome/Vacuole,Signal peptide|Transmembrane domain,Transmembrane,0.17219999432563782,0.059300001710653305,0.03400000184774399,0.515500009059906,0.12370000034570694,0.012199999764561653,0.5666999816894531,0.6685000061988831,0.5644000172615051,0.043299999088048935,0.03849999979138374,0.9921000003814697,0.1704999953508377,0.10050000250339508
ENSG00000165140,Cytoplasm,Nuclear export signal,Soluble,0.7748000025749207,0.448199987411499,0.06780000030994415,0.3091999888420105,0.273499995470047,0.03460000082850456,0.1501999944448471,0.12449999898672104,0.26249998807907104,0.04529999941587448,0.4253999888896942,0.06620000302791595,0.2029999941587448,0.8277999758720398
ENSG00000165195,Endoplasmic reticulum,Signal peptide|Transmembrane domain,Transmembrane,0.33640000224113464,0.20160000026226044,0.02879999950528145,0.30250000953674316,0.2793999910354614,0.056299999356269836,0.8637999892234802,0.3650999963283539,0.592199981212616,0.05260000005364418,0.46059998869895935,0.7131999731063843,0.6596999764442444,0.2705000042915344
ENSG00000165264,Mitochondrion,Transmembrane domain,Transmembrane,0.18479999899864197,0.12720000743865967,0.020400000736117363,0.06769999861717224,0.8956999778747559,0.030700000002980232,0.1899999976158142,0.02370000071823597,0.01889999955892563,0.04500000178813934,0.2037999927997589,0.9916999936103821,0.03420000150799751,0.0625
ENSG00000165269,Cell membrane,Transmembrane domain,Transmembrane,0.28940001130104065,0.07509999722242355,0.08990000188350677,0.7549999952316284,0.19499999284744263,0.015399999916553497,0.2890999913215637,0.498199999332428,0.3939000070095062,0.05590000003576279,0.07900000363588333,0.9768000245094299,0.42100000381469727,0.13680000603199005
ENSG00000165272,Cell membrane,,Transmembrane,0.22050000727176666,0.0632999986410141,0.06960000097751617,0.7439000010490417,0.13109999895095825,0.003700000001117587,0.2992999851703644,0.4733999967575073,0.23109999299049377,0.06260000169277191,0.06669999659061432,0.9735000133514404,0.46779999136924744,0.12780000269412994
ENSG00000165282,Endoplasmic reticulum,Signal peptide|Transmembrane domain,Transmembrane,0.1597999930381775,0.09610000252723694,0.05270000174641609,0.41659998893737793,0.1103999987244606,0.023099999874830246,0.8252000212669373,0.4041999876499176,0.5590999722480774,0.05920000001788139,0.09189999848604202,0.993399977684021,0.17900000512599945,0.09600000083446503
ENSG00000165338,Cytoplasm,Nuclear export signal,Peripheral|Soluble,0.6596999764442444,0.4781999886035919,0.04450000077486038,0.27900001406669617,0.14810000360012054,0.018200000748038292,0.19259999692440033,0.3091000020503998,0.23919999599456787,0.0414000004529953,0.6269000172615051,0.08739999681711197,0.2272000014781952,0.804099977016449
ENSG00000165349,Cell membrane,Transmembrane domain,Transmembrane,0.11309999972581863,0.06989999860525131,0.014399999752640724,0.746399998664856,0.11620000004768372,0.006300000008195639,0.27070000767707825,0.5455999970436096,0.44589999318122864,0.015200000256299973,0.07840000092983246,0.9908000230789185,0.22529999911785126,0.09040000289678574
ENSG00000165406,Endoplasmic reticulum|Lysosome/Vacuole,Signal peptide|Transmembrane domain,Transmembrane,0.15240000188350677,0.1266999989748001,0.023499999195337296,0.5385000109672546,0.21969999372959137,0.04529999941587448,0.6139000058174133,0.6567000150680542,0.6021999716758728,0.017999999225139618,0.10000000149011612,0.993399977684021,0.05739999935030937,0.08619999885559082
ENSG00000165434,Cytoplasm,Peroxisomal targeting signal,Soluble,0.8615999817848206,0.2685000002384186,0.0786999985575676,0.3012999892234802,0.25060001015663147,0.013000000268220901,0.2451000064611435,0.10320000350475311,0.25929999351501465,0.21330000460147858,0.3700999915599823,0.1152999997138977,0.39160001277923584,0.8406000137329102
ENSG00000165449,Cell membrane,Transmembrane domain,Transmembrane,0.1444000005722046,0.06019999831914902,0.03959999978542328,0.7681000232696533,0.1088000014424324,0.005400000140070915,0.37130001187324524,0.36149999499320984,0.3855000138282776,0.043800000101327896,0.13050000369548798,0.982699990272522,0.4487000107765198,0.09539999812841415
ENSG00000165457,Cell membrane,Signal peptide,Lipid anchor,0.10530000180006027,0.08900000154972076,0.40700000524520874,0.652400016784668,0.07249999791383743,0.0010999999940395355,0.4278999865055084,0.39320001006126404,0.2978000044822693,0.003599999938160181,0.2168000042438507,0.35109999775886536,0.97079998254776,0.2689000070095062
ENSG00000165458,Cytoplasm,Nuclear export signal,Peripheral|Soluble,0.6930000185966492,0.3686000108718872,0.1062999963760376,0.46209999918937683,0.12039999663829803,0.007499999832361937,0.30000001192092896,0.5454000234603882,0.34150001406669617,0.012500000186264515,0.689300000667572,0.04450000077486038,0.29440000653266907,0.8288000226020813
ENSG00000165475,Cytoplasm,,Soluble,0.7451000213623047,0.27730000019073486,0.07909999787807465,0.20630000531673431,0.32359999418258667,0.002300000051036477,0.10209999978542328,0.19750000536441803,0.15790000557899475,0.25690001249313354,0.45500001311302185,0.10429999977350235,0.46299999952316284,0.8346999883651733
ENSG00000165526,Mitochondrion,Mitochondrial transit peptide,Soluble,0.22089999914169312,0.1282999962568283,0.05079999938607216,0.065700002014637,0.9664999842643738,0.019999999552965164,0.05209999904036522,0.02879999950528145,0.04769999906420708,0.010999999940395355,0.2881999909877777,0.1145000010728836,0.05900000035762787,0.8468999862670898
ENSG00000165591,Endoplasmic reticulum,,Peripheral|Transmembrane,0.3878999948501587,0.18610000610351562,0.08839999884366989,0.33379998803138733,0.45669999718666077,0.04749999940395355,0.7455999851226807,0.3325999975204468,0.4805999994277954,0.11879999935626984,0.6617000102996826,0.588100016117096,0.605400025844574,0.35339999198913574
ENSG00000165609,Cytoplasm|Nucleus,Peroxisomal targeting signal,Soluble,0.7299000024795532,0.5296000242233276,0.0471000000834465,0.06499999761581421,0.313400000333786,0.04960000142455101,0.06800000369548798,0.1289999932050705,0.07280000299215317,0.4839000105857849,0.21559999883174896,0.21160000562667847,0.2273000031709671,0.7501999735832214
ENSG00000165629,Mitochondrion,Mitochondrial transit peptide,Peripheral|Soluble,0.1348000019788742,0.06970000267028809,0.09950000047683716,0.16670000553131104,0.8227999806404114,0.011300000362098217,0.08100000023841858,0.048500001430511475,0.1371999979019165,0.017400000244379044,0.7567999958992004,0.04749999940395355,0.33629998564720154,0.6772000193595886
ENSG00000165646,Cell membrane,Signal peptide|Transmembrane domain,Transmembrane,0.1793999969959259,0.07360000163316727,0.14990000426769257,0.8208000063896179,0.17080000042915344,0.007199999876320362,0.42649999260902405,0.4700999855995178,0.46889999508857727,0.15209999680519104,0.08789999783039093,0.9743000268936157,0.38749998807907104,0.12559999525547028
ENSG00000165671,Nucleus,Nuclear localization signal,Soluble,0.2296999990940094,0.9599999785423279,0.017400000244379044,0.08640000224113464,0.03200000151991844,0.028699999675154686,0.033799998462200165,0.023000000044703484,0.016599999740719795,0.0017000000225380063,0.17579999566078186,0.09070000052452087,0.043699998408555984,0.9169999957084656
ENSG00000165672,Mitochondrion,Mitochondrial transit peptide,Peripheral|Soluble,0.19140000641345978,0.14650000631809235,0.03779999911785126,0.09269999712705612,0.9451000094413757,0.009100000374019146,0.10199999809265137,0.06620000302791595,0.12960000336170197,0.06530000269412994,0.785099983215332,0.07079999893903732,0.31029999256134033,0.6534000039100647
ENSG00000165688,Mitochondrion,Mitochondrial transit peptide,Peripheral|Soluble,0.2045000046491623,0.1168999969959259,0.05689999833703041,0.18490000069141388,0.946399986743927,0.0031999999191612005,0.17579999566078186,0.15489999949932098,0.1648000031709671,0.07079999893903732,0.8379999995231628,0.06530000269412994,0.37119999527931213,0.6694999933242798
ENSG00000165695,Cytoplasm,Nuclear export signal,Soluble,0.7628999948501587,0.2558000087738037,0.07850000262260437,0.314300000667572,0.19269999861717224,0.00930000003427267,0.148499995470047,0.44909998774528503,0.23029999434947968,0.018300000578165054,0.5054000020027161,0.13619999587535858,0.3488999903202057,0.7407000064849854
ENSG00000165704,Cytoplasm|Nucleus,Nuclear export signal,Soluble,0.6205000281333923,0.5242000222206116,0.03420000150799751,0.29919999837875366,0.21879999339580536,0.02329999953508377,0.11249999701976776,0.1404999941587448,0.10649999976158142,0.04580000042915344,0.30649998784065247,0.1462000012397766,0.3122999966144562,0.7803999781608582
ENSG00000165782,Cell membrane|Lysosome/Vacuole,Signal peptide|Transmembrane domain,Transmembrane,0.23970000445842743,0.22840000689029694,0.032999999821186066,0.5799999833106995,0.12729999423027039,0.010099999606609344,0.5110999941825867,0.6909000277519226,0.5958999991416931,0.018400000408291817,0.13410000503063202,0.9800000190734863,0.14270000159740448,0.09549999982118607
ENSG00000165794,Cell membrane|Lysosome/Vacuole,Signal peptide|Transmembrane domain,Transmembrane,0.10679999738931656,0.04089999943971634,0.04919999837875366,0.7253000140190125,0.06340000033378601,0.014100000262260437,0.41449999809265137,0.5954999923706055,0.4629000127315521,0.017100000753998756,0.08030000329017639,0.9715999960899353,0.22130000591278076,0.15469999611377716
ENSG00000165819,Cytoplasm|Nucleus,Nuclear localization signal,Soluble,0.49570000171661377,0.7483999729156494,0.02019999921321869,0.07509999722242355,0.05339999869465828,0.010200000368058681,0.07769999653100967,0.08560000360012054,0.1581999957561493,0.02539999969303608,0.26899999380111694,0.03590000048279762,0.08190000057220459,0.9144999980926514
ENSG00000165841,Endoplasmic reticulum,Signal peptide|Transmembrane domain,Peripheral|Transmembrane,0.13840000331401825,0.07159999758005142,0.0348999984562397,0.2248000055551529,0.08190000057220459,0.004699999932199717,0.8952999711036682,0.2603999972343445,0.1657000035047531,0.041600000113248825,0.7833999991416931,0.7436000108718872,0.2858999967575073,0.16130000352859497
ENSG00000165970,Cell membrane,Transmembrane domain,Transmembrane,0.1421000063419342,0.06400000303983688,0.046300001442432404,0.904699981212616,0.1354999989271164,0.006399999838322401,0.13600000739097595,0.4009999930858612,0.21389999985694885,0.00430000014603138,0.0997999981045723,0.98089998960495,0.07959999889135361,0.1216999962925911
ENSG00000165996,Endoplasmic reticulum,,Transmembrane,0.19740000367164612,0.1428000032901764,0.05000000074505806,0.18379999697208405,0.32850000262260437,0.017899999395012856,0.8672000169754028,0.23149999976158142,0.4374000132083893,0.04390000179409981,0.13910000026226044,0.9889000058174133,0.016899999231100082,0.07349999994039536
ENSG00000166016,Cytoplasm,Nuclear export signal,Soluble,0.656499981880188,0.46810001134872437,0.051500000059604645,0.2513999938964844,0.11140000075101852,0.029600000008940697,0.20080000162124634,0.3968999981880188,0.46459999680519104,0.05640000104904175,0.35589998960494995,0.12250000238418579,0.17630000412464142,0.8339999914169312
ENSG00000166035,Extracellular,Signal peptide,Soluble,0.19300000369548798,0.10540000349283218,0.8654000163078308,0.33739998936653137,0.20270000398159027,0.023600000888109207,0.28519999980926514,0.4032000005245209,0.4359999895095825,0.006099999882280827,0.5795999765396118,0.11150000244379044,0.2703000009059906,0.7448999881744385
ENSG00000166123,Mitochondrion,Mitochondrial transit peptide,Soluble,0.4068000018596649,0.1808999925851822,0.0737999975681305,0.14329999685287476,0.9169999957084656,0.000699999975040555,0.07360000163316727,0.13079999387264252,0.14169999957084656,0.03880000114440918,0.4498000144958496,0.12380000203847885,0.3091999888420105,0.8134999871253967
ENSG00000166126,Cell membrane,Signal peptide|Transmembrane domain,Transmembrane,0.2290000021457672,0.13429999351501465,0.3034999966621399,0.8263000249862671,0.027799999341368675,0.004000000189989805,0.13910000026226044,0.5809999704360962,0.3474000096321106,0.11739999800920486,0.1876000016927719,0.9261000156402588,0.3930000066757202,0.21729999780654907
ENSG00000166135,Cytoplasm|Nucleus,Nuclear export signal,Soluble,0.6039000153541565,0.5371000170707703,0.03869999945163727,0.07609999924898148,0.27390000224113464,0.0044999998062849045,0.38510000705718994,0.11739999800920486,0.22450000047683716,0.04690000042319298,0.38929998874664307,0.2775000035762787,0.07959999889135361,0.7635999917984009
ENSG00000166136,Mitochondrion,Mitochondrial transit peptide,Transmembrane,0.15639999508857727,0.10980000346899033,0.014299999922513962,0.04740000143647194,0.916700005531311,0.005400000140070915,0.19329999387264252,0.06589999794960022,0.10140000283718109,0.007000000216066837,0.1445000022649765,0.9865000247955322,0.026499999687075615,0.09279999881982803
ENSG00000166165,Cytoplasm,Nuclear export signal,Soluble,0.8858000040054321,0.273499995470047,0.05090000107884407,0.38510000705718994,0.31769999861717224,0.0421999990940094,0.243599995970726,0.28040000796318054,0.3675000071525574,0.03229999914765358,0.5199999809265137,0.02590000070631504,0.2078000009059906,0.8281999826431274
ENSG00000166169,Nucleus,Nuclear export signal,Soluble,0.4043000042438507,0.8565999865531921,0.03440000116825104,0.09380000084638596,0.20020000636577606,0.006800000090152025,0.04610000178217888,0.09730000048875809,0.04399999976158142,0.008500000461935997,0.2037999927997589,0.044599998742341995,0.32350000739097595,0.9248999953269958
ENSG00000166183,Cytoplasm,Nuclear export signal,Soluble,0.7509999871253967,0.461899995803833,0.11060000211000443,0.23600000143051147,0.20569999516010284,0.0044999998062849045,0.25589999556541443,0.4163999855518341,0.3257000148296356,0.13950000703334808,0.5170000195503235,0.07739999890327454,0.5130000114440918,0.8654000163078308
ENSG00000166224,Endoplasmic reticulum,Signal peptide|Transmembrane domain,Transmembrane,0.21310000121593475,0.0414000004529953,0.11760000139474869,0.29750001430511475,0.23970000445842743,0.11169999837875366,0.8396999835968018,0.19699999690055847,0.20200000703334808,0.5665000081062317,0.35910001397132874,0.965399980545044,0.49059998989105225,0.12729999423027039
ENSG00000166228,Cytoplasm,Nuclear export signal,Soluble,0.6686000227928162,0.46970000863075256,0.028699999675154686,0.2004999965429306,0.3449000120162964,0.01899999938905239,0.21369999647140503,0.10580000281333923,0.3375000059604645,0.12939999997615814,0.42980000376701355,0.1062999963760376,0.18410000205039978,0.767799973487854
ENSG00000166262,Cytoplasm,,Soluble,0.7720999717712402,0.2759000062942505,0.048900000751018524,0.13189999759197235,0.19359999895095825,0.0038999998942017555,0.19670000672340393,0.21490000188350677,0.22689999639987946,0.054499998688697815,0.34389999508857727,0.31929999589920044,0.18719999492168427,0.7236999869346619
ENSG00000166311,Extracellular|Lysosome/Vacuole,Signal peptide,Soluble,0.2379000037908554,0.10769999772310257,0.6413000226020813,0.2678999900817871,0.11720000207424164,0.004000000189989805,0.450300008058548,0.6176000237464905,0.4433000087738037,0.013799999840557575,0.4733000099658966,0.24060000479221344,0.26170000433921814,0.7092000246047974
ENSG00000166340,Extracellular|Lysosome/Vacuole,Signal peptide,Soluble,0.3084000051021576,0.09549999982118607,0.6243000030517578,0.2741999924182892,0.12120000272989273,0.0019000000320374966,0.44359999895095825,0.7001000046730042,0.492900013923645,0.0007999999797903001,0.47029998898506165,0.11540000140666962,0.1647000014781952,0.8233000040054321
ENSG00000166349,Nucleus,Nuclear export signal,Soluble,0.37860000133514404,0.6564000248908997,0.010700000450015068,0.3441999852657318,0.1712000072002411,0.014000000432133675,0.3034000098705292,0.10090000182390213,0.2524999976158142,0.04259999841451645,0.43549999594688416,0.10499999672174454,0.11659999936819077,0.8442000150680542
ENSG00000166391,Endoplasmic reticulum,Transmembrane domain,Transmembrane,0.1324000060558319,0.1054999977350235,0.02280000038444996,0.23759999871253967,0.25220000743865967,0.02329999953508377,0.8133999705314636,0.10480000078678131,0.14790000021457672,0.033399999141693115,0.49230000376701355,0.9383000135421753,0.31220000982284546,0.16130000352859497
ENSG00000166394,Cytoplasm,,Soluble,0.7684999704360962,0.19529999792575836,0.12860000133514404,0.226500004529953,0.4478999972343445,0.008500000461935997,0.37299999594688416,0.14880000054836273,0.09009999781847,0.058800000697374344,0.47600001096725464,0.24230000376701355,0.12929999828338623,0.6711999773979187
ENSG00000166411,Mitochondrion,Mitochondrial transit peptide,Soluble,0.23819999396800995,0.0763000026345253,0.015399999916553497,0.17219999432563782,0.9041000008583069,0.02280000038444996,0.03819999843835831,0.032499998807907104,0.031199999153614044,0.04899999871850014,0.47609999775886536,0.08500000089406967,0.19990000128746033,0.7791000008583069
ENSG00000166479,Endoplasmic reticulum,Signal peptide|Transmembrane domain,Transmembrane,0.16099999845027924,0.1656000018119812,0.06639999896287918,0.227400004863739,0.1307000070810318,0.02419999986886978,0.9484000205993652,0.3833000063896179,0.5357000231742859,0.01140000019222498,0.1738000065088272,0.9908999800682068,0.4140999913215637,0.055799998342990875
ENSG00000166507,Golgi apparatus,Signal peptide|Transmembrane domain,Transmembrane,0.18140000104904175,0.1257999986410141,0.36629998683929443,0.26579999923706055,0.054999999701976776,0.009700000286102295,0.5052000284194946,0.29739999771118164,0.8646000027656555,0.025699999183416367,0.2980000078678131,0.9003000259399414,0.46230000257492065,0.25699999928474426
ENSG00000166548,Mitochondrion,Mitochondrial transit peptide,Soluble,0.2639000117778778,0.2003999948501587,0.08209999650716782,0.16590000689029694,0.8830999732017517,0.0008999999845400453,0.05389999970793724,0.14229999482631683,0.13379999995231628,0.019999999552965164,0.5011000037193298,0.11100000143051147,0.34540000557899475,0.7749999761581421
ENSG00000166562,Endoplasmic reticulum,Signal peptide|Transmembrane domain,Transmembrane,0.08550000190734863,0.10679999738931656,0.034699998795986176,0.17010000348091125,0.29179999232292175,0.10189999639987946,0.917900025844574,0.10570000112056732,0.3903000056743622,0.03400000184774399,0.4625000059604645,0.9061999917030334,0.39590001106262207,0.0925000011920929
ENSG00000166741,Cytoplasm|Nucleus,,Soluble,0.6775000095367432,0.5845999717712402,0.11379999667406082,0.14650000631809235,0.22669999301433563,0.0052999998442828655,0.28870001435279846,0.19439999759197235,0.15469999611377716,0.1745000034570694,0.36469998955726624,0.12330000102519989,0.30230000615119934,0.8637999892234802
ENSG00000166743,Mitochondrion,Mitochondrial transit peptide,Soluble,0.19820000231266022,0.13750000298023224,0.06889999657869339,0.11490000039339066,0.8769999742507935,0.0015999999595806003,0.08479999750852585,0.0689999982714653,0.057500001043081284,0.019099999219179153,0.5231000185012817,0.19789999723434448,0.07590000331401825,0.7961000204086304
