Protein_ID,Localizations,Signals,Membrane types,Cytoplasm,Nucleus,Extracellular,Cell membrane,Mitochondrion,Plastid,Endoplasmic reticulum,Lysosome/Vacuole,Golgi apparatus,Peroxisome,Peripheral,Transmembrane,Lipid anchor,Soluble
ENSG00000101892,Cell membrane,Signal peptide|Transmembrane domain,Transmembrane,0.18050000071525574,0.0617000013589859,0.11710000038146973,0.6754000186920166,0.0706000030040741,0.0038999998942017555,0.3806000053882599,0.3734000027179718,0.474700003862381,0.004900000058114529,0.1867000013589859,0.995199978351593,0.10790000110864639,0.059700001031160355
ENSG00000101901,Cytoplasm|Nucleus,Nuclear localization signal,Soluble,0.6628999710083008,0.5401999950408936,0.05810000002384186,0.1096000000834465,0.09830000251531601,0.010599999688565731,0.19439999759197235,0.10639999806880951,0.18289999663829803,0.012600000016391277,0.26010000705718994,0.2142000049352646,0.09600000083446503,0.815500020980835
ENSG00000101911,Cytoplasm,Nuclear export signal,Soluble,0.7718999981880188,0.4596000015735626,0.06629999727010727,0.21320000290870667,0.17080000042915344,0.01850000023841858,0.24779999256134033,0.14110000431537628,0.21619999408721924,0.029200000688433647,0.499099999666214,0.05270000174641609,0.5236999988555908,0.7343999743461609
ENSG00000101945,Cytoplasm|Nucleus,Nuclear localization signal|Nuclear export signal,Soluble,0.5182999968528748,0.7263000011444092,0.03180000185966492,0.13920000195503235,0.22769999504089355,0.017500000074505806,0.14149999618530273,0.06650000065565109,0.06909999996423721,0.00559999980032444,0.3199000060558319,0.05460000038146973,0.14830000698566437,0.9031999707221985
ENSG00000101974,Cell membrane|Endoplasmic reticulum|Lysosome/Vacuole|Golgi apparatus,Signal peptide|Transmembrane domain,Transmembrane,0.15700000524520874,0.07429999858140945,0.02410000003874302,0.701200008392334,0.13490000367164612,0.019899999722838402,0.6194000244140625,0.5856999754905701,0.6980999708175659,0.047600001096725464,0.13230000436306,0.9904000163078308,0.08869999647140503,0.08110000193119049
ENSG00000101986,Mitochondrion|Peroxisome,Peroxisomal targeting signal,Transmembrane,0.11540000140666962,0.12080000340938568,0.05820000171661377,0.14890000224113464,0.7595999836921692,0.04500000178813934,0.4708999991416931,0.1941000074148178,0.15459999442100525,0.9298999905586243,0.3517000079154968,0.977400004863739,0.20280000567436218,0.1387999951839447
ENSG00000102030,Cytoplasm|Nucleus,Nuclear export signal,Soluble,0.6442000269889832,0.6229000091552734,0.10320000350475311,0.20440000295639038,0.3635999858379364,0.010099999606609344,0.2533999979496002,0.1656000018119812,0.2184000015258789,0.0997999981045723,0.2596000134944916,0.05130000039935112,0.5651999711990356,0.8274999856948853
ENSG00000102032,Cytoplasm,Nuclear export signal,Soluble,0.7418000102043152,0.358599990606308,0.13420000672340393,0.22169999778270721,0.5382000207901001,0.0008999999845400453,0.33739998936653137,0.33799999952316284,0.3603000044822693,0.06930000334978104,0.4293000102043152,0.24940000474452972,0.4733999967575073,0.6805999875068665
ENSG00000102043,Cytoplasm,Nuclear export signal,Soluble,0.657800018787384,0.4108999967575073,0.04349999874830246,0.2815999984741211,0.1454000025987625,0.006599999964237213,0.1898999959230423,0.35120001435279846,0.23729999363422394,0.010599999688565731,0.4643999934196472,0.10939999669790268,0.14350000023841858,0.8421000242233276
ENSG00000102078,Mitochondrion,Mitochondrial transit peptide,Transmembrane,0.23909999430179596,0.12939999997615814,0.04259999841451645,0.23350000381469727,0.8080000281333923,0.026100000366568565,0.2354000061750412,0.2401999980211258,0.3003999888896942,0.19429999589920044,0.14069999754428864,0.930400013923645,0.052400000393390656,0.19589999318122864
ENSG00000102100,Golgi apparatus,Signal peptide|Transmembrane domain,Transmembrane,0.09380000084638596,0.08799999952316284,0.0478999987244606,0.36039999127388,0.2547999918460846,0.017799999564886093,0.5170999765396118,0.20739999413490295,0.7509999871253967,0.21089999377727509,0.10270000249147415,0.9492999911308289,0.15860000252723694,0.17030000686645508
ENSG00000102144,Cytoplasm,Nuclear export signal,Soluble,0.8555999994277954,0.4553000032901764,0.07699999958276749,0.1354999989271164,0.4041999876499176,0.06859999895095825,0.09529999643564224,0.12880000472068787,0.17990000545978546,0.26899999380111694,0.5511999726295471,0.060499999672174454,0.2004999965429306,0.7134000062942505
ENSG00000102172,Cytoplasm,Nuclear export signal,Soluble,0.7378000020980835,0.35580000281333923,0.07840000092983246,0.19359999895095825,0.2858000099658966,0.011699999682605267,0.23199999332427979,0.1340000033378601,0.2655999958515167,0.041999999433755875,0.4269999861717224,0.156700000166893,0.296099990606308,0.7997999787330627
ENSG00000102226,Cytoplasm|Nucleus,Nuclear export signal,Soluble,0.6603999733924866,0.6283000111579895,0.040800001472234726,0.14949999749660492,0.19629999995231628,0.004699999932199717,0.23919999599456787,0.32829999923706055,0.2606000006198883,0.013799999840557575,0.4327999949455261,0.05290000140666962,0.1039000004529953,0.8779000043869019
ENSG00000102230,Cytoplasm|Golgi apparatus,Nuclear export signal,Peripheral|Soluble,0.5056999921798706,0.1973000019788742,0.02199999988079071,0.29809999465942383,0.4268999993801117,0.06840000301599503,0.49309998750686646,0.5304999947547913,0.7024000287055969,0.07259999960660934,0.6758999824523926,0.09969999641180038,0.7106999754905701,0.6122000217437744
ENSG00000102309,Cytoplasm|Nucleus,Nuclear localization signal,Soluble,0.5838000178337097,0.6463000178337097,0.16580000519752502,0.14319999516010284,0.19689999520778656,0.012400000356137753,0.27399998903274536,0.06939999759197235,0.09570000320672989,0.0010000000474974513,0.1987999975681305,0.012299999594688416,0.2766000032424927,0.9221000075340271
ENSG00000102312,Endoplasmic reticulum,Signal peptide|Transmembrane domain,Transmembrane,0.14640000462532043,0.0494999997317791,0.03460000082850456,0.4546000063419342,0.210099995136261,0.024000000208616257,0.8931999802589417,0.12319999933242798,0.2786000072956085,0.033900000154972076,0.14499999582767487,0.9914000034332275,0.09790000319480896,0.09589999914169312
ENSG00000102383,Endoplasmic reticulum|Golgi apparatus,Signal peptide|Transmembrane domain,Transmembrane,0.2451000064611435,0.03400000184774399,0.029500000178813934,0.4797999858856201,0.06589999794960022,0.0019000000320374966,0.671500027179718,0.47940000891685486,0.802299976348877,0.0012000000569969416,0.07660000026226044,0.9868000149726868,0.07190000265836716,0.10890000313520432
ENSG00000102393,Extracellular|Lysosome/Vacuole,Signal peptide,Soluble,0.12200000137090683,0.0989999994635582,0.7853000164031982,0.3237999975681305,0.14869999885559082,0.0038999998942017555,0.5152000188827515,0.6279000043869019,0.40529999136924744,0.029899999499320984,0.36070001125335693,0.15629999339580536,0.3652999997138977,0.7433000206947327
ENSG00000102575,Extracellular,Signal peptide,Soluble,0.2134999930858612,0.09300000220537186,0.7329000234603882,0.2921999990940094,0.10570000112056732,0.006500000134110451,0.39739999175071716,0.41830000281333923,0.2702000141143799,0.008200000040233135,0.36169999837875366,0.16609999537467957,0.20880000293254852,0.7692999839782715
ENSG00000102699,Cytoplasm|Nucleus,Nuclear localization signal|Nuclear export signal,Soluble,0.8481000065803528,0.6146000027656555,0.17430000007152557,0.12680000066757202,0.1200999990105629,0.007499999832361937,0.2198999971151352,0.1469999998807907,0.3560999929904938,0.013299999758601189,0.28200000524520874,0.0568000003695488,0.23319999873638153,0.9063000082969666
ENSG00000102743,Mitochondrion,Transmembrane domain|Mitochondrial transit peptide,Transmembrane,0.15559999644756317,0.09640000015497208,0.08320000022649765,0.19480000436306,0.8539999723434448,0.05139999836683273,0.1324000060558319,0.18250000476837158,0.1834000051021576,0.10329999774694443,0.14399999380111694,0.9319999814033508,0.12309999763965607,0.16459999978542328
ENSG00000102780,Cytoplasm|Cell membrane,Nuclear export signal,Peripheral|Soluble,0.675599992275238,0.32499998807907104,0.029500000178813934,0.5871999859809875,0.19760000705718994,0.03200000151991844,0.2906999886035919,0.574400007724762,0.3822999894618988,0.027400000020861626,0.6579999923706055,0.13279999792575836,0.2644999921321869,0.7231000065803528
ENSG00000102794,Cytoplasm,Peroxisomal targeting signal,Soluble,0.7127000093460083,0.3700000047683716,0.042899999767541885,0.11879999935626984,0.26820001006126404,0.003800000064074993,0.10599999874830246,0.15929999947547913,0.11729999631643295,0.49950000643730164,0.23989999294281006,0.10090000182390213,0.4426000118255615,0.8205999732017517
ENSG00000102858,Cytoplasm,Nuclear export signal,Soluble,0.6876999735832214,0.34860000014305115,0.07890000194311142,0.2671999931335449,0.2508000135421753,0.00839999970048666,0.26409998536109924,0.5561000108718872,0.6103000044822693,0.10580000281333923,0.5041000247001648,0.13099999725818634,0.7361999750137329,0.6991999745368958
ENSG00000102893,Cytoplasm,Nuclear export signal,Soluble,0.6450999975204468,0.4189999997615814,0.05609999969601631,0.38280001282691956,0.1712999939918518,0.03500000014901161,0.36719998717308044,0.47780001163482666,0.42100000381469727,0.10180000215768814,0.3732999861240387,0.42590001225471497,0.20730000734329224,0.6581000089645386
ENSG00000102900,Cytoplasm|Nucleus,Nuclear export signal,Peripheral|Soluble,0.49129998683929443,0.6413000226020813,0.07660000026226044,0.13950000703334808,0.09510000050067902,0.017000000923871994,0.2468000054359436,0.46459999680519104,0.33149999380111694,0.032999999821186066,0.6151000261306763,0.0714000016450882,0.11670000106096268,0.7961000204086304
ENSG00000102967,Mitochondrion,Mitochondrial transit peptide,Peripheral|Transmembrane,0.21439999341964722,0.09570000320672989,0.14090000092983246,0.08399999886751175,0.9169999957084656,0.09160000085830688,0.30309998989105225,0.1809999942779541,0.13269999623298645,0.14900000393390656,0.7264000177383423,0.5449000000953674,0.4004000127315521,0.3785000145435333
ENSG00000102978,Cytoplasm|Nucleus,Nuclear export signal,Peripheral|Soluble,0.5080999732017517,0.8203999996185303,0.040800001472234726,0.1891999989748001,0.31619998812675476,0.020800000056624413,0.09399999678134918,0.2168000042438507,0.06270000338554382,0.008799999952316284,0.6128000020980835,0.017000000923871994,0.13689999282360077,0.8047999739646912
ENSG00000103024,Endoplasmic reticulum,Signal peptide,Soluble,0.29670000076293945,0.04520000144839287,0.5133000016212463,0.09690000116825104,0.35910001397132874,0.005499999970197678,0.6043999791145325,0.20000000298023224,0.18410000205039978,0.10859999805688858,0.5598999857902527,0.025100000202655792,0.45080000162124634,0.7347000241279602
ENSG00000103044,Endoplasmic reticulum|Lysosome/Vacuole|Golgi apparatus,Signal peptide|Transmembrane domain,Transmembrane,0.16030000150203705,0.07989999651908875,0.0892999991774559,0.39890000224113464,0.17759999632835388,0.07819999754428864,0.7110999822616577,0.614300012588501,0.7254999876022339,0.0340999998152256,0.10270000249147415,0.9912999868392944,0.20509999990463257,0.09149999916553497
ENSG00000103056,Golgi apparatus,,Peripheral|Transmembrane,0.4018999934196472,0.2517000138759613,0.20559999346733093,0.478300005197525,0.3384000062942505,0.09449999779462814,0.5299999713897705,0.5084999799728394,0.7109000086784363,0.0038999998942017555,0.6583999991416931,0.957099974155426,0.6380000114440918,0.13300000131130219
ENSG00000103064,Cell membrane,Transmembrane domain,Transmembrane,0.19820000231266022,0.06449999660253525,0.029600000008940697,0.6489999890327454,0.16580000519752502,0.005499999970197678,0.3903000056743622,0.5787000060081482,0.38929998874664307,0.02329999953508377,0.07779999822378159,0.9797000288963318,0.31850001215934753,0.10339999943971634
ENSG00000103066,Extracellular|Endoplasmic reticulum|Lysosome/Vacuole,Signal peptide,Peripheral|Soluble,0.258899986743927,0.10140000283718109,0.7666000127792358,0.29089999198913574,0.09279999881982803,0.0017000000225380063,0.6956999897956848,0.6496000289916992,0.4927999973297119,0.005400000140070915,0.6299999952316284,0.32659998536109924,0.41760000586509705,0.6123999953269958
ENSG00000103150,Peroxisome,Peroxisomal targeting signal,Peripheral|Soluble,0.19349999725818634,0.1768999993801117,0.13050000369548798,0.14030000567436218,0.6202999949455261,0.0032999999821186066,0.3125999867916107,0.04089999943971634,0.10000000149011612,0.8414999842643738,0.6485000252723694,0.09740000218153,0.19850000739097595,0.776199996471405
ENSG00000103174,Cell membrane,Signal peptide|Transmembrane domain,Transmembrane,0.1996999979019165,0.10589999705553055,0.2619999945163727,0.8051999807357788,0.03720000013709068,0.004100000020116568,0.3736000061035156,0.5374000072479248,0.6233000159263611,0.06859999895095825,0.09160000085830688,0.9567999839782715,0.32199999690055847,0.24480000138282776
ENSG00000103194,Cytoplasm,Nuclear export signal,Soluble,0.803600013256073,0.45170000195503235,0.01590000092983246,0.13449999690055847,0.1225999966263771,0.006099999882280827,0.40310001373291016,0.39570000767707825,0.4106999933719635,0.030500000342726707,0.5726000070571899,0.03539999946951866,0.13379999995231628,0.8952999711036682
ENSG00000103202,Mitochondrion,Mitochondrial transit peptide,Soluble,0.1712000072002411,0.12430000305175781,0.029600000008940697,0.12680000066757202,0.9086999893188477,0.00039999998989515007,0.04690000042319298,0.09260000288486481,0.09369999915361404,0.017000000923871994,0.5564000010490417,0.032099999487400055,0.4016000032424927,0.7243000268936157
ENSG00000103222,Cell membrane|Lysosome/Vacuole,Transmembrane domain,Transmembrane,0.11379999667406082,0.08320000022649765,0.024900000542402267,0.8353999853134155,0.16990000009536743,0.009200000204145908,0.37770000100135803,0.641700029373169,0.37929999828338623,0.24379999935626984,0.1096000000834465,0.9927999973297119,0.11779999732971191,0.08190000057220459
ENSG00000103253,Cytoplasm|Nucleus,Nuclear export signal,Peripheral|Soluble,0.5619999766349792,0.6485000252723694,0.09279999881982803,0.12160000205039978,0.5841000080108643,0.0019000000320374966,0.28999999165534973,0.0754999965429306,0.36559998989105225,0.07100000232458115,0.6251999735832214,0.23849999904632568,0.483599990606308,0.6628000140190125
ENSG00000103257,Cell membrane,Transmembrane domain,Transmembrane,0.14000000059604645,0.04270000010728836,0.031099999323487282,0.7312999963760376,0.16249999403953552,0.004399999976158142,0.29319998621940613,0.5763999819755554,0.4675999879837036,0.011900000274181366,0.09719999879598618,0.9807999730110168,0.26649999618530273,0.09049999713897705
ENSG00000103266,Cytoplasm|Nucleus,Nuclear export signal,Soluble,0.6832000017166138,0.6269000172615051,0.05700000002980232,0.24650000035762787,0.30379998683929443,0.003100000089034438,0.23810000717639923,0.33480000495910645,0.28600001335144043,0.008100000210106373,0.47360000014305115,0.044199999421834946,0.2775999903678894,0.8449000120162964
ENSG00000103275,Cytoplasm,Nuclear export signal,Soluble,0.713699996471405,0.4848000109195709,0.06080000102519989,0.24809999763965607,0.15459999442100525,0.003100000089034438,0.18619999289512634,0.1860000044107437,0.33959999680519104,0.03620000183582306,0.49559998512268066,0.029100000858306885,0.21770000457763672,0.7960000038146973
ENSG00000103375,Cell membrane,,Transmembrane,0.2680000066757202,0.11500000208616257,0.03669999912381172,0.6819999814033508,0.12720000743865967,0.051100000739097595,0.4235000014305115,0.5202999711036682,0.263700008392334,0.058400001376867294,0.07689999788999557,0.9678999781608582,0.3188999891281128,0.12809999287128448
ENSG00000103404,Cytoplasm,Nuclear localization signal|Nuclear export signal,Peripheral|Soluble,0.6277999877929688,0.37529999017715454,0.04430000111460686,0.3903999924659729,0.11050000041723251,0.03799999877810478,0.32260000705718994,0.3939000070095062,0.4406999945640564,0.04809999838471413,0.6704999804496765,0.0917000025510788,0.195700004696846,0.7689999938011169
ENSG00000103415,Endoplasmic reticulum,Transmembrane domain,Transmembrane,0.17329999804496765,0.3052000105381012,0.07850000262260437,0.22280000150203705,0.5774000287055969,0.08910000324249268,0.8414999842643738,0.13330000638961792,0.28139999508857727,0.2190999984741211,0.492000013589859,0.7990999817848206,0.7383000254631042,0.12229999899864197
ENSG00000103485,Cytoplasm|Nucleus|Mitochondrion,Nuclear export signal,Soluble,0.6578999757766724,0.5914999842643738,0.051500000059604645,0.15970000624656677,0.6223999857902527,0.020800000056624413,0.13680000603199005,0.218299999833107,0.22339999675750732,0.03020000085234642,0.3303999900817871,0.1500999927520752,0.23340000212192535,0.7851999998092651
ENSG00000103489,Golgi apparatus,Signal peptide|Transmembrane domain,Transmembrane,0.14710000157356262,0.1354999989271164,0.5188999772071838,0.19760000705718994,0.09080000221729279,0.009999999776482582,0.3817000091075897,0.22429999709129333,0.9081000089645386,0.10909999907016754,0.385699987411499,0.8549000024795532,0.181099995970726,0.23770000040531158
ENSG00000103502,Endoplasmic reticulum,,Transmembrane,0.13429999351501465,0.36010000109672546,0.031599998474121094,0.23360000550746918,0.49070000648498535,0.040300000458955765,0.8313000202178955,0.13660000264644623,0.19779999554157257,0.08619999885559082,0.08460000157356262,0.9886999726295471,0.026799999177455902,0.09229999780654907
ENSG00000103507,Mitochondrion,Mitochondrial transit peptide,Peripheral|Soluble,0.27469998598098755,0.21660000085830688,0.02850000001490116,0.09189999848604202,0.9315999746322632,0.007600000128149986,0.04650000110268593,0.09130000323057175,0.11500000208616257,0.03920000046491623,0.6736999750137329,0.12150000035762787,0.25600001215934753,0.65420001745224
ENSG00000103510,Nucleus,Nuclear localization signal,Soluble,0.382999986410141,0.8579000234603882,0.03590000048279762,0.10279999673366547,0.065700002014637,0.006800000090152025,0.07599999755620956,0.052799999713897705,0.06530000269412994,0.0032999999821186066,0.4000999927520752,0.035999998450279236,0.16210000216960907,0.8708000183105469
ENSG00000103546,Cell membrane,Transmembrane domain,Transmembrane,0.1136000007390976,0.05649999901652336,0.025299999862909317,0.8871999979019165,0.10660000145435333,0.006200000178068876,0.22599999606609344,0.5357999801635742,0.3122999966144562,0.01360000018030405,0.0966000035405159,0.9842000007629395,0.06909999996423721,0.09889999777078629
ENSG00000103549,Nucleus,Nuclear localization signal,Soluble,0.44929999113082886,0.7335000038146973,0.03200000151991844,0.11029999703168869,0.06520000100135803,0.003599999938160181,0.12309999763965607,0.1851000040769577,0.3116999864578247,0.006000000052154064,0.5011000037193298,0.04430000111460686,0.2498999983072281,0.8619999885559082
ENSG00000103569,Cell membrane,Transmembrane domain,Transmembrane,0.287200003862381,0.03709999844431877,0.07010000199079514,0.785099983215332,0.10119999945163727,0.011900000274181366,0.3264000117778778,0.5383999943733215,0.3273000121116638,0.07769999653100967,0.05920000001788139,0.972000002861023,0.3659999966621399,0.14149999618530273
ENSG00000103657,Cytoplasm|Nucleus,Nuclear export signal,Soluble,0.5120000243186951,0.5576000213623047,0.009399999864399433,0.39259999990463257,0.2092999964952469,0.013299999758601189,0.2476000040769577,0.36640000343322754,0.20340000092983246,0.08889999985694885,0.572700023651123,0.2590000033378601,0.026200000196695328,0.6836000084877014
ENSG00000103707,Mitochondrion,Mitochondrial transit peptide,Soluble,0.31369999051094055,0.23759999871253967,0.038600001484155655,0.07970000058412552,0.9456999897956848,0.00039999998989515007,0.060600001364946365,0.08219999819993973,0.08730000257492065,0.0430000014603138,0.4943000078201294,0.23989999294281006,0.1679999977350235,0.7605000138282776
ENSG00000103740,Cytoplasm,Peroxisomal targeting signal,Soluble,0.6466000080108643,0.17219999432563782,0.03290000185370445,0.4235999882221222,0.24650000035762787,0.007600000128149986,0.49570000171661377,0.36239999532699585,0.2712000012397766,0.23170000314712524,0.5105999708175659,0.2069000005722046,0.24889999628067017,0.7332000136375427
ENSG00000103811,Extracellular,Signal peptide,Soluble,0.2345000058412552,0.08569999784231186,0.72079998254776,0.2102999985218048,0.10289999842643738,0.0006000000284984708,0.38510000705718994,0.5041000247001648,0.296099990606308,0.0013000000035390258,0.40689998865127563,0.06689999997615814,0.2619999945163727,0.8220000267028809
ENSG00000103876,Cytoplasm,Nuclear export signal,Soluble,0.8148999810218811,0.4724999964237213,0.07959999889135361,0.18629999458789825,0.14669999480247498,0.0066999997943639755,0.23649999499320984,0.1728000044822693,0.2094999998807907,0.05299999937415123,0.46129998564720154,0.0722000002861023,0.22519999742507935,0.8220000267028809
ENSG00000104044,Cell membrane|Lysosome/Vacuole,Signal peptide|Transmembrane domain,Transmembrane,0.12280000001192093,0.06530000269412994,0.01209999993443489,0.6718000173568726,0.07400000095367432,0.007000000216066837,0.48100000619888306,0.6139000058174133,0.5957000255584717,0.03869999945163727,0.09070000052452087,0.9900000095367432,0.21799999475479126,0.08839999884366989
ENSG00000104055,Cytoplasm,,Soluble,0.6937000155448914,0.2750999927520752,0.3407000005245209,0.4092000126838684,0.24210000038146973,0.007400000002235174,0.2578999996185303,0.18150000274181366,0.2809000015258789,0.03880000114440918,0.38769999146461487,0.1339000016450882,0.2531999945640564,0.8442999720573425
ENSG00000104219,Endoplasmic reticulum|Golgi apparatus,Signal peptide|Transmembrane domain,Transmembrane,0.20250000059604645,0.0364999994635582,0.02850000001490116,0.5249999761581421,0.08760000020265579,0.0020000000949949026,0.6769999861717224,0.4284000098705292,0.8105000257492065,0.0019000000320374966,0.08030000329017639,0.9803000092506409,0.09019999951124191,0.14499999582767487
ENSG00000104267,Cytoplasm,,Soluble,0.7702000141143799,0.29789999127388,0.45980000495910645,0.21529999375343323,0.06949999928474426,0.023800000548362732,0.1257999986410141,0.2621000111103058,0.08760000020265579,0.006200000178068876,0.4747999906539917,0.016499999910593033,0.2085999995470047,0.8964999914169312
ENSG00000104325,Mitochondrion,Mitochondrial transit peptide,Peripheral|Soluble,0.23440000414848328,0.13339999318122864,0.054999999701976776,0.1054999977350235,0.9490000009536743,0.017899999395012856,0.08669999986886978,0.04879999905824661,0.10639999806880951,0.019600000232458115,0.6043000221252441,0.18320000171661377,0.20559999346733093,0.6425999999046326
ENSG00000104331,Endoplasmic reticulum|Golgi apparatus,Signal peptide|Transmembrane domain,Transmembrane,0.12470000237226486,0.09480000287294388,0.31049999594688416,0.23340000212192535,0.05820000171661377,0.004999999888241291,0.683899998664856,0.2775000035762787,0.838699996471405,0.020899999886751175,0.21160000562667847,0.8801000118255615,0.19439999759197235,0.21150000393390656
ENSG00000104343,Cytoplasm,Nuclear export signal,Soluble,0.7276999950408936,0.48260000348091125,0.056699998676776886,0.16740000247955322,0.21150000393390656,0.0019000000320374966,0.4253000020980835,0.17599999904632568,0.3977999985218048,0.022099999710917473,0.4551999866962433,0.04989999905228615,0.17499999701976776,0.7836999893188477
ENSG00000104517,Cytoplasm|Nucleus,Nuclear localization signal|Nuclear export signal,Soluble,0.5365999937057495,0.6654000282287598,0.02810000069439411,0.25270000100135803,0.14300000667572021,0.011500000022351742,0.3138999938964844,0.1898999959230423,0.19789999723434448,0.014700000174343586,0.4668999910354614,0.13169999420642853,0.029600000008940697,0.7950000166893005
ENSG00000104522,Cytoplasm,Nuclear export signal,Soluble,0.7495999932289124,0.3628999888896942,0.05979999899864197,0.19499999284744263,0.2728999853134155,0.018300000578165054,0.21209999918937683,0.23270000517368317,0.3393999934196472,0.050599999725818634,0.3831000030040741,0.10639999806880951,0.21250000596046448,0.7738000154495239
ENSG00000104524,Cytoplasm|Mitochondrion,Nuclear export signal|Peroxisomal targeting signal,Soluble,0.6169999837875366,0.4066999852657318,0.02930000051856041,0.2700999975204468,0.669700026512146,0.0071000000461936,0.2190999984741211,0.21359999477863312,0.4399999976158142,0.1200999990105629,0.46140000224113464,0.1615000069141388,0.3589000105857849,0.7498999834060669
ENSG00000104549,Endoplasmic reticulum,Signal peptide|Transmembrane domain,Peripheral|Transmembrane,0.21580000221729279,0.19020000100135803,0.09449999779462814,0.24480000138282776,0.38909998536109924,0.23960000276565552,0.9067000150680542,0.28850001096725464,0.5659999847412109,0.09700000286102295,0.715399980545044,0.9128999710083008,0.15690000355243683,0.1071000024676323
ENSG00000104635,Cell membrane|Lysosome/Vacuole,Signal peptide|Transmembrane domain,Transmembrane,0.0934000015258789,0.07569999992847443,0.019500000402331352,0.7662000060081482,0.08579999953508377,0.002899999963119626,0.4487999975681305,0.7717999815940857,0.5504999756813049,0.03480000048875809,0.06360000371932983,0.9616000056266785,0.12759999930858612,0.18490000069141388
ENSG00000104687,Mitochondrion,Mitochondrial transit peptide,Soluble,0.3230000138282776,0.20100000500679016,0.08630000054836273,0.15279999375343323,0.8040000200271606,0.012000000104308128,0.219200000166893,0.26600000262260437,0.18479999899864197,0.21299999952316284,0.515999972820282,0.18490000069141388,0.19110000133514404,0.742900013923645
ENSG00000104723,Endoplasmic reticulum,Signal peptide|Transmembrane domain,Transmembrane,0.06889999657869339,0.09269999712705612,0.01810000091791153,0.227400004863739,0.12269999831914902,0.004100000020116568,0.8844000101089478,0.49729999899864197,0.6150000095367432,0.014600000344216824,0.11789999902248383,0.9850999712944031,0.03530000150203705,0.08100000023841858
ENSG00000104763,Extracellular,Signal peptide,Soluble,0.18369999527931213,0.12129999697208405,0.7971000075340271,0.23960000276565552,0.21809999644756317,0.003599999938160181,0.4059000015258789,0.5184000134468079,0.2879999876022339,0.006899999920278788,0.41670000553131104,0.0940999984741211,0.5358999967575073,0.8004000186920166
ENSG00000104774,Lysosome/Vacuole,Signal peptide,Soluble,0.29750001430511475,0.11940000206232071,0.5343999862670898,0.31029999256134033,0.10750000178813934,0.0010000000474974513,0.48500001430511475,0.6586999893188477,0.4056999981403351,0.006200000178068876,0.3603000044822693,0.210099995136261,0.1632000058889389,0.8201000094413757
ENSG00000104808,Cytoplasm,,Soluble,0.7519000172615051,0.24650000035762787,0.09780000150203705,0.1720000058412552,0.4936999976634979,0.006599999964237213,0.2540999948978424,0.22429999709129333,0.19949999451637268,0.05420000106096268,0.37610000371932983,0.14650000631809235,0.13099999725818634,0.8400999903678894
ENSG00000104812,Cytoplasm,Nuclear localization signal|Nuclear export signal,Soluble,0.7455000281333923,0.32519999146461487,0.07079999893903732,0.3560999929904938,0.18930000066757202,0.029100000858306885,0.28769999742507935,0.31380000710487366,0.3061000108718872,0.017400000244379044,0.5246000289916992,0.0925000011920929,0.43140000104904175,0.8095999956130981
ENSG00000104823,Peroxisome,Peroxisomal targeting signal,Soluble,0.4546999931335449,0.10300000011920929,0.05000000074505806,0.14900000393390656,0.36469998955726624,0.04259999841451645,0.37779998779296875,0.08669999986886978,0.11890000104904175,0.9779000282287598,0.5992000102996826,0.11729999631643295,0.4814999997615814,0.6100000143051147
ENSG00000104879,Cytoplasm,Nuclear export signal,Soluble,0.858299970626831,0.21580000221729279,0.055799998342990875,0.41370001435279846,0.3801000118255615,0.03500000014901161,0.19329999387264252,0.2522999942302704,0.34549999237060547,0.02669999934732914,0.49459999799728394,0.025200000032782555,0.13109999895095825,0.8607000112533569
ENSG00000104885,Nucleus,Nuclear localization signal,Soluble,0.21719999611377716,0.9700000286102295,0.015699999406933784,0.05770000070333481,0.03669999912381172,0.019700000062584877,0.042500000447034836,0.02810000069439411,0.042399998754262924,0.0044999998062849045,0.22010000050067902,0.1216999962925911,0.0632999986410141,0.8619999885559082
ENSG00000104888,Cell membrane,Transmembrane domain,Transmembrane,0.148499995470047,0.11129999905824661,0.062199998646974564,0.7781000137329102,0.20649999380111694,0.009800000116229057,0.39250001311302185,0.26930001378059387,0.4578999876976013,0.09570000320672989,0.0917000025510788,0.9742000102996826,0.37040001153945923,0.0989999994635582
ENSG00000104907,Mitochondrion,Mitochondrial transit peptide,Soluble,0.42489999532699585,0.32019999623298645,0.22339999675750732,0.11420000344514847,0.6523000001907349,0.023399999365210533,0.14910000562667847,0.07289999723434448,0.24639999866485596,0.04809999838471413,0.1695999950170517,0.0892999991774559,0.15410000085830688,0.9222999811172485
ENSG00000104951,Extracellular,Signal peptide,Soluble,0.1988999992609024,0.07079999893903732,0.8679999709129333,0.3255000114440918,0.12839999794960022,0.00139999995008111,0.4138999879360199,0.5548999905586243,0.3626999855041504,0.003800000064074993,0.3407999873161316,0.1574999988079071,0.36239999532699585,0.8104000091552734
ENSG00000105143,Cell membrane,Transmembrane domain,Transmembrane,0.07419999688863754,0.04780000075697899,0.04320000112056732,0.8578000068664551,0.19599999487400055,0.00930000003427267,0.2328999936580658,0.5303000211715698,0.274399995803833,0.050999999046325684,0.13429999351501465,0.9879999756813049,0.1535000056028366,0.09629999846220016
ENSG00000105220,Cytoplasm,,Peripheral|Soluble,0.7631999850273132,0.1378999948501587,0.22040000557899475,0.453900009393692,0.38920000195503235,0.03500000014901161,0.1168999969959259,0.40939998626708984,0.314300000667572,0.11230000108480453,0.6136999726295471,0.08789999783039093,0.2184000015258789,0.7810999751091003
ENSG00000105254,Cytoplasm|Nucleus,Nuclear localization signal|Nuclear export signal,Soluble,0.8044999837875366,0.5085999965667725,0.0414000004529953,0.1462000012397766,0.18359999358654022,0.03319999948143959,0.1080000028014183,0.09560000151395798,0.05979999899864197,0.007000000216066837,0.29679998755455017,0.035100001841783524,0.06710000336170197,0.8726999759674072
ENSG00000105258,Nucleus,Nuclear export signal,Soluble,0.43810001015663147,0.7968000173568726,0.03550000116229057,0.04859999939799309,0.19040000438690186,0.015300000086426735,0.19499999284744263,0.24889999628067017,0.10440000146627426,0.009399999864399433,0.23929999768733978,0.048700001090765,0.28439998626708984,0.7928000092506409
ENSG00000105281,Cell membrane,Transmembrane domain,Transmembrane,0.094200000166893,0.055399999022483826,0.04050000011920929,0.8669999837875366,0.21080000698566437,0.010400000028312206,0.2198999971151352,0.46389999985694885,0.22619999945163727,0.023499999195337296,0.14100000262260437,0.983299970626831,0.226500004529953,0.10400000214576721
ENSG00000105355,Cytoplasm,Nuclear export signal,Peripheral,0.6784999966621399,0.2379000037908554,0.1606999933719635,0.46230000257492065,0.5145000219345093,0.022099999710917473,0.5196999907493591,0.22709999978542328,0.45680001378059387,0.26739999651908875,0.7989000082015991,0.32659998536109924,0.527899980545044,0.48399999737739563
ENSG00000105379,Cytoplasm,,Soluble,0.7211999893188477,0.29249998927116394,0.13369999825954437,0.1712999939918518,0.5985999703407288,0.01899999938905239,0.1354999989271164,0.12919999659061432,0.21359999477863312,0.08049999922513962,0.5343999862670898,0.0689999982714653,0.12790000438690186,0.7882999777793884
ENSG00000105398,Cytoplasm,Nuclear export signal,Soluble,0.7716000080108643,0.37630000710487366,0.11729999631643295,0.12620000541210175,0.2728999853134155,0.014000000432133675,0.2232999950647354,0.29109999537467957,0.21950000524520874,0.020899999886751175,0.3271999955177307,0.09830000251531601,0.14830000698566437,0.8436999917030334
ENSG00000105409,Cell membrane,Transmembrane domain,Transmembrane,0.21719999611377716,0.09889999777078629,0.014700000174343586,0.8288999795913696,0.17679999768733978,0.005499999970197678,0.4999000132083893,0.475600004196167,0.396699994802475,0.014299999922513962,0.12349999696016312,0.9427000284194946,0.1451999992132187,0.18080000579357147
ENSG00000105499,Cytoplasm|Cell membrane,,Peripheral|Lipid anchor|Soluble,0.5595999956130981,0.22699999809265137,0.1889999955892563,0.570900022983551,0.5291000008583069,0.029600000008940697,0.44290000200271606,0.5839999914169312,0.5748000144958496,0.04989999905228615,0.6748999953269958,0.24230000376701355,0.8640999794006348,0.5521000027656555
ENSG00000105509,Endoplasmic reticulum|Golgi apparatus,Signal peptide|Transmembrane domain,Transmembrane,0.15109999477863312,0.07599999755620956,0.10029999911785126,0.4205999970436096,0.1535000056028366,0.03739999979734421,0.732200026512146,0.5550000071525574,0.6940000057220459,0.0430000014603138,0.10740000009536743,0.9858999848365784,0.1460999995470047,0.10409999638795853
ENSG00000105516,Nucleus,Nuclear localization signal|Nuclear export signal,Soluble,0.2896000146865845,0.9193999767303467,0.025599999353289604,0.12020000070333481,0.13740000128746033,0.003700000001117587,0.044199999421834946,0.08640000224113464,0.08190000057220459,0.007300000172108412,0.3578000068664551,0.03709999844431877,0.1606999933719635,0.8730999827384949
ENSG00000105520,Cell membrane|Endoplasmic reticulum,Signal peptide|Transmembrane domain,Transmembrane,0.06939999759197235,0.052000001072883606,0.08640000224113464,0.6827999949455261,0.10920000076293945,0.027799999341368675,0.7279000282287598,0.37720000743865967,0.6241000294685364,0.014399999752640724,0.06639999896287918,0.9930999875068665,0.46050000190734863,0.09350000321865082
ENSG00000105552,Mitochondrion,Mitochondrial transit peptide,Soluble,0.34360000491142273,0.13249999284744263,0.10300000011920929,0.1354999989271164,0.9151999950408936,0.0007999999797903001,0.09570000320672989,0.07660000026226044,0.09350000321865082,0.006300000008195639,0.45010000467300415,0.11389999836683273,0.13670000433921814,0.802299976348877
ENSG00000105607,Mitochondrion,Mitochondrial transit peptide,Peripheral|Soluble,0.20550000667572021,0.13809999823570251,0.03530000150203705,0.16580000519752502,0.9440000057220459,0.003800000064074993,0.13210000097751617,0.12729999423027039,0.11060000211000443,0.11599999666213989,0.6449999809265137,0.11969999969005585,0.24879999458789825,0.6087999939918518
ENSG00000105641,Cell membrane,Transmembrane domain,Transmembrane,0.09669999778270721,0.020999999716877937,0.06989999860525131,0.7437999844551086,0.16419999301433563,0.02160000056028366,0.40849998593330383,0.5184000134468079,0.22529999911785126,0.015399999916553497,0.11569999903440475,0.987500011920929,0.17720000445842743,0.10580000281333923
ENSG00000105647,Cytoplasm,Nuclear export signal,Peripheral|Soluble,0.6581000089645386,0.4174000024795532,0.06260000169277191,0.4415999948978424,0.11190000176429749,0.0019000000320374966,0.20669999718666077,0.5397999882698059,0.40380001068115234,0.004999999888241291,0.7724000215530396,0.037700001150369644,0.2757999897003174,0.8240000009536743
ENSG00000105650,Cytoplasm,Nuclear export signal,Soluble,0.6345999836921692,0.4350999891757965,0.025699999183416367,0.5637999773025513,0.23090000450611115,0.007199999876320362,0.15469999611377716,0.2842000126838684,0.33489999175071716,0.03240000084042549,0.5902000069618225,0.07530000060796738,0.2888999879360199,0.8105999827384949
ENSG00000105655,Cytoplasm,Nuclear export signal,Soluble,0.689300000667572,0.4401000142097473,0.040800001472234726,0.33070001006126404,0.21610000729560852,0.003599999938160181,0.16449999809265137,0.26669999957084656,0.3977000117301941,0.05050000175833702,0.41100001335144043,0.08470000326633453,0.4142000079154968,0.8323000073432922
ENSG00000105669,Cytoplasm|Nucleus,Nuclear export signal,Soluble,0.6068999767303467,0.5680999755859375,0.05810000002384186,0.12849999964237213,0.11559999734163284,0.006800000090152025,0.3666999936103821,0.37209999561309814,0.35989999771118164,0.018799999728798866,0.5795000195503235,0.029999999329447746,0.2529999911785126,0.7889999747276306
ENSG00000105675,Cell membrane,Transmembrane domain,Transmembrane,0.23109999299049377,0.0949999988079071,0.009999999776482582,0.7246000170707703,0.12460000067949295,0.008299999870359898,0.5435000061988831,0.477400004863739,0.41499999165534973,0.003800000064074993,0.11069999635219574,0.9524000287055969,0.11760000139474869,0.16300000250339508
ENSG00000105679,Cytoplasm,,Soluble,0.7233999967575073,0.1673000007867813,0.05739999935030937,0.10980000346899033,0.31450000405311584,0.039400000125169754,0.14669999480247498,0.2700999975204468,0.06880000233650208,0.01269999984651804,0.522599995136261,0.054999999701976776,0.13680000603199005,0.8608999848365784
ENSG00000105701,Mitochondrion|Endoplasmic reticulum,,Transmembrane,0.31299999356269836,0.23409999907016754,0.03280000016093254,0.21799999475479126,0.8116000294685364,0.08910000324249268,0.6262999773025513,0.1695999950170517,0.2563999891281128,0.48260000348091125,0.2793000042438507,0.8223999738693237,0.4921000003814697,0.2142000049352646
ENSG00000105835,Cytoplasm,Nuclear localization signal|Nuclear export signal,Soluble,0.6947000026702881,0.43529999256134033,0.18070000410079956,0.33399999141693115,0.26159998774528503,0.0031999999191612005,0.12080000340938568,0.15970000624656677,0.14579999446868896,0.011599999852478504,0.41990000009536743,0.04309999942779541,0.2808000147342682,0.8881999850273132
ENSG00000105851,Cytoplasm|Lysosome/Vacuole,,Peripheral|Soluble,0.7117000222206116,0.29910001158714294,0.06069999933242798,0.31850001215934753,0.17299999296665192,0.019899999722838402,0.3346000015735626,0.6295999884605408,0.39590001106262207,0.027699999511241913,0.7337999939918518,0.05130000039935112,0.2800000011920929,0.766700029373169
ENSG00000105852,Endoplasmic reticulum,Signal peptide,Peripheral|Transmembrane,0.22290000319480896,0.2143000066280365,0.3919999897480011,0.15080000460147858,0.272599995136261,0.011500000022351742,0.8213000297546387,0.5192000269889832,0.48980000615119934,0.004999999888241291,0.7092000246047974,0.7882999777793884,0.2651999890804291,0.32109999656677246
ENSG00000105854,Endoplasmic reticulum,Signal peptide,Peripheral|Transmembrane,0.20319999754428864,0.21889999508857727,0.4088999927043915,0.1670999974012375,0.2678999900817871,0.008799999952316284,0.7681000232696533,0.4268999993801117,0.3391999900341034,0.013899999670684338,0.6391000151634216,0.7562999725341797,0.10170000046491623,0.358599990606308
ENSG00000105879,Cytoplasm|Nucleus,Nuclear localization signal,Soluble,0.48190000653266907,0.8515999913215637,0.03189999982714653,0.06859999895095825,0.07410000264644623,0.035100001841783524,0.07329999655485153,0.04960000142455101,0.08020000159740448,0.0026000000070780516,0.29030001163482666,0.06480000168085098,0.02590000070631504,0.8873000144958496
ENSG00000105929,Cell membrane,Transmembrane domain,Transmembrane,0.2425999939441681,0.03440000116825104,0.012000000104308128,0.6890000104904175,0.1453000009059906,0.01640000008046627,0.5841000080108643,0.5548999905586243,0.39340001344680786,0.01140000019222498,0.27469998598098755,0.9689000248908997,0.03660000115633011,0.11190000176429749
ENSG00000105939,Cytoplasm,Nuclear localization signal,Soluble,0.47130000591278076,0.4332999885082245,0.08640000224113464,0.2872999906539917,0.12330000102519989,0.00860000029206276,0.16200000047683716,0.14820000529289246,0.10750000178813934,0.029500000178813934,0.27410000562667847,0.029400000348687172,0.26910001039505005,0.888700008392334
ENSG00000105953,Mitochondrion,Mitochondrial transit peptide,Soluble,0.2921999990940094,0.25200000405311584,0.007300000172108412,0.08730000257492065,0.7851999998092651,0.004100000020116568,0.07209999859333038,0.053700000047683716,0.07159999758005142,0.014299999922513962,0.5447999835014343,0.04100000113248825,0.1509999930858612,0.8299000263214111
ENSG00000106049,Mitochondrion,Mitochondrial transit peptide,Soluble,0.23389999568462372,0.15320000052452087,0.03220000118017197,0.11429999768733978,0.8618999719619751,0.0031999999191612005,0.05990000069141388,0.1316000074148178,0.07169999927282333,0.03220000118017197,0.5651999711990356,0.18240000307559967,0.20550000667572021,0.6503000259399414
ENSG00000106080,Endoplasmic reticulum,Signal peptide,Soluble,0.2280000001192093,0.13120000064373016,0.5349000096321106,0.24969999492168427,0.13079999387264252,0.002099999925121665,0.7903000116348267,0.2393999993801117,0.3091000020503998,0.004900000058114529,0.2912999987602234,0.05570000037550926,0.44839999079704285,0.7950999736785889
ENSG00000106105,Mitochondrion,Mitochondrial transit peptide,Soluble,0.35120001435279846,0.18889999389648438,0.16410000622272491,0.12349999696016312,0.7809000015258789,0.05770000070333481,0.16339999437332153,0.16509999334812164,0.14669999480247498,0.3571999967098236,0.40790000557899475,0.12049999833106995,0.14270000159740448,0.8073999881744385
ENSG00000106258,Endoplasmic reticulum,Signal peptide|Transmembrane domain,Peripheral|Transmembrane,0.14270000159740448,0.07249999791383743,0.03060000017285347,0.20399999618530273,0.22380000352859497,0.004600000102072954,0.9144999980926514,0.14790000021457672,0.14339999854564667,0.012400000356137753,0.6664000153541565,0.8122000098228455,0.2888000011444092,0.19210000336170197
ENSG00000106302,Cell membrane,,Lipid anchor,0.11420000344514847,0.06129999831318855,0.32339999079704285,0.760200023651123,0.0714000016450882,0.003000000026077032,0.2176000028848648,0.34060001373291016,0.2565000057220459,0.017000000923871994,0.2069000005722046,0.2809000015258789,0.972000002861023,0.3743000030517578
ENSG00000106304,Cell membrane,,Lipid anchor,0.14880000054836273,0.06440000236034393,0.40119999647140503,0.6615999937057495,0.06849999725818634,0.013100000098347664,0.22699999809265137,0.31459999084472656,0.3330000042915344,0.0551999993622303,0.14309999346733093,0.374099999666214,0.9495999813079834,0.36070001125335693
ENSG00000106346,Nucleus,Nuclear localization signal,Soluble,0.3587000072002411,0.9279999732971191,0.04179999977350235,0.10700000077486038,0.036400001496076584,0.004000000189989805,0.06509999930858612,0.03319999948143959,0.061500001698732376,0.0031999999191612005,0.20080000162124634,0.0617000013589859,0.09290000051259995,0.9038000106811523
ENSG00000106348,Cytoplasm,Nuclear localization signal|Nuclear export signal,Soluble,0.7035999894142151,0.450300008058548,0.03700000047683716,0.2199999988079071,0.188400000333786,0.026399999856948853,0.16590000689029694,0.2345000058412552,0.16329999268054962,0.040699999779462814,0.4724000096321106,0.05480000004172325,0.3003999888896942,0.8162999749183655
ENSG00000106384,Endoplasmic reticulum,Transmembrane domain,Peripheral|Transmembrane,0.14949999749660492,0.1307000070810318,0.016200000420212746,0.21539999544620514,0.2159000039100647,0.016300000250339508,0.8895999789237976,0.09610000252723694,0.19930000603199005,0.030899999663233757,0.6047000288963318,0.8406999707221985,0.23420000076293945,0.2646999955177307
ENSG00000106392,Golgi apparatus,Signal peptide|Transmembrane domain,Transmembrane,0.10220000147819519,0.08669999986886978,0.4964999854564667,0.16769999265670776,0.11230000108480453,0.00930000003427267,0.504800021648407,0.28700000047683716,0.9164000153541565,0.008500000461935997,0.1729000061750412,0.9406999945640564,0.17720000445842743,0.14110000431537628
ENSG00000106397,Endoplasmic reticulum,Signal peptide,Soluble,0.2856999933719635,0.11339999735355377,0.5647000074386597,0.2680000066757202,0.0731000006198883,0.006200000178068876,0.6826000213623047,0.4668999910354614,0.5644000172615051,0.01679999940097332,0.5235000252723694,0.20029999315738678,0.18539999425411224,0.671999990940094
ENSG00000106462,Nucleus,Nuclear localization signal,Soluble,0.32839998602867126,0.9319999814033508,0.03269999846816063,0.11190000176429749,0.09839999675750732,0.013000000268220901,0.06080000102519989,0.05079999938607216,0.026000000536441803,0.00430000014603138,0.30230000615119934,0.062300000339746475,0.10490000247955322,0.9090999960899353
ENSG00000106605,Cytoplasm,Nuclear localization signal,Soluble,0.7070000171661377,0.3686000108718872,0.04280000180006027,0.2386000007390976,0.4032000005245209,0.006099999882280827,0.22470000386238098,0.026000000536441803,0.1168999969959259,0.011500000022351742,0.2784000039100647,0.15880000591278076,0.12849999964237213,0.8226000070571899
ENSG00000106628,Cytoplasm|Nucleus,Nuclear localization signal|Nuclear export signal,Soluble,0.5335000157356262,0.864799976348877,0.03440000116825104,0.06729999929666519,0.1542000025510788,0.020400000736117363,0.13410000503063202,0.19220000505447388,0.10209999978542328,0.004800000227987766,0.35899999737739563,0.10289999842643738,0.10949999839067459,0.8044000267982483
ENSG00000106633,Cytoplasm,Nuclear export signal,Soluble,0.7631000280380249,0.49549999833106995,0.0771000012755394,0.3982999920845032,0.4381999969482422,0.0035000001080334187,0.13439999520778656,0.2483000010251999,0.28630000352859497,0.019099999219179153,0.4510999917984009,0.06019999831914902,0.4593000113964081,0.7991999983787537
ENSG00000106688,Cell membrane,Transmembrane domain,Transmembrane,0.12470000237226486,0.06019999831914902,0.05119999870657921,0.8845999836921692,0.19189999997615814,0.010200000368058681,0.19030000269412994,0.4449999928474426,0.19439999759197235,0.014999999664723873,0.09570000320672989,0.9847000241279602,0.243599995970726,0.11159999668598175
ENSG00000106733,Cytoplasm,,Soluble,0.6712999939918518,0.4115999937057495,0.11420000344514847,0.1080000028014183,0.25589999556541443,0.002400000113993883,0.2425999939441681,0.0989999994635582,0.28200000524520874,0.020600000396370888,0.27889999747276306,0.07720000296831131,0.5185999870300293,0.8708999752998352
ENSG00000106853,Cytoplasm,,Soluble,0.7142999768257141,0.19519999623298645,0.2393999993801117,0.2468000054359436,0.2013999968767166,0.14239999651908875,0.17010000348091125,0.24709999561309814,0.08380000293254852,0.07320000231266022,0.28290000557899475,0.2485000044107437,0.05649999901652336,0.739300012588501
ENSG00000106976,Cytoplasm,Nuclear export signal,Peripheral|Soluble,0.7064999938011169,0.23149999976158142,0.08229999989271164,0.35260000824928284,0.2305999994277954,0.013000000268220901,0.24269999563694,0.4072999954223633,0.2727999985218048,0.11710000038146973,0.7325000166893005,0.032099999487400055,0.24979999661445618,0.7922999858856201
ENSG00000106992,Cytoplasm,Nuclear localization signal,Soluble,0.8324999809265137,0.3991999924182892,0.1981000006198883,0.2775000035762787,0.3125999867916107,0.029999999329447746,0.1889999955892563,0.10779999941587448,0.14090000092983246,0.2752000093460083,0.31790000200271606,0.04639999940991402,0.23240000009536743,0.8719000220298767
ENSG00000107159,Cell membrane|Lysosome/Vacuole,Signal peptide|Transmembrane domain,Transmembrane,0.1973000019788742,0.07569999992847443,0.34689998626708984,0.7519000172615051,0.033900000154972076,0.02459999918937683,0.38089999556541443,0.6833999752998352,0.5651999711990356,0.10689999908208847,0.1809999942779541,0.9125000238418579,0.60589998960495,0.21719999611377716
ENSG00000107165,Cell membrane|Lysosome/Vacuole,Signal peptide|Transmembrane domain,Transmembrane,0.2215999960899353,0.07410000264644623,0.36410000920295715,0.7912999987602234,0.02979999966919422,0.013000000268220901,0.29339998960494995,0.6858000159263611,0.5266000032424927,0.06620000302791595,0.11500000208616257,0.9560999870300293,0.614300012588501,0.1451999992132187
ENSG00000107242,Cytoplasm,Nuclear export signal,Soluble,0.6028000116348267,0.3747999966144562,0.03959999978542328,0.44110000133514404,0.15559999644756317,0.006000000052154064,0.16689999401569366,0.3977999985218048,0.34860000014305115,0.021400000900030136,0.5375000238418579,0.10320000350475311,0.18160000443458557,0.8048999905586243
ENSG00000107317,Extracellular,Signal peptide,Soluble,0.149399995803833,0.1437000036239624,0.8644999861717224,0.32170000672340393,0.07540000230073929,0.00019999999494757503,0.27230000495910645,0.31349998712539673,0.14300000667572021,0.0006000000284984708,0.4487000107765198,0.025100000202655792,0.41040000319480896,0.8914999961853027
ENSG00000107341,Cytoplasm|Nucleus,Nuclear export signal,Soluble,0.7350000143051147,0.609000027179718,0.03460000082850456,0.13779999315738678,0.1891999989748001,0.0052999998442828655,0.2451000064611435,0.21130000054836273,0.24809999763965607,0.037700001150369644,0.22120000422000885,0.06400000303983688,0.326200008392334,0.8228999972343445
ENSG00000107537,Peroxisome,Peroxisomal targeting signal,Peripheral|Soluble,0.3424000144004822,0.26820001006126404,0.03189999982714653,0.10499999672174454,0.5055000185966492,0.0035000001080334187,0.10429999977350235,0.05779999867081642,0.12470000237226486,0.8158000111579895,0.6054999828338623,0.08839999884366989,0.16820000112056732,0.7433000206947327
ENSG00000107611,Cell membrane,Signal peptide,Soluble,0.21629999577999115,0.15710000693798065,0.47510001063346863,0.6722000241279602,0.08229999989271164,0.039900001138448715,0.1949000060558319,0.48500001430511475,0.30399999022483826,0.025100000202655792,0.5198000073432922,0.30489999055862427,0.0746999979019165,0.6470999717712402
ENSG00000107614,Cytoplasm|Nucleus,Nuclear export signal,Soluble,0.7215999960899353,0.6280999779701233,0.03700000047683716,0.07500000298023224,0.3626999855041504,0.014600000344216824,0.19130000472068787,0.10620000213384628,0.1378999948501587,0.0957999974489212,0.21819999814033508,0.2370000034570694,0.12600000202655792,0.8417999744415283
ENSG00000107669,Cytoplasm|Nucleus,Nuclear localization signal,Soluble,0.6075999736785889,0.7674999833106995,0.055399999022483826,0.039799999445676804,0.19589999318122864,0.003700000001117587,0.1143999993801117,0.06849999725818634,0.10769999772310257,0.031300000846385956,0.23999999463558197,0.14090000092983246,0.13680000603199005,0.8331000208854675
ENSG00000107789,Endoplasmic reticulum,Signal peptide,Soluble,0.21850000321865082,0.08009999990463257,0.38519999384880066,0.1559000015258789,0.41370001435279846,0.007600000128149986,0.6644999980926514,0.31929999589920044,0.3190999925136566,0.07689999788999557,0.41530001163482666,0.0982000008225441,0.46219998598098755,0.7290999889373779
ENSG00000107798,Extracellular,Signal peptide,Soluble,0.25369998812675476,0.05990000069141388,0.756600022315979,0.23090000450611115,0.11569999903440475,0.0012000000569969416,0.47440001368522644,0.5662999749183655,0.2524999976158142,0.0017000000225380063,0.38350000977516174,0.251800000667572,0.14659999310970306,0.7541999816894531
ENSG00000107819,Mitochondrion,,Transmembrane,0.24789999425411224,0.061500001698732376,0.0778999999165535,0.149399995803833,0.9146999716758728,0.08470000326633453,0.2922999858856201,0.21860000491142273,0.2295999974012375,0.3379000127315521,0.22769999504089355,0.9609000086784363,0.06109999865293503,0.1331000030040741
ENSG00000107854,Cytoplasm,Nuclear export signal,Peripheral|Soluble,0.6721000075340271,0.4440000057220459,0.025699999183416367,0.4154999852180481,0.14980000257492065,0.015799999237060547,0.2856999933719635,0.43799999356269836,0.3553999960422516,0.014999999664723873,0.6639000177383423,0.054099999368190765,0.17440000176429749,0.7998999953269958
ENSG00000107902,Cytoplasm|Mitochondrion,Mitochondrial transit peptide,Soluble,0.6643000245094299,0.2605000138282776,0.04729999974370003,0.3179999887943268,0.7473000288009644,0.007300000172108412,0.10589999705553055,0.12330000102519989,0.07259999960660934,0.08640000224113464,0.48570001125335693,0.15119999647140503,0.2759999930858612,0.7842000126838684
ENSG00000107951,Mitochondrion,Mitochondrial transit peptide,Soluble,0.19089999794960022,0.3102000057697296,0.022600000724196434,0.06689999997615814,0.9210000038146973,0.006899999920278788,0.02969999983906746,0.04230000078678131,0.03840000182390213,0.035599999129772186,0.2685000002384186,0.1152999997138977,0.06669999659061432,0.8694999814033508
ENSG00000107954,Cytoplasm,,Lipid anchor,0.582099974155426,0.32409998774528503,0.10119999945163727,0.47600001096725464,0.24500000476837158,0.012600000016391277,0.2759999930858612,0.49639999866485596,0.3433000147342682,0.060600001364946365,0.5246000289916992,0.18559999763965607,0.9200999736785889,0.4945000112056732
ENSG00000108106,Cytoplasm|Nucleus,Nuclear localization signal,Soluble,0.6553999781608582,0.5896999835968018,0.045899998396635056,0.14589999616146088,0.07069999724626541,0.006300000008195639,0.290800005197525,0.12849999964237213,0.2718999981880188,0.07689999788999557,0.36579999327659607,0.027799999341368675,0.5012000203132629,0.7989000082015991
ENSG00000108179,Mitochondrion,Mitochondrial transit peptide,Soluble,0.17329999804496765,0.20890000462532043,0.037300001829862595,0.09759999811649323,0.9567000269889832,0.002400000113993883,0.066600002348423,0.07800000160932541,0.0778999999165535,0.031099999323487282,0.4032999873161316,0.03849999979138374,0.20149999856948853,0.8330000042915344
ENSG00000108242,Endoplasmic reticulum,Signal peptide|Transmembrane domain,Peripheral|Transmembrane,0.12800000607967377,0.08529999852180481,0.03350000083446503,0.22370000183582306,0.09229999780654907,0.00570000009611249,0.909600019454956,0.24009999632835388,0.13449999690055847,0.048500001430511475,0.8170999884605408,0.7077000141143799,0.2775999903678894,0.16210000216960907
ENSG00000108381,Cytoplasm|Nucleus,Nuclear export signal,Soluble,0.7777000069618225,0.5192000269889832,0.12790000438690186,0.2011999934911728,0.3228999972343445,0.016300000250339508,0.131400004029274,0.09080000221729279,0.15039999783039093,0.08240000158548355,0.4368000030517578,0.08730000257492065,0.41019999980926514,0.8282999992370605
ENSG00000108439,Cytoplasm|Mitochondrion,Mitochondrial transit peptide,Soluble,0.5615000128746033,0.275299996137619,0.2773999869823456,0.12189999967813492,0.6291999816894531,0.0034000000450760126,0.2694999873638153,0.21410000324249268,0.19210000336170197,0.034699998795986176,0.4018000066280365,0.13590000569820404,0.2759000062942505,0.7325000166893005
ENSG00000108474,Endoplasmic reticulum,Signal peptide|Transmembrane domain,Peripheral|Transmembrane,0.3070000112056732,0.33059999346733093,0.06689999997615814,0.2524999976158142,0.20090000331401825,0.010700000450015068,0.7494999766349792,0.2021999955177307,0.3255999982357025,0.011800000444054604,0.6570000052452087,0.8603000044822693,0.4339999854564667,0.21449999511241913
ENSG00000108479,Cytoplasm,Nuclear export signal,Soluble,0.8428000211715698,0.4512999951839447,0.10080000013113022,0.09260000288486481,0.40389999747276306,0.04769999906420708,0.10360000282526016,0.22599999606609344,0.16670000553131104,0.22869999706745148,0.45910000801086426,0.1282999962568283,0.2696000039577484,0.7653999924659729
ENSG00000108515,Cytoplasm,Nuclear localization signal,Soluble,0.8597999811172485,0.3562000095844269,0.10679999738931656,0.25429999828338623,0.35260000824928284,0.04050000011920929,0.1306000053882599,0.11630000174045563,0.1200999990105629,0.10930000245571136,0.4189000129699707,0.049400001764297485,0.11729999631643295,0.8026999831199646
ENSG00000108523,Lysosome/Vacuole,Signal peptide|Transmembrane domain,Transmembrane,0.21629999577999115,0.11249999701976776,0.05220000073313713,0.48069998621940613,0.0617000013589859,0.019300000742077827,0.5845999717712402,0.6804999709129333,0.40049999952316284,0.028599999845027924,0.15209999680519104,0.9746999740600586,0.26170000433921814,0.10620000213384628
ENSG00000108528,Mitochondrion,Transmembrane domain|Mitochondrial transit peptide,Transmembrane,0.13609999418258667,0.10260000079870224,0.03519999980926514,0.26980000734329224,0.8629999756813049,0.026200000196695328,0.2831999957561493,0.15039999783039093,0.3375999927520752,0.13349999487400055,0.16529999673366547,0.9085000157356262,0.09849999845027924,0.14569999277591705
ENSG00000108559,Cytoplasm|Nucleus,Nuclear export signal,Soluble,0.5570999979972839,0.5410000085830688,0.05130000039935112,0.13910000026226044,0.05649999901652336,0.013199999928474426,0.2402999997138977,0.33070001006126404,0.2680000066757202,0.04580000042915344,0.5763000249862671,0.21060000360012054,0.2524000108242035,0.7028999924659729
ENSG00000108576,Cell membrane,Transmembrane domain,Transmembrane,0.12380000203847885,0.043800000101327896,0.018699999898672104,0.9107999801635742,0.13289999961853027,0.00419999985024333,0.20960000157356262,0.4796000123023987,0.2858999967575073,0.01209999993443489,0.10000000149011612,0.9878000020980835,0.04969999939203262,0.09589999914169312
ENSG00000108602,Cytoplasm,,Soluble,0.7983999848365784,0.323199987411499,0.05999999865889549,0.14480000734329224,0.28369998931884766,0.0032999999821186066,0.43560001254081726,0.12039999663829803,0.12389999628067017,0.018300000578165054,0.5005000233650208,0.17069999873638153,0.48739999532699585,0.7225000262260437
ENSG00000108773,Nucleus,Nuclear export signal,Soluble,0.43959999084472656,0.8671000003814697,0.032999999821186066,0.12559999525547028,0.1388999968767166,0.008200000040233135,0.13199999928474426,0.13860000669956207,0.1177000030875206,0.015200000256299973,0.3127000033855438,0.1046999990940094,0.17389999330043793,0.8522999882698059
ENSG00000108784,Extracellular,Signal peptide,Soluble,0.23389999568462372,0.11240000277757645,0.6105999946594238,0.2736999988555908,0.04259999841451645,0.006000000052154064,0.46140000224113464,0.5511999726295471,0.2393999993801117,0.00860000029206276,0.48350000381469727,0.2815000116825104,0.09960000216960907,0.714900016784668
ENSG00000108786,Cytoplasm,Nuclear export signal,Soluble,0.6718000173568726,0.2955999970436096,0.1688999980688095,0.22020000219345093,0.36970001459121704,0.0017999999690800905,0.24420000612735748,0.3334999978542328,0.38929998874664307,0.12860000133514404,0.5907999873161316,0.21480000019073486,0.6969000101089478,0.6963000297546387
ENSG00000108799,Nucleus,Nuclear localization signal,Soluble,0.30250000953674316,0.9236999750137329,0.02280000038444996,0.0925000011920929,0.09629999846220016,0.015200000256299973,0.05860000103712082,0.0575999990105629,0.027899999171495438,0.009499999694526196,0.2818000018596649,0.08009999990463257,0.05920000001788139,0.9023000001907349
ENSG00000108839,Cytoplasm,Nuclear export signal,Soluble,0.6740999817848206,0.28999999165534973,0.23770000040531158,0.4153999984264374,0.3037000000476837,0.016200000420212746,0.1185000017285347,0.303600013256073,0.22190000116825104,0.023000000044703484,0.5669000148773193,0.12610000371932983,0.156700000166893,0.8119000196456909
ENSG00000108846,Cell membrane|Lysosome/Vacuole,Transmembrane domain,Transmembrane,0.09510000050067902,0.07670000195503235,0.02500000037252903,0.8345999717712402,0.1573999971151352,0.008100000210106373,0.3919999897480011,0.6194999814033508,0.3504999876022339,0.18790000677108765,0.11140000075101852,0.991599977016449,0.10620000213384628,0.09369999915361404
ENSG00000108854,Cytoplasm|Nucleus,Nuclear export signal,Peripheral|Soluble,0.6777999997138977,0.5065000057220459,0.023099999874830246,0.5195000171661377,0.11640000343322754,0.009100000374019146,0.15279999375343323,0.3797999918460846,0.24079999327659607,0.015200000256299973,0.690500020980835,0.0284000001847744,0.13989999890327454,0.8652999997138977
ENSG00000108932,Cell membrane,Signal peptide|Transmembrane domain,Transmembrane,0.16949999332427979,0.056299999356269836,0.08089999854564667,0.7559999823570251,0.1080000028014183,0.007600000128149986,0.25540000200271606,0.5049999952316284,0.551800012588501,0.08259999752044678,0.14350000023841858,0.983299970626831,0.40049999952316284,0.07890000194311142
ENSG00000109065,Cytoplasm|Nucleus,Nuclear export signal,Soluble,0.6875,0.57669997215271,0.11810000240802765,0.12020000070333481,0.31610000133514404,0.007000000216066837,0.2062000036239624,0.31119999289512634,0.22130000591278076,0.09200000017881393,0.29829999804496765,0.1518000066280365,0.5121999979019165,0.7983999848365784
ENSG00000109107,Cytoplasm,Nuclear export signal,Soluble,0.8206999897956848,0.2660999894142151,0.23800000548362732,0.42260000109672546,0.3192000091075897,0.042399998754262924,0.15320000052452087,0.15719999372959137,0.1753000020980835,0.05380000174045563,0.427700012922287,0.021700000390410423,0.4805000126361847,0.861299991607666
ENSG00000109181,Endoplasmic reticulum,Signal peptide|Transmembrane domain,Transmembrane,0.16899999976158142,0.058400001376867294,0.06719999760389328,0.428600013256073,0.061900001019239426,0.01140000019222498,0.8361999988555908,0.3091999888420105,0.3709999918937683,0.04610000178217888,0.20440000295639038,0.9273999929428101,0.32199999690055847,0.1873999983072281
ENSG00000109189,Cytoplasm|Nucleus,Nuclear export signal,Peripheral|Soluble,0.6388999819755554,0.5490999817848206,0.0706000030040741,0.29899999499320984,0.18019999563694,0.003599999938160181,0.1881999969482422,0.2840000092983246,0.30070000886917114,0.009499999694526196,0.652400016784668,0.08980000019073486,0.41909998655319214,0.7718999981880188
ENSG00000109193,Cytoplasm,,Soluble,0.6621000170707703,0.2549999952316284,0.08389999717473984,0.1647000014781952,0.14959999918937683,0.010200000368058681,0.15160000324249268,0.07509999722242355,0.06769999861717224,0.04639999940991402,0.20340000092983246,0.09929999709129333,0.11249999701976776,0.8657000064849854
ENSG00000109323,Extracellular,Signal peptide,Soluble,0.27649998664855957,0.12800000607967377,0.6262999773025513,0.23090000450611115,0.13850000500679016,0.0005000000237487257,0.522599995136261,0.46889999508857727,0.3037000000476837,0.003599999938160181,0.314300000667572,0.24009999632835388,0.08190000057220459,0.8216999769210815
ENSG00000109332,Cytoplasm,Nuclear export signal,Soluble,0.59170001745224,0.48739999532699585,0.053700000047683716,0.2418999969959259,0.14830000698566437,0.00139999995008111,0.2084999978542328,0.08919999748468399,0.3303000032901764,0.1354999989271164,0.517300009727478,0.03440000116825104,0.27709999680519104,0.7901999950408936
ENSG00000109390,Mitochondrion,Mitochondrial transit peptide,Transmembrane,0.09319999814033508,0.08609999716281891,0.026100000366568565,0.11580000072717667,0.8726000189781189,0.010900000110268593,0.08150000125169754,0.020400000736117363,0.042100001126527786,0.022700000554323196,0.21570000052452087,0.9686999917030334,0.0551999993622303,0.12630000710487366
ENSG00000109424,Mitochondrion,Transmembrane domain|Mitochondrial transit peptide,Transmembrane,0.12999999523162842,0.0771000012755394,0.05689999833703041,0.23890000581741333,0.8763999938964844,0.04170000180602074,0.16979999840259552,0.2190999984741211,0.29339998960494995,0.0925000011920929,0.14020000398159027,0.9212999939918518,0.1679999977350235,0.1850000023841858
ENSG00000109452,Cytoplasm|Lysosome/Vacuole,Nuclear export signal,Peripheral|Soluble,0.6409000158309937,0.27219998836517334,0.054499998688697815,0.3637000024318695,0.26489999890327454,0.05920000001788139,0.37119999527931213,0.6344000101089478,0.5080999732017517,0.065700002014637,0.6029999852180481,0.12929999828338623,0.2565999925136566,0.7350999712944031
ENSG00000109576,Cytoplasm,,Soluble,0.6873999834060669,0.335099995136261,0.025100000202655792,0.11909999698400497,0.3467999994754791,0.016499999910593033,0.07000000029802322,0.10520000010728836,0.07109999656677246,0.03519999980926514,0.30239999294281006,0.19349999725818634,0.10649999976158142,0.8091999888420105
ENSG00000109586,Golgi apparatus,Signal peptide|Transmembrane domain,Transmembrane,0.13359999656677246,0.0737999975681305,0.3206000030040741,0.13830000162124634,0.11869999766349792,0.010599999688565731,0.5182999968528748,0.47909998893737793,0.953499972820282,0.05939999967813492,0.2946999967098236,0.9154000282287598,0.17329999804496765,0.1665000021457672
ENSG00000109610,Extracellular,Signal peptide,Soluble,0.21660000085830688,0.05920000001788139,0.7468000054359436,0.18569999933242798,0.16380000114440918,0.0013000000035390258,0.43230000138282776,0.5306000113487244,0.4203999936580658,0.005400000140070915,0.30809998512268066,0.059300001710653305,0.18970000743865967,0.9118000268936157
ENSG00000109667,Cell membrane,Transmembrane domain,Transmembrane,0.1599999964237213,0.0949999988079071,0.053599998354911804,0.8633000254631042,0.20329999923706055,0.008299999870359898,0.2273000031709671,0.4361000061035156,0.3736000061035156,0.08349999785423279,0.10769999772310257,0.9781000018119812,0.16349999606609344,0.12870000302791595
ENSG00000109685,Nucleus,Nuclear localization signal,Soluble,0.16680000722408295,0.974399983882904,0.02800000086426735,0.0786999985575676,0.03660000115633011,0.025699999183416367,0.030300000682473183,0.014999999664723873,0.010599999688565731,0.00419999985024333,0.18709999322891235,0.04190000146627426,0.07739999890327454,0.9419000148773193
ENSG00000109743,Cell membrane,,Lipid anchor,0.08399999886751175,0.07569999992847443,0.5368000268936157,0.6958000063896179,0.06729999929666519,0.0010999999940395355,0.2996000051498413,0.36480000615119934,0.34940001368522644,0.033799998462200165,0.21950000524520874,0.3928999900817871,0.9699000120162964,0.287200003862381
ENSG00000109814,Nucleus,Nuclear localization signal,Soluble,0.4487000107765198,0.8476999998092651,0.04670000076293945,0.14720000326633453,0.21580000221729279,0.03020000085234642,0.1363999992609024,0.03500000014901161,0.022199999541044235,0.04479999840259552,0.3750999867916107,0.04610000178217888,0.5633999705314636,0.8192999958992004
ENSG00000109854,Cytoplasm|Mitochondrion,Mitochondrial transit peptide,Peripheral,0.6761999726295471,0.22130000591278076,0.19449999928474426,0.27480000257492065,0.741599977016449,0.09950000047683716,0.5968000292778015,0.263700008392334,0.5644999742507935,0.07800000160932541,0.7929999828338623,0.186599999666214,0.4794999957084656,0.426800012588501
ENSG00000109861,Extracellular,Signal peptide,Soluble,0.26179999113082886,0.07190000265836716,0.7400000095367432,0.24490000307559967,0.10719999670982361,0.0006000000284984708,0.4948999881744385,0.47870001196861267,0.4041999876499176,0.008700000122189522,0.3165000081062317,0.0738999992609024,0.12780000269412994,0.8618000149726868
ENSG00000109929,Endoplasmic reticulum,,Transmembrane,0.13289999961853027,0.09730000048875809,0.013899999670684338,0.17350000143051147,0.1509000062942505,0.01590000092983246,0.9067000150680542,0.14669999480247498,0.4528999924659729,0.07460000365972519,0.0689999982714653,0.9944999814033508,0.05730000138282776,0.06719999760389328
ENSG00000109956,Extracellular|Golgi apparatus,Signal peptide|Transmembrane domain,Transmembrane,0.14270000159740448,0.07649999856948853,0.619700014591217,0.15569999814033508,0.13330000638961792,0.012400000356137753,0.3492000102996826,0.23810000717639923,0.9172999858856201,0.0272000003606081,0.23849999904632568,0.9312999844551086,0.2037999927997589,0.21240000426769257
ENSG00000110013,Extracellular,Signal peptide,Soluble,0.22709999978542328,0.08049999922513962,0.8105000257492065,0.34310001134872437,0.1696999967098236,0.0010000000474974513,0.4722000062465668,0.4887000024318695,0.3118000030517578,0.006500000134110451,0.36309999227523804,0.11490000039339066,0.2459000051021576,0.8762999773025513
ENSG00000110066,Nucleus,Nuclear localization signal,Soluble,0.21209999918937683,0.9692000150680542,0.023499999195337296,0.10849999636411667,0.039000000804662704,0.029200000688433647,0.04820000007748604,0.016200000420212746,0.020099999383091927,0.046300001442432404,0.1720000058412552,0.09809999912977219,0.10289999842643738,0.8996999859809875
ENSG00000110080,Golgi apparatus,Signal peptide,Transmembrane,0.14669999480247498,0.08860000222921371,0.45509999990463257,0.20360000431537628,0.17170000076293945,0.004999999888241291,0.22540000081062317,0.18780000507831573,0.8878999948501587,0.01140000019222498,0.2295999974012375,0.7799000144004822,0.5004000067710876,0.38119998574256897
ENSG00000110090,Endoplasmic reticulum,Transmembrane domain,Transmembrane,0.25130000710487366,0.19089999794960022,0.07199999690055847,0.4189999997615814,0.48969998955726624,0.06830000132322311,0.7613999843597412,0.23569999635219574,0.47350001335144043,0.09960000216960907,0.19519999623298645,0.9912999868392944,0.25949999690055847,0.08919999748468399
ENSG00000110195,Cell membrane,,Lipid anchor,0.10480000078678131,0.07509999722242355,0.448199987411499,0.7265999913215637,0.07620000094175339,0.0013000000035390258,0.44830000400543213,0.4074000120162964,0.3140000104904175,0.006599999964237213,0.22830000519752502,0.3653999865055084,0.9843999743461609,0.2273000031709671
ENSG00000110203,Extracellular,Signal peptide,Soluble,0.18529999256134033,0.11559999734163284,0.8557999730110168,0.35010001063346863,0.08590000122785568,0.00860000029206276,0.29739999771118164,0.4059999883174896,0.18469999730587006,0.019200000911951065,0.3382999897003174,0.19850000739097595,0.5605000257492065,0.6996999979019165
ENSG00000110245,Extracellular,Signal peptide,Soluble,0.06859999895095825,0.06689999997615814,0.8680999875068665,0.18400000035762787,0.036400001496076584,0.000699999975040555,0.32330000400543213,0.5343999862670898,0.3508000075817108,0.0020000000949949026,0.34630000591278076,0.24709999561309814,0.314300000667572,0.6276000142097473
ENSG00000110328,Golgi apparatus,Signal peptide|Transmembrane domain,Transmembrane,0.15029999613761902,0.054499998688697815,0.4507000148296356,0.2773999869823456,0.11649999767541885,0.007699999958276749,0.5613999962806702,0.3384000062942505,0.9358999729156494,0.05350000038743019,0.1678999960422516,0.9251000285148621,0.37549999356269836,0.24650000035762787
ENSG00000110344,Cytoplasm|Nucleus,Nuclear export signal,Soluble,0.6565999984741211,0.625,0.02630000002682209,0.11020000278949738,0.1120000034570694,0.005100000184029341,0.24250000715255737,0.29179999232292175,0.26499998569488525,0.027499999850988388,0.5633999705314636,0.16349999606609344,0.11079999804496765,0.7689999938011169
ENSG00000110395,Cytoplasm,Nuclear export signal,Peripheral|Soluble,0.6563000082969666,0.3009999990463257,0.04969999939203262,0.4058000147342682,0.11959999799728394,0.007899999618530273,0.3440000116825104,0.49239999055862427,0.46129998564720154,0.02590000070631504,0.6547999978065491,0.07479999959468842,0.2773999869823456,0.7348999977111816
ENSG00000110435,Mitochondrion,Mitochondrial transit peptide,Peripheral|Soluble,0.16779999434947968,0.13750000298023224,0.0272000003606081,0.14790000021457672,0.8984000086784363,0.0015999999595806003,0.1826000064611435,0.09669999778270721,0.14010000228881836,0.03819999843835831,0.6740999817848206,0.05820000171661377,0.12530000507831573,0.7689999938011169
ENSG00000110436,Cell membrane,Transmembrane domain,Transmembrane,0.09650000184774399,0.07280000299215317,0.03700000047683716,0.8529999852180481,0.21279999613761902,0.01510000042617321,0.29499998688697815,0.5404999852180481,0.2881999909877777,0.015300000086426735,0.11079999804496765,0.984499990940094,0.10540000349283218,0.10159999877214432
ENSG00000110446,Lysosome/Vacuole,Transmembrane domain,Transmembrane,0.1412000060081482,0.08869999647140503,0.05790000036358833,0.5608999729156494,0.17870000004768372,0.006200000178068876,0.32260000705718994,0.6772000193595886,0.49239999055862427,0.07850000262260437,0.07769999653100967,0.9864000082015991,0.3077000081539154,0.12700000405311584
ENSG00000110536,Mitochondrion|Endoplasmic reticulum|Golgi apparatus,,Peripheral,0.4235000014305115,0.12389999628067017,0.1348000019788742,0.4334999918937683,0.7202000021934509,0.03920000046491623,0.8065000176429749,0.22130000591278076,0.6866999864578247,0.09070000052452087,0.8848999738693237,0.45559999346733093,0.2973000109195709,0.3619999885559082
ENSG00000110583,Cytoplasm|Nucleus,Nuclear localization signal,Soluble,0.6947000026702881,0.5170000195503235,0.2290000021457672,0.07620000094175339,0.15639999508857727,0.010700000450015068,0.14730000495910645,0.12080000340938568,0.22709999978542328,0.0031999999191612005,0.258899986743927,0.03500000014901161,0.4731000065803528,0.7821000218391418
ENSG00000110619,Cytoplasm,,Soluble,0.7089999914169312,0.22460000216960907,0.14149999618530273,0.24300000071525574,0.42719998955726624,0.00419999985024333,0.39259999990463257,0.2011999934911728,0.3379000127315521,0.055799998342990875,0.5,0.10279999673366547,0.179299995303154,0.8041999936103821
ENSG00000110628,Endoplasmic reticulum,,Transmembrane,0.1500999927520752,0.19769999384880066,0.08429999649524689,0.3540000021457672,0.37400001287460327,0.009700000286102295,0.7281000018119812,0.3880999982357025,0.29829999804496765,0.05490000173449516,0.257099986076355,0.9334999918937683,0.22579999268054962,0.1956000030040741
ENSG00000110713,Nucleus,Nuclear export signal,Peripheral|Soluble,0.3474999964237213,0.7822999954223633,0.030400000512599945,0.18619999289512634,0.09690000116825104,0.013700000010430813,0.13359999656677246,0.20829999446868896,0.09960000216960907,0.03739999979734421,0.6793000102043152,0.10320000350475311,0.07519999891519547,0.746399998664856
ENSG00000110717,Mitochondrion,Mitochondrial transit peptide,Peripheral|Transmembrane,0.18610000610351562,0.07540000230073929,0.043699998408555984,0.20649999380111694,0.951200008392334,0.0026000000070780516,0.12229999899864197,0.06520000100135803,0.3077999949455261,0.125900000333786,0.715499997138977,0.6819000244140625,0.057999998331069946,0.30250000953674316
ENSG00000110719,Cell membrane,Transmembrane domain,Transmembrane,0.225600004196167,0.03999999910593033,0.013500000350177288,0.6729000210762024,0.164900004863739,0.011599999852478504,0.604200005531311,0.5256999731063843,0.3587000072002411,0.011099999770522118,0.3874000012874603,0.9668999910354614,0.05169999971985817,0.1103999987244606
ENSG00000110721,Cytoplasm,,Soluble,0.6509000062942505,0.4632999897003174,0.11140000075101852,0.17550000548362732,0.20800000429153442,0.0038999998942017555,0.18709999322891235,0.25429999828338623,0.20489999651908875,0.06239999830722809,0.3149999976158142,0.13379999995231628,0.18880000710487366,0.8579999804496765
ENSG00000110871,Mitochondrion,Mitochondrial transit peptide,Peripheral,0.13539999723434448,0.16179999709129333,0.05900000035762787,0.12060000002384186,0.9257000088691711,0.000699999975040555,0.09130000323057175,0.0746999979019165,0.08730000257492065,0.030500000342726707,0.6753000020980835,0.4131999909877777,0.2696000039577484,0.4603999853134155
ENSG00000110887,Peroxisome,Peroxisomal targeting signal,Soluble,0.2567000091075897,0.1923000067472458,0.019899999722838402,0.05790000036358833,0.36800000071525574,0.0007999999797903001,0.11190000176429749,0.09040000289678574,0.05000000074505806,0.9121999740600586,0.3384999930858612,0.08590000122785568,0.29649999737739563,0.7815999984741211
ENSG00000110911,Cell membrane,Transmembrane domain,Transmembrane,0.1527000069618225,0.05609999969601631,0.038600001484155655,0.8517000079154968,0.15369999408721924,0.012000000104308128,0.337799996137619,0.5370000004768372,0.32010000944137573,0.006300000008195639,0.07400000095367432,0.9908999800682068,0.3571999967098236,0.07569999992847443
ENSG00000110921,Cytoplasm,Peroxisomal targeting signal,Soluble,0.8064000010490417,0.44749999046325684,0.06599999964237213,0.09380000084638596,0.3691999912261963,0.024800000712275505,0.1177000030875206,0.13410000503063202,0.12430000305175781,0.690500020980835,0.35760000348091125,0.2572999894618988,0.20679999887943268,0.7730000019073486
ENSG00000110955,Mitochondrion,Mitochondrial transit peptide,Peripheral|Soluble,0.14429999887943268,0.12710000574588776,0.019700000062584877,0.11680000275373459,0.8776999711990356,0.012199999764561653,0.12359999865293503,0.09539999812841415,0.12189999967813492,0.18559999763965607,0.7171000242233276,0.04179999977350235,0.33970001339912415,0.718999981880188
ENSG00000110958,Cytoplasm|Nucleus,Nuclear export signal,Soluble,0.7261000275611877,0.5882999897003174,0.08659999817609787,0.09709999710321426,0.1981000006198883,0.04170000180602074,0.24660000205039978,0.4124999940395355,0.16660000383853912,0.16689999401569366,0.16509999334812164,0.052799999713897705,0.15940000116825104,0.8639000058174133
ENSG00000111012,Mitochondrion,Mitochondrial transit peptide,Peripheral,0.24379999935626984,0.10199999809265137,0.13359999656677246,0.2337999939918518,0.7285000085830688,0.029400000348687172,0.22699999809265137,0.1273999959230423,0.120899997651577,0.03779999911785126,0.7893000245094299,0.421999990940094,0.2574000060558319,0.4018999934196472
ENSG00000111058,Mitochondrion,Mitochondrial transit peptide,Soluble,0.2612999975681305,0.21739999949932098,0.044599998742341995,0.14730000495910645,0.781000018119812,0.0008999999845400453,0.15410000085830688,0.14069999754428864,0.10729999840259552,0.03350000083446503,0.5604000091552734,0.19609999656677246,0.17069999873638153,0.7315999865531921
ENSG00000111077,Cytoplasm|Cell membrane,Nuclear localization signal|Nuclear export signal,Peripheral|Soluble,0.6521999835968018,0.3463999927043915,0.06710000336170197,0.6333000063896179,0.15240000188350677,0.00800000037997961,0.30160000920295715,0.4458000063896179,0.3400999903678894,0.006099999882280827,0.7483000159263611,0.07190000265836716,0.1395999938249588,0.7857999801635742
ENSG00000111144,Cytoplasm,Nuclear export signal,Soluble,0.8241000175476074,0.34940001368522644,0.21930000185966492,0.3183000087738037,0.18410000205039978,0.02290000021457672,0.2718000113964081,0.20319999754428864,0.1956000030040741,0.1809999942779541,0.4731999933719635,0.0982000008225441,0.1136000007390976,0.8233000040054321
ENSG00000111181,Cell membrane,Transmembrane domain,Transmembrane,0.13359999656677246,0.04529999941587448,0.022600000724196434,0.9200000166893005,0.1298999935388565,0.00279999990016222,0.18170000612735748,0.41339999437332153,0.20839999616146088,0.010499999858438969,0.0908999964594841,0.9832000136375427,0.0544000007212162,0.11959999799728394
ENSG00000111224,Cytoplasm|Nucleus,Nuclear export signal,Soluble,0.6585000157356262,0.5852000117301941,0.12439999729394913,0.12950000166893005,0.20759999752044678,0.011500000022351742,0.29600000381469727,0.16619999706745148,0.09040000289678574,0.007400000002235174,0.30730000138282776,0.045499999076128006,0.08489999920129776,0.9136000275611877
ENSG00000111261,Cell membrane|Lysosome/Vacuole|Golgi apparatus,Signal peptide|Transmembrane domain,Transmembrane,0.1826999932527542,0.11869999766349792,0.3343999981880188,0.7023000121116638,0.019200000911951065,0.011500000022351742,0.4320000112056732,0.7656999826431274,0.6812000274658203,0.04490000009536743,0.0414000004529953,0.9853000044822693,0.14630000293254852,0.19050000607967377
ENSG00000111275,Mitochondrion,Mitochondrial transit peptide,Soluble,0.27410000562667847,0.155799999833107,0.025800000876188278,0.13369999825954437,0.909500002861023,0.00039999998989515007,0.08299999684095383,0.14139999449253082,0.05770000070333481,0.01759999990463257,0.4771000146865845,0.10180000215768814,0.26260000467300415,0.7778000235557556
ENSG00000111339,Cell membrane,,Lipid anchor,0.1639000028371811,0.08470000326633453,0.3970000147819519,0.6779999732971191,0.14190000295639038,0.003000000026077032,0.3441999852657318,0.31349998712539673,0.31439998745918274,0.026599999517202377,0.19089999794960022,0.3082999885082245,0.9513000249862671,0.3874000012874603
ENSG00000111371,Cell membrane|Lysosome/Vacuole,Transmembrane domain,Transmembrane,0.1469999998807907,0.03200000151991844,0.018699999898672104,0.7810999751091003,0.14380000531673431,0.01080000028014183,0.2955999970436096,0.6065999865531921,0.40860000252723694,0.016599999740719795,0.029999999329447746,0.9882000088691711,0.156700000166893,0.08879999816417694
ENSG00000111445,Cytoplasm|Nucleus,Nuclear export signal,Soluble,0.4794999957084656,0.7990000247955322,0.018699999898672104,0.09650000184774399,0.2614000141620636,0.01510000042617321,0.11590000241994858,0.24320000410079956,0.13330000638961792,0.0674000009894371,0.35120001435279846,0.043800000101327896,0.26579999923706055,0.7889999747276306
ENSG00000111581,Nucleus,Nuclear localization signal,Soluble,0.3747999966144562,0.8618999719619751,0.04470000043511391,0.06880000233650208,0.03370000049471855,0.0430000014603138,0.14569999277591705,0.18619999289512634,0.12020000070333481,0.022299999371170998,0.5796999931335449,0.08229999989271164,0.13650000095367432,0.8320000171661377
ENSG00000111640,Cytoplasm,,Soluble,0.8072999715805054,0.22110000252723694,0.12839999794960022,0.25060001015663147,0.5083000063896179,0.016300000250339508,0.18029999732971191,0.07670000195503235,0.12849999964237213,0.06360000371932983,0.4050000011920929,0.054499998688697815,0.1704999953508377,0.8557999730110168
ENSG00000111666,Endoplasmic reticulum,Transmembrane domain,Transmembrane,0.07940000295639038,0.1680999994277954,0.011099999770522118,0.4887999892234802,0.36070001125335693,0.008500000461935997,0.8751999735832214,0.27720001339912415,0.6255000233650208,0.025800000876188278,0.09549999982118607,0.9901999831199646,0.09120000153779984,0.08449999988079071
ENSG00000111667,Cytoplasm|Nucleus,Nuclear export signal,Soluble,0.7325000166893005,0.6144999861717224,0.016599999740719795,0.12630000710487366,0.13050000369548798,0.006300000008195639,0.37389999628067017,0.41780000925064087,0.31060001254081726,0.01269999984651804,0.47519999742507935,0.0471000000834465,0.07129999995231628,0.8641999959945679
ENSG00000111669,Cytoplasm,Peroxisomal targeting signal,Soluble,0.8935999870300293,0.29670000076293945,0.20810000598430634,0.21359999477863312,0.30399999022483826,0.06319999694824219,0.06390000134706497,0.1737000048160553,0.2062000036239624,0.09279999881982803,0.314300000667572,0.05660000070929527,0.16089999675750732,0.8596000075340271
ENSG00000111670,Endoplasmic reticulum|Lysosome/Vacuole|Golgi apparatus,Signal peptide|Transmembrane domain,Transmembrane,0.2062000036239624,0.14579999446868896,0.14319999516010284,0.3637000024318695,0.11190000176429749,0.05299999937415123,0.6625000238418579,0.609499990940094,0.7990999817848206,0.03400000184774399,0.2676999866962433,0.9861000180244446,0.2888000011444092,0.07240000367164612
ENSG00000111674,Cytoplasm,Nuclear export signal|Peroxisomal targeting signal,Soluble,0.8738999962806702,0.44029998779296875,0.08510000258684158,0.14300000667572021,0.2206999957561493,0.04100000113248825,0.16740000247955322,0.14980000257492065,0.20640000700950623,0.38119998574256897,0.46619999408721924,0.04520000144839287,0.1509000062942505,0.7853999733924866
ENSG00000111684,Endoplasmic reticulum,Transmembrane domain,Transmembrane,0.18060000240802765,0.08299999684095383,0.023499999195337296,0.26170000433921814,0.2741999924182892,0.03680000081658363,0.944599986076355,0.0794999971985817,0.21969999372959137,0.03139999881386757,0.13920000195503235,0.9901000261306763,0.054099999368190765,0.07599999755620956
ENSG00000111696,Mitochondrion,Mitochondrial transit peptide,Soluble,0.23800000548362732,0.27000001072883606,0.07039999961853027,0.09009999781847,0.9045000076293945,0.0010999999940395355,0.0803999975323677,0.17409999668598175,0.12020000070333481,0.026399999856948853,0.5446000099182129,0.23639999330043793,0.22290000319480896,0.7038000226020813
ENSG00000111700,Cell membrane,Transmembrane domain,Transmembrane,0.14300000667572021,0.08139999955892563,0.05689999833703041,0.8537999987602234,0.0989999994635582,0.03720000013709068,0.351500004529953,0.32820001244544983,0.29750001430511475,0.01720000058412552,0.04399999976158142,0.9958000183105469,0.07240000367164612,0.09290000051259995
ENSG00000111713,Cytoplasm,Nuclear localization signal,Soluble,0.7272999882698059,0.3043999969959259,0.07729999721050262,0.32679998874664307,0.1868000030517578,0.05909999832510948,0.3125999867916107,0.26570001244544983,0.2295999974012375,0.015699999406933784,0.5917999744415283,0.0885000005364418,0.3034999966621399,0.791100025177002
ENSG00000111716,Cytoplasm,Nuclear export signal,Soluble,0.8407999873161316,0.3409000039100647,0.017000000923871994,0.25839999318122864,0.2955000102519989,0.04479999840259552,0.30329999327659607,0.08299999684095383,0.1712000072002411,0.08389999717473984,0.4058000147342682,0.09380000084638596,0.7379000186920166,0.777899980545044
ENSG00000111726,Cytoplasm|Nucleus,Nuclear localization signal,Soluble,0.5979999899864197,0.6252999901771545,0.07079999893903732,0.10790000110864639,0.22120000422000885,0.15850000083446503,0.15399999916553497,0.09870000183582306,0.13989999890327454,0.11100000143051147,0.3481999933719635,0.11330000311136246,0.09629999846220016,0.828499972820282
ENSG00000111728,Golgi apparatus,Signal peptide,Soluble,0.12849999964237213,0.08950000256299973,0.444599986076355,0.1388999968767166,0.10459999740123749,0.0035000001080334187,0.272599995136261,0.30709999799728394,0.8852999806404114,0.007499999832361937,0.37560001015663147,0.40310001373291016,0.3504999876022339,0.5410000085830688
ENSG00000111732,Cytoplasm|Nucleus,Nuclear export signal,Soluble,0.7547000050544739,0.5067999958992004,0.367000013589859,0.23989999294281006,0.18619999289512634,0.008200000040233135,0.16060000658035278,0.08060000091791153,0.19820000231266022,0.2770000100135803,0.26429998874664307,0.10520000010728836,0.37450000643730164,0.8636999726295471
ENSG00000111775,Mitochondrion,Mitochondrial transit peptide,Transmembrane,0.0722000002861023,0.05559999868273735,0.023600000888109207,0.06069999933242798,0.9108999967575073,0.011300000362098217,0.08669999986886978,0.03220000118017197,0.049400001764297485,0.07720000296831131,0.303600013256073,0.7512999773025513,0.018300000578165054,0.2386000007390976
ENSG00000111817,Endoplasmic reticulum|Golgi apparatus,Signal peptide|Transmembrane domain,Transmembrane,0.2037000060081482,0.22920000553131104,0.14429999887943268,0.25589999556541443,0.05530000105500221,0.02250000089406967,0.8145999908447266,0.5120000243186951,0.6689000129699707,0.15780000388622284,0.16099999845027924,0.9330999851226807,0.40790000557899475,0.29030001163482666
ENSG00000111846,Golgi apparatus,Signal peptide,Transmembrane|Soluble,0.14650000631809235,0.08869999647140503,0.5393999814987183,0.10490000247955322,0.07940000295639038,0.0031999999191612005,0.2881999909877777,0.33320000767707825,0.9136999845504761,0.004399999976158142,0.22609999775886536,0.7601000070571899,0.23000000417232513,0.5015000104904175
ENSG00000111880,Nucleus,Nuclear localization signal,Soluble,0.45680001378059387,0.7642999887466431,0.0640999972820282,0.10010000318288803,0.08229999989271164,0.02669999934732914,0.06539999693632126,0.10239999741315842,0.044599998742341995,0.014499999582767487,0.18770000338554382,0.04100000113248825,0.19189999997615814,0.9132999777793884
ENSG00000111885,Endoplasmic reticulum|Golgi apparatus,Signal peptide|Transmembrane domain,Transmembrane,0.17669999599456787,0.10360000282526016,0.19499999284744263,0.14110000431537628,0.04769999906420708,0.006300000008195639,0.7049999833106995,0.4846000075340271,0.9394000172615051,0.07410000264644623,0.13359999656677246,0.9616000056266785,0.45829999446868896,0.1128000020980835
ENSG00000111962,Golgi apparatus,Signal peptide|Transmembrane domain,Transmembrane,0.16359999775886536,0.09269999712705612,0.3765999972820282,0.2874000072479248,0.07050000131130219,0.011699999682605267,0.4839000105857849,0.3391000032424927,0.9280999898910522,0.014800000004470348,0.41429999470710754,0.9151999950408936,0.1282999962568283,0.20839999616146088
ENSG00000112053,Cell membrane,Transmembrane domain,Transmembrane,0.14020000398159027,0.10289999842643738,0.017799999564886093,0.6870999932289124,0.0957999974489212,0.010300000198185444,0.43309998512268066,0.5216000080108643,0.4408999979496002,0.014600000344216824,0.20409999787807465,0.9652000069618225,0.15320000052452087,0.14480000734329224
ENSG00000112077,Cell membrane,Signal peptide|Transmembrane domain,Transmembrane,0.09549999982118607,0.03739999979734421,0.07259999960660934,0.6825000047683716,0.07859999686479568,0.01720000058412552,0.5131999850273132,0.5547000169754028,0.5895000100135803,0.007899999618530273,0.04360000044107437,0.9865000247955322,0.1606999933719635,0.1282999962568283
ENSG00000112096,Mitochondrion,Mitochondrial transit peptide,Peripheral|Soluble,0.16869999468326569,0.10909999907016754,0.06650000065565109,0.10480000078678131,0.9168000221252441,0.0012000000569969416,0.0502999983727932,0.07119999825954437,0.04639999940991402,0.026000000536441803,0.6029999852180481,0.09799999743700027,0.07460000365972519,0.7170000076293945
ENSG00000112130,Nucleus,Nuclear localization signal|Nuclear export signal,Soluble,0.3625999987125397,0.8647000193595886,0.019899999722838402,0.09709999710321426,0.08969999849796295,0.0052999998442828655,0.053300000727176666,0.045899998396635056,0.12839999794960022,0.011500000022351742,0.29679998755455017,0.028699999675154686,0.3124000132083893,0.9246000051498413
ENSG00000112293,Extracellular,Signal peptide,Soluble,0.13490000367164612,0.07900000363588333,0.6281999945640564,0.2578999996185303,0.15950000286102295,0.011300000362098217,0.5928999781608582,0.5166000127792358,0.48170000314712524,0.003800000064074993,0.4185999929904938,0.3237000107765198,0.14069999754428864,0.7542999982833862
ENSG00000112294,Mitochondrion,Mitochondrial transit peptide,Soluble,0.22840000689029694,0.20819999277591705,0.03200000151991844,0.10480000078678131,0.8963000178337097,0.0006000000284984708,0.06279999762773514,0.15189999341964722,0.07440000027418137,0.034299999475479126,0.5187000036239624,0.13130000233650208,0.20319999754428864,0.7300000190734863
ENSG00000112299,Cell membrane,,Lipid anchor,0.10639999806880951,0.04610000178217888,0.43160000443458557,0.723800003528595,0.05480000004172325,0.0052999998442828655,0.2694000005722046,0.27639999985694885,0.3264000117778778,0.027699999511241913,0.14839999377727509,0.3034999966621399,0.9846000075340271,0.3781999945640564
ENSG00000112303,Cell membrane,,Lipid anchor,0.12389999628067017,0.05860000103712082,0.3971000015735626,0.7084000110626221,0.051500000059604645,0.0038999998942017555,0.3224000036716461,0.2939999997615814,0.4327999949455261,0.04639999940991402,0.1826999932527542,0.35760000348091125,0.9778000116348267,0.33340001106262207
ENSG00000112304,Mitochondrion,Mitochondrial transit peptide,Soluble,0.3222000002861023,0.18559999763965607,0.14419999718666077,0.09769999980926514,0.8507999777793884,0.07150000333786011,0.058400001376867294,0.08540000021457672,0.06689999997615814,0.2685000002384186,0.3312999904155731,0.20589999854564667,0.12280000001192093,0.7330999970436096
ENSG00000112309,Extracellular|Golgi apparatus,Signal peptide|Transmembrane domain,Transmembrane,0.2012999951839447,0.0722000002861023,0.6190000176429749,0.15139999985694885,0.1688999980688095,0.03240000084042549,0.337799996137619,0.25870001316070557,0.9266999959945679,0.03359999880194664,0.2353000044822693,0.8819000124931335,0.14309999346733093,0.33169999718666077
ENSG00000112337,Cell membrane,Transmembrane domain,Transmembrane,0.1412000060081482,0.10209999978542328,0.04780000075697899,0.7287999987602234,0.21559999883174896,0.007499999832361937,0.39559999108314514,0.22519999742507935,0.2994000017642975,0.10189999639987946,0.07509999722242355,0.9714999794960022,0.15320000052452087,0.22679999470710754
ENSG00000112367,Cytoplasm|Lysosome/Vacuole,,Peripheral|Soluble,0.5103999972343445,0.1687999963760376,0.10419999808073044,0.30709999799728394,0.29600000381469727,0.0632999986410141,0.2858000099658966,0.7508999705314636,0.578499972820282,0.05570000037550926,0.640999972820282,0.21040000021457672,0.09070000052452087,0.7121000289916992
ENSG00000112394,Cell membrane,Transmembrane domain,Transmembrane,0.18850000202655792,0.05429999902844429,0.05009999871253967,0.8011999726295471,0.19050000607967377,0.00860000029206276,0.31450000405311584,0.47780001163482666,0.5870000123977661,0.20100000500679016,0.10790000110864639,0.9861999750137329,0.21330000460147858,0.10400000214576721
ENSG00000112473,Endoplasmic reticulum,Signal peptide|Transmembrane domain,Transmembrane,0.07999999821186066,0.09399999678134918,0.03830000013113022,0.4984999895095825,0.13670000433921814,0.008200000040233135,0.680400013923645,0.5013999938964844,0.3264000117778778,0.08209999650716782,0.06610000133514404,0.9135000109672546,0.0892999991774559,0.34769999980926514
ENSG00000112499,Cell membrane,Transmembrane domain,Transmembrane,0.15539999306201935,0.07779999822378159,0.043299999088048935,0.7800999879837036,0.12359999865293503,0.010999999940395355,0.19529999792575836,0.47040000557899475,0.351500004529953,0.1451999992132187,0.10779999941587448,0.9672999978065491,0.179299995303154,0.16120000183582306
ENSG00000112541,Cytoplasm,Nuclear export signal,Soluble,0.4747999906539917,0.4496000111103058,0.10000000149011612,0.24719999730587006,0.2054000049829483,0.008999999612569809,0.34940001368522644,0.3441999852657318,0.5532000064849854,0.1436000019311905,0.578499972820282,0.10819999873638153,0.6139000058174133,0.7687000036239624
ENSG00000112695,Mitochondrion,Mitochondrial transit peptide,Transmembrane,0.08839999884366989,0.07010000199079514,0.03400000184774399,0.07569999992847443,0.9483000040054321,0.004399999976158142,0.04129999876022339,0.03539999946951866,0.04010000079870224,0.0034000000450760126,0.156700000166893,0.9790999889373779,0.04019999876618385,0.08370000123977661
ENSG00000112699,Cytoplasm,,Soluble,0.791700005531311,0.39879998564720154,0.07930000126361847,0.2799000144004822,0.18379999697208405,0.05739999935030937,0.15950000286102295,0.1525000035762787,0.12030000239610672,0.07360000163316727,0.22550000250339508,0.07129999995231628,0.20720000565052032,0.8579999804496765
ENSG00000112759,Cell membrane,Signal peptide|Transmembrane domain,Transmembrane,0.1054999977350235,0.04910000041127205,0.04529999941587448,0.7250000238418579,0.0892999991774559,0.008100000210106373,0.42500001192092896,0.46399998664855957,0.49950000643730164,0.08730000257492065,0.03909999877214432,0.9889000058174133,0.12759999930858612,0.11129999905824661
ENSG00000112874,Cytoplasm|Peroxisome,Peroxisomal targeting signal,Soluble,0.7197999954223633,0.3831999897956848,0.00860000029206276,0.07240000367164612,0.22689999639987946,0.0017999999690800905,0.08290000259876251,0.04960000142455101,0.031599998474121094,0.828499972820282,0.4251999855041504,0.15530000627040863,0.08510000258684158,0.7940000295639038
ENSG00000112893,Golgi apparatus,Signal peptide,Transmembrane,0.15109999477863312,0.19200000166893005,0.16290000081062317,0.1379999965429306,0.05090000107884407,0.0032999999821186066,0.3294999897480011,0.429500013589859,0.921500027179718,0.05220000073313713,0.3237000107765198,0.8629999756813049,0.10809999704360962,0.26460000872612
ENSG00000112941,Cytoplasm|Nucleus,Nuclear localization signal|Nuclear export signal,Soluble,0.6850000023841858,0.6204000115394592,0.020999999716877937,0.10909999907016754,0.16050000488758087,0.00430000014603138,0.14749999344348907,0.12630000710487366,0.18279999494552612,0.04879999905824661,0.20399999618530273,0.07519999891519547,0.1696999967098236,0.8919000029563904
ENSG00000112972,Cytoplasm|Nucleus,Nuclear localization signal,Soluble,0.6590999960899353,0.5358999967575073,0.1145000010728836,0.3490999937057495,0.17710000276565552,0.00419999985024333,0.12129999697208405,0.121799997985363,0.15109999477863312,0.16300000250339508,0.33489999175071716,0.06610000133514404,0.47530001401901245,0.8468999862670898
ENSG00000112992,Mitochondrion,Mitochondrial transit peptide,Transmembrane,0.1437000036239624,0.041200000792741776,0.029899999499320984,0.13840000331401825,0.917900025844574,0.14910000562667847,0.22349999845027924,0.17139999568462372,0.21729999780654907,0.043299999088048935,0.4763000011444092,0.8740000128746033,0.03700000047683716,0.17440000176429749
ENSG00000113073,Cell membrane,Transmembrane domain,Transmembrane,0.16859999299049377,0.08560000360012054,0.048900000751018524,0.8507999777793884,0.14659999310970306,0.00800000037997961,0.39969998598098755,0.48570001125335693,0.3361000120639801,0.011699999682605267,0.32019999623298645,0.9488999843597412,0.03220000118017197,0.15839999914169312
ENSG00000113083,Extracellular,Signal peptide,Soluble,0.25519999861717224,0.15039999783039093,0.9146999716758728,0.32339999079704285,0.09610000252723694,0.0032999999821186066,0.30469998717308044,0.2531000077724457,0.3127000033855438,0.0024999999441206455,0.3003000020980835,0.07840000092983246,0.19679999351501465,0.8754000067710876
ENSG00000113161,Endoplasmic reticulum,Signal peptide|Transmembrane domain|Peroxisomal targeting signal,Transmembrane,0.08060000091791153,0.1890999972820282,0.02410000003874302,0.3264000117778778,0.3003000020980835,0.05909999832510948,0.6636000275611877,0.2944999933242798,0.41280001401901245,0.7055000066757202,0.09989999979734421,0.9922000169754028,0.11699999868869781,0.07909999787807465
ENSG00000113163,Cytoplasm,Nuclear export signal,Peripheral|Soluble,0.5978000164031982,0.31790000200271606,0.052299998700618744,0.5360999703407288,0.23479999601840973,0.02539999969303608,0.2498999983072281,0.5232999920845032,0.44279998540878296,0.02969999983906746,0.6370999813079834,0.05079999938607216,0.3562000095844269,0.8324000239372253
ENSG00000113231,Cytoplasm|Cell membrane,Nuclear export signal,Lipid anchor|Soluble,0.5723999738693237,0.4275999963283539,0.026399999856948853,0.5745000243186951,0.21739999949932098,0.010700000450015068,0.21150000393390656,0.2890999913215637,0.3659000098705292,0.023900000378489494,0.5601999759674072,0.17440000176429749,0.9251999855041504,0.5681999921798706
ENSG00000113269,Lysosome/Vacuole,Signal peptide|Transmembrane domain,Transmembrane,0.24250000715255737,0.0957999974489212,0.041999999433755875,0.5182999968528748,0.043299999088048935,0.011599999852478504,0.5364000201225281,0.6384000182151794,0.5687000155448914,0.05310000106692314,0.07360000163316727,0.98580002784729,0.2533000111579895,0.11909999698400497
ENSG00000113273,Lysosome/Vacuole,Signal peptide,Soluble,0.298799991607666,0.0877000018954277,0.534600019454956,0.35260000824928284,0.12200000137090683,0.0005000000237487257,0.54339998960495,0.6133000254631042,0.322299987077713,0.04010000079870224,0.36550000309944153,0.2206999957561493,0.3483000099658966,0.711899995803833
ENSG00000113356,Cytoplasm|Nucleus,Nuclear localization signal,Soluble,0.6506999731063843,0.7281000018119812,0.2037000060081482,0.08560000360012054,0.18610000610351562,0.012799999676644802,0.061900001019239426,0.03060000017285347,0.06509999930858612,0.000699999975040555,0.11729999631643295,0.11659999936819077,0.16050000488758087,0.8091999888420105
ENSG00000113396,Endoplasmic reticulum,Peroxisomal targeting signal,Peripheral|Transmembrane,0.34279999136924744,0.15119999647140503,0.15710000693798065,0.36820000410079956,0.3249000012874603,0.04560000076889992,0.6549999713897705,0.18880000710487366,0.23669999837875366,0.671999990940094,0.751800000667572,0.7287999987602234,0.38499999046325684,0.27459999918937683
ENSG00000113407,Cytoplasm,,Soluble,0.8011999726295471,0.414000004529953,0.03750000149011612,0.1467999964952469,0.10509999841451645,0.11500000208616257,0.17479999363422394,0.22419999539852142,0.1527000069618225,0.10869999974966049,0.33559998869895935,0.16410000622272491,0.21400000154972076,0.8127999901771545
ENSG00000113448,Cytoplasm,Nuclear export signal,Soluble,0.5910000205039978,0.4388999938964844,0.015300000086426735,0.5602999925613403,0.22689999639987946,0.00800000037997961,0.14409999549388885,0.29789999127388,0.3107999861240387,0.02319999970495701,0.5091999769210815,0.08839999884366989,0.3019999861717224,0.8069000244140625
ENSG00000113456,Cytoplasm|Nucleus,Nuclear export signal,Soluble,0.49140000343322754,0.816100001335144,0.022600000724196434,0.12460000067949295,0.15139999985694885,0.006099999882280827,0.05790000036358833,0.38089999556541443,0.1289999932050705,0.0034000000450760126,0.19689999520778656,0.04619999974966049,0.3009999990463257,0.8429999947547913
ENSG00000113492,Mitochondrion,Mitochondrial transit peptide,Soluble,0.2515999972820282,0.16130000352859497,0.027400000020861626,0.10989999771118164,0.8863000273704529,0.004100000020116568,0.14730000495910645,0.11599999666213989,0.21580000221729279,0.043800000101327896,0.4106999933719635,0.17000000178813934,0.22280000150203705,0.8004000186920166
ENSG00000113504,Cell membrane,Transmembrane domain,Transmembrane,0.26010000705718994,0.07240000367164612,0.02459999918937683,0.7825999855995178,0.1615000069141388,0.007600000128149986,0.13269999623298645,0.4602999985218048,0.3034000098705292,0.01269999984651804,0.11100000143051147,0.9847000241279602,0.09040000289678574,0.1168999969959259
ENSG00000113532,Golgi apparatus,Signal peptide,Transmembrane|Soluble,0.148499995470047,0.08229999989271164,0.5771999955177307,0.2071000039577484,0.17640000581741333,0.01489999983459711,0.1624000072479248,0.15729999542236328,0.8756999969482422,0.06909999996423721,0.12700000405311584,0.7617999911308289,0.40619999170303345,0.5419999957084656
ENSG00000113552,Cytoplasm,,Soluble,0.6201000213623047,0.41839998960494995,0.10490000247955322,0.20890000462532043,0.37389999628067017,0.0066999997943639755,0.1834000051021576,0.09690000116825104,0.10520000010728836,0.17669999599456787,0.49619999527931213,0.054999999701976776,0.29429998993873596,0.800599992275238
ENSG00000113569,Cytoplasm|Nucleus,,Peripheral|Soluble,0.4763999879360199,0.6015999913215637,0.16040000319480896,0.1331000030040741,0.11840000003576279,0.01590000092983246,0.2736999988555908,0.535099983215332,0.4350999891757965,0.015399999916553497,0.7784000039100647,0.1152999997138977,0.2087000012397766,0.6363999843597412
ENSG00000113593,Nucleus,Nuclear localization signal,Soluble,0.1428000032901764,0.9276000261306763,0.120899997651577,0.045099999755620956,0.041600000113248825,0.005200000014156103,0.09600000083446503,0.02800000086426735,0.05220000073313713,0.0010000000474974513,0.45080000162124634,0.08860000222921371,0.2013999968767166,0.8460000157356262
ENSG00000113643,Cytoplasm,,Soluble,0.7753999829292297,0.24650000035762787,0.08529999852180481,0.19820000231266022,0.186599999666214,0.009600000455975533,0.19460000097751617,0.15600000321865082,0.1339000016450882,0.08839999884366989,0.3723999857902527,0.18780000507831573,0.149399995803833,0.786300003528595
ENSG00000113732,Endoplasmic reticulum,Signal peptide|Transmembrane domain,Transmembrane,0.0608999989926815,0.028999999165534973,0.03530000150203705,0.5424000024795532,0.16189999878406525,0.012500000186264515,0.6525999903678894,0.43939998745918274,0.6381999850273132,0.005100000184029341,0.07959999889135361,0.9923999905586243,0.04540000110864639,0.060499999672174454
ENSG00000113790,Peroxisome,Peroxisomal targeting signal,Soluble,0.26969999074935913,0.06520000100135803,0.012799999676644802,0.08590000122785568,0.5722000002861023,0.019700000062584877,0.07980000227689743,0.06800000369548798,0.13429999351501465,0.9739999771118164,0.49070000648498535,0.15929999947547913,0.20020000636577606,0.6735000014305115
ENSG00000113924,Cytoplasm,Nuclear export signal,Soluble,0.755299985408783,0.3903000056743622,0.015399999916553497,0.20649999380111694,0.08919999748468399,0.018400000408291817,0.18520000576972961,0.17260000109672546,0.17020000517368317,0.012900000438094139,0.3986999988555908,0.05270000174641609,0.1356000006198883,0.8564000129699707
ENSG00000114021,Cytoplasm,,Soluble,0.8029000163078308,0.17170000076293945,0.027000000700354576,0.08649999648332596,0.5467000007629395,0.01810000091791153,0.20080000162124634,0.11739999800920486,0.1088000014424324,0.20160000026226044,0.5396000146865845,0.14550000429153442,0.14830000698566437,0.7524999976158142
ENSG00000114054,Mitochondrion,Mitochondrial transit peptide,Soluble,0.23970000445842743,0.11330000311136246,0.034299999475479126,0.15230000019073486,0.8461999893188477,0.002199999988079071,0.1152999997138977,0.13539999723434448,0.05909999832510948,0.057999998331069946,0.5771999955177307,0.10490000247955322,0.14079999923706055,0.7616000175476074
ENSG00000114062,Cytoplasm|Nucleus,Nuclear export signal,Soluble,0.6552000045776367,0.5285999774932861,0.023399999365210533,0.23569999635219574,0.13379999995231628,0.0406000018119812,0.26600000262260437,0.3237000107765198,0.375900000333786,0.03999999910593033,0.40959998965263367,0.16050000488758087,0.2387000024318695,0.7572000026702881
ENSG00000114113,Cytoplasm,Nuclear export signal,Soluble,0.8418999910354614,0.313400000333786,0.4546000063419342,0.34950000047683716,0.5146999955177307,0.22849999368190765,0.272599995136261,0.0892999991774559,0.3564000129699707,0.03790000081062317,0.23829999566078186,0.06679999828338623,0.06750000268220901,0.8317000269889832
ENSG00000114115,Cytoplasm,Nuclear export signal,Soluble,0.8080999851226807,0.27889999747276306,0.4453999996185303,0.3010999858379364,0.4429999887943268,0.035999998450279236,0.20900000631809235,0.11420000344514847,0.43479999899864197,0.15479999780654907,0.2653999924659729,0.0617000013589859,0.1185000017285347,0.849399983882904
ENSG00000114124,Cytoplasm|Cell membrane,,Lipid anchor,0.5676000118255615,0.2639000117778778,0.032999999821186066,0.6639000177383423,0.2142000049352646,0.0210999995470047,0.2732999920845032,0.2957000136375427,0.5583000183105469,0.03539999946951866,0.5652999877929688,0.17329999804496765,0.9641000032424927,0.35679998993873596
ENSG00000114166,Nucleus,Nuclear localization signal|Nuclear export signal,Soluble,0.41600000858306885,0.8664000034332275,0.027899999171495438,0.14139999449253082,0.12280000001192093,0.007300000172108412,0.14959999918937683,0.13619999587535858,0.12970000505447388,0.012900000438094139,0.26840001344680786,0.0966000035405159,0.1736000031232834,0.870199978351593
ENSG00000114200,Extracellular,Signal peptide,Soluble,0.26249998807907104,0.04969999939203262,0.7222999930381775,0.26179999113082886,0.048900000751018524,0.004600000102072954,0.34380000829696655,0.447299987077713,0.30959999561309814,0.031199999153614044,0.3416000008583069,0.30880001187324524,0.2159000039100647,0.7193999886512756
ENSG00000114268,Cytoplasm,Nuclear export signal,Soluble,0.7602999806404114,0.3901999890804291,0.055399999022483826,0.23350000381469727,0.3944999873638153,0.0142000000923872,0.20260000228881836,0.16089999675750732,0.2045000046491623,0.1543000042438507,0.4936999976634979,0.05939999967813492,0.47429999709129333,0.838100016117096
ENSG00000114316,Cytoplasm|Nucleus,Nuclear export signal,Soluble,0.7251999974250793,0.6646999716758728,0.021400000900030136,0.1770000010728836,0.13349999487400055,0.0044999998062849045,0.19269999861717224,0.24809999763965607,0.18490000069141388,0.006800000090152025,0.398499995470047,0.028300000354647636,0.10480000078678131,0.9031000137329102
ENSG00000114374,Cytoplasm|Nucleus,Nuclear export signal,Soluble,0.5156999826431274,0.5375000238418579,0.01679999940097332,0.35199999809265137,0.15199999511241913,0.022600000724196434,0.32519999146461487,0.37860000133514404,0.29789999127388,0.013000000268220901,0.4749000072479248,0.2849999964237213,0.08649999648332596,0.7156999707221985
ENSG00000114378,Extracellular|Lysosome/Vacuole,Signal peptide,Soluble,0.20919999480247498,0.07180000096559525,0.921500027179718,0.2955000102519989,0.13339999318122864,0.0010999999940395355,0.39959999918937683,0.5965999960899353,0.36230000853538513,0.0010999999940395355,0.3382999897003174,0.07479999959468842,0.31709998846054077,0.8549000024795532
ENSG00000114423,Cytoplasm,Nuclear export signal,Peripheral|Soluble,0.6621999740600586,0.2599000036716461,0.0348999984562397,0.43720000982284546,0.09220000356435776,0.005900000222027302,0.24719999730587006,0.4715000092983246,0.3312000036239624,0.0414000004529953,0.6675999760627747,0.07490000128746033,0.3483000099658966,0.7368999719619751
ENSG00000114480,Cytoplasm,,Soluble,0.7218999862670898,0.31700000166893005,0.14309999346733093,0.3765000104904175,0.13670000433921814,0.03909999877214432,0.23100000619888306,0.5458999872207642,0.19099999964237213,0.04610000178217888,0.3416000008583069,0.1891999989748001,0.0340999998152256,0.7551000118255615
ENSG00000114491,Cytoplasm,Nuclear export signal,Soluble,0.8100000023841858,0.4690000116825104,0.062199998646974564,0.13330000638961792,0.4007999897003174,0.032099999487400055,0.12520000338554382,0.15150000154972076,0.22609999775886536,0.14470000565052032,0.4237000048160553,0.06669999659061432,0.2303999960422516,0.8677999973297119
ENSG00000114573,Cytoplasm,Nuclear export signal,Soluble,0.6464999914169312,0.3206999897956848,0.05900000035762787,0.2526000142097473,0.1890999972820282,0.027699999511241913,0.19589999318122864,0.33629998564720154,0.25360000133514404,0.12449999898672104,0.5981000065803528,0.06289999932050705,0.24369999766349792,0.7688000202178955
ENSG00000114770,Cell membrane|Lysosome/Vacuole,Transmembrane domain,Transmembrane,0.11089999973773956,0.11670000106096268,0.0340999998152256,0.7742000222206116,0.2176000028848648,0.017100000753998756,0.44440001249313354,0.7164000272750854,0.5167999863624573,0.17260000109672546,0.2632000148296356,0.9740999937057495,0.1534000039100647,0.1386999934911728
ENSG00000114771,Endoplasmic reticulum,Signal peptide|Transmembrane domain,Transmembrane,0.2741999924182892,0.0908999964594841,0.20200000703334808,0.26350000500679016,0.12080000340938568,0.0024999999441206455,0.7871999740600586,0.36899998784065247,0.4307999908924103,0.013700000010430813,0.4875999987125397,0.795199990272522,0.42640000581741333,0.319599986076355
ENSG00000114805,Cytoplasm|Cell membrane,,Peripheral|Soluble,0.6351000070571899,0.2549999952316284,0.04430000111460686,0.6105999946594238,0.11490000039339066,0.047600001096725464,0.2838999927043915,0.49059998989105225,0.33640000224113464,0.027799999341368675,0.6287000179290771,0.1143999993801117,0.13940000534057617,0.7556999921798706
ENSG00000114857,Nucleus,Nuclear localization signal,Soluble,0.1915999948978424,0.8618000149726868,0.0272000003606081,0.22830000519752502,0.032999999821186066,0.004699999932199717,0.03750000149011612,0.026799999177455902,0.05209999904036522,0.00139999995008111,0.10649999976158142,0.17910000681877136,0.23659999668598175,0.8138999938964844
ENSG00000114902,Endoplasmic reticulum,Signal peptide|Transmembrane domain,Transmembrane,0.1282999962568283,0.18850000202655792,0.04659999907016754,0.17739999294281006,0.14300000667572021,0.009600000455975533,0.8216000199317932,0.47130000591278076,0.6154999732971191,0.026399999856948853,0.10249999910593033,0.982200026512146,0.11710000038146973,0.13279999792575836
ENSG00000114923,Cell membrane,Transmembrane domain,Transmembrane,0.18449999392032623,0.0835999995470047,0.04050000011920929,0.8689000010490417,0.1453000009059906,0.014000000432133675,0.4415000081062317,0.5759000182151794,0.3084999918937683,0.017400000244379044,0.30239999294281006,0.9527000188827515,0.03530000150203705,0.14669999480247498
ENSG00000114956,Mitochondrion,Mitochondrial transit peptide,Soluble,0.3172999918460846,0.20739999413490295,0.07639999687671661,0.10599999874830246,0.9072999954223633,0.00139999995008111,0.03869999945163727,0.06530000269412994,0.12960000336170197,0.05739999935030937,0.4334000051021576,0.1289999932050705,0.23600000143051147,0.8427000045776367
ENSG00000114982,Nucleus,Nuclear localization signal,Soluble,0.32690000534057617,0.8341000080108643,0.04470000043511391,0.14030000567436218,0.09629999846220016,0.05829999968409538,0.07450000196695328,0.0771000012755394,0.0778999999165535,0.006599999964237213,0.3702999949455261,0.09480000287294388,0.18330000340938568,0.8385000228881836
ENSG00000114999,Cytoplasm|Nucleus,Nuclear export signal,Soluble,0.8001999855041504,0.5320000052452087,0.0608999989926815,0.061900001019239426,0.10639999806880951,0.07119999825954437,0.40950000286102295,0.2775999903678894,0.1973000019788742,0.09790000319480896,0.2669000029563904,0.12330000102519989,0.13519999384880066,0.8228999972343445
ENSG00000115020,Cytoplasm|Lysosome/Vacuole,Nuclear export signal,Peripheral|Soluble,0.5839999914169312,0.2542000114917755,0.03020000085234642,0.30090001225471497,0.20239999890327454,0.043699998408555984,0.4359000027179718,0.8047000169754028,0.49869999289512634,0.03579999879002571,0.7628999948501587,0.12690000236034393,0.27649998664855957,0.671999990940094
ENSG00000115159,Mitochondrion,Mitochondrial transit peptide,Peripheral|Transmembrane,0.23270000517368317,0.1251000016927719,0.07429999858140945,0.16820000112056732,0.8894000053405762,0.14980000257492065,0.23280000686645508,0.1647000014781952,0.13850000500679016,0.1671999990940094,0.7533000111579895,0.7164000272750854,0.16699999570846558,0.31470000743865967
ENSG00000115252,Cytoplasm,Nuclear export signal,Soluble,0.6075000166893005,0.3343000113964081,0.018300000578165054,0.4438999891281128,0.24089999496936798,0.006899999920278788,0.18729999661445618,0.30809998512268066,0.504800021648407,0.03819999843835831,0.5388000011444092,0.12039999663829803,0.3903000056743622,0.7867000102996826
ENSG00000115275,Endoplasmic reticulum,Signal peptide,Transmembrane,0.2930999994277954,0.25519999861717224,0.16539999842643738,0.15530000627040863,0.13249999284744263,0.010200000368058681,0.8999000191688538,0.4819999933242798,0.4643000066280365,0.05990000069141388,0.5917999744415283,0.8320000171661377,0.12870000302791595,0.3255000114440918
ENSG00000115286,Mitochondrion,Mitochondrial transit peptide,Peripheral,0.10790000110864639,0.18250000476837158,0.02280000038444996,0.11940000206232071,0.9660000205039978,0.00559999980032444,0.0681999996304512,0.053199999034404755,0.06319999694824219,0.1462000012397766,0.7250000238418579,0.2264000028371811,0.22110000252723694,0.4862000048160553
ENSG00000115339,Golgi apparatus,Signal peptide|Transmembrane domain,Transmembrane,0.12200000137090683,0.1256999969482422,0.19789999723434448,0.12240000069141388,0.04490000009536743,0.0027000000700354576,0.37059998512268066,0.3188000023365021,0.9399999976158142,0.03440000116825104,0.22599999606609344,0.9473999738693237,0.23960000276565552,0.19580000638961792
ENSG00000115350,Nucleus,Nuclear export signal,Soluble,0.4546999931335449,0.8299000263214111,0.07029999792575836,0.08529999852180481,0.12620000541210175,0.003800000064074993,0.11309999972581863,0.15970000624656677,0.10490000247955322,0.006800000090152025,0.49549999833106995,0.034699998795986176,0.19679999351501465,0.8062000274658203
ENSG00000115361,Mitochondrion,Mitochondrial transit peptide,Soluble,0.21729999780654907,0.17810000479221344,0.04259999841451645,0.11159999668598175,0.9189000129699707,0.0003000000142492354,0.12280000001192093,0.16449999809265137,0.09709999710321426,0.09880000352859497,0.5713000297546387,0.1573999971151352,0.14839999377727509,0.7487000226974487
ENSG00000115392,Cytoplasm,Nuclear localization signal|Nuclear export signal,Soluble,0.7114999890327454,0.44510000944137573,0.04619999974966049,0.19050000607967377,0.11169999837875366,0.0031999999191612005,0.4442000091075897,0.5425000190734863,0.35839998722076416,0.007699999958276749,0.5867999792098999,0.07779999822378159,0.1615999937057495,0.7809000015258789
ENSG00000115419,Mitochondrion,Mitochondrial transit peptide,Soluble,0.27959999442100525,0.19900000095367432,0.07660000026226044,0.12919999659061432,0.9273999929428101,0.005499999970197678,0.08150000125169754,0.14409999549388885,0.20409999787807465,0.267300009727478,0.5533000230789185,0.11420000344514847,0.3111000061035156,0.7545999884605408
ENSG00000115421,Cytoplasm|Nucleus,Nuclear localization signal,Soluble,0.5116000175476074,0.7470999956130981,0.05090000107884407,0.16660000383853912,0.15610000491142273,0.007499999832361937,0.20679999887943268,0.11010000109672546,0.1137000024318695,0.210999995470047,0.35019999742507935,0.0471000000834465,0.1761000007390976,0.9017000198364258
ENSG00000115425,Peroxisome,Peroxisomal targeting signal,Soluble,0.15240000188350677,0.12870000302791595,0.015599999576807022,0.05299999937415123,0.4602999985218048,0.028699999675154686,0.08889999985694885,0.04699999839067459,0.042399998754262924,0.9781000018119812,0.5181000232696533,0.11420000344514847,0.20409999787807465,0.7014999985694885
ENSG00000115464,Cytoplasm|Nucleus,Nuclear export signal,Soluble,0.48980000615119934,0.5690000057220459,0.01510000042617321,0.2802000045776367,0.1445000022649765,0.021900000050663948,0.4180999994277954,0.4133000075817108,0.362199991941452,0.009600000455975533,0.49160000681877136,0.4885999858379364,0.061400000005960464,0.6377999782562256
ENSG00000115488,Cytoplasm|Lysosome/Vacuole,Nuclear export signal,Peripheral|Soluble,0.6341999769210815,0.3278000056743622,0.365200012922287,0.5537999868392944,0.34779998660087585,0.002199999988079071,0.26089999079704285,0.6646000146865845,0.38280001282691956,0.20069999992847443,0.6033999919891357,0.17309999465942383,0.39160001277923584,0.708299994468689
ENSG00000115525,Golgi apparatus,Signal peptide|Transmembrane domain,Transmembrane,0.14740000665187836,0.10980000346899033,0.31690001487731934,0.1517000049352646,0.17329999804496765,0.005799999926239252,0.31290000677108765,0.15569999814033508,0.8621000051498413,0.011900000274181366,0.26829999685287476,0.7213000059127808,0.296099990606308,0.430400013923645
ENSG00000115526,Golgi apparatus,Signal peptide|Transmembrane domain,Transmembrane,0.16590000689029694,0.07100000232458115,0.4894999861717224,0.24490000307559967,0.1136000007390976,0.009800000116229057,0.25679999589920044,0.24940000474452972,0.9104999899864197,0.005100000184029341,0.17520000040531158,0.9480000138282776,0.296999990940094,0.17970000207424164
ENSG00000115556,Cytoplasm|Cell membrane,Nuclear export signal,Peripheral|Soluble,0.7515000104904175,0.35019999742507935,0.041099999099969864,0.5722000002861023,0.11320000141859055,0.005100000184029341,0.3580999970436096,0.548799991607666,0.22110000252723694,0.004399999976158142,0.6496999859809875,0.0957999974489212,0.14640000462532043,0.8133999705314636
ENSG00000115616,Cell membrane|Lysosome/Vacuole,Signal peptide|Transmembrane domain,Transmembrane,0.11829999834299088,0.0649000033736229,0.04619999974966049,0.7225000262260437,0.14239999651908875,0.0215000007301569,0.3580999970436096,0.7075999975204468,0.3889999985694885,0.03359999880194664,0.09019999951124191,0.9866999983787537,0.24310000240802765,0.08209999650716782
ENSG00000115652,Golgi apparatus,Signal peptide|Transmembrane domain,Transmembrane,0.12890000641345978,0.17430000007152557,0.10559999942779541,0.10589999705553055,0.07270000129938126,0.018200000748038292,0.4009999930858612,0.19020000100135803,0.9117000102996826,0.0835999995470047,0.19220000505447388,0.8672999739646912,0.40290001034736633,0.27950000762939453
ENSG00000115657,Cell membrane|Lysosome/Vacuole,Transmembrane domain,Transmembrane,0.11789999902248383,0.08669999986886978,0.017899999395012856,0.5861999988555908,0.42750000953674316,0.003100000089034438,0.5900999903678894,0.6365000009536743,0.4896000027656555,0.21690000593662262,0.18970000743865967,0.9854999780654907,0.1981000006198883,0.11879999935626984
ENSG00000115665,Cell membrane,Transmembrane domain,Transmembrane,0.12110000103712082,0.017000000923871994,0.08879999816417694,0.7196999788284302,0.06930000334978104,0.019899999722838402,0.29429998993873596,0.5139999985694885,0.24799999594688416,0.007000000216066837,0.05429999902844429,0.9930999875068665,0.1039000004529953,0.08889999985694885
ENSG00000115677,Cytoplasm,Nuclear export signal,Soluble,0.7885000109672546,0.4740999937057495,0.014000000432133675,0.31790000200271606,0.06650000065565109,0.0020000000949949026,0.21559999883174896,0.14390000700950623,0.2777999937534332,0.0284000001847744,0.597599983215332,0.01549999974668026,0.5080000162124634,0.8858000040054321
ENSG00000115705,Cell membrane,Signal peptide|Transmembrane domain,Transmembrane,0.24330000579357147,0.08110000193119049,0.45820000767707825,0.7160999774932861,0.03519999980926514,0.026399999856948853,0.21050000190734863,0.5242000222206116,0.454800009727478,0.13580000400543213,0.15209999680519104,0.8827000260353088,0.5134000182151794,0.32850000262260437
ENSG00000115758,Cytoplasm|Nucleus,Nuclear localization signal|Nuclear export signal,Soluble,0.7537999749183655,0.659600019454956,0.06909999996423721,0.15199999511241913,0.290800005197525,0.020899999886751175,0.05920000001788139,0.07500000298023224,0.04910000041127205,0.053300000727176666,0.2775999903678894,0.062199998646974564,0.38600000739097595,0.8848999738693237
ENSG00000115760,Cytoplasm,Nuclear export signal,Transmembrane|Soluble,0.513700008392334,0.49880000948905945,0.04479999840259552,0.1736000031232834,0.21539999544620514,0.04919999837875366,0.3569999933242798,0.5681999921798706,0.5759000182151794,0.015799999237060547,0.4661000072956085,0.5432000160217285,0.025800000876188278,0.5698000192642212
ENSG00000115828,Extracellular,Signal peptide,Soluble,0.26669999957084656,0.1103999987244606,0.6392999887466431,0.20819999277591705,0.12770000100135803,0.001500000013038516,0.39410001039505005,0.4952999949455261,0.45419999957084656,0.005200000014156103,0.32170000672340393,0.19280000030994415,0.20350000262260437,0.808899998664856
ENSG00000115840,Mitochondrion,Transmembrane domain|Mitochondrial transit peptide,Transmembrane,0.1145000010728836,0.09390000253915787,0.05739999935030937,0.20110000669956207,0.9025999903678894,0.03480000048875809,0.10700000077486038,0.1891999989748001,0.2092999964952469,0.27880001068115234,0.4172999858856201,0.8982999920845032,0.05620000138878822,0.1289999932050705
ENSG00000115850,Cell membrane,Signal peptide|Transmembrane domain,Transmembrane,0.23749999701976776,0.10289999842643738,0.33090001344680786,0.8016999959945679,0.03709999844431877,0.016599999740719795,0.16019999980926514,0.5275999903678894,0.39079999923706055,0.09139999747276306,0.21610000729560852,0.8514999747276306,0.5112000107765198,0.3125
ENSG00000115866,Cytoplasm|Nucleus,Nuclear localization signal|Nuclear export signal,Soluble,0.7026000022888184,0.5425999760627747,0.05040000006556511,0.1168999969959259,0.2565000057220459,0.026499999687075615,0.1875,0.060600001364946365,0.06939999759197235,0.030400000512599945,0.29589998722076416,0.05620000138878822,0.13950000703334808,0.8623999953269958
ENSG00000115884,Cell membrane|Lysosome/Vacuole,Signal peptide|Transmembrane domain,Transmembrane,0.20059999823570251,0.06809999793767929,0.43230000138282776,0.8676999807357788,0.04919999837875366,0.003700000001117587,0.2529999911785126,0.6923999786376953,0.4359999895095825,0.02669999934732914,0.05990000069141388,0.9656000137329102,0.16760000586509705,0.29499998688697815
ENSG00000115902,Cell membrane,Transmembrane domain,Transmembrane,0.11069999635219574,0.08110000193119049,0.05339999869465828,0.84579998254776,0.25540000200271606,0.005499999970197678,0.21469999849796295,0.36719998717308044,0.18440000712871552,0.039900001138448715,0.12210000306367874,0.9829999804496765,0.15600000321865082,0.12309999763965607
ENSG00000115919,Cytoplasm,Nuclear export signal,Soluble,0.8047000169754028,0.3637000024318695,0.04500000178813934,0.2615000009536743,0.26190000772476196,0.002899999963119626,0.2784000039100647,0.2775000035762787,0.3621000051498413,0.02199999988079071,0.3061000108718872,0.21770000457763672,0.21449999511241913,0.8001999855041504
ENSG00000116005,Endoplasmic reticulum,Signal peptide,Soluble,0.22360000014305115,0.054999999701976776,0.4697999954223633,0.21330000460147858,0.22200000286102295,0.00570000009611249,0.941100001335144,0.32910001277923584,0.38670000433921814,0.0729999989271164,0.39259999990463257,0.23260000348091125,0.334199994802475,0.6611999869346619
ENSG00000116039,Cytoplasm,Nuclear export signal,Peripheral|Soluble,0.5590999722480774,0.4153999984264374,0.05460000038146973,0.226500004529953,0.19670000672340393,0.013100000098347664,0.22110000252723694,0.31119999289512634,0.17980000376701355,0.10890000313520432,0.6395999789237976,0.04470000043511391,0.5069000124931335,0.7114999890327454
ENSG00000116096,Cytoplasm,Nuclear export signal,Soluble,0.7602999806404114,0.4027999937534332,0.17960000038146973,0.22750000655651093,0.40849998593330383,0.007300000172108412,0.35989999771118164,0.18520000576972961,0.1657000035047531,0.052000001072883606,0.375900000333786,0.1859000027179718,0.2872999906539917,0.6722000241279602
ENSG00000116120,Cytoplasm|Nucleus,Nuclear localization signal|Nuclear export signal,Soluble,0.6949999928474426,0.614300012588501,0.03590000048279762,0.1354999989271164,0.32269999384880066,0.01140000019222498,0.1436000019311905,0.0786999985575676,0.10670000314712524,0.009600000455975533,0.3082999885082245,0.0997999981045723,0.10249999910593033,0.873199999332428
ENSG00000116133,Endoplasmic reticulum,Signal peptide|Transmembrane domain,Transmembrane,0.26429998874664307,0.13490000367164612,0.09040000289678574,0.2296999990940094,0.3181999921798706,0.029100000858306885,0.9168999791145325,0.31769999861717224,0.5422000288963318,0.09839999675750732,0.5250999927520752,0.9391999840736389,0.5084999799728394,0.1656000018119812
ENSG00000116157,Endoplasmic reticulum,Signal peptide,Soluble,0.2434999942779541,0.15790000557899475,0.2515999972820282,0.2815999984741211,0.34049999713897705,0.00279999990016222,0.8658999800682068,0.31769999861717224,0.12449999898672104,0.07100000232458115,0.3855000138282776,0.06920000165700912,0.43149998784065247,0.7476000189781189
ENSG00000116171,Peroxisome,Peroxisomal targeting signal,Soluble,0.28369998931884766,0.17339999973773956,0.011900000274181366,0.1274999976158142,0.4088999927043915,0.019300000742077827,0.337799996137619,0.08489999920129776,0.04170000180602074,0.9653000235557556,0.5260999798774719,0.07580000162124634,0.4002000093460083,0.7261000275611877
ENSG00000116199,Golgi apparatus,Signal peptide,Transmembrane,0.26980000734329224,0.12860000133514404,0.4169999957084656,0.11909999698400497,0.13349999487400055,0.0052999998442828655,0.3174999952316284,0.1754000037908554,0.8705999851226807,0.01140000019222498,0.25999999046325684,0.7663999795913696,0.1445000022649765,0.3935999870300293
ENSG00000116237,Endoplasmic reticulum,,Transmembrane,0.15119999647140503,0.20499999821186066,0.0551999993622303,0.21150000393390656,0.3353999853134155,0.07259999960660934,0.8510000109672546,0.41670000553131104,0.46790000796318054,0.1842000037431717,0.22269999980926514,0.9771999716758728,0.10599999874830246,0.1145000010728836
ENSG00000116337,Cytoplasm,Nuclear export signal,Peripheral|Soluble,0.6280999779701233,0.3840000033378601,0.041600000113248825,0.2892000079154968,0.2824999988079071,0.01119999960064888,0.12720000743865967,0.28369998931884766,0.28870001435279846,0.02850000001490116,0.6274999976158142,0.08460000157356262,0.19200000166893005,0.798799991607666
ENSG00000116353,Mitochondrion,Mitochondrial transit peptide,Peripheral|Soluble,0.26840001344680786,0.1559000015258789,0.06530000269412994,0.10329999774694443,0.871399998664856,0.0008999999845400453,0.08299999684095383,0.09220000356435776,0.08229999989271164,0.017000000923871994,0.6202999949455261,0.11580000072717667,0.13500000536441803,0.7652999758720398
ENSG00000116459,Mitochondrion,Mitochondrial transit peptide,Transmembrane,0.13359999656677246,0.06759999692440033,0.02250000089406967,0.10490000247955322,0.9542999863624573,0.004999999888241291,0.1768999993801117,0.04749999940395355,0.18019999563694,0.05829999968409538,0.3334999978542328,0.9843000173568726,0.2094999998807907,0.07599999755620956
ENSG00000116514,Cell membrane,Transmembrane domain,Transmembrane,0.3589000105857849,0.26750001311302185,0.11890000104904175,0.6464999914169312,0.552299976348877,0.031300000846385956,0.421099990606308,0.4648999869823456,0.4986000061035156,0.03189999982714653,0.46880000829696655,0.9646999835968018,0.15870000422000885,0.11659999936819077
ENSG00000116539,Nucleus,Nuclear localization signal,Soluble,0.14730000495910645,0.9835000038146973,0.012199999764561653,0.05460000038146973,0.04529999941587448,0.030300000682473183,0.05420000106096268,0.014399999752640724,0.00989999994635582,0.008999999612569809,0.23720000684261322,0.179299995303154,0.026900000870227814,0.8694000244140625
ENSG00000116649,Cytoplasm,Nuclear export signal,Soluble,0.7663000226020813,0.30660000443458557,0.0502999983727932,0.257099986076355,0.36399999260902405,0.006300000008195639,0.2903999984264374,0.18870000541210175,0.3068000078201294,0.20890000462532043,0.5138000249862671,0.07410000264644623,0.30469998717308044,0.7305999994277954
ENSG00000116704,Golgi apparatus,Transmembrane domain,Transmembrane,0.0997999981045723,0.13689999282360077,0.04149999842047691,0.2727000117301941,0.18359999358654022,0.055799998342990875,0.4867999851703644,0.26429998874664307,0.8314999938011169,0.0835999995470047,0.09030000120401382,0.9847000241279602,0.1386999934911728,0.0754999965429306
ENSG00000116711,Cytoplasm|Lysosome/Vacuole,Nuclear export signal|Peroxisomal targeting signal,Peripheral|Soluble,0.6955000162124634,0.36000001430511475,0.15449999272823334,0.3465000092983246,0.329800009727478,0.04010000079870224,0.39010000228881836,0.6439999938011169,0.5353999733924866,0.10509999841451645,0.6991999745368958,0.29829999804496765,0.5806000232696533,0.5544999837875366
ENSG00000116745,Cytoplasm,,Peripheral|Soluble,0.5382999777793884,0.296099990606308,0.08969999849796295,0.5236999988555908,0.26969999074935913,0.03240000084042549,0.5360999703407288,0.25690001249313354,0.4903999865055084,0.021800000220537186,0.6545000076293945,0.23199999332427979,0.3598000109195709,0.5992000102996826
ENSG00000116748,Cytoplasm,Nuclear export signal,Soluble,0.6665999889373779,0.35679998993873596,0.014000000432133675,0.22859999537467957,0.18690000474452972,0.006000000052154064,0.1128000020980835,0.2159000039100647,0.25450000166893005,0.011500000022351742,0.5353000164031982,0.1071000024676323,0.07090000063180923,0.7932999730110168
ENSG00000116761,Cytoplasm,Nuclear export signal,Soluble,0.7960000038146973,0.29319998621940613,0.04830000177025795,0.28690001368522644,0.3206999897956848,0.0035000001080334187,0.22599999606609344,0.2529999911785126,0.2214999943971634,0.04450000077486038,0.31130000948905945,0.08569999784231186,0.3142000138759613,0.8396999835968018
ENSG00000116771,Mitochondrion,Mitochondrial transit peptide,Soluble,0.226500004529953,0.18230000138282776,0.05169999971985817,0.09390000253915787,0.9211999773979187,0.0006000000284984708,0.03779999911785126,0.08510000258684158,0.06889999657869339,0.02250000089406967,0.5389999747276306,0.055799998342990875,0.3619000017642975,0.8337000012397766
ENSG00000116791,Cytoplasm,,Soluble,0.7085000276565552,0.1770000010728836,0.2743000090122223,0.15150000154972076,0.1662999987602234,0.026799999177455902,0.2475000023841858,0.22220000624656677,0.16329999268054962,0.35190001130104065,0.4472000002861023,0.13979999721050262,0.133200004696846,0.767799973487854
ENSG00000116906,Nucleus,,Soluble,0.21950000524520874,0.42399999499320984,0.038100000470876694,0.25369998812675476,0.5315999984741211,0.0957999974489212,0.1120000034570694,0.09149999916553497,0.04500000178813934,0.38179999589920044,0.5482000112533569,0.40689998865127563,0.19359999895095825,0.6565999984741211
ENSG00000116981,Cytoplasm,Nuclear export signal,Soluble,0.6858999729156494,0.4771000146865845,0.11410000175237656,0.2655999958515167,0.3797999918460846,0.002300000051036477,0.12309999763965607,0.1777999997138977,0.15929999947547913,0.02879999950528145,0.5710999965667725,0.04270000010728836,0.47360000014305115,0.8450000286102295
ENSG00000116984,Cytoplasm,,Soluble,0.7872999906539917,0.35269999504089355,0.054099999368190765,0.33230000734329224,0.29739999771118164,0.010400000028312206,0.22030000388622284,0.1371999979019165,0.11569999903440475,0.11400000005960464,0.4523000121116638,0.07209999859333038,0.17679999768733978,0.8585000038146973
ENSG00000117009,Mitochondrion|Endoplasmic reticulum,Peroxisomal targeting signal,Transmembrane,0.2198999971151352,0.07590000331401825,0.05950000137090683,0.0738999992609024,0.7842000126838684,0.18219999969005585,0.6556000113487244,0.15780000388622284,0.2718000113964081,0.5871000289916992,0.45509999990463257,0.9505000114440918,0.12409999966621399,0.12770000100135803
ENSG00000117054,Mitochondrion,Mitochondrial transit peptide,Soluble,0.1387999951839447,0.14159999787807465,0.02370000071823597,0.13809999823570251,0.9261999726295471,0.000699999975040555,0.11010000109672546,0.10849999636411667,0.06599999964237213,0.051600001752376556,0.5551999807357788,0.15960000455379486,0.14669999480247498,0.7267000079154968
ENSG00000117069,Golgi apparatus,Signal peptide,Transmembrane,0.09459999948740005,0.05299999937415123,0.5964000225067139,0.23829999566078186,0.17589999735355377,0.011099999770522118,0.24609999358654022,0.15320000052452087,0.8755000233650208,0.010300000198185444,0.17489999532699585,0.8306999802589417,0.3257000148296356,0.3452000021934509
ENSG00000117115,Cytoplasm,Nuclear localization signal,Soluble,0.7318000197410583,0.367900013923645,0.2524000108242035,0.15839999914169312,0.2849000096321106,0.033399999141693115,0.39719998836517334,0.2612000107765198,0.30550000071525574,0.00989999994635582,0.45989999175071716,0.3208000063896179,0.3546000123023987,0.767799973487854
ENSG00000117118,Mitochondrion,Mitochondrial transit peptide,Peripheral|Soluble,0.14560000598430634,0.11710000038146973,0.026100000366568565,0.1509000062942505,0.8934999704360962,0.00430000014603138,0.06040000170469284,0.03759999945759773,0.046300001442432404,0.0674000009894371,0.7433000206947327,0.08860000222921371,0.13249999284744263,0.5277000069618225
ENSG00000117143,Cytoplasm,Nuclear export signal,Soluble,0.8355000019073486,0.28130000829696655,0.1551000028848648,0.26600000262260437,0.26600000262260437,0.0071000000461936,0.2053000032901764,0.15760000050067902,0.314300000667572,0.08470000326633453,0.46470001339912415,0.052299998700618744,0.3142000138759613,0.8485000133514404
ENSG00000117215,Extracellular,Signal peptide,Soluble,0.0982000008225441,0.07270000129938126,0.9447000026702881,0.18039999902248383,0.08470000326633453,0.0010999999940395355,0.2176000028848648,0.2906000018119812,0.12530000507831573,0.0005000000237487257,0.35030001401901245,0.0737999975681305,0.13729999959468842,0.766700029373169
ENSG00000117305,Mitochondrion,Peroxisomal targeting signal,Soluble,0.329800009727478,0.19020000100135803,0.01940000057220459,0.11739999800920486,0.7408999800682068,0.0032999999821186066,0.047200001776218414,0.026399999856948853,0.0949999988079071,0.6538000106811523,0.516700029373169,0.062199998646974564,0.25529998540878296,0.7943999767303467
ENSG00000117308,Cytoplasm,Nuclear export signal,Soluble,0.8203999996185303,0.4169999957084656,0.15240000188350677,0.1404000073671341,0.3677000105381012,0.020400000736117363,0.20819999277591705,0.3125999867916107,0.34779998660087585,0.11190000176429749,0.38999998569488525,0.05660000070929527,0.41429999470710754,0.820900022983551
ENSG00000117394,Cell membrane,Transmembrane domain,Transmembrane,0.15770000219345093,0.061500001698732376,0.05900000035762787,0.8356000185012817,0.21299999952316284,0.00430000014603138,0.23399999737739563,0.37619999051094055,0.3910999894142151,0.0608999989926815,0.08330000191926956,0.9704999923706055,0.24160000681877136,0.14030000567436218
ENSG00000117410,Endoplasmic reticulum|Lysosome/Vacuole,Transmembrane domain,Transmembrane,0.11490000039339066,0.06239999830722809,0.09920000284910202,0.5523999929428101,0.18119999766349792,0.009100000374019146,0.6399000287055969,0.6693999767303467,0.5724999904632568,0.009200000204145908,0.08799999952316284,0.9937999844551086,0.11999999731779099,0.050200000405311584
ENSG00000117411,Golgi apparatus,Signal peptide|Transmembrane domain,Transmembrane,0.13580000400543213,0.06759999692440033,0.4390000104904175,0.23270000517368317,0.1216999962925911,0.004999999888241291,0.36010000109672546,0.2775999903678894,0.9314000010490417,0.025800000876188278,0.12559999525547028,0.9409000277519226,0.33320000767707825,0.19280000030994415
ENSG00000117448,Cytoplasm,Nuclear export signal,Soluble,0.8701000213623047,0.3176000118255615,0.1565999984741211,0.1266999989748001,0.35530000925064087,0.08760000020265579,0.34369999170303345,0.4494999945163727,0.20239999890327454,0.1404999941587448,0.3610999882221222,0.05119999870657921,0.16429999470710754,0.8420000076293945
ENSG00000117450,Cytoplasm,,Soluble,0.8105999827384949,0.2971000075340271,0.12229999899864197,0.2655999958515167,0.4819999933242798,0.031300000846385956,0.1876000016927719,0.2825999855995178,0.11029999703168869,0.3163999915122986,0.58160001039505,0.045499999076128006,0.2529999911785126,0.7555000185966492
ENSG00000117461,Cytoplasm,Nuclear export signal,Peripheral|Soluble,0.666100025177002,0.47189998626708984,0.06340000033378601,0.44269999861717224,0.0892999991774559,0.0044999998062849045,0.22679999470710754,0.477400004863739,0.24269999563694,0.002099999925121665,0.7878000140190125,0.019300000742077827,0.18129999935626984,0.8258000016212463
ENSG00000117479,Cell membrane|Lysosome/Vacuole,Signal peptide|Transmembrane domain,Transmembrane,0.12759999930858612,0.08009999990463257,0.07440000027418137,0.6855000257492065,0.08780000358819962,0.012000000104308128,0.47209998965263367,0.5999000072479248,0.4699999988079071,0.15889999270439148,0.07050000131130219,0.994700014591217,0.34610000252723694,0.07100000232458115
ENSG00000117480,Endoplasmic reticulum,Mitochondrial transit peptide,Transmembrane,0.2930000126361847,0.18469999730587006,0.07810000330209732,0.14820000529289246,0.5846999883651733,0.0674000009894371,0.8601999878883362,0.1340000033378601,0.21160000562667847,0.1395999938249588,0.5699999928474426,0.8151999711990356,0.47380000352859497,0.3659999966621399
ENSG00000117528,Mitochondrion|Peroxisome,Transmembrane domain|Peroxisomal targeting signal,Transmembrane,0.08139999955892563,0.13429999351501465,0.03790000081062317,0.2378000020980835,0.694599986076355,0.03269999846816063,0.5120999813079834,0.17720000445842743,0.17919999361038208,0.9023000001907349,0.3147999942302704,0.9853000044822693,0.09049999713897705,0.10440000146627426
ENSG00000117543,Cytoplasm|Nucleus,Nuclear export signal|Peroxisomal targeting signal,Soluble,0.8001000285148621,0.5318999886512756,0.051500000059604645,0.07479999959468842,0.3635999858379364,0.007499999832361937,0.09520000219345093,0.12309999763965607,0.321399986743927,0.3785000145435333,0.3019999861717224,0.050700001418590546,0.2305999994277954,0.8658000230789185
ENSG00000117592,Cytoplasm,,Soluble,0.7336999773979187,0.33709999918937683,0.08209999650716782,0.3361999988555908,0.19920000433921814,0.004000000189989805,0.16140000522136688,0.4221999943256378,0.19619999825954437,0.09220000356435776,0.5726000070571899,0.0957999974489212,0.3686000108718872,0.6862000226974487
ENSG00000117594,Endoplasmic reticulum,Signal peptide,Transmembrane,0.21709999442100525,0.13089999556541443,0.1088000014424324,0.16200000047683716,0.2711000144481659,0.007000000216066837,0.8798999786376953,0.12120000272989273,0.21279999613761902,0.008500000461935997,0.5109999775886536,0.7659000158309937,0.31369999051094055,0.27880001068115234
ENSG00000117600,Cell membrane|Endoplasmic reticulum,Signal peptide|Transmembrane domain,Transmembrane,0.10369999706745148,0.060100000351667404,0.06610000133514404,0.6811000108718872,0.12839999794960022,0.03750000149011612,0.717199981212616,0.36010000109672546,0.5088000297546387,0.01590000092983246,0.06419999897480011,0.9965000152587891,0.25609999895095825,0.07450000196695328
ENSG00000117643,Golgi apparatus,Signal peptide|Transmembrane domain,Transmembrane,0.1527000069618225,0.08980000019073486,0.28110000491142273,0.2071000039577484,0.05090000107884407,0.010599999688565731,0.5864999890327454,0.4117000102996826,0.9150000214576721,0.05950000137090683,0.2094999998807907,0.96670001745224,0.44859999418258667,0.1128000020980835
ENSG00000117682,Cytoplasm|Mitochondrion,Nuclear export signal,Soluble,0.633400022983551,0.35850000381469727,0.0348999984562397,0.26910001039505005,0.6319000124931335,0.016499999910593033,0.33959999680519104,0.11289999634027481,0.1981000006198883,0.2757999897003174,0.5794000029563904,0.19820000231266022,0.7239000201225281,0.6184999942779541
ENSG00000117834,Cell membrane,Transmembrane domain,Transmembrane,0.13670000433921814,0.028699999675154686,0.02710000053048134,0.8077999949455261,0.1404999941587448,0.013399999588727951,0.3098999857902527,0.4489000141620636,0.3009999990463257,0.006399999838322401,0.08649999648332596,0.9908999800682068,0.1624000072479248,0.09319999814033508
ENSG00000117984,Lysosome/Vacuole,Signal peptide,Soluble,0.19460000097751617,0.06199999898672104,0.6046000123023987,0.13580000400543213,0.12690000236034393,0.003100000089034438,0.4553000032901764,0.6585999727249146,0.4546000063419342,0.00419999985024333,0.47920000553131104,0.04969999939203262,0.21709999442100525,0.8032000064849854
ENSG00000118017,Golgi apparatus,Signal peptide|Transmembrane domain,Transmembrane,0.18729999661445618,0.10249999910593033,0.5020999908447266,0.16140000522136688,0.10239999741315842,0.005400000140070915,0.5810999870300293,0.3379000127315521,0.9090999960899353,0.01590000092983246,0.33980000019073486,0.849399983882904,0.12610000371932983,0.31130000948905945
ENSG00000118058,Nucleus,Nuclear localization signal,Soluble,0.14259999990463257,0.9537000060081482,0.011900000274181366,0.12860000133514404,0.062199998646974564,0.08380000293254852,0.09070000052452087,0.020899999886751175,0.013000000268220901,0.006399999838322401,0.3456000089645386,0.14880000054836273,0.026499999687075615,0.8575000166893005
ENSG00000118094,Cell membrane,,Lipid anchor,0.15379999577999115,0.05339999869465828,0.21770000457763672,0.7653999924659729,0.06109999865293503,0.0012000000569969416,0.45010000467300415,0.47859999537467957,0.31459999084472656,0.035100001841783524,0.1647000014781952,0.29739999771118164,0.963699996471405,0.3716000020503998
ENSG00000118160,Cell membrane,Signal peptide|Transmembrane domain,Transmembrane,0.120899997651577,0.09000000357627869,0.02250000089406967,0.8763999938964844,0.31529998779296875,0.003800000064074993,0.4478999972343445,0.37599998712539673,0.41130000352859497,0.05530000105500221,0.11729999631643295,0.9700000286102295,0.20229999721050262,0.14550000429153442
ENSG00000118276,Golgi apparatus,Signal peptide|Transmembrane domain,Transmembrane,0.13570000231266022,0.10530000180006027,0.38589999079704285,0.13279999792575836,0.05829999968409538,0.004699999932199717,0.4000999927520752,0.2583000063896179,0.9476000070571899,0.018400000408291817,0.20149999856948853,0.9690999984741211,0.35339999198913574,0.1412000060081482
ENSG00000118298,Cell membrane|Lysosome/Vacuole,Signal peptide|Transmembrane domain,Transmembrane,0.24320000410079956,0.0754999965429306,0.2476000040769577,0.8707000017166138,0.04039999842643738,0.011099999770522118,0.21459999680519104,0.6758999824523926,0.4260999858379364,0.04100000113248825,0.12470000237226486,0.9369999766349792,0.739799976348877,0.17219999432563782
ENSG00000118363,Endoplasmic reticulum,Signal peptide|Transmembrane domain,Transmembrane,0.06700000166893005,0.17190000414848328,0.014600000344216824,0.13379999995231628,0.3149999976158142,0.009700000286102295,0.9265000224113464,0.2434999942779541,0.5842000246047974,0.05270000174641609,0.10010000318288803,0.9878000020980835,0.04470000043511391,0.12120000272989273
ENSG00000118369,Cytoplasm|Nucleus,Nuclear export signal,Soluble,0.6866000294685364,0.5303000211715698,0.035599999129772186,0.15770000219345093,0.23999999463558197,0.003599999938160181,0.3280999958515167,0.31709998846054077,0.24639999866485596,0.09009999781847,0.4823000133037567,0.1264999955892563,0.121799997985363,0.8619999885559082
ENSG00000118402,Endoplasmic reticulum,Signal peptide|Transmembrane domain,Transmembrane,0.0478999987244606,0.05420000106096268,0.009700000286102295,0.4185999929904938,0.20669999718666077,0.005499999970197678,0.9496999979019165,0.17339999973773956,0.3856000006198883,0.03550000116229057,0.08370000123977661,0.9887999892234802,0.06419999897480011,0.0828000009059906
ENSG00000118514,Cytoplasm,,Soluble,0.761900007724762,0.3790000081062317,0.046300001442432404,0.19820000231266022,0.273499995470047,0.03519999980926514,0.11469999700784683,0.22499999403953552,0.08429999649524689,0.20990000665187836,0.4474000036716461,0.20250000059604645,0.1509999930858612,0.7113999724388123
ENSG00000118518,Cytoplasm|Nucleus,Nuclear export signal,Soluble,0.635699987411499,0.5558000206947327,0.0860000029206276,0.2020999938249588,0.25450000166893005,0.014999999664723873,0.21410000324249268,0.1881999969482422,0.25440001487731934,0.25130000710487366,0.3749000132083893,0.0722000002861023,0.3492000102996826,0.8370000123977661
ENSG00000118520,Cytoplasm,,Soluble,0.6467999815940857,0.3287000060081482,0.07329999655485153,0.11110000312328339,0.4726000130176544,0.022199999541044235,0.12099999934434891,0.09000000357627869,0.039500001817941666,0.05270000174641609,0.4101000130176544,0.03400000184774399,0.1664000004529953,0.857200026512146
ENSG00000118596,Cell membrane,Transmembrane domain,Transmembrane,0.17409999668598175,0.07779999822378159,0.09430000185966492,0.7350000143051147,0.1876000016927719,0.007400000002235174,0.26589998602867126,0.3172000050544739,0.2992999851703644,0.10300000011920929,0.11509999632835388,0.9765999913215637,0.2126999944448471,0.1242000013589859
ENSG00000118705,Endoplasmic reticulum|Golgi apparatus,Signal peptide|Transmembrane domain,Transmembrane,0.09709999710321426,0.10050000250339508,0.08079999685287476,0.2809000015258789,0.05990000069141388,0.006200000178068876,0.8888000249862671,0.40689998865127563,0.7002999782562256,0.009700000286102295,0.13519999384880066,0.9668999910354614,0.09470000118017197,0.14380000531673431
ENSG00000118777,Cell membrane,Transmembrane domain,Transmembrane,0.16680000722408295,0.0860000029206276,0.013100000098347664,0.8156999945640564,0.26159998774528503,0.026399999856948853,0.4702000021934509,0.4097000062465668,0.28139999508857727,0.03269999846816063,0.14429999887943268,0.9580000042915344,0.1949000060558319,0.1387999951839447
ENSG00000119013,Mitochondrion,,Transmembrane,0.2387000024318695,0.22059999406337738,0.016899999231100082,0.03709999844431877,0.8697999715805054,0.059700001031160355,0.1746000051498413,0.04780000075697899,0.012299999594688416,0.0038999998942017555,0.14090000092983246,0.9832000136375427,0.025100000202655792,0.07769999653100967
ENSG00000119048,Cytoplasm,Nuclear export signal,Soluble,0.6055999994277954,0.4733999967575073,0.028699999675154686,0.20800000429153442,0.15680000185966492,0.0013000000035390258,0.21899999678134918,0.19300000369548798,0.31700000166893005,0.03150000050663948,0.5157999992370605,0.014299999922513962,0.34299999475479126,0.8255000114440918
ENSG00000119125,Cytoplasm|Nucleus,Peroxisomal targeting signal,Soluble,0.6883999705314636,0.5070000290870667,0.04749999940395355,0.09470000118017197,0.18410000205039978,0.016699999570846558,0.31630000472068787,0.17800000309944153,0.19539999961853027,0.17180000245571136,0.259799987077713,0.1242000013589859,0.2583000063896179,0.8234999775886536
ENSG00000119227,Endoplasmic reticulum|Golgi apparatus,Signal peptide|Transmembrane domain,Transmembrane,0.10689999908208847,0.13689999282360077,0.06830000132322311,0.3165000081062317,0.3172000050544739,0.010400000028312206,0.9090999960899353,0.26660001277923584,0.6525999903678894,0.05420000106096268,0.27090001106262207,0.9746999740600586,0.14569999277591705,0.18119999766349792
ENSG00000119392,Cytoplasm,Nuclear export signal,Peripheral|Soluble,0.7560999989509583,0.382099986076355,0.1257999986410141,0.12790000438690186,0.13339999318122864,0.010099999606609344,0.3382999897003174,0.41370001435279846,0.3560999929904938,0.0608999989926815,0.635699987411499,0.06080000102519989,0.21899999678134918,0.8486999869346619
ENSG00000119401,Cytoplasm,Nuclear export signal,Soluble,0.704800009727478,0.40709999203681946,0.0689999982714653,0.21310000121593475,0.16429999470710754,0.005900000222027302,0.16509999334812164,0.5771999955177307,0.3215000033378601,0.04670000076293945,0.5885999798774719,0.06679999828338623,0.4189000129699707,0.8187000155448914
ENSG00000119421,Mitochondrion,,Peripheral,0.320499986410141,0.13379999995231628,0.17430000007152557,0.29019999504089355,0.744700014591217,0.08579999953508377,0.28220000863075256,0.28619998693466187,0.2989000082015991,0.2800999879837036,0.8629000186920166,0.19869999587535858,0.3716999888420105,0.3046000003814697
ENSG00000119514,Golgi apparatus,Signal peptide,Transmembrane,0.19220000505447388,0.06430000066757202,0.4668000042438507,0.18369999527931213,0.15299999713897705,0.003100000089034438,0.5577999949455261,0.3418000042438507,0.9086999893188477,0.1273999959230423,0.44850000739097595,0.7892000079154968,0.195700004696846,0.35510000586509705
ENSG00000119523,Endoplasmic reticulum,Mitochondrial transit peptide,Transmembrane,0.4068000018596649,0.3474000096321106,0.04780000075697899,0.22499999403953552,0.564300000667572,0.0608999989926815,0.7888000011444092,0.19050000607967377,0.5194000005722046,0.037700001150369644,0.5307000279426575,0.5519000291824341,0.36809998750686646,0.4560999870300293
ENSG00000119537,Endoplasmic reticulum,Signal peptide|Transmembrane domain,Transmembrane,0.288100004196167,0.21279999613761902,0.042399998754262924,0.17389999330043793,0.22100000083446503,0.009499999694526196,0.8892999887466431,0.36160001158714294,0.2915000021457672,0.01759999990463257,0.5684999823570251,0.8622000217437744,0.492900013923645,0.17309999465942383
ENSG00000119640,Cytoplasm,Peroxisomal targeting signal,Soluble,0.7491999864578247,0.38850000500679016,0.19589999318122864,0.0869000032544136,0.3919999897480011,0.31779998540878296,0.2143000066280365,0.3946000039577484,0.08780000358819962,0.19030000269412994,0.36239999532699585,0.11169999837875366,0.06800000369548798,0.5026000142097473
ENSG00000119673,Peroxisome,Peroxisomal targeting signal,Soluble,0.2612000107765198,0.12929999828338623,0.062199998646974564,0.18649999797344208,0.4593000113964081,0.003599999938160181,0.11909999698400497,0.11289999634027481,0.11270000040531158,0.7904000282287598,0.5336999893188477,0.11259999871253967,0.4194999933242798,0.7541999816894531
ENSG00000119689,Mitochondrion,Mitochondrial transit peptide,Peripheral|Soluble,0.23350000381469727,0.10999999940395355,0.024000000208616257,0.11420000344514847,0.91839998960495,0.008500000461935997,0.12849999964237213,0.052799999713897705,0.13529999554157257,0.09380000084638596,0.779699981212616,0.030799999833106995,0.2069000005722046,0.7878000140190125
ENSG00000119711,Mitochondrion,Mitochondrial transit peptide,Peripheral|Soluble,0.20270000398159027,0.10260000079870224,0.03550000116229057,0.11460000276565552,0.902999997138977,0.06019999831914902,0.05620000138878822,0.08919999748468399,0.04830000177025795,0.03759999945759773,0.6541000008583069,0.10970000177621841,0.298799991607666,0.6642000079154968
ENSG00000119723,Mitochondrion,Mitochondrial transit peptide,Peripheral,0.2596000134944916,0.15139999985694885,0.032999999821186066,0.0681999996304512,0.9205999970436096,0.010300000198185444,0.10620000213384628,0.11949999630451202,0.09220000356435776,0.028300000354647636,0.7020999789237976,0.41110000014305115,0.14949999749660492,0.3959999978542328
ENSG00000119772,Nucleus,Nuclear localization signal,Soluble,0.3391000032424927,0.9368000030517578,0.06260000169277191,0.09759999811649323,0.07559999823570251,0.031300000846385956,0.06989999860525131,0.019300000742077827,0.03319999948143959,0.002199999988079071,0.20730000734329224,0.09319999814033508,0.09880000352859497,0.9107000231742859
ENSG00000119782,Cytoplasm,,Soluble,0.7195000052452087,0.30570000410079956,0.22630000114440918,0.16099999845027924,0.5889999866485596,0.011900000274181366,0.14249999821186066,0.1581999957561493,0.11550000309944153,0.14820000529289246,0.48899999260902405,0.05420000106096268,0.0982000008225441,0.784500002861023
ENSG00000119899,Cell membrane,Transmembrane domain,Transmembrane,0.1500999927520752,0.08730000257492065,0.04820000007748604,0.6812999844551086,0.09080000221729279,0.004600000102072954,0.5299000144004822,0.5745000243186951,0.39719998836517334,0.08869999647140503,0.059300001710653305,0.9532999992370605,0.20679999887943268,0.20000000298023224
ENSG00000119915,Endoplasmic reticulum,Transmembrane domain,Transmembrane,0.0632999986410141,0.05559999868273735,0.007799999788403511,0.2847999930381775,0.22139999270439148,0.015599999576807022,0.9368000030517578,0.2134999930858612,0.37279999256134033,0.003000000026077032,0.09109999984502792,0.98580002784729,0.027000000700354576,0.08789999783039093
ENSG00000119927,Mitochondrion,,Soluble,0.41670000553131104,0.263700008392334,0.030799999833106995,0.13030000030994415,0.5871999859809875,0.09229999780654907,0.38519999384880066,0.2581999897956848,0.3433000147342682,0.04490000009536743,0.5789999961853027,0.42260000109672546,0.1623000055551529,0.6455000042915344
ENSG00000119938,Cytoplasm|Nucleus,Nuclear localization signal|Nuclear export signal,Soluble,0.6888999938964844,0.6524999737739563,0.06769999861717224,0.17159999907016754,0.19709999859333038,0.003000000026077032,0.11020000278949738,0.08889999985694885,0.13650000095367432,0.00930000003427267,0.3634999990463257,0.03849999979138374,0.14329999685287476,0.8881000280380249
ENSG00000120053,Cytoplasm,Nuclear localization signal|Nuclear export signal,Soluble,0.8079000115394592,0.38519999384880066,0.029899999499320984,0.22200000286102295,0.2401999980211258,0.1168999969959259,0.1518000066280365,0.16019999980926514,0.15360000729560852,0.04639999940991402,0.31310001015663147,0.1362999975681305,0.11980000138282776,0.8048999905586243
ENSG00000120137,Cytoplasm|Nucleus,Nuclear export signal,Soluble,0.7732999920845032,0.5756000280380249,0.04230000078678131,0.13500000536441803,0.311599999666214,0.023499999195337296,0.1582999974489212,0.15880000591278076,0.24120000004768372,0.07479999959468842,0.41819998621940613,0.17739999294281006,0.3409000039100647,0.7368000149726868
ENSG00000120253,Cytoplasm|Lysosome/Vacuole,Nuclear export signal,Soluble,0.5627999901771545,0.47760000824928284,0.0364999994635582,0.13300000131130219,0.1462000012397766,0.01810000091791153,0.20250000059604645,0.6757000088691711,0.2881999909877777,0.149399995803833,0.3165999948978424,0.13359999656677246,0.19169999659061432,0.756600022315979
ENSG00000120254,Mitochondrion,Mitochondrial transit peptide,Soluble,0.2689000070095062,0.2345999926328659,0.04650000110268593,0.08309999853372574,0.7297999858856201,0.031199999153614044,0.10130000114440918,0.10419999808073044,0.10010000318288803,0.18490000069141388,0.557699978351593,0.17149999737739563,0.1712000072002411,0.7721999883651733
ENSG00000120265,Cytoplasm|Nucleus,Nuclear localization signal|Nuclear export signal,Soluble,0.800000011920929,0.5076000094413757,0.0551999993622303,0.25459998846054077,0.32919999957084656,0.0478999987244606,0.18119999766349792,0.249099999666214,0.16300000250339508,0.027899999171495438,0.45910000801086426,0.040699999779462814,0.3359000086784363,0.8209999799728394
ENSG00000120329,Mitochondrion,Transmembrane domain,Transmembrane,0.15289999544620514,0.09369999915361404,0.08950000256299973,0.18960000574588776,0.8125,0.060499999672174454,0.15369999408721924,0.18809999525547028,0.17630000412464142,0.0860000029206276,0.1348000019788742,0.9445000290870667,0.15410000085830688,0.16269999742507935
ENSG00000120437,Cytoplasm|Mitochondrion,Mitochondrial transit peptide,Soluble,0.743399977684021,0.21400000154972076,0.04399999976158142,0.17560000717639923,0.6407999992370605,0.03460000082850456,0.12700000405311584,0.19329999387264252,0.11649999767541885,0.19820000231266022,0.40149998664855957,0.1655000001192093,0.11110000312328339,0.7656000256538391
ENSG00000120563,Extracellular,Signal peptide,Soluble,0.06030000001192093,0.03590000048279762,0.989300012588501,0.12319999933242798,0.11339999735355377,0.00570000009611249,0.17100000381469727,0.13249999284744263,0.07159999758005142,0.0007999999797903001,0.16850000619888306,0.03669999912381172,0.14560000598430634,0.8815000057220459
ENSG00000120697,Endoplasmic reticulum,Signal peptide|Transmembrane domain,Peripheral|Transmembrane,0.23250000178813934,0.21469999849796295,0.07249999791383743,0.36239999532699585,0.3215000033378601,0.022600000724196434,0.8589000105857849,0.37400001287460327,0.5295000076293945,0.03229999914765358,0.6017000079154968,0.8417999744415283,0.5604000091552734,0.19760000705718994
ENSG00000120820,Golgi apparatus,Signal peptide|Transmembrane domain,Transmembrane,0.14839999377727509,0.09380000084638596,0.5666000247001648,0.19140000641345978,0.08330000191926956,0.014999999664723873,0.5491999983787537,0.29490000009536743,0.8604999780654907,0.02280000038444996,0.16750000417232513,0.743399977684021,0.08370000123977661,0.48730000853538513
ENSG00000120915,Peroxisome,Peroxisomal targeting signal,Soluble,0.21080000698566437,0.07419999688863754,0.004900000058114529,0.21879999339580536,0.23960000276565552,0.006500000134110451,0.15710000693798065,0.07320000231266022,0.1574999988079071,0.9157999753952026,0.421999990940094,0.11259999871253967,0.36660000681877136,0.8043000102043152
ENSG00000120942,Endoplasmic reticulum,,Transmembrane,0.22139999270439148,0.12449999898672104,0.029899999499320984,0.25609999895095825,0.4731999933719635,0.11420000344514847,0.7605000138282776,0.3215000033378601,0.5016000270843506,0.09539999812841415,0.13279999792575836,0.9538000226020813,0.09179999679327011,0.22169999778270721
ENSG00000120992,Cytoplasm,,Soluble,0.796999990940094,0.4578999876976013,0.07959999889135361,0.17190000414848328,0.45559999346733093,0.004399999976158142,0.3352999985218048,0.1527000069618225,0.1720999926328659,0.0333000011742115,0.413100004196167,0.05920000001788139,0.15029999613761902,0.8432000279426575
ENSG00000121039,Endoplasmic reticulum,,Peripheral|Transmembrane,0.3127000033855438,0.1331000030040741,0.07769999653100967,0.3596999943256378,0.30410000681877136,0.02280000038444996,0.7695000171661377,0.3246999979019165,0.3352999985218048,0.051899999380111694,0.7203999757766724,0.7857999801635742,0.6937999725341797,0.1712999939918518
ENSG00000121053,Extracellular,Signal peptide,Soluble,0.2021999955177307,0.07890000194311142,0.8427000045776367,0.3628999888896942,0.06210000067949295,0.009200000204145908,0.1770000010728836,0.31139999628067017,0.21160000562667847,0.006599999964237213,0.42989999055862427,0.11169999837875366,0.13779999315738678,0.7893999814987183
ENSG00000121207,Endoplasmic reticulum,,Transmembrane,0.40540000796318054,0.21469999849796295,0.26820001006126404,0.16040000319480896,0.4823000133037567,0.3165000081062317,0.609499990940094,0.16820000112056732,0.36230000853538513,0.21040000021457672,0.3628000020980835,0.8036999702453613,0.47679999470710754,0.33250001072883606
ENSG00000121270,Cell membrane|Lysosome/Vacuole,Transmembrane domain,Transmembrane,0.1152999997138977,0.11789999902248383,0.03220000118017197,0.732699990272522,0.10249999910593033,0.01549999974668026,0.49160000681877136,0.6850000023841858,0.4796999990940094,0.03750000149011612,0.23559999465942383,0.9728000164031982,0.15719999372959137,0.1581999957561493
ENSG00000121281,Cell membrane,Signal peptide|Transmembrane domain,Transmembrane,0.17739999294281006,0.13600000739097595,0.011500000022351742,0.7360000014305115,0.04830000177025795,0.012400000356137753,0.32409998774528503,0.42160001397132874,0.5318999886512756,0.1103999987244606,0.13979999721050262,0.9937000274658203,0.20110000669956207,0.08879999816417694
ENSG00000121310,Mitochondrion,Mitochondrial transit peptide,Peripheral|Soluble,0.2517000138759613,0.12610000371932983,0.05820000171661377,0.181099995970726,0.85589998960495,0.000699999975040555,0.13770000636577606,0.14259999990463257,0.11569999903440475,0.04500000178813934,0.6158999800682068,0.0575999990105629,0.35910001397132874,0.7505999803543091
ENSG00000121361,Cell membrane,Transmembrane domain,Transmembrane,0.15469999611377716,0.10520000010728836,0.03220000118017197,0.7361000180244446,0.20890000462532043,0.043299999088048935,0.3625999987125397,0.49239999055862427,0.4562999904155731,0.027799999341368675,0.1031000018119812,0.9753000140190125,0.1467999964952469,0.18709999322891235
ENSG00000121481,Nucleus,Nuclear localization signal,Soluble,0.36399999260902405,0.8794999718666077,0.04439999908208847,0.12319999933242798,0.06289999932050705,0.0017999999690800905,0.05999999865889549,0.0738999992609024,0.13840000331401825,0.006599999964237213,0.37599998712539673,0.02979999966919422,0.13539999723434448,0.8769000172615051
ENSG00000121578,Golgi apparatus,Signal peptide,Transmembrane,0.11299999803304672,0.0917000025510788,0.3449999988079071,0.08889999985694885,0.08340000361204147,0.007300000172108412,0.31769999861717224,0.20960000157356262,0.9136000275611877,0.009999999776482582,0.1517000049352646,0.9369999766349792,0.3109999895095825,0.2101999968290329
ENSG00000121691,Peroxisome,Peroxisomal targeting signal,Soluble,0.2775000035762787,0.043299999088048935,0.14180000126361847,0.1599999964237213,0.3578999936580658,0.030799999833106995,0.2054000049829483,0.27959999442100525,0.13930000364780426,0.9902999997138977,0.5325000286102295,0.0731000006198883,0.2793000042438507,0.7387999892234802
ENSG00000121769,Cytoplasm,Nuclear export signal,Soluble,0.8194000124931335,0.26669999957084656,0.5047000050544739,0.41449999809265137,0.5370000004768372,0.05660000070929527,0.17870000004768372,0.0940999984741211,0.36500000953674316,0.14270000159740448,0.30059999227523804,0.03840000182390213,0.17100000381469727,0.8508999943733215
ENSG00000121851,Cytoplasm|Nucleus,Nuclear localization signal,Soluble,0.6960999965667725,0.633899986743927,0.20559999346733093,0.07880000025033951,0.29269999265670776,0.012299999594688416,0.051600001752376556,0.037300001829862595,0.07890000194311142,0.0031999999191612005,0.12710000574588776,0.1031000018119812,0.11670000106096268,0.8227999806404114
ENSG00000121879,Cytoplasm|Lysosome/Vacuole,Nuclear export signal,Peripheral|Soluble,0.6452999711036682,0.3066999912261963,0.052799999713897705,0.3695000112056732,0.18129999935626984,0.023099999874830246,0.3424000144004822,0.6891999840736389,0.47699999809265137,0.011599999852478504,0.7833999991416931,0.032999999821186066,0.23100000619888306,0.7896000146865845
ENSG00000121897,Mitochondrion,Mitochondrial transit peptide,Soluble,0.2549000084400177,0.12439999729394913,0.0272000003606081,0.07670000195503235,0.9519000053405762,0.02500000037252903,0.13570000231266022,0.04470000043511391,0.06539999693632126,0.059300001710653305,0.5339000225067139,0.10209999978542328,0.11209999769926071,0.7462999820709229
ENSG00000122008,Nucleus,Nuclear localization signal,Soluble,0.33160001039505005,0.8579999804496765,0.006599999964237213,0.04479999840259552,0.19740000367164612,0.013399999588727951,0.03889999911189079,0.06109999865293503,0.1298000067472458,0.05889999866485596,0.18410000205039978,0.11999999731779099,0.20170000195503235,0.8820000290870667
ENSG00000122126,Cytoplasm|Lysosome/Vacuole,Nuclear export signal,Peripheral|Soluble,0.649399995803833,0.26899999380111694,0.09000000357627869,0.4311000108718872,0.15289999544620514,0.01769999973475933,0.2761000096797943,0.6327000260353088,0.5267000198364258,0.013199999928474426,0.6510999798774719,0.06769999861717224,0.33009999990463257,0.8313000202178955
ENSG00000122194,Extracellular,Signal peptide,Soluble,0.2687000036239624,0.10249999910593033,0.9175000190734863,0.2143000066280365,0.05310000106692314,0.00559999980032444,0.22499999403953552,0.26570001244544983,0.11500000208616257,0.003599999938160181,0.40230000019073486,0.03530000150203705,0.09210000187158585,0.9108999967575073
ENSG00000122254,Golgi apparatus,Signal peptide|Transmembrane domain,Transmembrane,0.15049999952316284,0.06719999760389328,0.3693999946117401,0.2198999971151352,0.07680000364780426,0.006500000134110451,0.3601999878883362,0.24699999392032623,0.9117000102996826,0.043299999088048935,0.22390000522136688,0.9340000152587891,0.4878000020980835,0.1835000067949295
ENSG00000122257,Nucleus,Nuclear localization signal,Soluble,0.26910001039505005,0.876800000667572,0.03680000081658363,0.13940000534057617,0.029600000008940697,0.009100000374019146,0.08470000326633453,0.026000000536441803,0.05510000139474869,0.002099999925121665,0.19470000267028809,0.11810000240802765,0.10080000013113022,0.8234999775886536
ENSG00000122390,Endoplasmic reticulum,Nuclear export signal,Peripheral,0.4016999900341034,0.35190001130104065,0.04410000145435333,0.21690000593662262,0.3959999978542328,0.03060000017285347,0.6039999723434448,0.31869998574256897,0.46799999475479126,0.07410000264644623,0.6152999997138977,0.4235000014305115,0.41359999775886536,0.3325999975204468
ENSG00000122642,Endoplasmic reticulum,Signal peptide,Soluble,0.29330000281333923,0.18459999561309814,0.3959999978542328,0.30160000920295715,0.10220000147819519,0.00139999995008111,0.8116000294685364,0.34790000319480896,0.2680000066757202,0.006899999920278788,0.3449999988079071,0.15230000019073486,0.3102000057697296,0.7427999973297119
ENSG00000122643,Mitochondrion,Mitochondrial transit peptide,Peripheral|Transmembrane,0.2718000113964081,0.19709999859333038,0.2953000068664551,0.21400000154972076,0.7702000141143799,0.21289999783039093,0.23199999332427979,0.09009999781847,0.1518000066280365,0.4717000126838684,0.7002999782562256,0.8694000244140625,0.430400013923645,0.22120000422000885
ENSG00000122678,Nucleus,Nuclear localization signal,Soluble,0.3197000026702881,0.8780999779701233,0.07029999792575836,0.06279999762773514,0.19380000233650208,0.0044999998062849045,0.03449999913573265,0.055399999022483826,0.03840000182390213,0.003800000064074993,0.2628999948501587,0.06400000303983688,0.2800000011920929,0.9203000068664551
ENSG00000122729,Cytoplasm,,Soluble,0.7513999938964844,0.2184000015258789,0.03819999843835831,0.3375999927520752,0.31940001249313354,0.023800000548362732,0.12770000100135803,0.12099999934434891,0.12039999663829803,0.11309999972581863,0.47839999198913574,0.1265999972820282,0.1664000004529953,0.7534000277519226
ENSG00000122787,Cytoplasm,,Soluble,0.8165000081062317,0.34880000352859497,0.1177000030875206,0.12999999523162842,0.2732999920845032,0.2102999985218048,0.22529999911785126,0.3034000098705292,0.08560000360012054,0.055799998342990875,0.26910001039505005,0.05649999901652336,0.10920000076293945,0.8309999704360962
ENSG00000122824,Cytoplasm|Nucleus,,Soluble,0.6453999876976013,0.6047999858856201,0.10080000013113022,0.12549999356269836,0.3662000000476837,0.014100000262260437,0.17550000548362732,0.11680000275373459,0.12630000710487366,0.24950000643730164,0.17080000042915344,0.02850000001490116,0.6589999794960022,0.909600019454956
ENSG00000122863,Golgi apparatus,Signal peptide|Transmembrane domain,Transmembrane|Soluble,0.1988999992609024,0.08739999681711197,0.39739999175071716,0.24650000035762787,0.06419999897480011,0.010900000110268593,0.26969999074935913,0.21539999544620514,0.9151999950408936,0.019099999219179153,0.15199999511241913,0.7997999787330627,0.2874999940395355,0.511900007724762
ENSG00000122884,Extracellular,Signal peptide,Soluble,0.19660000503063202,0.0982000008225441,0.661899983882904,0.2003999948501587,0.09220000356435776,0.002300000051036477,0.5532000064849854,0.24390000104904175,0.383899986743927,0.0017000000225380063,0.3260999917984009,0.22139999270439148,0.1014999970793724,0.7283999919891357
ENSG00000122912,Mitochondrion,,Transmembrane,0.1949000060558319,0.1589999943971634,0.07810000330209732,0.21809999644756317,0.8093000054359436,0.03790000081062317,0.22460000216960907,0.24320000410079956,0.19550000131130219,0.13009999692440033,0.18709999322891235,0.9405999779701233,0.05609999969601631,0.19679999351501465
ENSG00000122971,Mitochondrion,Mitochondrial transit peptide,Peripheral|Soluble,0.11400000005960464,0.1420000046491623,0.036400001496076584,0.1891999989748001,0.8852999806404114,9.999999747378752e-05,0.07890000194311142,0.12380000203847885,0.08460000157356262,0.01860000006854534,0.6504999995231628,0.14630000293254852,0.1940000057220459,0.6843000054359436
ENSG00000123124,Cytoplasm,Nuclear export signal,Soluble,0.7192000150680542,0.4494999945163727,0.03709999844431877,0.4390000104904175,0.1103999987244606,0.02539999969303608,0.18279999494552612,0.487199991941452,0.3474999964237213,0.01549999974668026,0.5692999958992004,0.03310000151395798,0.4058000147342682,0.8626000285148621
ENSG00000123130,Mitochondrion,Mitochondrial transit peptide,Soluble,0.2531999945640564,0.24240000545978546,0.041099999099969864,0.09269999712705612,0.9355000257492065,0.002300000051036477,0.07129999995231628,0.07689999788999557,0.06679999828338623,0.02500000037252903,0.5077999830245972,0.14749999344348907,0.20669999718666077,0.8145999908447266
ENSG00000123213,Mitochondrion,Mitochondrial transit peptide,Soluble,0.3382999897003174,0.14659999310970306,0.08649999648332596,0.13189999759197235,0.942300021648407,0.006399999838322401,0.07720000296831131,0.1289999932050705,0.1632000058889389,0.04259999841451645,0.5674999952316284,0.12839999794960022,0.16740000247955322,0.7809000015258789
ENSG00000123360,Cytoplasm,Nuclear export signal,Soluble,0.6402000188827515,0.36160001158714294,0.027499999850988388,0.3937000036239624,0.2775999903678894,0.004399999976158142,0.2603999972343445,0.2946000099182129,0.5241000056266785,0.048900000751018524,0.5491999983787537,0.10339999943971634,0.46540001034736633,0.7989000082015991
ENSG00000123453,Mitochondrion,Mitochondrial transit peptide,Peripheral|Soluble,0.27790001034736633,0.15230000019073486,0.031099999323487282,0.12950000166893005,0.8700000047683716,0.0019000000320374966,0.09319999814033508,0.08179999887943268,0.08950000256299973,0.037700001150369644,0.6431999802589417,0.16009999811649323,0.10859999805688858,0.7523000240325928
ENSG00000123454,Extracellular,Signal peptide,Soluble,0.29840001463890076,0.23360000550746918,0.6352999806404114,0.3804999887943268,0.0885000005364418,0.0038999998942017555,0.5134999752044678,0.3228999972343445,0.4016999900341034,0.012600000016391277,0.2955999970436096,0.27570000290870667,0.30709999799728394,0.7628999948501587
ENSG00000123505,Cytoplasm|Nucleus,Nuclear export signal,Soluble,0.701200008392334,0.6499000191688538,0.0575999990105629,0.11309999972581863,0.13379999995231628,0.04639999940991402,0.12389999628067017,0.22120000422000885,0.11789999902248383,0.06289999932050705,0.28060001134872437,0.0746999979019165,0.08879999816417694,0.8907999992370605
ENSG00000123552,Cytoplasm|Nucleus,Nuclear export signal,Soluble,0.6004999876022339,0.6775000095367432,0.025800000876188278,0.09380000084638596,0.12070000171661377,0.006899999920278788,0.16619999706745148,0.27619999647140503,0.30489999055862427,0.012000000104308128,0.43230000138282776,0.04899999871850014,0.13910000026226044,0.9003000259399414
ENSG00000123643,Cell membrane|Lysosome/Vacuole,Transmembrane domain,Transmembrane,0.14390000700950623,0.04320000112056732,0.03269999846816063,0.7178999781608582,0.10459999740123749,0.009100000374019146,0.24250000715255737,0.6377999782562256,0.27709999680519104,0.013299999758601189,0.039400000125169754,0.9801999926567078,0.08990000188350677,0.1362999975681305
ENSG00000123684,Endoplasmic reticulum,Signal peptide|Transmembrane domain,Transmembrane,0.14239999651908875,0.16099999845027924,0.04960000142455101,0.3379000127315521,0.38670000433921814,0.053700000047683716,0.8955000042915344,0.23319999873638153,0.515999972820282,0.013700000010430813,0.30869999527931213,0.9581000208854675,0.18029999732971191,0.12030000239610672
ENSG00000123739,Extracellular|Endoplasmic reticulum,Signal peptide,Soluble,0.11900000274181366,0.08030000329017639,0.7928000092506409,0.19419999420642853,0.12600000202655792,0.004900000058114529,0.6603000164031982,0.30550000071525574,0.1476999968290329,0.11969999969005585,0.4361000061035156,0.08869999647140503,0.36820000410079956,0.7103999853134155
ENSG00000123836,Cytoplasm,Nuclear export signal,Soluble,0.7842000126838684,0.3357999920845032,0.04259999841451645,0.26010000705718994,0.361299991607666,0.0203000009059906,0.24869999289512634,0.17470000684261322,0.24500000476837158,0.16869999468326569,0.4853000044822693,0.04919999837875366,0.5611000061035156,0.8562999963760376
ENSG00000123983,Endoplasmic reticulum,Signal peptide|Transmembrane domain,Peripheral|Transmembrane,0.35910001397132874,0.13830000162124634,0.08320000022649765,0.5026999711990356,0.3693999946117401,0.029899999499320984,0.8392999768257141,0.42809998989105225,0.5498999953269958,0.10480000078678131,0.6453999876976013,0.7687000036239624,0.7402999997138977,0.2621999979019165
ENSG00000123989,Golgi apparatus,Signal peptide|Transmembrane domain,Transmembrane,0.1386999934911728,0.16300000250339508,0.5220000147819519,0.14740000665187836,0.12780000269412994,0.023499999195337296,0.5245000123977661,0.1307000070810318,0.8172000050544739,0.010999999940395355,0.30790001153945923,0.885699987411499,0.41179999709129333,0.2531000077724457
ENSG00000124003,Endoplasmic reticulum,Transmembrane domain,Transmembrane,0.14079999923706055,0.10459999740123749,0.018699999898672104,0.2337999939918518,0.2522999942302704,0.027300000190734863,0.8289999961853027,0.06939999759197235,0.12229999899864197,0.04129999876022339,0.4925000071525574,0.9395999908447266,0.19339999556541443,0.18490000069141388
ENSG00000124067,Cell membrane,Transmembrane domain,Transmembrane,0.260699987411499,0.07519999891519547,0.02630000002682209,0.7487999796867371,0.1370999962091446,0.009700000286102295,0.13210000097751617,0.5246000289916992,0.3637999892234802,0.012500000186264515,0.11640000343322754,0.9829999804496765,0.061400000005960464,0.12160000205039978
