Protein_ID,Localizations,Signals,Membrane types,Cytoplasm,Nucleus,Extracellular,Cell membrane,Mitochondrion,Plastid,Endoplasmic reticulum,Lysosome/Vacuole,Golgi apparatus,Peroxisome,Peripheral,Transmembrane,Lipid anchor,Soluble
ENSG00000166747,Cytoplasm|Lysosome/Vacuole|Golgi apparatus,Nuclear export signal,Peripheral|Soluble,0.4844000041484833,0.25940001010894775,0.04919999837875366,0.32670000195503235,0.16369999945163727,0.006200000178068876,0.39649999141693115,0.6255000233650208,0.7386000156402588,0.06689999997615814,0.7613000273704529,0.0575999990105629,0.15129999816417694,0.6850000023841858
ENSG00000166794,Endoplasmic reticulum,Signal peptide,Soluble,0.09870000183582306,0.1468999981880188,0.4004000127315521,0.10010000318288803,0.1972000002861023,0.005799999926239252,0.7678999900817871,0.21690000593662262,0.4066999852657318,0.010300000198185444,0.33640000224113464,0.11429999768733978,0.19220000505447388,0.7422000169754028
ENSG00000166796,Cytoplasm,Nuclear export signal,Soluble,0.8366000056266785,0.28299999237060547,0.022700000554323196,0.17829999327659607,0.2565999925136566,0.0284000001847744,0.18199999630451202,0.17980000376701355,0.2522999942302704,0.18170000612735748,0.3610000014305115,0.12110000103712082,0.5275999903678894,0.7910000085830688
ENSG00000166800,Cytoplasm,Nuclear export signal,Soluble,0.7937999963760376,0.32839998602867126,0.0203000009059906,0.1703999936580658,0.15539999306201935,0.04149999842047691,0.24089999496936798,0.09049999713897705,0.2240000069141388,0.18160000443458557,0.359499990940094,0.12280000001192093,0.5665000081062317,0.7911999821662903
ENSG00000166816,Mitochondrion,Mitochondrial transit peptide,Soluble,0.2773999869823456,0.1388999968767166,0.056699998676776886,0.10700000077486038,0.8991000056266785,0.0005000000237487257,0.10300000011920929,0.06620000302791595,0.08330000191926956,0.011599999852478504,0.5390999913215637,0.13410000503063202,0.15289999544620514,0.748199999332428
ENSG00000166819,Cytoplasm,Nuclear export signal,Peripheral|Transmembrane,0.5644999742507935,0.3278999924659729,0.09239999949932098,0.4016000032424927,0.34360000491142273,0.05380000174045563,0.4390000104904175,0.3138999938964844,0.4129999876022339,0.3968000113964081,0.6608999967575073,0.7003999948501587,0.26159998774528503,0.4634000062942505
ENSG00000166825,Cell membrane,Signal peptide|Transmembrane domain,Transmembrane,0.23880000412464142,0.09290000051259995,0.3409000039100647,0.862500011920929,0.03460000082850456,0.006200000178068876,0.17820000648498535,0.4507000148296356,0.3476000130176544,0.007400000002235174,0.04430000111460686,0.9297000169754028,0.5903000235557556,0.26499998569488525
ENSG00000166840,Cytoplasm,Nuclear localization signal|Nuclear export signal,Soluble,0.5491999983787537,0.41130000352859497,0.1678999960422516,0.19750000536441803,0.288100004196167,0.021199999377131462,0.2653999924659729,0.35409998893737793,0.18199999630451202,0.0722000002861023,0.38679999113082886,0.15629999339580536,0.14229999482631683,0.7621999979019165
ENSG00000166908,Cytoplasm,Nuclear export signal,Soluble,0.5855000019073486,0.4964999854564667,0.03139999881386757,0.24690000712871552,0.12370000034570694,0.029899999499320984,0.20200000703334808,0.3312000036239624,0.3407000005245209,0.008899999782443047,0.5483999848365784,0.09470000118017197,0.18299999833106995,0.7682999968528748
ENSG00000166948,Cytoplasm,Nuclear localization signal,Soluble,0.6617000102996826,0.24729999899864197,0.5322999954223633,0.3910999894142151,0.2978000044822693,0.008799999952316284,0.21080000698566437,0.15649999678134918,0.2985999882221222,0.019099999219179153,0.39739999175071716,0.19539999961853027,0.20919999480247498,0.8216000199317932
ENSG00000166986,Cytoplasm,Nuclear localization signal,Soluble,0.8338000178337097,0.24580000340938568,0.09780000150203705,0.13809999823570251,0.24549999833106995,0.004600000102072954,0.4408999979496002,0.20999999344348907,0.3138999938964844,0.030400000512599945,0.3815000057220459,0.17569999396800995,0.12520000338554382,0.7883999943733215
ENSG00000167004,Endoplasmic reticulum,Signal peptide,Soluble,0.17810000479221344,0.21150000393390656,0.2994999885559082,0.2101999968290329,0.0982000008225441,0.007400000002235174,0.8751000165939331,0.34470000863075256,0.22589999437332153,0.02459999918937683,0.5112000107765198,0.03610000014305115,0.2766000032424927,0.8036999702453613
ENSG00000167011,Cytoplasm,,Soluble,0.5870000123977661,0.44110000133514404,0.17339999973773956,0.14350000023841858,0.4018999934196472,0.06210000067949295,0.1680999994277954,0.17579999566078186,0.16290000081062317,0.031700000166893005,0.5681999921798706,0.21130000054836273,0.13449999690055847,0.7329999804496765
ENSG00000167080,Golgi apparatus,Signal peptide|Transmembrane domain,Transmembrane,0.17550000548362732,0.16930000483989716,0.17640000581741333,0.1695999950170517,0.05739999935030937,0.007600000128149986,0.5634999871253967,0.16449999809265137,0.8039000034332275,0.05350000038743019,0.19179999828338623,0.9692000150680542,0.25440001487731934,0.15569999814033508
ENSG00000167103,Cytoplasm,Nuclear export signal,Peripheral|Soluble,0.5022000074386597,0.38850000500679016,0.06679999828338623,0.29409998655319214,0.3637000024318695,0.008799999952316284,0.3082999885082245,0.5841000080108643,0.44020000100135803,0.00989999994635582,0.7275999784469604,0.15230000019073486,0.3411000072956085,0.7249000072479248
ENSG00000167107,Mitochondrion,Mitochondrial transit peptide,Soluble,0.2533000111579895,0.156700000166893,0.06430000066757202,0.12849999964237213,0.9035000205039978,0.001500000013038516,0.10540000349283218,0.1573999971151352,0.12120000272989273,0.05790000036358833,0.5759000182151794,0.15379999577999115,0.14270000159740448,0.7879999876022339
ENSG00000167114,Endoplasmic reticulum,Peroxisomal targeting signal,Peripheral|Transmembrane,0.2671999931335449,0.12240000069141388,0.11100000143051147,0.45809999108314514,0.3864000141620636,0.08049999922513962,0.6915000081062317,0.24490000307559967,0.28290000557899475,0.6861000061035156,0.7261000275611877,0.7886999845504761,0.5217000246047974,0.24289999902248383
ENSG00000167130,Endoplasmic reticulum,Signal peptide|Transmembrane domain,Transmembrane,0.07460000365972519,0.10180000215768814,0.022099999710917473,0.3490999937057495,0.1527000069618225,0.07249999791383743,0.8471999764442444,0.3630000054836273,0.4066999852657318,0.030400000512599945,0.11479999870061874,0.9900000095367432,0.2076999992132187,0.1039000004529953
ENSG00000167165,Endoplasmic reticulum,Signal peptide|Transmembrane domain,Transmembrane,0.16750000417232513,0.05270000174641609,0.05400000140070915,0.4221000075340271,0.05869999900460243,0.019099999219179153,0.8327999711036682,0.39570000767707825,0.37610000371932983,0.07670000195503235,0.21960000693798065,0.925599992275238,0.3140000104904175,0.16670000553131104
ENSG00000167186,Mitochondrion,Mitochondrial transit peptide,Peripheral,0.17659999430179596,0.17069999873638153,0.039799999445676804,0.1412999927997589,0.8978999853134155,0.009399999864399433,0.12080000340938568,0.07509999722242355,0.06840000301599503,0.05860000103712082,0.7006999850273132,0.3122999966144562,0.2671000063419342,0.40619999170303345
ENSG00000167261,Cell membrane,Signal peptide,Lipid anchor,0.16750000417232513,0.048900000751018524,0.5023999810218811,0.5929999947547913,0.10350000113248825,0.00279999990016222,0.453000009059906,0.47920000553131104,0.42750000953674316,0.014600000344216824,0.21899999678134918,0.44940000772476196,0.9829999804496765,0.320499986410141
ENSG00000167280,Cytoplasm|Nucleus,Nuclear localization signal,Soluble,0.6179999709129333,0.6338000297546387,0.2815999984741211,0.07460000365972519,0.21780000627040863,0.003000000026077032,0.07039999961853027,0.12479999661445618,0.2198999971151352,0.013000000268220901,0.47209998965263367,0.1395999938249588,0.2777000069618225,0.833299994468689
ENSG00000167283,Mitochondrion,Mitochondrial transit peptide,Transmembrane,0.11909999698400497,0.043800000101327896,0.06289999932050705,0.13670000433921814,0.9441999793052673,0.02319999970495701,0.09480000287294388,0.2533000111579895,0.0697999969124794,0.2630999982357025,0.1899999976158142,0.9861000180244446,0.024900000542402267,0.08330000191926956
ENSG00000167306,Cytoplasm,Nuclear export signal,Soluble,0.7203999757766724,0.2506999969482422,0.05270000174641609,0.42590001225471497,0.12690000236034393,0.011900000274181366,0.17890000343322754,0.47609999775886536,0.39579999446868896,0.012900000438094139,0.5457000136375427,0.16519999504089355,0.09359999746084213,0.7339000105857849
ENSG00000167311,Extracellular,Signal peptide,Soluble,0.20980000495910645,0.1623000055551529,0.845300018787384,0.28130000829696655,0.19699999690055847,0.00019999999494757503,0.2865999937057495,0.32109999656677246,0.27140000462532043,0.0020000000949949026,0.40560001134872437,0.08179999887943268,0.513700008392334,0.7644000053405762
ENSG00000167315,Mitochondrion,Mitochondrial transit peptide,Soluble,0.42489999532699585,0.16660000383853912,0.01269999984651804,0.1363999992609024,0.8054999709129333,0.0034000000450760126,0.049300000071525574,0.10869999974966049,0.05209999904036522,0.16680000722408295,0.4562999904155731,0.15729999542236328,0.1387999951839447,0.7354999780654907
ENSG00000167325,Cytoplasm,Nuclear export signal,Soluble,0.651199996471405,0.2565000057220459,0.03889999911189079,0.4034999907016754,0.23919999599456787,0.033399999141693115,0.19280000030994415,0.20880000293254852,0.25270000100135803,0.04190000146627426,0.5171999931335449,0.10339999943971634,0.3183000087738037,0.738099992275238
ENSG00000167363,Cytoplasm|Nucleus,Nuclear export signal,Soluble,0.7789999842643738,0.5029000043869019,0.05590000003576279,0.10360000282526016,0.3425999879837036,0.007000000216066837,0.13510000705718994,0.18289999663829803,0.13860000669956207,0.249099999666214,0.430400013923645,0.15649999678134918,0.12150000035762787,0.8011000156402588
ENSG00000167397,Endoplasmic reticulum,,Transmembrane,0.06849999725818634,0.09570000320672989,0.021199999377131462,0.2003999948501587,0.4438000023365021,0.0142000000923872,0.7641000151634216,0.21850000321865082,0.1307000070810318,0.08349999785423279,0.13449999690055847,0.9702000021934509,0.10369999706745148,0.19460000097751617
ENSG00000167419,Extracellular,Signal peptide,Soluble,0.20329999923706055,0.07289999723434448,0.8521999716758728,0.31119999289512634,0.06129999831318855,0.006800000090152025,0.1809999942779541,0.40369999408721924,0.2574999928474426,0.0027000000700354576,0.4562999904155731,0.10760000348091125,0.13580000400543213,0.8037999868392944
ENSG00000167434,Cell membrane,,Lipid anchor,0.11739999800920486,0.0723000019788742,0.37450000643730164,0.776199996471405,0.0729999989271164,0.0006000000284984708,0.32820001244544983,0.48399999737739563,0.28139999508857727,0.011500000022351742,0.29899999499320984,0.18790000677108765,0.9107999801635742,0.42739999294281006
ENSG00000167468,Mitochondrion,Mitochondrial transit peptide,Soluble,0.3449999988079071,0.14959999918937683,0.2353000044822693,0.08780000358819962,0.8930000066757202,0.0071000000461936,0.1444000005722046,0.09300000220537186,0.11259999871253967,0.08760000020265579,0.5611000061035156,0.13410000503063202,0.23929999768733978,0.7872999906539917
ENSG00000167508,Cytoplasm,Peroxisomal targeting signal,Soluble,0.7250000238418579,0.3849000036716461,0.12540000677108765,0.1500999927520752,0.5076000094413757,0.0406000018119812,0.11580000072717667,0.11819999665021896,0.09989999979734421,0.45089998841285706,0.3619000017642975,0.11259999871253967,0.24449999630451202,0.8395000100135803
ENSG00000167531,Extracellular,Signal peptide,Soluble,0.10769999772310257,0.034299999475479126,0.9797999858856201,0.11330000311136246,0.06239999830722809,0.0017000000225380063,0.12250000238418579,0.2418999969959259,0.10180000215768814,0.0005000000237487257,0.15780000388622284,0.023399999365210533,0.11299999803304672,0.8962000012397766
ENSG00000167548,Nucleus,Nuclear localization signal,Soluble,0.27570000290870667,0.9376999735832214,0.013799999840557575,0.09920000284910202,0.049800001084804535,0.047200001776218414,0.05939999967813492,0.043299999088048935,0.03290000185370445,0.002199999988079071,0.2971000075340271,0.164000004529953,0.03099999949336052,0.8504999876022339
ENSG00000167580,Cell membrane,Transmembrane domain,Transmembrane,0.24740000069141388,0.06809999793767929,0.05559999868273735,0.7681000232696533,0.1867000013589859,0.029500000178813934,0.364300012588501,0.545799970626831,0.4327999949455261,0.057500001043081284,0.08510000258684158,0.95660001039505,0.335099995136261,0.15710000693798065
ENSG00000167588,Cytoplasm,Nuclear export signal,Soluble,0.8514999747276306,0.4122999906539917,0.03799999877810478,0.19290000200271606,0.3571999967098236,0.0020000000949949026,0.3181000053882599,0.31290000677108765,0.23559999465942383,0.12150000035762787,0.5291000008583069,0.0908999964594841,0.3921000063419342,0.7627000212669373
ENSG00000167600,Endoplasmic reticulum,Signal peptide|Transmembrane domain,Peripheral|Transmembrane,0.13600000739097595,0.08869999647140503,0.04450000077486038,0.31850001215934753,0.08709999918937683,0.002300000051036477,0.8949999809265137,0.1876000016927719,0.1720000058412552,0.031300000846385956,0.8464000225067139,0.6010000109672546,0.2824999988079071,0.21809999644756317
ENSG00000167658,Cytoplasm|Nucleus,Nuclear export signal,Soluble,0.7387999892234802,0.5277000069618225,0.01489999983459711,0.33149999380111694,0.13249999284744263,0.009700000286102295,0.27219998836517334,0.20919999480247498,0.19009999930858612,0.16290000081062317,0.3944000005722046,0.07890000194311142,0.15700000524520874,0.8180999755859375
ENSG00000167676,Cytoplasm,,Peripheral|Soluble,0.5551999807357788,0.2824000120162964,0.08619999885559082,0.5095000267028809,0.37049999833106995,0.00930000003427267,0.38119998574256897,0.32440000772476196,0.30970001220703125,0.055399999022483826,0.7484999895095825,0.2689000070095062,0.524399995803833,0.620199978351593
ENSG00000167699,Cytoplasm,,Soluble,0.7763000130653381,0.2944999933242798,0.1111999973654747,0.15960000455379486,0.41029998660087585,0.019500000402331352,0.5087000131607056,0.18889999389648438,0.18729999661445618,0.039000000804662704,0.445499986410141,0.10480000078678131,0.21660000085830688,0.743399977684021
ENSG00000167701,Cytoplasm,Nuclear localization signal,Soluble,0.7900999784469604,0.3176000118255615,0.14249999821186066,0.30889999866485596,0.3711000084877014,0.0013000000035390258,0.15620000660419464,0.23160000145435333,0.27079999446868896,0.03139999881386757,0.5005999803543091,0.10649999976158142,0.37119999527931213,0.8327999711036682
ENSG00000167703,Cell membrane,Signal peptide|Transmembrane domain,Transmembrane,0.15279999375343323,0.06480000168085098,0.07559999823570251,0.7114999890327454,0.1356000006198883,0.007799999788403511,0.4260999858379364,0.475600004196167,0.4399999976158142,0.09489999711513519,0.07209999859333038,0.9901000261306763,0.22540000081062317,0.11659999936819077
ENSG00000167720,Cytoplasm,,Soluble,0.7955999970436096,0.26649999618530273,0.0997999981045723,0.21320000290870667,0.5386000275611877,0.02239999920129776,0.1695999950170517,0.188400000333786,0.17579999566078186,0.17599999904632568,0.2842999994754791,0.09709999710321426,0.4602000117301941,0.8547000288963318
ENSG00000167733,Endoplasmic reticulum,Signal peptide|Transmembrane domain,Peripheral|Transmembrane,0.19740000367164612,0.13779999315738678,0.11879999935626984,0.18979999423027039,0.2281000018119812,0.0044999998062849045,0.8634999990463257,0.18549999594688416,0.30640000104904175,0.007400000002235174,0.6093000173568726,0.807699978351593,0.4553999900817871,0.23649999499320984
ENSG00000167741,Cell membrane|Lysosome/Vacuole|Golgi apparatus,Signal peptide|Transmembrane domain,Transmembrane,0.16169999539852142,0.1673000007867813,0.1501999944448471,0.5929999947547913,0.04340000078082085,0.004900000058114529,0.4178999960422516,0.6751999855041504,0.6970000267028809,0.026900000870227814,0.32199999690055847,0.8831999897956848,0.3831000030040741,0.3635999858379364
ENSG00000167748,Extracellular,Signal peptide,Soluble,0.15600000321865082,0.06840000301599503,0.9006999731063843,0.12630000710487366,0.11789999902248383,0.00039999998989515007,0.21199999749660492,0.2084999978542328,0.1437000036239624,0.00039999998989515007,0.3156999945640564,0.05530000105500221,0.1873999983072281,0.9086999893188477
ENSG00000167751,Extracellular,Signal peptide,Soluble,0.17790000140666962,0.0658000037074089,0.928600013256073,0.12039999663829803,0.17100000381469727,0.0012000000569969416,0.1817999929189682,0.16769999265670776,0.12020000070333481,0.0013000000035390258,0.3763999938964844,0.05429999902844429,0.18400000035762787,0.9007999897003174
ENSG00000167769,Endoplasmic reticulum|Golgi apparatus,Signal peptide|Transmembrane domain,Transmembrane,0.09650000184774399,0.11469999700784683,0.007600000128149986,0.34290000796318054,0.1096000000834465,0.012799999676644802,0.8330000042915344,0.5618000030517578,0.7795000076293945,0.00800000037997961,0.07559999823570251,0.9901000261306763,0.061900001019239426,0.09009999781847
ENSG00000167780,Endoplasmic reticulum,Transmembrane domain,Transmembrane,0.10350000113248825,0.08829999715089798,0.026499999687075615,0.4332999885082245,0.20730000734329224,0.0421999990940094,0.795199990272522,0.2451999932527542,0.4959999918937683,0.015799999237060547,0.1274999976158142,0.9894999861717224,0.06750000268220901,0.094200000166893
ENSG00000167792,Mitochondrion,Mitochondrial transit peptide,Peripheral|Soluble,0.15150000154972076,0.12600000202655792,0.027699999511241913,0.11550000309944153,0.9261999726295471,0.0026000000070780516,0.09799999743700027,0.07819999754428864,0.06459999829530716,0.028200000524520874,0.7177000045776367,0.06560000032186508,0.31139999628067017,0.652400016784668
ENSG00000167815,Cytoplasm,,Soluble,0.8029000163078308,0.21400000154972076,0.14030000567436218,0.22120000422000885,0.3846000134944916,0.10660000145435333,0.24719999730587006,0.3747999966144562,0.15449999272823334,0.2062000036239624,0.516700029373169,0.05139999836683273,0.25040000677108765,0.7394999861717224
ENSG00000167862,Mitochondrion,Mitochondrial transit peptide,Soluble,0.20919999480247498,0.21410000324249268,0.05829999968409538,0.07859999686479568,0.9420999884605408,0.0012000000569969416,0.031599998474121094,0.056299999356269836,0.05350000038743019,0.013899999670684338,0.38909998536109924,0.03779999911785126,0.07559999823570251,0.9042999744415283
ENSG00000167863,Mitochondrion,Mitochondrial transit peptide,Peripheral|Soluble,0.13539999723434448,0.048900000751018524,0.025800000876188278,0.12489999830722809,0.9513999819755554,0.007899999618530273,0.02710000053048134,0.0333000011742115,0.031300000846385956,0.03579999879002571,0.8456000089645386,0.13940000534057617,0.07159999758005142,0.5073000192642212
ENSG00000167889,Golgi apparatus,Signal peptide|Transmembrane domain,Transmembrane,0.19259999692440033,0.16189999878406525,0.219200000166893,0.2985000014305115,0.04439999908208847,0.0284000001847744,0.5733000040054321,0.31769999861717224,0.9311000108718872,0.0421999990940094,0.374099999666214,0.8913999795913696,0.3149999976158142,0.23649999499320984
ENSG00000167900,Cytoplasm|Nucleus,Nuclear export signal,Soluble,0.6740999817848206,0.722000002861023,0.02630000002682209,0.1193000003695488,0.41510000824928284,0.01899999938905239,0.12309999763965607,0.09470000118017197,0.11089999973773956,0.11640000343322754,0.21899999678134918,0.05939999967813492,0.49410000443458557,0.9017999768257141
ENSG00000167910,Endoplasmic reticulum,Signal peptide|Transmembrane domain,Peripheral|Transmembrane,0.20669999718666077,0.10970000177621841,0.10239999741315842,0.1973000019788742,0.24609999358654022,0.020099999383091927,0.8837000131607056,0.09430000185966492,0.15489999949932098,0.02889999933540821,0.7799000144004822,0.557200014591217,0.2711000144481659,0.3253999948501587
ENSG00000167969,Mitochondrion,Mitochondrial transit peptide,Peripheral|Soluble,0.19499999284744263,0.1574999988079071,0.06549999862909317,0.10899999737739563,0.8855000138282776,0.0010999999940395355,0.06840000301599503,0.12839999794960022,0.08250000327825546,0.03869999945163727,0.6237000226974487,0.1446000039577484,0.3443000018596649,0.6693000197410583
ENSG00000167972,Cell membrane|Lysosome/Vacuole,Transmembrane domain,Transmembrane,0.21770000457763672,0.09120000153779984,0.02590000070631504,0.5785999894142151,0.17149999737739563,0.017899999395012856,0.49939998984336853,0.6940000057220459,0.4896000027656555,0.053700000047683716,0.15960000455379486,0.9843999743461609,0.11829999834299088,0.09480000287294388
ENSG00000167996,Cytoplasm|Nucleus,,Soluble,0.6431999802589417,0.5059000253677368,0.05050000175833702,0.17260000109672546,0.20059999823570251,0.012400000356137753,0.14890000224113464,0.1388999968767166,0.0357000008225441,0.03869999945163727,0.28029999136924744,0.02280000038444996,0.6931999921798706,0.7903000116348267
ENSG00000168000,Endoplasmic reticulum|Golgi apparatus,Signal peptide|Transmembrane domain,Transmembrane,0.21559999883174896,0.13580000400543213,0.0284000001847744,0.37059998512268066,0.11940000206232071,0.010300000198185444,0.859000027179718,0.2842000126838684,0.7229999899864197,0.01080000028014183,0.23810000717639923,0.9939000010490417,0.2646999955177307,0.05649999901652336
ENSG00000168002,Nucleus,Nuclear export signal,Soluble,0.4503999948501587,0.7164000272750854,0.10580000281333923,0.22679999470710754,0.24220000207424164,0.0044999998062849045,0.1429000049829483,0.08959999680519104,0.0560000017285347,0.05090000107884407,0.3391000032424927,0.050200000405311584,0.1559000015258789,0.8287000060081482
ENSG00000168003,Cell membrane,Signal peptide|Transmembrane domain,Transmembrane,0.19830000400543213,0.10270000249147415,0.11469999700784683,0.7505999803543091,0.04619999974966049,0.00279999990016222,0.3296000063419342,0.4643000066280365,0.5088000297546387,0.0027000000700354576,0.13619999587535858,0.9506999850273132,0.16580000519752502,0.24250000715255737
ENSG00000168032,Cell membrane|Lysosome/Vacuole|Golgi apparatus,Signal peptide|Transmembrane domain,Transmembrane,0.18250000476837158,0.08460000157356262,0.12269999831914902,0.6610000133514404,0.03629999980330467,0.01899999938905239,0.24420000612735748,0.7268000245094299,0.7254999876022339,0.04820000007748604,0.1348000019788742,0.9706000089645386,0.5479000210762024,0.12759999930858612
ENSG00000168065,Cell membrane,,Transmembrane,0.19349999725818634,0.06790000200271606,0.08709999918937683,0.8079000115394592,0.15230000019073486,0.0032999999821186066,0.22380000352859497,0.21889999508857727,0.20759999752044678,0.15860000252723694,0.0917000025510788,0.9635000228881836,0.17550000548362732,0.19290000200271606
ENSG00000168092,Cytoplasm,Nuclear export signal,Soluble,0.7843999862670898,0.436599999666214,0.15919999778270721,0.28130000829696655,0.4027999937534332,0.010400000028312206,0.24379999935626984,0.14270000159740448,0.27379998564720154,0.014399999752640724,0.2700999975204468,0.05510000139474869,0.6924999952316284,0.8860999941825867
ENSG00000168159,Cytoplasm|Nucleus,Nuclear localization signal|Nuclear export signal,Soluble,0.6618000268936157,0.6394000053405762,0.13670000433921814,0.2574999928474426,0.30090001225471497,0.008100000210106373,0.11249999701976776,0.13050000369548798,0.17229999601840973,0.08089999854564667,0.40799999237060547,0.08609999716281891,0.5619000196456909,0.8633000254631042
ENSG00000168237,Mitochondrion,Mitochondrial transit peptide,Soluble,0.28679999709129333,0.22010000050067902,0.09799999743700027,0.14350000023841858,0.8503000140190125,0.000699999975040555,0.06629999727010727,0.11969999969005585,0.10189999639987946,0.007400000002235174,0.5300999879837036,0.16249999403953552,0.29190000891685486,0.8176000118255615
ENSG00000168282,Golgi apparatus,Signal peptide,Transmembrane,0.12189999967813492,0.05820000171661377,0.4498000144958496,0.14470000565052032,0.11680000275373459,0.010599999688565731,0.2093999981880188,0.08900000154972076,0.9154999852180481,0.03420000150799751,0.20559999346733093,0.90829998254776,0.1264999955892563,0.23739999532699585
ENSG00000168291,Mitochondrion,Mitochondrial transit peptide,Soluble,0.12549999356269836,0.16050000488758087,0.023499999195337296,0.14069999754428864,0.8302000164985657,0.0034000000450760126,0.09520000219345093,0.08340000361204147,0.04729999974370003,0.09570000320672989,0.5062999725341797,0.16259999573230743,0.12290000170469284,0.7317000031471252
ENSG00000168306,Peroxisome,Peroxisomal targeting signal,Soluble,0.20409999787807465,0.14139999449253082,0.04309999942779541,0.15809999406337738,0.08100000023841858,0.00419999985024333,0.15760000050067902,0.20170000195503235,0.07580000162124634,0.9941999912261963,0.5223000049591064,0.17090000212192535,0.17350000143051147,0.7594000101089478
ENSG00000168350,Endoplasmic reticulum,Signal peptide|Transmembrane domain,Transmembrane,0.19699999690055847,0.08290000259876251,0.011300000362098217,0.22589999437332153,0.322299987077713,0.007799999788403511,0.934499979019165,0.2320999950170517,0.5615000128746033,0.12290000170469284,0.34380000829696655,0.8730999827384949,0.05700000002980232,0.25
ENSG00000168393,Cytoplasm|Nucleus,Nuclear export signal,Soluble,0.6777999997138977,0.5565999746322632,0.07460000365972519,0.1687999963760376,0.4740999937057495,0.011900000274181366,0.19689999520778656,0.16500000655651093,0.18060000240802765,0.16599999368190765,0.30480000376701355,0.07909999787807465,0.2985999882221222,0.7936999797821045
ENSG00000168411,Cytoplasm|Nucleus,Nuclear localization signal|Nuclear export signal,Soluble,0.5333999991416931,0.8452000021934509,0.023800000548362732,0.07940000295639038,0.1907999962568283,0.0034000000450760126,0.16979999840259552,0.0697999969124794,0.13619999587535858,0.05460000038146973,0.328900009393692,0.08510000258684158,0.19990000128746033,0.8743000030517578
ENSG00000168487,Extracellular,Signal peptide,Soluble,0.18029999732971191,0.12939999997615814,0.6800000071525574,0.42649999260902405,0.11749999970197678,0.0031999999191612005,0.13500000536441803,0.3140000104904175,0.39329999685287476,0.05009999871253967,0.4138000011444092,0.15940000116825104,0.1509000062942505,0.7954000234603882
ENSG00000168495,Nucleus,Nuclear localization signal,Soluble,0.44190001487731934,0.8718000054359436,0.08070000261068344,0.06859999895095825,0.07729999721050262,0.016300000250339508,0.0908999964594841,0.051500000059604645,0.06719999760389328,0.0017000000225380063,0.37290000915527344,0.0544000007212162,0.15289999544620514,0.84170001745224
ENSG00000168522,Cytoplasm|Nucleus,Nuclear export signal,Soluble,0.6043999791145325,0.6625000238418579,0.05829999968409538,0.09440000355243683,0.2980000078678131,0.012600000016391277,0.14139999449253082,0.17870000004768372,0.32199999690055847,0.25619998574256897,0.3736000061035156,0.04230000078678131,0.05299999937415123,0.8960000276565552
ENSG00000168575,Cell membrane,Transmembrane domain,Transmembrane,0.17180000245571136,0.03420000150799751,0.026599999517202377,0.7152000069618225,0.19110000133514404,0.010700000450015068,0.4560000002384186,0.5123000144958496,0.4970000088214874,0.010900000110268593,0.06710000336170197,0.9915000200271606,0.15240000188350677,0.10109999775886536
ENSG00000168653,Mitochondrion,,Peripheral|Soluble,0.3240000009536743,0.0608999989926815,0.17010000348091125,0.23260000348091125,0.8039000034332275,0.014600000344216824,0.27790001034736633,0.2353000044822693,0.24140000343322754,0.046799998730421066,0.7781999707221985,0.16369999945163727,0.01850000023841858,0.5011000037193298
ENSG00000168671,Endoplasmic reticulum,Signal peptide|Transmembrane domain,Transmembrane,0.18019999563694,0.06880000233650208,0.05139999836683273,0.29899999499320984,0.07859999686479568,0.012900000438094139,0.896399974822998,0.4153999984264374,0.42500001192092896,0.057999998331069946,0.4000999927520752,0.9004999995231628,0.23010000586509705,0.18629999458789825
ENSG00000168679,Cell membrane,Transmembrane domain,Transmembrane,0.1378999948501587,0.07400000095367432,0.06620000302791595,0.6958000063896179,0.14309999346733093,0.0038999998942017555,0.2533999979496002,0.4018999934196472,0.5199000239372253,0.07760000228881836,0.13379999995231628,0.9853000044822693,0.2660999894142151,0.11509999632835388
ENSG00000168748,Cytoplasm,Nuclear localization signal,Soluble,0.7885000109672546,0.31119999289512634,0.390500009059906,0.29429998993873596,0.06780000030994415,0.011300000362098217,0.15449999272823334,0.33149999380111694,0.09780000150203705,0.013000000268220901,0.5335999727249146,0.01769999973475933,0.24950000643730164,0.8968999981880188
ENSG00000168765,Cytoplasm,,Soluble,0.8504999876022339,0.20329999923706055,0.2287999987602234,0.34599998593330383,0.25,0.004399999976158142,0.47589999437332153,0.17159999907016754,0.2782000005245209,0.14069999754428864,0.39259999990463257,0.1111999973654747,0.17990000545978546,0.791700005531311
ENSG00000168781,Cytoplasm,Nuclear export signal,Soluble,0.6715999841690063,0.33959999680519104,0.03060000017285347,0.421099990606308,0.1906999945640564,0.00860000029206276,0.2732999920845032,0.2919999957084656,0.29409998655319214,0.01269999984651804,0.5081999897956848,0.10189999639987946,0.1868000030517578,0.8213000297546387
ENSG00000168827,Mitochondrion,Mitochondrial transit peptide,Soluble,0.22630000114440918,0.15219999849796295,0.01360000018030405,0.1014999970793724,0.855400025844574,0.003800000064074993,0.13500000536441803,0.06639999896287918,0.06780000030994415,0.019500000402331352,0.5684000253677368,0.13220000267028809,0.15230000019073486,0.7310000061988831
ENSG00000168906,Cytoplasm|Nucleus,Nuclear export signal,Soluble,0.8307999968528748,0.5200999975204468,0.0348999984562397,0.2727000117301941,0.25060001015663147,0.01940000057220459,0.1120000034570694,0.09430000185966492,0.07819999754428864,0.12240000069141388,0.29829999804496765,0.06239999830722809,0.24819999933242798,0.8435999751091003
ENSG00000168907,Cytoplasm,,Peripheral|Soluble,0.5540000200271606,0.2890999913215637,0.2003999948501587,0.4772000014781952,0.546500027179718,0.05000000074505806,0.5569999814033508,0.3806000053882599,0.34450000524520874,0.0940999984741211,0.8596000075340271,0.29159998893737793,0.43160000443458557,0.544700026512146
ENSG00000168918,Cytoplasm,Nuclear export signal,Peripheral|Soluble,0.6779999732971191,0.3012999892234802,0.1396999955177307,0.4244999885559082,0.10350000113248825,0.012600000016391277,0.24879999458789825,0.5227000117301941,0.3546999990940094,0.01759999990463257,0.6190999746322632,0.04340000078082085,0.3003000020980835,0.8392999768257141
ENSG00000168938,Endoplasmic reticulum,Signal peptide,Soluble,0.0729999989271164,0.07129999995231628,0.4339999854564667,0.1623000055551529,0.08940000087022781,0.0017000000225380063,0.6912000179290771,0.4564000070095062,0.30309998989105225,0.0010000000474974513,0.34470000863075256,0.05389999970793724,0.22349999845027924,0.8356999754905701
ENSG00000169020,Mitochondrion,Transmembrane domain,Transmembrane,0.08910000324249268,0.12630000710487366,0.02759999968111515,0.07360000163316727,0.8845999836921692,0.039500001817941666,0.24279999732971191,0.01080000028014183,0.024299999698996544,0.21089999377727509,0.14740000665187836,0.95169997215271,0.05990000069141388,0.16519999504089355
ENSG00000169021,Mitochondrion,Mitochondrial transit peptide,Transmembrane,0.10480000078678131,0.04899999871850014,0.012199999764561653,0.09889999777078629,0.8711000084877014,0.2483000010251999,0.16179999709129333,0.02590000070631504,0.11129999905824661,0.07370000332593918,0.25360000133514404,0.9348999857902527,0.04479999840259552,0.17309999465942383
ENSG00000169100,Mitochondrion,Transmembrane domain,Transmembrane,0.23090000450611115,0.11819999665021896,0.09000000357627869,0.3930000066757202,0.845300018787384,0.04639999940991402,0.20069999992847443,0.10660000145435333,0.20669999718666077,0.22110000252723694,0.18320000171661377,0.9133999943733215,0.08630000054836273,0.18279999494552612
ENSG00000169105,Golgi apparatus,Signal peptide|Transmembrane domain,Transmembrane,0.18709999322891235,0.08150000125169754,0.5160999894142151,0.2606000006198883,0.14090000092983246,0.023099999874830246,0.40880000591278076,0.325300008058548,0.9006999731063843,0.025499999523162842,0.24580000340938568,0.891700029373169,0.34950000047683716,0.29339998960494995
ENSG00000169154,Cytoplasm,,Soluble,0.503600001335144,0.3156999945640564,0.1469999998807907,0.26589998602867126,0.2329999953508377,0.0026000000070780516,0.16249999403953552,0.12290000170469284,0.28459998965263367,0.09200000017881393,0.32409998774528503,0.0820000022649765,0.4794999957084656,0.8705000281333923
ENSG00000169169,Endoplasmic reticulum,Signal peptide|Transmembrane domain,Transmembrane,0.25130000710487366,0.14399999380111694,0.06549999862909317,0.4406999945640564,0.3995000123977661,0.03139999881386757,0.8044999837875366,0.26409998536109924,0.5257999897003174,0.10239999741315842,0.2648000121116638,0.9896000027656555,0.2946000099182129,0.08240000158548355
ENSG00000169180,Cytoplasm|Nucleus,Nuclear export signal,Soluble,0.6241999864578247,0.5094000101089478,0.040800001472234726,0.2680000066757202,0.06019999831914902,0.009800000116229057,0.2687000036239624,0.4528999924659729,0.46129998564720154,0.09279999881982803,0.4747999906539917,0.24060000479221344,0.2980000078678131,0.7235999703407288
ENSG00000169239,Mitochondrion,Mitochondrial transit peptide,Soluble,0.3431999981403351,0.1177000030875206,0.2822999954223633,0.12240000069141388,0.7989000082015991,0.008999999612569809,0.08179999887943268,0.09449999779462814,0.15219999849796295,0.02590000070631504,0.5913000106811523,0.028999999165534973,0.39399999380111694,0.8317999839782715
ENSG00000169255,Golgi apparatus,Signal peptide|Transmembrane domain,Transmembrane,0.18119999766349792,0.11469999700784683,0.3614000082015991,0.1437000036239624,0.048700001090765,0.0008999999845400453,0.3930000066757202,0.3801000118255615,0.9262999892234802,0.010400000028312206,0.40860000252723694,0.7825999855995178,0.1534000039100647,0.36079999804496765
ENSG00000169299,Cytoplasm,Nuclear localization signal|Nuclear export signal,Soluble,0.8536999821662903,0.2750000059604645,0.12839999794960022,0.3772999942302704,0.33500000834465027,0.010099999606609344,0.36390000581741333,0.21199999749660492,0.24140000343322754,0.015799999237060547,0.3862999975681305,0.07980000227689743,0.43950000405311584,0.8413000106811523
ENSG00000169359,Endoplasmic reticulum,Transmembrane domain,Transmembrane,0.12919999659061432,0.17790000140666962,0.0340999998152256,0.4731999933719635,0.18870000541210175,0.004900000058114529,0.5831000208854675,0.3140999972820282,0.36719998717308044,0.08579999953508377,0.0982000008225441,0.9861999750137329,0.04500000178813934,0.10409999638795853
ENSG00000169418,Cell membrane|Lysosome/Vacuole,Signal peptide|Transmembrane domain,Transmembrane,0.23919999599456787,0.06870000064373016,0.09549999982118607,0.7935000061988831,0.07729999721050262,0.006200000178068876,0.36649999022483826,0.6603000164031982,0.3384999930858612,0.04019999876618385,0.10080000013113022,0.929099977016449,0.3847000002861023,0.13259999454021454
ENSG00000169660,Cytoplasm,Nuclear export signal,Soluble,0.6467999815940857,0.4178999960422516,0.2874999940395355,0.19030000269412994,0.39250001311302185,0.0035000001080334187,0.2433999925851822,0.31439998745918274,0.35850000381469727,0.06989999860525131,0.5271000266075134,0.11110000312328339,0.445499986410141,0.8242999911308289
ENSG00000169692,Endoplasmic reticulum,Signal peptide|Transmembrane domain,Transmembrane,0.16169999539852142,0.1306000053882599,0.0502999983727932,0.3370000123977661,0.17730000615119934,0.00800000037997961,0.8073999881744385,0.16830000281333923,0.31290000677108765,0.022099999710917473,0.461899995803833,0.7993000149726868,0.4104999899864197,0.33809998631477356
ENSG00000169710,Cytoplasm,Nuclear export signal,Soluble,0.8156999945640564,0.13950000703334808,0.04839999973773956,0.2678000032901764,0.2418999969959259,0.04749999940395355,0.23170000314712524,0.35740000009536743,0.2856000065803528,0.13449999690055847,0.5601000189781189,0.20649999380111694,0.15870000422000885,0.7103999853134155
ENSG00000169738,Cytoplasm,,Peripheral|Soluble,0.5806999802589417,0.2897000014781952,0.22660000622272491,0.18240000307559967,0.40720000863075256,0.2312999963760376,0.11599999666213989,0.2328999936580658,0.14790000021457672,0.12479999661445618,0.6021000146865845,0.12600000202655792,0.37209999561309814,0.5819000005722046
ENSG00000169764,Cytoplasm,Nuclear localization signal|Nuclear export signal,Soluble,0.739300012588501,0.35420000553131104,0.18880000710487366,0.435699999332428,0.21889999508857727,0.04259999841451645,0.2727000117301941,0.3562999963760376,0.34940001368522644,0.05490000173449516,0.45989999175071716,0.03590000048279762,0.38119998574256897,0.8428000211715698
ENSG00000169814,Extracellular,Signal peptide,Soluble,0.20020000636577606,0.10530000180006027,0.7419000267982483,0.2506999969482422,0.10909999907016754,0.004900000058114529,0.4668000042438507,0.5295000076293945,0.43689998984336853,0.004999999888241291,0.3375999927520752,0.16169999539852142,0.24879999458789825,0.8366000056266785
ENSG00000169826,Golgi apparatus,Signal peptide|Transmembrane domain,Transmembrane,0.14069999754428864,0.2011999934911728,0.10570000112056732,0.2395000010728836,0.04089999943971634,0.0017999999690800905,0.5615000128746033,0.22910000383853912,0.9192000031471252,0.05000000074505806,0.24709999561309814,0.8873999714851379,0.2257000058889389,0.2554999887943268
ENSG00000169902,Golgi apparatus,Signal peptide|Transmembrane domain,Transmembrane,0.13369999825954437,0.06310000270605087,0.2012999951839447,0.15469999611377716,0.12330000102519989,0.003800000064074993,0.4408999979496002,0.14229999482631683,0.8980000019073486,0.0215000007301569,0.1599999964237213,0.90420001745224,0.11330000311136246,0.3116999864578247
ENSG00000169919,Extracellular|Lysosome/Vacuole,Signal peptide,Soluble,0.31279999017715454,0.09969999641180038,0.6269999742507935,0.3264000117778778,0.16899999976158142,0.00039999998989515007,0.48840001225471497,0.6801000237464905,0.46219998598098755,0.009800000116229057,0.38769999146461487,0.23999999463558197,0.1704999953508377,0.8065000176429749
ENSG00000170035,Cytoplasm|Nucleus,Nuclear localization signal|Nuclear export signal,Soluble,0.6449999809265137,0.5810999870300293,0.04100000113248825,0.27250000834465027,0.07800000160932541,0.007699999958276749,0.1776999980211258,0.11460000276565552,0.3061999976634979,0.021400000900030136,0.4772000014781952,0.03709999844431877,0.39559999108314514,0.8112000226974487
ENSG00000170142,Cytoplasm|Nucleus,Nuclear localization signal,Soluble,0.633899986743927,0.5404999852180481,0.04610000178217888,0.2249000072479248,0.07199999690055847,0.011900000274181366,0.20800000429153442,0.131400004029274,0.3495999872684479,0.018400000408291817,0.49399998784065247,0.03519999980926514,0.3732999861240387,0.7935000061988831
ENSG00000170185,Cytoplasm|Nucleus,Nuclear export signal,Soluble,0.597100019454956,0.5968999862670898,0.019099999219179153,0.10689999908208847,0.26109999418258667,0.005900000222027302,0.33799999952316284,0.22450000047683716,0.21819999814033508,0.20550000667572021,0.5156000256538391,0.11089999973773956,0.0949999988079071,0.8407999873161316
ENSG00000170190,Cell membrane,Signal peptide|Transmembrane domain,Transmembrane,0.14270000159740448,0.07249999791383743,0.10130000114440918,0.741599977016449,0.19910000264644623,0.004100000020116568,0.3287999927997589,0.48179998993873596,0.5170999765396118,0.14169999957084656,0.1348000019788742,0.9835000038146973,0.35569998621940613,0.12600000202655792
ENSG00000170191,Cytoplasm,,Soluble,0.644599974155426,0.4163999855518341,0.04580000042915344,0.19349999725818634,0.5727999806404114,0.0034000000450760126,0.11559999734163284,0.05820000171661377,0.08940000087022781,0.09709999710321426,0.4715000092983246,0.1835000067949295,0.40939998626708984,0.7401999831199646
ENSG00000170222,Cytoplasm|Nucleus,,Soluble,0.7587000131607056,0.5278000235557556,0.02630000002682209,0.18310000002384186,0.17910000681877136,0.031700000166893005,0.1363999992609024,0.19249999523162842,0.11190000176429749,0.11720000207424164,0.39590001106262207,0.12120000272989273,0.1517000049352646,0.8206999897956848
ENSG00000170231,Cytoplasm,Nuclear localization signal,Soluble,0.803600013256073,0.28049999475479126,0.5353000164031982,0.358599990606308,0.4212000072002411,0.13220000267028809,0.17579999566078186,0.05730000138282776,0.1834000051021576,0.06270000338554382,0.25049999356269836,0.04149999842047691,0.10409999638795853,0.8888000249862671
ENSG00000170242,Cytoplasm|Nucleus,Nuclear export signal,Soluble,0.63919997215271,0.5185999870300293,0.01889999955892563,0.1873999983072281,0.16300000250339508,0.007199999876320362,0.20430000126361847,0.34119999408721924,0.2371000051498413,0.042899999767541885,0.4413999915122986,0.057999998331069946,0.1599999964237213,0.8729000091552734
ENSG00000170266,Lysosome/Vacuole,Signal peptide,Soluble,0.23919999599456787,0.06560000032186508,0.555400013923645,0.37059998512268066,0.08860000222921371,0.004100000020116568,0.6026999950408936,0.7856000065803528,0.4948999881744385,0.02800000086426735,0.3912999927997589,0.29170000553131104,0.13660000264644623,0.6959999799728394
ENSG00000170271,Endoplasmic reticulum,Transmembrane domain,Transmembrane,0.11479999870061874,0.10019999742507935,0.013399999588727951,0.17339999973773956,0.16850000619888306,0.018200000748038292,0.9355000257492065,0.13729999959468842,0.48240000009536743,0.12780000269412994,0.11089999973773956,0.9957000017166138,0.07509999722242355,0.07779999822378159
ENSG00000170323,Cytoplasm,Nuclear export signal,Soluble,0.8526999950408936,0.33239999413490295,0.6104000210762024,0.3928999900817871,0.6075000166893005,0.125,0.18170000612735748,0.08810000121593475,0.36010000109672546,0.09489999711513519,0.3400000035762787,0.05689999833703041,0.11789999902248383,0.8199999928474426
ENSG00000170340,Golgi apparatus,Signal peptide,Transmembrane,0.18289999663829803,0.07119999825954437,0.4399999976158142,0.18019999563694,0.1145000010728836,0.003599999938160181,0.2451999932527542,0.15639999508857727,0.9413999915122986,0.023099999874830246,0.11400000005960464,0.9514999985694885,0.12720000743865967,0.23430000245571136
ENSG00000170364,Nucleus,Nuclear localization signal,Soluble,0.43369999527931213,0.6657999753952026,0.08299999684095383,0.1656000018119812,0.1378999948501587,0.10029999911785126,0.12300000339746475,0.04800000041723251,0.0794999971985817,0.022299999371170998,0.33500000834465027,0.10050000250339508,0.05389999970793724,0.845300018787384
ENSG00000170385,Cell membrane|Golgi apparatus,Signal peptide|Transmembrane domain,Transmembrane,0.11900000274181366,0.2287999987602234,0.014600000344216824,0.6567000150680542,0.1177000030875206,0.0038999998942017555,0.392300009727478,0.5428000092506409,0.7599999904632568,0.0794999971985817,0.053199999034404755,0.9692000150680542,0.2687000036239624,0.2045000046491623
ENSG00000170426,Endoplasmic reticulum,,Peripheral|Transmembrane,0.2678999900817871,0.13050000369548798,0.032099999487400055,0.3034000098705292,0.35510000586509705,0.0348999984562397,0.7524999976158142,0.17919999361038208,0.11680000275373459,0.0430000014603138,0.6098999977111816,0.879800021648407,0.5601000189781189,0.1340000033378601
ENSG00000170430,Cytoplasm|Nucleus|Mitochondrion,,Soluble,0.6741999983787537,0.5449000000953674,0.11580000072717667,0.06019999831914902,0.63919997215271,0.002899999963119626,0.16019999980926514,0.07970000058412552,0.06719999760389328,0.03869999945163727,0.22290000319480896,0.10249999910593033,0.31700000166893005,0.8759999871253967
ENSG00000170445,Cytoplasm|Nucleus,Nuclear localization signal|Nuclear export signal,Soluble,0.758899986743927,0.5314000248908997,0.06019999831914902,0.11479999870061874,0.33480000495910645,0.00930000003427267,0.28790000081062317,0.10279999673366547,0.17949999868869781,0.07029999792575836,0.5005000233650208,0.04910000041127205,0.29750001430511475,0.8604000210762024
ENSG00000170482,Cell membrane,Transmembrane domain,Transmembrane,0.11980000138282776,0.06350000202655792,0.0406000018119812,0.847100019454956,0.16089999675750732,0.008899999782443047,0.3878999948501587,0.40560001134872437,0.4074000120162964,0.04179999977350235,0.06930000334978104,0.9921000003814697,0.2101999968290329,0.08309999853372574
ENSG00000170502,Mitochondrion,Mitochondrial transit peptide,Soluble,0.36820000410079956,0.14100000262260437,0.2597000002861023,0.1071000024676323,0.7864999771118164,0.3163999915122986,0.10010000318288803,0.13510000705718994,0.45730000734329224,0.2709999978542328,0.3790999948978424,0.11649999767541885,0.2759999930858612,0.7562000155448914
ENSG00000170516,Mitochondrion,Mitochondrial transit peptide,Transmembrane,0.06970000267028809,0.04580000042915344,0.06549999862909317,0.07999999821186066,0.9225999712944031,0.0044999998062849045,0.0340999998152256,0.023600000888109207,0.06069999933242798,0.00559999980032444,0.22040000557899475,0.9789999723434448,0.02879999950528145,0.09229999780654907
ENSG00000170522,Endoplasmic reticulum,Transmembrane domain,Transmembrane,0.0608999989926815,0.049400001764297485,0.00559999980032444,0.3116999864578247,0.2856000065803528,0.017100000753998756,0.9214000105857849,0.1624000072479248,0.3391999900341034,0.04490000009536743,0.07779999822378159,0.9858999848365784,0.05460000038146973,0.08229999989271164
ENSG00000170525,Cytoplasm,Nuclear export signal,Soluble,0.7008000016212463,0.4837000072002411,0.038100000470876694,0.24500000476837158,0.273499995470047,0.013500000350177288,0.21580000221729279,0.12479999661445618,0.20020000636577606,0.0794999971985817,0.5081999897956848,0.0406000018119812,0.3783999979496002,0.8779000043869019
ENSG00000170634,Cytoplasm,Peroxisomal targeting signal,Soluble,0.6373999714851379,0.3386000096797943,0.21469999849796295,0.09510000050067902,0.38260000944137573,0.35839998722076416,0.15850000083446503,0.23260000348091125,0.07620000094175339,0.21150000393390656,0.48969998955726624,0.07440000027418137,0.07729999721050262,0.5198000073432922
ENSG00000170734,Nucleus,,Soluble,0.3402999937534332,0.8248000144958496,0.017100000753998756,0.05169999971985817,0.2759000062942505,0.0035000001080334187,0.04919999837875366,0.07249999791383743,0.11900000274181366,0.02329999953508377,0.1738000065088272,0.09200000017881393,0.41350001096725464,0.8666999936103821
ENSG00000170786,Endoplasmic reticulum,Peroxisomal targeting signal,Peripheral|Transmembrane,0.4104999899864197,0.1404000073671341,0.0430000014603138,0.18279999494552612,0.3393999934196472,0.026200000196695328,0.782800018787384,0.20659999549388885,0.20880000293254852,0.27880001068115234,0.6988999843597412,0.6848000288009644,0.6309999823570251,0.18209999799728394
ENSG00000170832,Cytoplasm,Nuclear export signal,Peripheral|Soluble,0.6101999878883362,0.382099986076355,0.03929999843239784,0.3418999910354614,0.16990000009536743,0.026200000196695328,0.44130000472068787,0.5149999856948853,0.48890000581741333,0.03519999980926514,0.6586999893188477,0.10440000146627426,0.37130001187324524,0.7135999798774719
ENSG00000170835,Extracellular,Signal peptide,Soluble,0.1826000064611435,0.0502999983727932,0.8621000051498413,0.27810001373291016,0.08150000125169754,0.004699999932199717,0.2248000055551529,0.3662000000476837,0.1014999970793724,0.005900000222027302,0.45179998874664307,0.2282000035047531,0.5587000250816345,0.689300000667572
ENSG00000170881,Endoplasmic reticulum,Signal peptide|Transmembrane domain,Transmembrane,0.15639999508857727,0.2370000034570694,0.01720000058412552,0.32339999079704285,0.3041999936103821,0.04780000075697899,0.8664000034332275,0.4251999855041504,0.6123999953269958,0.11299999803304672,0.10819999873638153,0.9968000054359436,0.05790000036358833,0.06620000302791595
ENSG00000170890,Extracellular,Signal peptide,Soluble,0.15790000557899475,0.07829999923706055,0.9509000182151794,0.1274999976158142,0.08669999986886978,0.0019000000320374966,0.11509999632835388,0.28139999508857727,0.051899999380111694,0.000699999975040555,0.2046000063419342,0.041600000113248825,0.057500001043081284,0.8748999834060669
ENSG00000170899,Cytoplasm,,Soluble,0.7753999829292297,0.18410000205039978,0.2176000028848648,0.3237999975681305,0.2574000060558319,0.023499999195337296,0.3666999936103821,0.15479999780654907,0.288100004196167,0.17739999294281006,0.400299996137619,0.16120000183582306,0.1543000042438507,0.7483999729156494
ENSG00000170906,Mitochondrion,Transmembrane domain|Mitochondrial transit peptide,Transmembrane,0.12060000002384186,0.04919999837875366,0.0340999998152256,0.0892999991774559,0.957099974155426,0.08449999988079071,0.12359999865293503,0.04170000180602074,0.062300000339746475,0.11760000139474869,0.3330000042915344,0.9886000156402588,0.04270000010728836,0.04969999939203262
ENSG00000170950,Cytoplasm,Nuclear export signal,Soluble,0.8507999777793884,0.44999998807907104,0.07010000199079514,0.18690000474452972,0.3474999964237213,0.043299999088048935,0.12700000405311584,0.11219999939203262,0.251800000667572,0.32249999046325684,0.516700029373169,0.06350000202655792,0.22499999403953552,0.7319999933242798
ENSG00000170961,Endoplasmic reticulum|Lysosome/Vacuole|Golgi apparatus,Signal peptide|Transmembrane domain,Transmembrane,0.15719999372959137,0.07649999856948853,0.0917000025510788,0.47029998898506165,0.16130000352859497,0.07150000333786011,0.7523000240325928,0.7001000046730042,0.7724000215530396,0.02969999983906746,0.09510000050067902,0.9908999800682068,0.14470000565052032,0.08330000191926956
ENSG00000171004,Golgi apparatus,Signal peptide|Transmembrane domain,Transmembrane,0.2004999965429306,0.13689999282360077,0.21490000188350677,0.2939000129699707,0.1143999993801117,0.010200000368058681,0.30329999327659607,0.2879999876022339,0.921999990940094,0.05270000174641609,0.2125999927520752,0.9520999789237976,0.4332999885082245,0.18369999527931213
ENSG00000171097,Cytoplasm,Nuclear export signal,Soluble,0.7825999855995178,0.3598000109195709,0.034299999475479126,0.1785999983549118,0.15790000557899475,0.0284000001847744,0.11909999698400497,0.2939999997615814,0.2639000117778778,0.07880000025033951,0.31839999556541443,0.2612000107765198,0.18479999899864197,0.772599995136261
ENSG00000171100,Cytoplasm,Nuclear export signal,Peripheral|Soluble,0.6484000086784363,0.24050000309944153,0.04650000110268593,0.3084999918937683,0.15449999272823334,0.007000000216066837,0.18809999525547028,0.5597000122070312,0.3815000057220459,0.022600000724196434,0.6194999814033508,0.056299999356269836,0.1509999930858612,0.8187999725341797
ENSG00000171124,Golgi apparatus,Signal peptide|Transmembrane domain,Transmembrane,0.15379999577999115,0.08179999887943268,0.4702000021934509,0.24770000576972961,0.06390000134706497,0.007699999958276749,0.45809999108314514,0.19519999623298645,0.7797999978065491,0.03799999877810478,0.30570000410079956,0.7735000252723694,0.10209999978542328,0.38029998540878296
ENSG00000171155,Extracellular|Golgi apparatus,Signal peptide,Soluble,0.14499999582767487,0.13349999487400055,0.6265000104904175,0.07400000095367432,0.08150000125169754,0.019700000062584877,0.43810001015663147,0.31859999895095825,0.8956000208854675,0.008299999870359898,0.2143000066280365,0.46889999508857727,0.04969999939203262,0.5493999719619751
ENSG00000171174,Cytoplasm,Nuclear export signal,Soluble,0.8517000079154968,0.48399999737739563,0.1421000063419342,0.163100004196167,0.28119999170303345,0.00860000029206276,0.20990000665187836,0.27570000290870667,0.3540000021457672,0.15289999544620514,0.44999998807907104,0.09109999984502792,0.289900004863739,0.8126000165939331
ENSG00000171234,Endoplasmic reticulum,Signal peptide|Transmembrane domain,Transmembrane,0.1657000035047531,0.05290000140666962,0.06750000268220901,0.3986999988555908,0.05000000074505806,0.011699999682605267,0.8422999978065491,0.3409999907016754,0.3686999976634979,0.04320000112056732,0.19329999387264252,0.9348000288009644,0.3646000027656555,0.1753000020980835
ENSG00000171298,Cell membrane|Lysosome/Vacuole,Signal peptide|Transmembrane domain,Transmembrane,0.19189999997615814,0.09610000252723694,0.4821999967098236,0.5812000036239624,0.07039999961853027,0.014399999752640724,0.3952000141143799,0.6169000267982483,0.6326000094413757,0.06909999996423721,0.3483000099658966,0.9142000079154968,0.19210000336170197,0.2287999987602234
ENSG00000171302,Endoplasmic reticulum|Golgi apparatus,Signal peptide|Transmembrane domain,Transmembrane,0.12039999663829803,0.15199999511241913,0.21549999713897705,0.125900000333786,0.12229999899864197,0.013799999840557575,0.7603999972343445,0.3481999933719635,0.7750999927520752,0.02419999986886978,0.14409999549388885,0.9259999990463257,0.1526000052690506,0.2298000007867813
ENSG00000171310,Golgi apparatus,Signal peptide|Transmembrane domain,Transmembrane,0.13850000500679016,0.08290000259876251,0.44179999828338623,0.2669999897480011,0.13009999692440033,0.007699999958276749,0.32899999618530273,0.26460000872612,0.9179999828338623,0.011099999770522118,0.1858000010251999,0.9419000148773193,0.1889999955892563,0.2214999943971634
ENSG00000171314,Cytoplasm|Mitochondrion,Nuclear localization signal,Soluble,0.8583999872207642,0.32409998774528503,0.08340000361204147,0.1882999986410141,0.6875,0.04349999874830246,0.18690000474452972,0.06239999830722809,0.16060000658035278,0.05420000106096268,0.45190000534057617,0.06129999831318855,0.20090000331401825,0.7311999797821045
ENSG00000171320,Nucleus,Nuclear localization signal,Soluble,0.2386000007390976,0.9083999991416931,0.03240000084042549,0.06120000034570694,0.15559999644756317,0.022099999710917473,0.07850000262260437,0.08229999989271164,0.04270000010728836,0.03150000050663948,0.21610000729560852,0.1225999966263771,0.0835999995470047,0.9050999879837036
ENSG00000171408,Cytoplasm,Nuclear export signal,Soluble,0.6108999848365784,0.44670000672340393,0.01679999940097332,0.436599999666214,0.24609999358654022,0.008200000040233135,0.27810001373291016,0.24199999868869781,0.3386000096797943,0.02419999986886978,0.551800012588501,0.08799999952316284,0.5127000212669373,0.7677000164985657
ENSG00000171428,Cytoplasm,Nuclear export signal,Soluble,0.8159000277519226,0.3239000141620636,0.07970000058412552,0.09009999781847,0.33160001039505005,0.018300000578165054,0.12399999797344208,0.08649999648332596,0.10939999669790268,0.07190000265836716,0.47380000352859497,0.14149999618530273,0.07209999859333038,0.8420000076293945
ENSG00000171453,Nucleus,Nuclear localization signal|Nuclear export signal,Soluble,0.4171999990940094,0.8646000027656555,0.03319999948143959,0.2101999968290329,0.23729999363422394,0.03420000150799751,0.10679999738931656,0.13670000433921814,0.04479999840259552,0.006099999882280827,0.5347999930381775,0.039799999445676804,0.1339000016450882,0.8076000213623047
ENSG00000171497,Cytoplasm|Nucleus,Nuclear localization signal,Soluble,0.7828999757766724,0.5174999833106995,0.07180000096559525,0.07890000194311142,0.34769999980926514,0.032099999487400055,0.22830000519752502,0.1054999977350235,0.10409999638795853,0.02370000071823597,0.20890000462532043,0.06889999657869339,0.1462000012397766,0.8051000237464905
ENSG00000171503,Mitochondrion,Mitochondrial transit peptide,Peripheral,0.19040000438690186,0.09350000321865082,0.05900000035762787,0.1160999983549118,0.932699978351593,0.006500000134110451,0.19779999554157257,0.042399998754262924,0.16030000150203705,0.022299999371170998,0.8274000287055969,0.24819999933242798,0.10450000315904617,0.44940000772476196
ENSG00000171560,Extracellular,Signal peptide,Soluble,0.20909999310970306,0.07620000094175339,0.9430000185966492,0.24210000038146973,0.12929999828338623,0.013899999670684338,0.30140000581741333,0.2896000146865845,0.21289999783039093,0.0026000000070780516,0.3650999963283539,0.05950000137090683,0.12870000302791595,0.8934000134468079
ENSG00000171608,Cytoplasm|Lysosome/Vacuole,Nuclear export signal,Peripheral|Soluble,0.6579999923706055,0.29179999232292175,0.05649999901652336,0.374099999666214,0.15940000116825104,0.016899999231100082,0.35920000076293945,0.7056999802589417,0.44830000400543213,0.019500000402331352,0.7588000297546387,0.03350000083446503,0.2924000024795532,0.8173999786376953
ENSG00000171723,Cytoplasm,Nuclear export signal,Soluble,0.7067999839782715,0.32030001282691956,0.038600001484155655,0.43149998784065247,0.21490000188350677,0.006500000134110451,0.2572999894618988,0.21580000221729279,0.30469998717308044,0.14990000426769257,0.4771000146865845,0.1216999962925911,0.7203999757766724,0.7680000066757202
ENSG00000171759,Cytoplasm,Nuclear export signal,Soluble,0.7113000154495239,0.3483999967575073,0.05939999967813492,0.31679999828338623,0.18289999663829803,0.0210999995470047,0.17980000376701355,0.13369999825954437,0.2029999941587448,0.0364999994635582,0.5152999758720398,0.065700002014637,0.1809999942779541,0.8450999855995178
ENSG00000171766,Mitochondrion,Mitochondrial transit peptide,Soluble,0.3021000027656555,0.13830000162124634,0.07959999889135361,0.12300000339746475,0.9248999953269958,0.03220000118017197,0.06369999796152115,0.15060000121593475,0.18019999563694,0.0674000009894371,0.5932999849319458,0.12049999833106995,0.24500000476837158,0.7781000137329102
ENSG00000171793,Cytoplasm,Nuclear localization signal|Nuclear export signal,Soluble,0.8259000182151794,0.3237999975681305,0.05869999900460243,0.15449999272823334,0.23720000684261322,0.0142000000923872,0.24420000612735748,0.2011999934911728,0.2775999903678894,0.046300001442432404,0.43149998784065247,0.09799999743700027,0.26429998874664307,0.7967000007629395
ENSG00000171848,Cytoplasm,,Soluble,0.6248999834060669,0.3889999985694885,0.035599999129772186,0.17560000717639923,0.19939999282360077,0.22540000081062317,0.0729999989271164,0.18569999933242798,0.09239999949932098,0.301800012588501,0.49900001287460327,0.05869999900460243,0.3490000069141388,0.766700029373169
ENSG00000171862,Cytoplasm|Cell membrane,,Soluble,0.666100025177002,0.21410000324249268,0.15620000660419464,0.6252999901771545,0.37459999322891235,0.0052999998442828655,0.29739999771118164,0.524399995803833,0.38580000400543213,0.012500000186264515,0.5457000136375427,0.08869999647140503,0.6909000277519226,0.7315999865531921
ENSG00000171885,Cell membrane,Transmembrane domain,Transmembrane,0.29910001158714294,0.06970000267028809,0.10840000212192535,0.7663000226020813,0.16110000014305115,0.0142000000923872,0.3066999912261963,0.36660000681877136,0.38690000772476196,0.07349999994039536,0.05000000074505806,0.9692999720573425,0.41600000858306885,0.17069999873638153
ENSG00000171903,Endoplasmic reticulum,Signal peptide|Transmembrane domain,Peripheral|Transmembrane,0.1597999930381775,0.07909999787807465,0.09080000221729279,0.21400000154972076,0.2387000024318695,0.00570000009611249,0.8676999807357788,0.20909999310970306,0.11339999735355377,0.030400000512599945,0.7814000248908997,0.6953999996185303,0.33329999446868896,0.25940001010894775
ENSG00000171954,Endoplasmic reticulum,Signal peptide|Transmembrane domain,Peripheral|Transmembrane,0.1728000044822693,0.08299999684095383,0.09860000014305115,0.16779999434947968,0.0843999981880188,0.015799999237060547,0.8600000143051147,0.21780000627040863,0.13930000364780426,0.09889999777078629,0.6844000220298767,0.8331999778747559,0.2540000081062317,0.22300000488758087
ENSG00000171960,Cytoplasm,,Soluble,0.6761999726295471,0.4404999911785126,0.24120000004768372,0.3418000042438507,0.2567000091075897,0.020500000566244125,0.2298000007867813,0.1354999989271164,0.04610000178217888,0.20229999721050262,0.33719998598098755,0.041200000792741776,0.19509999454021454,0.8402000069618225
ENSG00000171989,Cytoplasm|Mitochondrion,Mitochondrial transit peptide,Soluble,0.5450999736785889,0.19449999928474426,0.044199999421834946,0.1573999971151352,0.7095999717712402,0.020500000566244125,0.1907999962568283,0.07339999824762344,0.22920000553131104,0.13539999723434448,0.421099990606308,0.16459999978542328,0.5476999878883362,0.7583000063896179
ENSG00000172009,Cytoplasm,,Soluble,0.7770000100135803,0.4474000036716461,0.1542000025510788,0.25850000977516174,0.484499990940094,0.003000000026077032,0.20880000293254852,0.2775999903678894,0.1655000001192093,0.09189999848604202,0.5737000107765198,0.09870000183582306,0.44029998779296875,0.814300000667572
ENSG00000172046,Endoplasmic reticulum,Signal peptide,Transmembrane|Soluble,0.4043000042438507,0.37299999594688416,0.07010000199079514,0.24709999561309814,0.2500999867916107,0.049300000071525574,0.7512000203132629,0.4327999949455261,0.6055999994277954,0.20389999449253082,0.2989000082015991,0.6280999779701233,0.2603999972343445,0.5116999745368958
ENSG00000172053,Cytoplasm,Nuclear export signal,Soluble,0.7937999963760376,0.4049000144004822,0.016699999570846558,0.19930000603199005,0.2152000069618225,0.01140000019222498,0.16060000658035278,0.1565999984741211,0.21930000185966492,0.11219999939203262,0.2013999968767166,0.1071000024676323,0.09369999915361404,0.8838000297546387
ENSG00000172113,Mitochondrion,Mitochondrial transit peptide,Soluble,0.25940001010894775,0.09839999675750732,0.023600000888109207,0.08460000157356262,0.8784000277519226,0.006500000134110451,0.020500000566244125,0.05299999937415123,0.017899999395012856,0.09690000116825104,0.5751000046730042,0.08730000257492065,0.6290000081062317,0.7515000104904175
ENSG00000172197,Endoplasmic reticulum,Signal peptide|Transmembrane domain,Transmembrane,0.1152999997138977,0.05249999836087227,0.02419999986886978,0.32010000944137573,0.17229999601840973,0.041200000792741776,0.9004999995231628,0.09570000320672989,0.22939999401569366,0.022600000724196434,0.1412000060081482,0.9915000200271606,0.08460000157356262,0.08079999685287476
ENSG00000172236,Extracellular,Signal peptide,Soluble,0.14550000429153442,0.09290000051259995,0.8784999847412109,0.19339999556541443,0.05420000106096268,0.0003000000142492354,0.10610000044107437,0.3359000086784363,0.09960000216960907,0.0013000000035390258,0.33559998869895935,0.057500001043081284,0.1500999927520752,0.8977000117301941
ENSG00000172264,Cytoplasm|Nucleus,Nuclear localization signal|Nuclear export signal,Soluble,0.6754999756813049,0.652400016784668,0.1265999972820282,0.16439999639987946,0.24379999935626984,0.008100000210106373,0.12309999763965607,0.05009999871253967,0.11909999698400497,0.02710000053048134,0.27570000290870667,0.022199999541044235,0.375900000333786,0.9276000261306763
ENSG00000172269,Endoplasmic reticulum,Signal peptide|Transmembrane domain,Transmembrane,0.062199998646974564,0.10050000250339508,0.033900000154972076,0.39100000262260437,0.12600000202655792,0.02290000021457672,0.8752999901771545,0.2892000079154968,0.531499981880188,0.010499999858438969,0.10050000250339508,0.989799976348877,0.10499999672174454,0.09059999883174896
ENSG00000172288,Nucleus,Nuclear localization signal,Soluble,0.2711000144481659,0.8531000018119812,0.04129999876022339,0.09549999982118607,0.07119999825954437,0.05849999934434891,0.05290000140666962,0.01899999938905239,0.028699999675154686,0.09059999883174896,0.3652999997138977,0.054099999368190765,0.3353999853134155,0.8654000163078308
ENSG00000172292,Endoplasmic reticulum,Signal peptide|Transmembrane domain,Transmembrane,0.06960000097751617,0.08399999886751175,0.009999999776482582,0.3497999906539917,0.1923999935388565,0.013500000350177288,0.7851999998092651,0.40049999952316284,0.6291000247001648,0.09380000084638596,0.11509999632835388,0.9925000071525574,0.055399999022483826,0.08659999817609787
ENSG00000172296,Endoplasmic reticulum,,Transmembrane,0.4189000129699707,0.09080000221729279,0.03739999979734421,0.2759000062942505,0.24070000648498535,0.033799998462200165,0.6747000217437744,0.28380000591278076,0.3490000069141388,0.23190000653266907,0.3264999985694885,0.8169000148773193,0.5817999839782715,0.3822000026702881
ENSG00000172318,Golgi apparatus,Signal peptide,Transmembrane,0.1185000017285347,0.07530000060796738,0.6100000143051147,0.1599999964237213,0.0989999994635582,0.0052999998442828655,0.186599999666214,0.2858000099658966,0.8353000283241272,0.010700000450015068,0.29319998621940613,0.8616999983787537,0.13779999315738678,0.2992999851703644
ENSG00000172331,Cytoplasm|Mitochondrion,Nuclear localization signal,Soluble,0.8341000080108643,0.4562999904155731,0.04500000178813934,0.12430000305175781,0.6504999995231628,0.007000000216066837,0.20890000462532043,0.03269999846816063,0.07620000094175339,0.07020000368356705,0.3513999879360199,0.07450000196695328,0.16259999573230743,0.8148000240325928
ENSG00000172339,Endoplasmic reticulum,Signal peptide|Transmembrane domain,Transmembrane,0.21809999644756317,0.13130000233650208,0.0625,0.2881999909877777,0.22259999811649323,0.03500000014901161,0.9059000015258789,0.227400004863739,0.2492000013589859,0.03460000082850456,0.5365999937057495,0.9559999704360962,0.28529998660087585,0.10869999974966049
ENSG00000172340,Mitochondrion,Mitochondrial transit peptide,Soluble,0.1678999960422516,0.10540000349283218,0.024700000882148743,0.2126999944448471,0.8924000263214111,0.00279999990016222,0.1039000004529953,0.05719999969005585,0.0997999981045723,0.02879999950528145,0.5916000008583069,0.06849999725818634,0.14079999923706055,0.8136000037193298
ENSG00000172345,Cytoplasm,Nuclear export signal,Soluble,0.6184999942779541,0.3946000039577484,0.08619999885559082,0.4302999973297119,0.4424000084400177,0.05530000105500221,0.21050000190734863,0.2581999897956848,0.2207999974489212,0.11940000206232071,0.5856000185012817,0.14659999310970306,0.33000001311302185,0.6834999918937683
ENSG00000172352,Nucleus,Nuclear localization signal,Soluble,0.2711000144481659,0.8531000018119812,0.04129999876022339,0.09549999982118607,0.07119999825954437,0.05849999934434891,0.05290000140666962,0.01899999938905239,0.028699999675154686,0.09059999883174896,0.3652999997138977,0.054099999368190765,0.3353999853134155,0.8654000163078308
ENSG00000172456,Cytoplasm,Nuclear export signal,Soluble,0.8726000189781189,0.3928000032901764,0.027899999171495438,0.14669999480247498,0.20190000534057617,0.004100000020116568,0.2948000133037567,0.2937999963760376,0.37380000948905945,0.07209999859333038,0.28940001130104065,0.15330000221729279,0.28209999203681946,0.8342000246047974
ENSG00000172461,Golgi apparatus,Signal peptide|Transmembrane domain,Transmembrane,0.14419999718666077,0.11060000211000443,0.420199990272522,0.18469999730587006,0.08169999718666077,0.007600000128149986,0.4523000121116638,0.2797999978065491,0.8589000105857849,0.011900000274181366,0.25220000743865967,0.8995000123977661,0.10360000282526016,0.249099999666214
ENSG00000172482,Peroxisome,Peroxisomal targeting signal,Soluble,0.29739999771118164,0.08820000290870667,0.1501999944448471,0.28780001401901245,0.4763999879360199,0.00139999995008111,0.10000000149011612,0.09399999678134918,0.08020000159740448,0.8658000230789185,0.4749999940395355,0.11699999868869781,0.26499998569488525,0.7555999755859375
ENSG00000172497,Cytoplasm,Nuclear export signal,Soluble,0.6547999978065491,0.313400000333786,0.059300001710653305,0.19670000672340393,0.1324000060558319,0.07039999961853027,0.2572000026702881,0.22100000083446503,0.2354000061750412,0.1404000073671341,0.41909998655319214,0.164900004863739,0.16609999537467957,0.8126000165939331
ENSG00000172508,Cytoplasm,Nuclear export signal,Soluble,0.8166999816894531,0.41609999537467957,0.09279999881982803,0.14300000667572021,0.3776000142097473,0.02979999966919422,0.32330000400543213,0.21330000460147858,0.3357999920845032,0.1265999972820282,0.47760000824928284,0.24570000171661377,0.34290000796318054,0.779699981212616
ENSG00000172543,Extracellular|Lysosome/Vacuole,Signal peptide,Soluble,0.2037999927997589,0.08460000157356262,0.7415000200271606,0.2623000144958496,0.09319999814033508,0.0005000000237487257,0.3167000114917755,0.6412000060081482,0.3425000011920929,0.0010999999940395355,0.28769999742507935,0.0989999994635582,0.29100000858306885,0.8539000153541565
ENSG00000172572,Cell membrane,Transmembrane domain,Transmembrane,0.3506999909877777,0.29980000853538513,0.03519999980926514,0.593500018119812,0.23409999907016754,0.025599999353289604,0.46389999985694885,0.335999995470047,0.41359999775886536,0.1745000034570694,0.2847000062465668,0.9544000029563904,0.2851000130176544,0.23960000276565552
ENSG00000172613,Nucleus,Nuclear localization signal|Nuclear export signal,Soluble,0.40299999713897705,0.9032999873161316,0.02810000069439411,0.08789999783039093,0.11010000109672546,0.002400000113993883,0.08789999783039093,0.11999999731779099,0.057100001722574234,0.0203000009059906,0.17839999496936798,0.05570000037550926,0.4336000084877014,0.8883000016212463
ENSG00000172728,Golgi apparatus,Signal peptide|Transmembrane domain,Transmembrane,0.12630000710487366,0.11599999666213989,0.3889999985694885,0.22689999639987946,0.07280000299215317,0.016599999740719795,0.2992999851703644,0.22540000081062317,0.9272000193595886,0.026399999856948853,0.2624000012874603,0.9060999751091003,0.13580000400543213,0.26179999113082886
ENSG00000172817,Endoplasmic reticulum,Signal peptide|Transmembrane domain,Peripheral|Transmembrane,0.19599999487400055,0.11990000307559967,0.0608999989926815,0.16619999706745148,0.1665000021457672,0.005799999926239252,0.8651000261306763,0.0794999971985817,0.14589999616146088,0.12950000166893005,0.8116999864578247,0.6585000157356262,0.2524000108242035,0.2777000069618225
ENSG00000172828,Endoplasmic reticulum,Signal peptide,Soluble,0.20149999856948853,0.07800000160932541,0.39169999957084656,0.3325999975204468,0.14959999918937683,0.002899999963119626,0.8306999802589417,0.5625,0.23960000276565552,0.11400000005960464,0.38370001316070557,0.1467999964952469,0.3061000108718872,0.7771999835968018
ENSG00000172831,Endoplasmic reticulum,Signal peptide,Soluble,0.20819999277591705,0.08449999988079071,0.4309000074863434,0.32690000534057617,0.12870000302791595,0.0017999999690800905,0.724399983882904,0.3328999876976013,0.16290000081062317,0.018400000408291817,0.39809998869895935,0.14890000224113464,0.32589998841285706,0.7634999752044678
ENSG00000172840,Mitochondrion,Mitochondrial transit peptide,Peripheral|Soluble,0.22830000519752502,0.1680999994277954,0.023399999365210533,0.0551999993622303,0.8935999870300293,0.025599999353289604,0.10170000046491623,0.04129999876022339,0.1923000067472458,0.008999999612569809,0.6531000137329102,0.09430000185966492,0.3075000047683716,0.7641000151634216
ENSG00000172890,Cytoplasm,Nuclear export signal|Peroxisomal targeting signal,Soluble,0.7044000029563904,0.3467999994754791,0.031599998474121094,0.14569999277591705,0.36640000343322754,0.00839999970048666,0.20960000157356262,0.20990000665187836,0.21150000393390656,0.36230000853538513,0.46389999985694885,0.19589999318122864,0.11720000207424164,0.829200029373169
ENSG00000172893,Endoplasmic reticulum,Transmembrane domain,Transmembrane,0.1111999973654747,0.11349999904632568,0.014600000344216824,0.27630001306533813,0.27720001339912415,0.01769999973475933,0.9096999764442444,0.21559999883174896,0.5774000287055969,0.007699999958276749,0.1590999960899353,0.9872999787330627,0.04729999974370003,0.0763000026345253
ENSG00000172940,Cell membrane,Transmembrane domain,Transmembrane,0.1826000064611435,0.053199999034404755,0.08160000294446945,0.8192999958992004,0.17569999396800995,0.007699999958276749,0.2084999978542328,0.32170000672340393,0.24289999902248383,0.21789999306201935,0.12549999356269836,0.9531999826431274,0.17170000076293945,0.18209999799728394
ENSG00000172954,Endoplasmic reticulum,Transmembrane domain,Transmembrane,0.2092999964952469,0.1826000064611435,0.03009999915957451,0.17489999532699585,0.260699987411499,0.0284000001847744,0.8963000178337097,0.21610000729560852,0.42750000953674316,0.01730000041425228,0.18529999256134033,0.9631999731063843,0.17649999260902405,0.12250000238418579
ENSG00000172955,Cytoplasm,Nuclear localization signal,Soluble,0.7612000107765198,0.4853000044822693,0.052299998700618744,0.1468999981880188,0.20550000667572021,0.026900000870227814,0.27799999713897705,0.06620000302791595,0.026799999177455902,0.07289999723434448,0.3643999993801117,0.18520000576972961,0.1151999980211258,0.7789000272750854
ENSG00000172977,Nucleus,Nuclear localization signal,Soluble,0.396699994802475,0.8700000047683716,0.026799999177455902,0.09520000219345093,0.07429999858140945,0.013100000098347664,0.05270000174641609,0.06679999828338623,0.09790000319480896,0.004800000227987766,0.29190000891685486,0.021900000050663948,0.22630000114440918,0.9169999957084656
ENSG00000172985,Cytoplasm,,Peripheral|Soluble,0.671999990940094,0.3765999972820282,0.08919999748468399,0.3264999985694885,0.1290999948978424,0.00930000003427267,0.2232999950647354,0.2937000095844269,0.382099986076355,0.03449999913573265,0.6018000245094299,0.020099999383091927,0.1655000001192093,0.8611999750137329
ENSG00000172987,Extracellular,Signal peptide,Soluble,0.23440000414848328,0.08760000020265579,0.8378000259399414,0.34940001368522644,0.09449999779462814,0.004800000227987766,0.328000009059906,0.538100004196167,0.4625000059604645,0.009499999694526196,0.41100001335144043,0.23109999299049377,0.3158999979496002,0.7366999983787537
ENSG00000173020,Cytoplasm,Nuclear export signal,Soluble,0.7296000123023987,0.337799996137619,0.046799998730421066,0.49959999322891235,0.12380000203847885,0.01209999993443489,0.12950000166893005,0.24899999797344208,0.31060001254081726,0.009600000455975533,0.5960000157356262,0.16910000145435333,0.23499999940395355,0.7476000189781189
ENSG00000173083,Extracellular|Lysosome/Vacuole,Signal peptide,Soluble,0.31679999828338623,0.12380000203847885,0.7994999885559082,0.27390000224113464,0.11100000143051147,0.0017000000225380063,0.3456999957561493,0.6129000186920166,0.47620001435279846,0.01080000028014183,0.4702000021934509,0.23729999363422394,0.2915000021457672,0.7200999855995178
ENSG00000173085,Mitochondrion,Mitochondrial transit peptide,Transmembrane,0.1324000060558319,0.11959999799728394,0.02979999966919422,0.14669999480247498,0.9484999775886536,0.013399999588727951,0.2517000138759613,0.12680000066757202,0.13429999351501465,0.03629999980330467,0.21889999508857727,0.9315999746322632,0.11079999804496765,0.21379999816417694
ENSG00000173175,Cell membrane,Signal peptide|Transmembrane domain,Transmembrane,0.15199999511241913,0.1298999935388565,0.008299999870359898,0.7526000142097473,0.04439999908208847,0.01720000058412552,0.3239000141620636,0.49079999327659607,0.6396999955177307,0.0763000026345253,0.10260000079870224,0.9945999979972839,0.16349999606609344,0.08640000224113464
ENSG00000173193,Cytoplasm|Nucleus,,Soluble,0.7224000096321106,0.5123999714851379,0.09640000015497208,0.1143999993801117,0.15970000624656677,0.007000000216066837,0.186599999666214,0.11180000007152557,0.11999999731779099,0.019700000062584877,0.4681999981403351,0.034699998795986176,0.21160000562667847,0.8964999914169312
ENSG00000173200,Cytoplasm|Nucleus,,Soluble,0.7383000254631042,0.5170999765396118,0.3772999942302704,0.13439999520778656,0.31940001249313354,0.006099999882280827,0.2554999887943268,0.15520000457763672,0.12460000067949295,0.10750000178813934,0.36410000920295715,0.03680000081658363,0.5080000162124634,0.9129999876022339
ENSG00000173208,Mitochondrion|Peroxisome,Peroxisomal targeting signal,Transmembrane,0.09210000187158585,0.1451999992132187,0.04969999939203262,0.19550000131130219,0.7756999731063843,0.09610000252723694,0.4081999957561493,0.14740000665187836,0.11069999635219574,0.9014000296592712,0.2676999866962433,0.9898999929428101,0.10409999638795853,0.07999999821186066
ENSG00000173221,Cytoplasm,,Soluble,0.8752999901771545,0.23849999904632568,0.052400000393390656,0.23600000143051147,0.4120999872684479,0.026799999177455902,0.29030001163482666,0.19679999351501465,0.2603999972343445,0.15870000422000885,0.40380001068115234,0.03180000185966492,0.07540000230073929,0.8277999758720398
ENSG00000173262,Cell membrane,Transmembrane domain,Transmembrane,0.1412000060081482,0.07199999690055847,0.04639999940991402,0.8468999862670898,0.25929999351501465,0.006899999920278788,0.21359999477863312,0.33169999718666077,0.3407000005245209,0.07760000228881836,0.10189999639987946,0.9703999757766724,0.2556000053882599,0.1307000070810318
ENSG00000173273,Cytoplasm,Nuclear export signal,Peripheral|Soluble,0.6247000098228455,0.43709999322891235,0.04490000009536743,0.4074999988079071,0.13339999318122864,0.011900000274181366,0.2151000052690506,0.3991999924182892,0.359499990940094,0.029999999329447746,0.6115000247955322,0.05849999934434891,0.22100000083446503,0.8069999814033508
ENSG00000173281,Cytoplasm|Nucleus,Nuclear localization signal|Nuclear export signal,Soluble,0.7281000018119812,0.6498000025749207,0.09589999914169312,0.16220000386238098,0.17990000545978546,0.005799999926239252,0.1234000027179718,0.15320000052452087,0.14350000023841858,0.008799999952316284,0.3440000116825104,0.04619999974966049,0.0794999971985817,0.8755000233650208
ENSG00000173486,Endoplasmic reticulum,Signal peptide,Soluble,0.18389999866485596,0.10980000346899033,0.4065999984741211,0.24230000376701355,0.2362000048160553,0.0035000001080334187,0.8719000220298767,0.2215999960899353,0.30959999561309814,0.10559999942779541,0.42100000381469727,0.029500000178813934,0.5085999965667725,0.7781999707221985
ENSG00000173540,Cytoplasm,,Soluble,0.7405999898910522,0.36820000410079956,0.1046999990940094,0.12690000236034393,0.14749999344348907,0.015699999406933784,0.3944000005722046,0.26589998602867126,0.5121999979019165,0.15809999406337738,0.5598999857902527,0.16590000689029694,0.39719998836517334,0.6146000027656555
ENSG00000173597,Cytoplasm,,Soluble,0.6615999937057495,0.26820001006126404,0.1420000046491623,0.21459999680519104,0.17430000007152557,0.008700000122189522,0.1193000003695488,0.10740000009536743,0.10740000009536743,0.042899999767541885,0.23340000212192535,0.08799999952316284,0.18039999902248383,0.8629999756813049
ENSG00000173598,Cytoplasm|Nucleus,,Soluble,0.595300018787384,0.6571999788284302,0.1436000019311905,0.12389999628067017,0.39649999141693115,0.024000000208616257,0.09510000050067902,0.0803999975323677,0.09989999979734421,0.38100001215934753,0.23420000076293945,0.03350000083446503,0.4645000100135803,0.8967000246047974
ENSG00000173599,Mitochondrion,Mitochondrial transit peptide,Soluble,0.29330000281333923,0.14409999549388885,0.024299999698996544,0.11980000138282776,0.917900025844574,0.015399999916553497,0.08789999783039093,0.08460000157356262,0.056299999356269836,0.025499999523162842,0.5834000110626221,0.06599999964237213,0.13729999959468842,0.8179000020027161
ENSG00000173610,Endoplasmic reticulum,Signal peptide|Transmembrane domain,Transmembrane,0.19059999287128448,0.04520000144839287,0.07069999724626541,0.40779998898506165,0.06769999861717224,0.014499999582767487,0.859000027179718,0.33739998936653137,0.4235999882221222,0.09629999846220016,0.21240000426769257,0.9311000108718872,0.3458999991416931,0.1851000040769577
ENSG00000173614,Nucleus,Nuclear localization signal|Nuclear export signal,Soluble,0.4546999931335449,0.7124999761581421,0.07029999792575836,0.11860000342130661,0.3319999873638153,0.014000000432133675,0.18649999797344208,0.05900000035762787,0.22339999675750732,0.025699999183416367,0.20640000700950623,0.042500000447034836,0.3643999993801117,0.8899000287055969
ENSG00000173627,Cytoplasm,Nuclear localization signal,Soluble,0.7013000249862671,0.41530001163482666,0.3206999897956848,0.19269999861717224,0.18870000541210175,0.01269999984651804,0.4194999933242798,0.11860000342130661,0.4104999899864197,0.04100000113248825,0.18539999425411224,0.16820000112056732,0.210099995136261,0.8816999793052673
ENSG00000173638,Cell membrane,Signal peptide|Transmembrane domain,Transmembrane,0.11479999870061874,0.0649000033736229,0.08070000261068344,0.7289999723434448,0.11490000039339066,0.016200000420212746,0.4713999927043915,0.5527999997138977,0.43700000643730164,0.17010000348091125,0.13289999961853027,0.9922999739646912,0.27570000290870667,0.06560000032186508
ENSG00000173660,Cytoplasm|Mitochondrion,,Peripheral|Soluble,0.5084999799728394,0.20880000293254852,0.1370999962091446,0.07660000026226044,0.6360999941825867,0.0210999995470047,0.3571999967098236,0.09610000252723694,0.27250000834465027,0.07320000231266022,0.6492000222206116,0.09099999815225601,0.06679999828338623,0.6283000111579895
ENSG00000173786,Cytoplasm,,Lipid anchor|Soluble,0.5357000231742859,0.23989999294281006,0.22669999301433563,0.3102000057697296,0.535099983215332,0.053300000727176666,0.2944999933242798,0.24070000648498535,0.4156999886035919,0.020999999716877937,0.4544000029563904,0.10599999874830246,0.9118000268936157,0.5839999914169312
ENSG00000173838,Cytoplasm,Nuclear export signal,Soluble,0.70660001039505,0.3788999915122986,0.03310000151395798,0.1665000021457672,0.250900000333786,0.04670000076293945,0.41679999232292175,0.3264000117778778,0.4097999930381775,0.25200000405311584,0.3815000057220459,0.15240000188350677,0.16249999403953552,0.8529999852180481
ENSG00000173868,Cytoplasm|Nucleus,Mitochondrial transit peptide,Soluble,0.6062999963760376,0.5145000219345093,0.30979999899864197,0.2549000084400177,0.6061000227928162,0.0005000000237487257,0.12439999729394913,0.1687999963760376,0.18979999423027039,0.02930000051856041,0.4251999855041504,0.23559999465942383,0.27250000834465027,0.7756999731063843
ENSG00000173915,Mitochondrion,Transmembrane domain,Transmembrane,0.17299999296665192,0.07180000096559525,0.04170000180602074,0.12690000236034393,0.7736999988555908,0.09939999878406525,0.2906000018119812,0.04360000044107437,0.03610000014305115,0.10409999638795853,0.17659999430179596,0.9793999791145325,0.049400001764297485,0.06800000369548798
ENSG00000173926,Lysosome/Vacuole,Signal peptide|Transmembrane domain,Transmembrane,0.1696999967098236,0.15029999613761902,0.02250000089406967,0.5224000215530396,0.16269999742507935,0.03849999979138374,0.5684000253677368,0.6934000253677368,0.5174000263214111,0.01899999938905239,0.1128000020980835,0.9954000115394592,0.07429999858140945,0.059300001710653305
ENSG00000174080,Extracellular,Signal peptide,Soluble,0.24060000479221344,0.14309999346733093,0.6854000091552734,0.18140000104904175,0.15700000524520874,0.003000000026077032,0.26759999990463257,0.42489999532699585,0.30070000886917114,0.003800000064074993,0.3555999994277954,0.07209999859333038,0.2623000144958496,0.838699996471405
ENSG00000174156,Cytoplasm,Peroxisomal targeting signal,Soluble,0.8223000168800354,0.20999999344348907,0.3244999945163727,0.27469998598098755,0.21529999375343323,0.061400000005960464,0.2694000005722046,0.08399999886751175,0.35359999537467957,0.31869998574256897,0.37770000100135803,0.11460000276565552,0.1362999975681305,0.7912999987602234
ENSG00000174165,Endoplasmic reticulum,Signal peptide|Transmembrane domain,Transmembrane,0.15790000557899475,0.08209999650716782,0.13699999451637268,0.3659000098705292,0.10570000112056732,0.013000000268220901,0.7257999777793884,0.2646999955177307,0.5562000274658203,0.03200000151991844,0.2409999966621399,0.9567999839782715,0.07559999823570251,0.1818999946117401
ENSG00000174227,Endoplasmic reticulum,Signal peptide|Transmembrane domain,Transmembrane,0.13699999451637268,0.09809999912977219,0.04320000112056732,0.33379998803138733,0.09989999979734421,0.04919999837875366,0.8468000292778015,0.40790000557899475,0.5871999859809875,0.1907999962568283,0.10090000182390213,0.9934999942779541,0.19820000231266022,0.08380000293254852
ENSG00000174233,Cell membrane,Signal peptide|Transmembrane domain,Transmembrane,0.15809999406337738,0.11069999635219574,0.009700000286102295,0.7773000001907349,0.047600001096725464,0.010999999940395355,0.3192000091075897,0.43459999561309814,0.6065000295639038,0.05609999969601631,0.1281999945640564,0.9940000176429749,0.14980000257492065,0.07999999821186066
ENSG00000174327,Cell membrane|Lysosome/Vacuole,Signal peptide|Transmembrane domain,Transmembrane,0.17399999499320984,0.05689999833703041,0.10429999977350235,0.6438000202178955,0.18780000507831573,0.006200000178068876,0.28209999203681946,0.6931999921798706,0.5008999705314636,0.17000000178813934,0.16339999437332153,0.9767000079154968,0.3301999866962433,0.12610000371932983
ENSG00000174358,Cell membrane,Transmembrane domain,Transmembrane,0.13920000195503235,0.07129999995231628,0.02850000001490116,0.8371000289916992,0.09939999878406525,0.002300000051036477,0.19709999859333038,0.5450000166893005,0.2240999937057495,0.00570000009611249,0.07919999957084656,0.9901000261306763,0.0917000025510788,0.08810000121593475
ENSG00000174437,Cell membrane|Endoplasmic reticulum,Signal peptide|Transmembrane domain,Transmembrane,0.17589999735355377,0.09309999644756317,0.019899999722838402,0.5669000148773193,0.16050000488758087,0.015599999576807022,0.6636000275611877,0.5587000250816345,0.5460000038146973,0.07729999721050262,0.08579999953508377,0.980400025844574,0.17720000445842743,0.11999999731779099
ENSG00000174448,Cytoplasm,Nuclear localization signal,Soluble,0.6129000186920166,0.4219000041484833,0.186599999666214,0.5127999782562256,0.2858000099658966,0.03139999881386757,0.22789999842643738,0.1574999988079071,0.120899997651577,0.05469999834895134,0.4691999852657318,0.06610000133514404,0.28690001368522644,0.7872999906539917
ENSG00000174473,Golgi apparatus,Signal peptide,Transmembrane,0.14740000665187836,0.0885000005364418,0.3093999922275543,0.11949999630451202,0.13269999623298645,0.01360000018030405,0.3961000144481659,0.325300008058548,0.9307000041007996,0.03189999982714653,0.1891999989748001,0.9259999990463257,0.1817999929189682,0.2321999967098236
ENSG00000174502,Cell membrane,Transmembrane domain,Transmembrane,0.13729999959468842,0.06499999761581421,0.02250000089406967,0.7638999819755554,0.10279999673366547,0.019600000232458115,0.3849000036716461,0.574999988079071,0.3617999851703644,0.02239999920129776,0.17020000517368317,0.9700999855995178,0.0966000035405159,0.12470000237226486
ENSG00000174607,Endoplasmic reticulum,Signal peptide|Transmembrane domain,Transmembrane,0.16779999434947968,0.06650000065565109,0.03220000118017197,0.4609000086784363,0.05739999935030937,0.019300000742077827,0.8237000107765198,0.2985999882221222,0.32429999113082886,0.11559999734163284,0.1891999989748001,0.9422000050544739,0.1459999978542328,0.18330000340938568
ENSG00000174640,Cell membrane,Signal peptide|Transmembrane domain,Transmembrane,0.1378999948501587,0.07670000195503235,0.06390000134706497,0.8526999950408936,0.13259999454021454,0.01549999974668026,0.3343000113964081,0.47850000858306885,0.46059998869895935,0.1152999997138977,0.06120000034570694,0.9930999875068665,0.11829999834299088,0.09019999951124191
ENSG00000174669,Cell membrane,Signal peptide|Transmembrane domain,Transmembrane,0.1388999968767166,0.0738999992609024,0.038600001484155655,0.6730999946594238,0.12280000001192093,0.00570000009611249,0.4625000059604645,0.4325999915599823,0.5101000070571899,0.10790000110864639,0.062199998646974564,0.9879000186920166,0.11649999767541885,0.10499999672174454
ENSG00000174684,Golgi apparatus,Signal peptide|Transmembrane domain,Transmembrane,0.1785999983549118,0.14869999885559082,0.38280001282691956,0.10379999876022339,0.07090000063180923,0.0052999998442828655,0.4023999869823456,0.23229999840259552,0.9143000245094299,0.012299999594688416,0.3659999966621399,0.8726000189781189,0.09059999883174896,0.2612000107765198
ENSG00000174886,Mitochondrion,Transmembrane domain,Transmembrane,0.1656000018119812,0.05040000006556511,0.052799999713897705,0.09440000355243683,0.7853999733924866,0.5419999957084656,0.07819999754428864,0.3224000036716461,0.12370000034570694,0.08780000358819962,0.4343999922275543,0.9775000214576721,0.037300001829862595,0.06920000165700912
ENSG00000174915,Endoplasmic reticulum|Golgi apparatus,Signal peptide|Transmembrane domain,Transmembrane,0.07410000264644623,0.12120000272989273,0.006500000134110451,0.3716999888420105,0.1023000031709671,0.00930000003427267,0.8679999709129333,0.36059999465942383,0.7479000091552734,0.010200000368058681,0.06289999932050705,0.9962000250816345,0.05620000138878822,0.0723000019788742
ENSG00000174951,Golgi apparatus,Signal peptide|Transmembrane domain,Transmembrane,0.17669999599456787,0.0851999968290329,0.5126000046730042,0.2558000087738037,0.1096000000834465,0.00430000014603138,0.4059000015258789,0.30559998750686646,0.8999000191688538,0.01119999960064888,0.349700003862381,0.8589000105857849,0.26980000734329224,0.30570000410079956
ENSG00000174990,Cytoplasm,,Peripheral|Soluble,0.5508000254631042,0.16189999878406525,0.46630001068115234,0.11900000274181366,0.5361999869346619,0.006000000052154064,0.23190000653266907,0.1404999941587448,0.21119999885559082,0.018200000748038292,0.6550999879837036,0.03060000017285347,0.4758000075817108,0.8259999752044678
ENSG00000175003,Cell membrane,Transmembrane domain,Transmembrane,0.14499999582767487,0.07370000332593918,0.04390000179409981,0.7847999930381775,0.12380000203847885,0.008700000122189522,0.19290000200271606,0.4343999922275543,0.33410000801086426,0.14480000734329224,0.11169999837875366,0.973800003528595,0.19519999623298645,0.1404999941587448
ENSG00000175040,Golgi apparatus,Signal peptide|Transmembrane domain,Transmembrane,0.17020000517368317,0.08410000056028366,0.3912000060081482,0.3034999966621399,0.11219999939203262,0.007199999876320362,0.2694000005722046,0.18369999527931213,0.8600999712944031,0.07519999891519547,0.15449999272823334,0.9089999794960022,0.412200003862381,0.2770000100135803
ENSG00000175048,Cell membrane|Golgi apparatus,Signal peptide|Transmembrane domain,Transmembrane,0.19519999623298645,0.04600000008940697,0.016100000590085983,0.6513000130653381,0.06800000369548798,0.002899999963119626,0.6021999716758728,0.4383000135421753,0.7569000124931335,0.0017999999690800905,0.08550000190734863,0.9876999855041504,0.11550000309944153,0.08959999680519104
ENSG00000175063,Cytoplasm|Nucleus,Nuclear export signal,Soluble,0.6834999918937683,0.5109000205993652,0.032499998807907104,0.17479999363422394,0.09309999644756317,0.003800000064074993,0.26649999618530273,0.14740000665187836,0.4334999918937683,0.022700000554323196,0.44760000705718994,0.019300000742077827,0.4172999858856201,0.8310999870300293
ENSG00000175066,Cytoplasm,Nuclear export signal,Soluble,0.6751000285148621,0.4047999978065491,0.0215000007301569,0.397599995136261,0.3122999966144562,0.02319999970495701,0.3882000148296356,0.1388999968767166,0.5011000037193298,0.027499999850988388,0.39010000228881836,0.3077000081539154,0.38339999318122864,0.7152000069618225
ENSG00000175198,Mitochondrion,Mitochondrial transit peptide,Soluble,0.23899999260902405,0.11330000311136246,0.06849999725818634,0.11869999766349792,0.9103000164031982,0.0027000000700354576,0.12780000269412994,0.07209999859333038,0.0982000008225441,0.030700000002980232,0.5871999859809875,0.14300000667572021,0.11259999871253967,0.743399977684021
ENSG00000175264,Golgi apparatus,Signal peptide,Transmembrane,0.17710000276565552,0.0722000002861023,0.5005999803543091,0.27549999952316284,0.10339999943971634,0.00860000029206276,0.20469999313354492,0.08910000324249268,0.7839999794960022,0.014600000344216824,0.28780001401901245,0.8862000107765198,0.24950000643730164,0.3325999975204468
ENSG00000175283,Endoplasmic reticulum,Signal peptide|Transmembrane domain,Transmembrane,0.06989999860525131,0.12520000338554382,0.022299999371170998,0.35569998621940613,0.07850000262260437,0.08869999647140503,0.7621999979019165,0.3221000134944916,0.3718000054359436,0.030300000682473183,0.10750000178813934,0.994700014591217,0.04270000010728836,0.08399999886751175
ENSG00000175309,Cytoplasm,,Soluble,0.7124000191688538,0.3273000121116638,0.065700002014637,0.35659998655319214,0.47530001401901245,0.00419999985024333,0.2849999964237213,0.3984000086784363,0.30390000343322754,0.24070000648498535,0.544700026512146,0.10170000046491623,0.49790000915527344,0.7608000040054321
ENSG00000175445,Extracellular,Signal peptide,Soluble,0.20829999446868896,0.07429999858140945,0.9043999910354614,0.3765000104904175,0.1753000020980835,0.016699999570846558,0.24289999902248383,0.36739999055862427,0.3562999963760376,0.00559999980032444,0.5921000242233276,0.05000000074505806,0.30880001187324524,0.7918000221252441
ENSG00000175482,Nucleus,,Soluble,0.27559998631477356,0.8734999895095825,0.008200000040233135,0.06260000169277191,0.19840000569820404,0.003700000001117587,0.033399999141693115,0.09369999915361404,0.12250000238418579,0.028999999165534973,0.5293999910354614,0.07129999995231628,0.09529999643564224,0.7849000096321106
ENSG00000175505,Extracellular,Signal peptide,Soluble,0.18880000710487366,0.10119999945163727,0.8281999826431274,0.2955999970436096,0.1225999966263771,0.000699999975040555,0.26089999079704285,0.4659000039100647,0.3630000054836273,0.00139999995008111,0.35690000653266907,0.14219999313354492,0.22499999403953552,0.8083999752998352
ENSG00000175535,Extracellular,Signal peptide,Soluble,0.19429999589920044,0.07490000128746033,0.8852999806404114,0.2556000053882599,0.16009999811649323,0.02539999969303608,0.2401999980211258,0.4745999872684479,0.2689000070095062,0.0015999999595806003,0.5033000111579895,0.07490000128746033,0.28299999237060547,0.8023999929428101
ENSG00000175536,Mitochondrion,Mitochondrial transit peptide,Soluble,0.46700000762939453,0.186599999666214,0.01720000058412552,0.08340000361204147,0.9305999875068665,0.0010999999940395355,0.04919999837875366,0.10010000318288803,0.04129999876022339,0.06719999760389328,0.36230000853538513,0.1867000013589859,0.14000000059604645,0.7767000198364258
ENSG00000175548,Endoplasmic reticulum|Golgi apparatus,Signal peptide|Transmembrane domain,Transmembrane,0.07010000199079514,0.14830000698566437,0.03620000183582306,0.2468000054359436,0.29600000381469727,0.012299999594688416,0.8988000154495239,0.31369999051094055,0.7696999907493591,0.007799999788403511,0.06669999659061432,0.9926000237464905,0.07079999893903732,0.10620000213384628
ENSG00000175564,Mitochondrion,Transmembrane domain|Mitochondrial transit peptide,Transmembrane,0.13979999721050262,0.1062999963760376,0.06300000101327896,0.2994999885559082,0.8730000257492065,0.03519999980926514,0.17329999804496765,0.25679999589920044,0.3050999939441681,0.15680000185966492,0.2207999974489212,0.90829998254776,0.1859000027179718,0.1843000054359436
ENSG00000175567,Mitochondrion,Transmembrane domain|Mitochondrial transit peptide,Transmembrane,0.12470000237226486,0.1031000018119812,0.07270000129938126,0.3061000108718872,0.9018999934196472,0.04179999977350235,0.15379999577999115,0.2662999927997589,0.3181000053882599,0.15530000627040863,0.18459999561309814,0.8844000101089478,0.2712000012397766,0.19709999859333038
ENSG00000175806,Mitochondrion,Mitochondrial transit peptide,Soluble,0.42100000381469727,0.17350000143051147,0.2313999980688095,0.33869999647140503,0.7249000072479248,0.0044999998062849045,0.27320000529289246,0.24899999797344208,0.3149999976158142,0.06419999897480011,0.5712000131607056,0.07580000162124634,0.6061999797821045,0.65420001745224
ENSG00000175809,Nucleus,Nuclear localization signal,Soluble,0.37599998712539673,0.824400007724762,0.052000001072883606,0.05889999866485596,0.11630000174045563,0.009600000455975533,0.07819999754428864,0.045499999076128006,0.0471000000834465,0.007899999618530273,0.23899999260902405,0.08299999684095383,0.03889999911189079,0.890999972820282
ENSG00000175893,Endoplasmic reticulum|Golgi apparatus,Signal peptide|Transmembrane domain,Transmembrane,0.1460999995470047,0.058800000697374344,0.03999999910593033,0.38089999556541443,0.06530000269412994,0.006399999838322401,0.6812000274658203,0.4797999858856201,0.7357000112533569,0.0019000000320374966,0.1476999968290329,0.9695000052452087,0.02800000086426735,0.1451999992132187
ENSG00000175931,Cytoplasm|Nucleus,Nuclear localization signal,Soluble,0.6608999967575073,0.6704000234603882,0.04520000144839287,0.1306000053882599,0.14980000257492065,0.008299999870359898,0.2971999943256378,0.18410000205039978,0.23019999265670776,0.010099999606609344,0.29179999232292175,0.09279999881982803,0.16179999709129333,0.880299985408783
ENSG00000176022,Golgi apparatus,Signal peptide,Transmembrane,0.15080000460147858,0.059700001031160355,0.517300009727478,0.2648000121116638,0.10610000044107437,0.0017000000225380063,0.5996000170707703,0.1582999974489212,0.8783000111579895,0.009499999694526196,0.3986999988555908,0.7098000049591064,0.2264000028371811,0.40529999136924744
ENSG00000176095,Cytoplasm,Nuclear localization signal|Nuclear export signal,Soluble,0.7404999732971191,0.5008999705314636,0.06880000233650208,0.21480000019073486,0.3003999888896942,0.005900000222027302,0.28450000286102295,0.23929999768733978,0.18449999392032623,0.0034000000450760126,0.3255000114440918,0.04470000043511391,0.20350000262260437,0.9114999771118164
ENSG00000176153,Cytoplasm,Peroxisomal targeting signal,Soluble,0.6574000120162964,0.26829999685287476,0.120899997651577,0.5304999947547913,0.18700000643730164,0.053700000047683716,0.37959998846054077,0.2451999932527542,0.13289999961853027,0.42750000953674316,0.4754999876022339,0.10599999874830246,0.19220000505447388,0.8116999864578247
ENSG00000176170,Cytoplasm,Nuclear export signal,Soluble,0.6351000070571899,0.3619000017642975,0.07029999792575836,0.31940001249313354,0.5641999840736389,0.02410000003874302,0.5892000198364258,0.4575999975204468,0.5347999930381775,0.1923000067472458,0.58160001039505,0.21639999747276306,0.3659000098705292,0.711899995803833
ENSG00000176340,Mitochondrion,Mitochondrial transit peptide,Transmembrane,0.07599999755620956,0.04520000144839287,0.06319999694824219,0.10419999808073044,0.9476000070571899,0.0008999999845400453,0.042899999767541885,0.016599999740719795,0.08789999783039093,0.013100000098347664,0.18569999933242798,0.9833999872207642,0.039500001817941666,0.08609999716281891
ENSG00000176383,Golgi apparatus,Signal peptide|Transmembrane domain,Transmembrane,0.1762000024318695,0.061000000685453415,0.44859999418258667,0.23010000586509705,0.09070000052452087,0.0032999999821186066,0.398499995470047,0.3379000127315521,0.8977000117301941,0.01600000075995922,0.23929999768733978,0.8179000020027161,0.17100000381469727,0.38440001010894775
ENSG00000176387,Endoplasmic reticulum,Signal peptide|Transmembrane domain,Peripheral|Transmembrane,0.18289999663829803,0.14339999854564667,0.05079999938607216,0.3702999949455261,0.3603000044822693,0.009399999864399433,0.8672999739646912,0.20669999718666077,0.19210000336170197,0.1995999962091446,0.7095999717712402,0.8152999877929688,0.46219998598098755,0.19939999282360077
ENSG00000176393,Cytoplasm,Nuclear localization signal,Soluble,0.7552000284194946,0.385699987411499,0.18230000138282776,0.3756999969482422,0.2531999945640564,0.002099999925121665,0.3361999988555908,0.14010000228881836,0.23880000412464142,0.051100000739097595,0.4781000018119812,0.11640000343322754,0.20350000262260437,0.8155999779701233
ENSG00000176454,Endoplasmic reticulum,Signal peptide|Transmembrane domain,Transmembrane,0.19990000128746033,0.1623000055551529,0.03480000048875809,0.49160000681877136,0.2637999951839447,0.009399999864399433,0.805400013923645,0.19949999451637268,0.33169999718666077,0.03579999879002571,0.4595000147819519,0.8715000152587891,0.3346000015735626,0.30329999327659607
ENSG00000176463,Cell membrane,Signal peptide|Transmembrane domain,Transmembrane,0.1737000048160553,0.07249999791383743,0.06610000133514404,0.8476999998092651,0.12770000100135803,0.024900000542402267,0.3995000123977661,0.5041999816894531,0.5077999830245972,0.09730000048875809,0.048900000751018524,0.9937999844551086,0.14079999923706055,0.0925000011920929
ENSG00000176485,Cytoplasm,Peroxisomal targeting signal,Transmembrane,0.6376000046730042,0.33559998869895935,0.25279998779296875,0.15399999916553497,0.4609000086784363,0.3052999973297119,0.32429999113082886,0.2117999941110611,0.2305999994277954,0.5037000179290771,0.18930000066757202,0.772599995136261,0.4180999994277954,0.3734000027179718
ENSG00000176597,Golgi apparatus,Signal peptide|Transmembrane domain,Transmembrane,0.1851000040769577,0.10949999839067459,0.3986999988555908,0.10599999874830246,0.07959999889135361,0.004699999932199717,0.41600000858306885,0.3831999897956848,0.9294999837875366,0.007499999832361937,0.36410000920295715,0.8331000208854675,0.19679999351501465,0.2928999960422516
ENSG00000176641,Cell membrane|Lysosome/Vacuole,Signal peptide|Transmembrane domain,Transmembrane,0.20679999887943268,0.25920000672340393,0.10729999840259552,0.6657000184059143,0.057100001722574234,0.01720000058412552,0.4471000134944916,0.6072999835014343,0.5187000036239624,0.07000000029802322,0.04969999939203262,0.9828000068664551,0.23839999735355377,0.19210000336170197
ENSG00000176715,Mitochondrion,Mitochondrial transit peptide,Peripheral|Soluble,0.2312999963760376,0.15309999883174896,0.05620000138878822,0.13130000233650208,0.8955000042915344,0.0010999999940395355,0.07500000298023224,0.0885000005364418,0.05689999833703041,0.017400000244379044,0.6800000071525574,0.17810000479221344,0.17829999327659607,0.7742999792098999
ENSG00000176890,Cytoplasm,Nuclear export signal,Soluble,0.7167999744415283,0.43160000443458557,0.06390000134706497,0.09679999947547913,0.3264000117778778,0.010599999688565731,0.15119999647140503,0.17299999296665192,0.13050000369548798,0.07479999959468842,0.43630000948905945,0.08449999988079071,0.2572000026702881,0.816100001335144
ENSG00000176920,Extracellular|Golgi apparatus,Signal peptide,Transmembrane,0.1738000065088272,0.09570000320672989,0.6786999702453613,0.1843000054359436,0.1378999948501587,0.01640000008046627,0.36970001459121704,0.42289999127388,0.8859000205993652,0.01510000042617321,0.2808000147342682,0.8198999762535095,0.18119999766349792,0.43389999866485596
ENSG00000176928,Golgi apparatus,Signal peptide|Transmembrane domain,Transmembrane,0.20260000228881836,0.10010000318288803,0.35510000586509705,0.1257999986410141,0.07029999792575836,0.0027000000700354576,0.15459999442100525,0.25360000133514404,0.9229000210762024,0.02070000022649765,0.3292999863624573,0.9175999760627747,0.07769999653100967,0.20340000092983246
ENSG00000176974,Cytoplasm,Nuclear export signal,Soluble,0.7555999755859375,0.3982999920845032,0.09640000015497208,0.27059999108314514,0.4293000102043152,0.02239999920129776,0.23409999907016754,0.2581000030040741,0.23999999463558197,0.038100000470876694,0.5073999762535095,0.050999999046325684,0.2597000002861023,0.7709000110626221
ENSG00000177000,Cytoplasm,Nuclear export signal,Soluble,0.8154000043869019,0.24120000004768372,0.04809999838471413,0.2535000145435333,0.37040001153945923,0.010599999688565731,0.25529998540878296,0.3183000087738037,0.2222999930381775,0.030400000512599945,0.5443000197410583,0.04410000145435333,0.5090000033378601,0.8447999954223633
ENSG00000177054,Endoplasmic reticulum|Golgi apparatus,Signal peptide|Transmembrane domain,Transmembrane,0.2272000014781952,0.07240000367164612,0.009600000455975533,0.3984000086784363,0.12540000677108765,0.011900000274181366,0.7412999868392944,0.49709999561309814,0.7653999924659729,0.008200000040233135,0.13289999961853027,0.9843000173568726,0.09719999879598618,0.09489999711513519
ENSG00000177076,Endoplasmic reticulum|Golgi apparatus,Transmembrane domain,Transmembrane,0.1256999969482422,0.125900000333786,0.008500000461935997,0.37229999899864197,0.14480000734329224,0.016699999570846558,0.8181999921798706,0.5332000255584717,0.7268000245094299,0.014399999752640724,0.07000000029802322,0.9898999929428101,0.0940999984741211,0.09690000116825104
ENSG00000177084,Nucleus,Nuclear export signal,Soluble,0.2964000105857849,0.7814000248908997,0.019600000232458115,0.11339999735355377,0.2125999927520752,0.006399999838322401,0.18529999256134033,0.24539999663829803,0.14869999885559082,0.008500000461935997,0.31200000643730164,0.2134000062942505,0.06689999997615814,0.8066999912261963
ENSG00000177108,Endoplasmic reticulum|Golgi apparatus,Signal peptide|Transmembrane domain,Transmembrane,0.1746000051498413,0.08869999647140503,0.13199999928474426,0.25429999828338623,0.10000000149011612,0.010700000450015068,0.7391999959945679,0.35409998893737793,0.6500999927520752,0.0015999999595806003,0.21389999985694885,0.9347000122070312,0.030300000682473183,0.20000000298023224
ENSG00000177156,Nucleus,Nuclear localization signal,Soluble,0.3668999969959259,0.5701000094413757,0.552299976348877,0.1745000034570694,0.31130000948905945,0.007000000216066837,0.025499999523162842,0.1298999935388565,0.03359999880194664,0.026900000870227814,0.38769999146461487,0.023800000548362732,0.4970000088214874,0.8777999877929688
ENSG00000177191,Golgi apparatus,Signal peptide|Transmembrane domain,Transmembrane,0.18619999289512634,0.07460000365972519,0.4587000012397766,0.29280000925064087,0.11339999735355377,0.005100000184029341,0.38850000500679016,0.18490000069141388,0.8996000289916992,0.012600000016391277,0.2280000001192093,0.8930000066757202,0.2387000024318695,0.26350000500679016
ENSG00000177192,Nucleus|Mitochondrion,Mitochondrial transit peptide,Soluble,0.3772999942302704,0.5336999893188477,0.09889999777078629,0.0674000009894371,0.7864000201225281,0.004000000189989805,0.12129999697208405,0.026599999517202377,0.08070000261068344,0.0674000009894371,0.20239999890327454,0.10849999636411667,0.2451000064611435,0.8795999884605408
ENSG00000177239,Golgi apparatus,Signal peptide|Transmembrane domain,Transmembrane,0.18129999935626984,0.10159999877214432,0.13779999315738678,0.296099990606308,0.029899999499320984,0.002300000051036477,0.5514000058174133,0.39629998803138733,0.9023000001907349,0.06849999725818634,0.1307000070810318,0.9818000197410583,0.5622000098228455,0.0982000008225441
ENSG00000177414,Cytoplasm,Nuclear export signal,Soluble,0.7702000141143799,0.32989999651908875,0.022199999541044235,0.18000000715255737,0.1657000035047531,0.004000000189989805,0.28850001096725464,0.17069999873638153,0.26759999990463257,0.03269999846816063,0.32899999618530273,0.07859999686479568,0.29330000281333923,0.8804000020027161
ENSG00000177465,Peroxisome,Peroxisomal targeting signal,Soluble,0.32519999146461487,0.17640000581741333,0.019700000062584877,0.16590000689029694,0.314300000667572,0.0008999999845400453,0.11089999973773956,0.14880000054836273,0.05389999970793724,0.958299994468689,0.5392000079154968,0.12070000171661377,0.3880000114440918,0.7634999752044678
ENSG00000177542,Mitochondrion,Transmembrane domain|Mitochondrial transit peptide,Transmembrane,0.19329999387264252,0.09290000051259995,0.08020000159740448,0.14880000054836273,0.9241999983787537,0.020099999383091927,0.21119999885559082,0.16599999368190765,0.2379000037908554,0.11299999803304672,0.21369999647140503,0.9390000104904175,0.257999986410141,0.10700000077486038
ENSG00000177628,Extracellular|Lysosome/Vacuole,Signal peptide,Soluble,0.25769999623298645,0.1088000014424324,0.859499990940094,0.30250000953674316,0.2313999980688095,0.00139999995008111,0.3165999948978424,0.6632999777793884,0.4507000148296356,0.008500000461935997,0.3587999939918518,0.20589999854564667,0.4729999899864197,0.7943999767303467
ENSG00000177646,Mitochondrion,Mitochondrial transit peptide,Peripheral|Soluble,0.17309999465942383,0.12200000137090683,0.019999999552965164,0.18029999732971191,0.8392999768257141,0.0019000000320374966,0.12229999899864197,0.07000000029802322,0.054499998688697815,0.05290000140666962,0.8438000082969666,0.14300000667572021,0.19419999420642853,0.5512999892234802
ENSG00000177666,Mitochondrion,,Soluble,0.3921999931335449,0.22259999811649323,0.1898999959230423,0.3644999861717224,0.718999981880188,0.08060000091791153,0.5023000240325928,0.31209999322891235,0.39410001039505005,0.15530000627040863,0.5019000172615051,0.4893999993801117,0.5784000158309937,0.48500001430511475
ENSG00000177669,Endoplasmic reticulum,Transmembrane domain,Transmembrane,0.17509999871253967,0.13030000030994415,0.013199999928474426,0.29350000619888306,0.4081000089645386,0.007600000128149986,0.8805999755859375,0.08309999853372574,0.1784999966621399,0.004000000189989805,0.11219999939203262,0.9828000068664551,0.09459999948740005,0.16060000658035278
ENSG00000177700,Cytoplasm,,Soluble,0.7760999798774719,0.3944000005722046,0.18449999392032623,0.07540000230073929,0.16220000386238098,0.044199999421834946,0.2842999994754791,0.13979999721050262,0.2542000114917755,0.06560000032186508,0.5163999795913696,0.052000001072883606,0.05260000005364418,0.6661999821662903
ENSG00000177889,Cytoplasm,Nuclear export signal,Soluble,0.6955999732017517,0.44359999895095825,0.05700000002980232,0.20589999854564667,0.12839999794960022,0.002899999963119626,0.1882999986410141,0.1761000007390976,0.3151000142097473,0.15469999611377716,0.5026000142097473,0.015200000256299973,0.2653000056743622,0.8319000005722046
ENSG00000178035,Cytoplasm,Nuclear localization signal|Nuclear export signal,Soluble,0.6901000142097473,0.4778999984264374,0.0414000004529953,0.19169999659061432,0.17159999907016754,0.03269999846816063,0.16140000522136688,0.22669999301433563,0.15549999475479126,0.04520000144839287,0.4700999855995178,0.05169999971985817,0.3100000023841858,0.8238000273704529
ENSG00000178127,Mitochondrion,Mitochondrial transit peptide,Soluble,0.14480000734329224,0.10769999772310257,0.03539999946951866,0.16369999945163727,0.9316999912261963,0.004100000020116568,0.07620000094175339,0.09130000323057175,0.09369999915361404,0.026399999856948853,0.5961999893188477,0.05739999935030937,0.2565999925136566,0.6437000036239624
ENSG00000178234,Golgi apparatus,Signal peptide|Transmembrane domain,Transmembrane,0.12210000306367874,0.06629999727010727,0.3862000107765198,0.1737000048160553,0.11779999732971191,0.010400000028312206,0.47940000891685486,0.34630000591278076,0.9369999766349792,0.023499999195337296,0.18690000474452972,0.9574999809265137,0.20350000262260437,0.1551000028848648
ENSG00000178445,Mitochondrion,Mitochondrial transit peptide,Soluble,0.4341999888420105,0.2282000035047531,0.04010000079870224,0.16279999911785126,0.7964000105857849,0.000699999975040555,0.13600000739097595,0.1565999984741211,0.0917000025510788,0.03460000082850456,0.5827000141143799,0.09179999679327011,0.18160000443458557,0.8033999800682068
ENSG00000178537,Mitochondrion,Transmembrane domain,Transmembrane,0.15809999406337738,0.07739999890327454,0.04650000110268593,0.24819999933242798,0.8823000192642212,0.030899999663233757,0.20839999616146088,0.1981000006198883,0.26100000739097595,0.25290000438690186,0.14730000495910645,0.9391999840736389,0.13019999861717224,0.15240000188350677
ENSG00000178685,Cytoplasm,Nuclear export signal,Soluble,0.6923999786376953,0.4422000050544739,0.07660000026226044,0.14959999918937683,0.1770000010728836,0.001500000013038516,0.17560000717639923,0.3370000123977661,0.24009999632835388,0.032099999487400055,0.35740000009536743,0.06780000030994415,0.193900004029274,0.9031000137329102
ENSG00000178700,Cytoplasm,,Soluble,0.6413999795913696,0.32989999651908875,0.20190000534057617,0.11330000311136246,0.5004000067710876,0.017000000923871994,0.2590000033378601,0.13359999656677246,0.1712000072002411,0.02199999988079071,0.3287000060081482,0.1273999959230423,0.12389999628067017,0.8264999985694885
ENSG00000178741,Mitochondrion,Mitochondrial transit peptide,Peripheral|Soluble,0.1446000039577484,0.07670000195503235,0.04270000010728836,0.07999999821186066,0.9144999980926514,0.00419999985024333,0.09449999779462814,0.07660000026226044,0.1851000040769577,0.04610000178217888,0.8381999731063843,0.06440000236034393,0.08489999920129776,0.5932000279426575
ENSG00000178773,Cytoplasm|Cell membrane,Nuclear export signal,Peripheral|Soluble,0.6459000110626221,0.4194999933242798,0.06960000097751617,0.6589000225067139,0.2953000068664551,0.002400000113993883,0.21299999952316284,0.49880000948905945,0.26260000467300415,0.033799998462200165,0.6603999733924866,0.06809999793767929,0.5716000199317932,0.708299994468689
ENSG00000178802,Cytoplasm|Nucleus,Nuclear export signal,Soluble,0.6523000001907349,0.5242999792098999,0.07249999791383743,0.20440000295639038,0.2547000050544739,0.005799999926239252,0.1607999950647354,0.2502000033855438,0.225600004196167,0.016200000420212746,0.4519999921321869,0.10989999771118164,0.13740000128746033,0.7922999858856201
ENSG00000178814,Cytoplasm,Nuclear export signal,Soluble,0.7828999757766724,0.4027000069618225,0.07509999722242355,0.16519999504089355,0.302700012922287,0.03060000017285347,0.15399999916553497,0.22849999368190765,0.17350000143051147,0.22179999947547913,0.38370001316070557,0.14229999482631683,0.24369999766349792,0.8513000011444092
ENSG00000178921,Cytoplasm,Nuclear export signal,Soluble,0.8137000203132629,0.33340001106262207,0.03280000016093254,0.25609999895095825,0.5303999781608582,0.012000000104308128,0.36419999599456787,0.2272000014781952,0.20180000364780426,0.1290999948978424,0.5292999744415283,0.08320000022649765,0.14079999923706055,0.8758999705314636
ENSG00000178922,Cytoplasm,Nuclear export signal,Peripheral|Soluble,0.7059000134468079,0.47859999537467957,0.10530000180006027,0.2320999950170517,0.3450999855995178,0.00039999998989515007,0.22220000624656677,0.42340001463890076,0.4133000075817108,0.09629999846220016,0.6140999794006348,0.08089999854564667,0.6044999957084656,0.7444999814033508
ENSG00000179085,Endoplasmic reticulum|Golgi apparatus,Signal peptide|Transmembrane domain,Transmembrane,0.10540000349283218,0.10939999669790268,0.07900000363588333,0.13040000200271606,0.3614000082015991,0.006200000178068876,0.7379000186920166,0.3578000068664551,0.6657000184059143,0.007799999788403511,0.08290000259876251,0.9952999949455261,0.04039999842643738,0.0851999968290329
ENSG00000179091,Mitochondrion,Mitochondrial transit peptide,Transmembrane,0.11829999834299088,0.08049999922513962,0.012400000356137753,0.12890000641345978,0.8931000232696533,0.014399999752640724,0.24279999732971191,0.05790000036358833,0.15710000693798065,0.05689999833703041,0.4805999994277954,0.805400013923645,0.06880000233650208,0.21209999918937683
ENSG00000179115,Cytoplasm|Nucleus,Nuclear export signal,Soluble,0.6378999948501587,0.5666000247001648,0.027000000700354576,0.13770000636577606,0.4032999873161316,0.02019999921321869,0.23100000619888306,0.0812000036239624,0.10509999841451645,0.051600001752376556,0.34929999709129333,0.07599999755620956,0.164900004863739,0.8519999980926514
ENSG00000179142,Mitochondrion,Mitochondrial transit peptide,Peripheral,0.19920000433921814,0.13030000030994415,0.08560000360012054,0.17649999260902405,0.8458999991416931,0.0026000000070780516,0.09040000289678574,0.07519999891519547,0.06449999660253525,0.037700001150369644,0.7305999994277954,0.3928999900817871,0.22920000553131104,0.4837999939918518
ENSG00000179148,Cytoplasm,,Soluble,0.6258999705314636,0.3230000138282776,0.2207999974489212,0.38519999384880066,0.2865000069141388,0.022600000724196434,0.12080000340938568,0.26980000734329224,0.1875,0.023099999874830246,0.569100022315979,0.14659999310970306,0.11349999904632568,0.7915999889373779
ENSG00000179163,Extracellular|Lysosome/Vacuole,Signal peptide,Soluble,0.21699999272823334,0.08940000087022781,0.6736000180244446,0.2831999957561493,0.0917000025510788,0.0005000000237487257,0.38600000739097595,0.7226999998092651,0.35679998993873596,0.019899999722838402,0.47279998660087585,0.1509999930858612,0.2085999995470047,0.7768999934196472
ENSG00000179455,Cytoplasm|Nucleus,Nuclear export signal,Soluble,0.6735000014305115,0.5920000076293945,0.12120000272989273,0.07989999651908875,0.19009999930858612,0.009600000455975533,0.298799991607666,0.164900004863739,0.266400009393692,0.20170000195503235,0.19830000400543213,0.03970000147819519,0.1598999947309494,0.9301000237464905
ENSG00000179477,Cytoplasm,,Soluble,0.6205999851226807,0.302700012922287,0.23849999904632568,0.31049999594688416,0.22259999811649323,0.04230000078678131,0.14560000598430634,0.30320000648498535,0.19589999318122864,0.01940000057220459,0.47839999198913574,0.15629999339580536,0.08429999649524689,0.7946000099182129
ENSG00000179520,Cell membrane,Transmembrane domain,Transmembrane,0.186599999666214,0.11060000211000443,0.041999999433755875,0.807200014591217,0.1972000002861023,0.009800000116229057,0.4212000072002411,0.267300009727478,0.5001000165939331,0.09809999912977219,0.09939999878406525,0.9692000150680542,0.5601999759674072,0.0835999995470047
ENSG00000179593,Cytoplasm,Nuclear export signal,Soluble,0.6448000073432922,0.33640000224113464,0.26420000195503235,0.40139999985694885,0.2777000069618225,0.019099999219179153,0.10980000346899033,0.30079999566078186,0.19910000264644623,0.03790000081062317,0.5566999912261963,0.10909999907016754,0.13840000331401825,0.8228999972343445
ENSG00000179598,Mitochondrion,Mitochondrial transit peptide|Peroxisomal targeting signal,Peripheral|Transmembrane,0.38690000772476196,0.1315000057220459,0.29409998655319214,0.14249999821186066,0.7657999992370605,0.03290000185370445,0.24869999289512634,0.047600001096725464,0.12999999523162842,0.660099983215332,0.7519999742507935,0.6956999897956848,0.3221000134944916,0.33550000190734863
ENSG00000179761,Peroxisome,Peroxisomal targeting signal,Soluble,0.25540000200271606,0.18240000307559967,0.02930000051856041,0.09290000051259995,0.2865000069141388,0.0038999998942017555,0.0681999996304512,0.0625,0.04470000043511391,0.8826000094413757,0.3953999876976013,0.09730000048875809,0.2329999953508377,0.7221999764442444
ENSG00000179913,Golgi apparatus,Signal peptide|Transmembrane domain,Transmembrane,0.18950000405311584,0.06400000303983688,0.4178999960422516,0.2184000015258789,0.10540000349283218,0.0052999998442828655,0.4244999885559082,0.26350000500679016,0.9430999755859375,0.01730000041425228,0.19689999520778656,0.9225000143051147,0.37959998846054077,0.24619999527931213
ENSG00000179918,Cytoplasm|Nucleus,Nuclear export signal,Soluble,0.7545999884605408,0.508400022983551,0.04769999906420708,0.2685999870300293,0.45829999446868896,0.002899999963119626,0.2635999917984009,0.24050000309944153,0.28679999709129333,0.09679999947547913,0.4050000011920929,0.03909999877214432,0.6459000110626221,0.8629999756813049
ENSG00000179958,Cytoplasm|Mitochondrion,,Soluble,0.6080999970436096,0.4553999900817871,0.02070000022649765,0.11800000071525574,0.7750999927520752,0.029600000008940697,0.07530000060796738,0.17509999871253967,0.3043000102043152,0.3260999917984009,0.20409999787807465,0.23770000040531158,0.32429999113082886,0.7815999984741211
ENSG00000180011,Peroxisome,Peroxisomal targeting signal,Soluble,0.21439999341964722,0.08900000154972076,0.031300000846385956,0.15559999644756317,0.3061000108718872,0.019300000742077827,0.1671999990940094,0.1679999977350235,0.04780000075697899,0.9757000207901001,0.5073999762535095,0.11749999970197678,0.17499999701976776,0.701200008392334
ENSG00000180176,Cytoplasm,Nuclear export signal,Soluble,0.6636999845504761,0.3328000009059906,0.08190000057220459,0.3089999854564667,0.1873999983072281,0.03290000185370445,0.25760000944137573,0.2231999933719635,0.3653999865055084,0.03750000149011612,0.5669000148773193,0.08259999752044678,0.21960000693798065,0.8084999918937683
ENSG00000180185,Cytoplasm|Mitochondrion,Mitochondrial transit peptide,Soluble,0.5552999973297119,0.21819999814033508,0.031099999323487282,0.1703999936580658,0.7850000262260437,0.002099999925121665,0.023399999365210533,0.06440000236034393,0.02459999918937683,0.09640000015497208,0.4336000084877014,0.10119999945163727,0.24580000340938568,0.7900000214576721
ENSG00000180210,Extracellular,Signal peptide,Soluble,0.13459999859333038,0.045099999755620956,0.9412999749183655,0.2689000070095062,0.11110000312328339,0.007499999832361937,0.2540999948978424,0.3546000123023987,0.23499999940395355,0.005499999970197678,0.38190001249313354,0.03689999878406525,0.17030000686645508,0.9133999943733215
ENSG00000180233,Cytoplasm,Nuclear export signal,Lipid anchor|Soluble,0.6323999762535095,0.44859999418258667,0.0430000014603138,0.4169999957084656,0.21580000221729279,0.01080000028014183,0.2556000053882599,0.4004000127315521,0.5083000063896179,0.028200000524520874,0.41620001196861267,0.09629999846220016,0.9607999920845032,0.6018000245094299
ENSG00000180251,Cell membrane|Lysosome/Vacuole,Signal peptide|Transmembrane domain,Transmembrane,0.12880000472068787,0.07010000199079514,0.038600001484155655,0.6710000038146973,0.1387999951839447,0.02410000003874302,0.37689998745918274,0.7458999752998352,0.4302000105381012,0.04410000145435333,0.07800000160932541,0.989799976348877,0.2304999977350235,0.07760000228881836
ENSG00000180389,Cytoplasm,,Soluble,0.41600000858306885,0.4156999886035919,0.3301999866962433,0.07670000195503235,0.45890000462532043,0.02410000003874302,0.08630000054836273,0.17829999327659607,0.1671999990940094,0.11860000342130661,0.1680999994277954,0.1597999930381775,0.08789999783039093,0.8546000123023987
ENSG00000180432,Endoplasmic reticulum,Signal peptide|Transmembrane domain,Peripheral|Transmembrane,0.1777999997138977,0.13699999451637268,0.09290000051259995,0.21130000054836273,0.2791999876499176,0.02019999921321869,0.8604000210762024,0.14309999346733093,0.1289999932050705,0.034699998795986176,0.822700023651123,0.6087999939918518,0.2556000053882599,0.29429998993873596
ENSG00000180537,Cell membrane|Lysosome/Vacuole,Transmembrane domain,Transmembrane,0.31709998846054077,0.25999999046325684,0.07100000232458115,0.569100022315979,0.15839999914169312,0.01860000006854534,0.5954999923706055,0.6506999731063843,0.6039000153541565,0.04309999942779541,0.11599999666213989,0.9815000295639038,0.5317999720573425,0.11879999935626984
ENSG00000180549,Golgi apparatus,Signal peptide|Transmembrane domain,Transmembrane,0.19789999723434448,0.0778999999165535,0.40709999203681946,0.314300000667572,0.0803999975323677,0.001500000013038516,0.5623000264167786,0.23649999499320984,0.6877999901771545,0.024800000712275505,0.5347999930381775,0.7060999870300293,0.20720000565052032,0.36809998750686646
ENSG00000180638,Cell membrane,Signal peptide|Transmembrane domain,Transmembrane,0.08889999985694885,0.07180000096559525,0.06710000336170197,0.7283999919891357,0.22660000622272491,0.023099999874830246,0.5235999822616577,0.23280000686645508,0.2736000120639801,0.29600000381469727,0.11959999799728394,0.9854000210762024,0.22830000519752502,0.10040000081062317
ENSG00000180767,Golgi apparatus,Signal peptide,Transmembrane,0.1728000044822693,0.08900000154972076,0.5164999961853027,0.3400999903678894,0.15209999680519104,0.004999999888241291,0.33500000834465027,0.2971999943256378,0.8637999892234802,0.01209999993443489,0.3540000021457672,0.7330999970436096,0.16779999434947968,0.367900013923645
ENSG00000180773,Cell membrane|Lysosome/Vacuole,Transmembrane domain,Transmembrane,0.13729999959468842,0.04729999974370003,0.039900001138448715,0.7544999718666077,0.09950000047683716,0.008999999612569809,0.2883000075817108,0.7245000004768372,0.3465000092983246,0.05339999869465828,0.039000000804662704,0.9861999750137329,0.10599999874830246,0.12290000170469284
ENSG00000180817,Cytoplasm,,Soluble,0.8296999931335449,0.30079999566078186,0.08990000188350677,0.24289999902248383,0.20579999685287476,0.009600000455975533,0.23340000212192535,0.193900004029274,0.16439999639987946,0.1467999964952469,0.3921999931335449,0.05079999938607216,0.27630001306533813,0.7505999803543091
ENSG00000181019,Cytoplasm,Peroxisomal targeting signal,Soluble,0.6274999976158142,0.22679999470710754,0.16940000653266907,0.046300001442432404,0.4684000015258789,0.012299999594688416,0.10830000042915344,0.11789999902248383,0.13259999454021454,0.40639999508857727,0.5138999819755554,0.11710000038146973,0.18320000171661377,0.7659000158309937
ENSG00000181035,Mitochondrion,Transmembrane domain|Mitochondrial transit peptide,Transmembrane,0.09229999780654907,0.10440000146627426,0.10649999976158142,0.18019999563694,0.8772000074386597,0.093299999833107,0.1907999962568283,0.27869999408721924,0.2711000144481659,0.2802000045776367,0.15790000557899475,0.9542999863624573,0.0617000013589859,0.1453000009059906
ENSG00000181045,Cell membrane|Lysosome/Vacuole,Transmembrane domain,Transmembrane,0.17820000648498535,0.09229999780654907,0.029400000348687172,0.647599995136261,0.1454000025987625,0.0031999999191612005,0.4345000088214874,0.7038999795913696,0.4578000009059906,0.08229999989271164,0.25619998574256897,0.9732999801635742,0.12559999525547028,0.14000000059604645
ENSG00000181090,Nucleus,Nuclear localization signal,Soluble,0.16529999673366547,0.9797000288963318,0.027899999171495438,0.06930000334978104,0.04259999841451645,0.04490000009536743,0.0649000033736229,0.02319999970495701,0.02199999988079071,0.0027000000700354576,0.272599995136261,0.07039999961853027,0.09560000151395798,0.9110000133514404
ENSG00000181191,Cytoplasm,Nuclear localization signal|Nuclear export signal,Lipid anchor|Soluble,0.6604999899864197,0.48919999599456787,0.04450000077486038,0.17260000109672546,0.16949999332427979,0.09719999879598618,0.3343999981880188,0.20340000092983246,0.4431000053882599,0.1550000011920929,0.5085999965667725,0.2597000002861023,0.8903999924659729,0.5098000168800354
ENSG00000181192,Mitochondrion,Mitochondrial transit peptide,Soluble,0.29030001163482666,0.21870000660419464,0.05009999871253967,0.10260000079870224,0.866100013256073,0.0005000000237487257,0.10480000078678131,0.11400000005960464,0.09870000183582306,0.004999999888241291,0.4390999972820282,0.07580000162124634,0.06679999828338623,0.8824999928474426
ENSG00000181523,Endoplasmic reticulum,Signal peptide,Soluble,0.27079999446868896,0.06300000101327896,0.5863000154495239,0.3303999900817871,0.13009999692440033,0.0006000000284984708,0.7828999757766724,0.4586000144481659,0.29589998722076416,0.028200000524520874,0.32350000739097595,0.1023000031709671,0.4961000084877014,0.7781000137329102
ENSG00000181555,Nucleus,Nuclear localization signal,Soluble,0.21629999577999115,0.9376000165939331,0.02199999988079071,0.06769999861717224,0.03310000151395798,0.011500000022351742,0.0551999993622303,0.04170000180602074,0.046300001442432404,0.002199999988079071,0.2484000027179718,0.10010000318288803,0.04470000043511391,0.8998000025749207
ENSG00000181788,Cytoplasm,Nuclear export signal,Soluble,0.633400022983551,0.49959999322891235,0.024299999698996544,0.20329999923706055,0.17810000479221344,0.006300000008195639,0.10260000079870224,0.2732999920845032,0.27469998598098755,0.07039999961853027,0.361299991607666,0.06199999898672104,0.33980000019073486,0.8043000102043152
ENSG00000181789,Cytoplasm,Nuclear export signal,Peripheral|Soluble,0.5461999773979187,0.32679998874664307,0.01899999938905239,0.357699990272522,0.21619999408721924,0.012000000104308128,0.41510000824928284,0.40220001339912415,0.6128000020980835,0.01730000041425228,0.6820999979972839,0.0617000013589859,0.18369999527931213,0.7573999762535095
ENSG00000181804,Cell membrane|Lysosome/Vacuole,Signal peptide|Transmembrane domain,Transmembrane,0.14650000631809235,0.04690000042319298,0.019999999552965164,0.659600019454956,0.05900000035762787,0.010599999688565731,0.42149999737739563,0.7350999712944031,0.5687000155448914,0.024000000208616257,0.0608999989926815,0.9858999848365784,0.14869999885559082,0.13210000097751617
ENSG00000181830,Golgi apparatus,Transmembrane domain,Transmembrane,0.09009999781847,0.11490000039339066,0.0640999972820282,0.28369998931884766,0.23270000517368317,0.021400000900030136,0.4661000072956085,0.32710000872612,0.8572999835014343,0.04560000076889992,0.09690000116825104,0.9750000238418579,0.1923999935388565,0.09099999815225601
ENSG00000181852,Cytoplasm,Nuclear export signal,Soluble,0.6929000020027161,0.4302999973297119,0.07429999858140945,0.14470000565052032,0.1371999979019165,0.002099999925121665,0.16779999434947968,0.24740000069141388,0.2078000009059906,0.13169999420642853,0.34209999442100525,0.1216999962925911,0.42100000381469727,0.8658000230789185
ENSG00000181856,Cell membrane,Transmembrane domain,Transmembrane,0.1404999941587448,0.06319999694824219,0.04179999977350235,0.8440999984741211,0.23929999768733978,0.004900000058114529,0.2386000007390976,0.489300012588501,0.4738999903202057,0.08449999988079071,0.14640000462532043,0.9675999879837036,0.29820001125335693,0.13379999995231628
ENSG00000181867,Mitochondrion,Mitochondrial transit peptide,Soluble,0.3070000112056732,0.164000004529953,0.07440000027418137,0.07460000365972519,0.8317999839782715,0.01600000075995922,0.04390000179409981,0.13490000367164612,0.10239999741315842,0.10599999874830246,0.36959999799728394,0.0478999987244606,0.4690999984741211,0.76910001039505
ENSG00000181915,Cytoplasm|Nucleus,Nuclear export signal,Soluble,0.6466000080108643,0.5426999926567078,0.016499999910593033,0.13300000131130219,0.2533999979496002,0.0052999998442828655,0.4505000114440918,0.31040000915527344,0.3720000088214874,0.07590000331401825,0.266400009393692,0.06620000302791595,0.22100000083446503,0.8828999996185303
ENSG00000182022,Golgi apparatus,Signal peptide|Transmembrane domain,Transmembrane,0.2321999967098236,0.12620000541210175,0.1216999962925911,0.18639999628067017,0.09059999883174896,0.00279999990016222,0.4120999872684479,0.1964000016450882,0.9090999960899353,0.025499999523162842,0.20900000631809235,0.9614999890327454,0.17669999599456787,0.1720000058412552
ENSG00000182050,Golgi apparatus,Signal peptide|Transmembrane domain,Transmembrane,0.18970000743865967,0.12890000641345978,0.29350000619888306,0.12449999898672104,0.05889999866485596,0.0035000001080334187,0.36000001430511475,0.2393999993801117,0.9449999928474426,0.02810000069439411,0.3305000066757202,0.9194999933242798,0.08699999749660492,0.23980000615119934
ENSG00000182054,Mitochondrion,Mitochondrial transit peptide,Peripheral|Soluble,0.26170000433921814,0.15649999678134918,0.04280000180006027,0.14470000565052032,0.9322999715805054,0.000699999975040555,0.05920000001788139,0.11460000276565552,0.1395999938249588,0.08219999819993973,0.63919997215271,0.0681999996304512,0.27320000529289246,0.7993999719619751
ENSG00000182156,Cell membrane,,Lipid anchor,0.08640000224113464,0.041200000792741776,0.4544000029563904,0.7355999946594238,0.06459999829530716,0.0017000000225380063,0.3359000086784363,0.48339998722076416,0.24779999256134033,0.04729999974370003,0.3001999855041504,0.35929998755455017,0.894599974155426,0.412200003862381
ENSG00000182179,Cytoplasm,,Soluble,0.7087000012397766,0.3594000041484833,0.08879999816417694,0.10499999672174454,0.27720001339912415,0.009600000455975533,0.13539999723434448,0.21240000426769257,0.21449999511241913,0.0210999995470047,0.47350001335144043,0.13989999890327454,0.17350000143051147,0.8120999932289124
ENSG00000182197,Golgi apparatus,Signal peptide|Transmembrane domain,Transmembrane,0.11540000140666962,0.09669999778270721,0.4187999963760376,0.20340000092983246,0.09860000014305115,0.018200000748038292,0.4020000100135803,0.186599999666214,0.8899000287055969,0.05849999934434891,0.2816999852657318,0.920799970626831,0.13050000369548798,0.22300000488758087
ENSG00000182199,Mitochondrion,Mitochondrial transit peptide,Soluble,0.30709999799728394,0.16529999673366547,0.05040000006556511,0.12960000336170197,0.9399999976158142,0.0026000000070780516,0.14949999749660492,0.12790000438690186,0.14650000631809235,0.029500000178813934,0.588699996471405,0.04270000010728836,0.34549999237060547,0.8093000054359436
ENSG00000182224,Cytoplasm,Nuclear export signal,Peripheral|Soluble,0.7777000069618225,0.429500013589859,0.023000000044703484,0.1467999964952469,0.21969999372959137,0.002199999988079071,0.44670000672340393,0.26010000705718994,0.13330000638961792,0.009499999694526196,0.6190000176429749,0.047200001776218414,0.16009999811649323,0.8190000057220459
ENSG00000182247,Cytoplasm|Nucleus,Nuclear localization signal,Soluble,0.6564000248908997,0.5595999956130981,0.047200001776218414,0.26179999113082886,0.0729999989271164,0.00930000003427267,0.1931000053882599,0.12300000339746475,0.3208000063896179,0.023800000548362732,0.5065000057220459,0.03840000182390213,0.3788999915122986,0.7958999872207642
ENSG00000182272,Golgi apparatus,Signal peptide|Transmembrane domain,Transmembrane,0.1923000067472458,0.11169999837875366,0.49549999833106995,0.2678999900817871,0.07339999824762344,0.007699999958276749,0.3418000042438507,0.15119999647140503,0.8489999771118164,0.051100000739097595,0.28780001401901245,0.8867999911308289,0.16680000722408295,0.3003999888896942
ENSG00000182333,Extracellular,Signal peptide,Soluble,0.15440000593662262,0.03959999978542328,0.8130000233650208,0.26809999346733093,0.06599999964237213,0.007000000216066837,0.39579999446868896,0.5367000102996826,0.266400009393692,0.002400000113993883,0.38179999589920044,0.18310000002384186,0.18889999389648438,0.76910001039505
ENSG00000182415,Nucleus,Nuclear localization signal,Soluble,0.3019999861717224,0.815500020980835,0.049400001764297485,0.10649999976158142,0.08399999886751175,0.04879999905824661,0.07050000131130219,0.019899999722838402,0.03579999879002571,0.10189999639987946,0.3465999960899353,0.05530000105500221,0.35989999771118164,0.8729000091552734
ENSG00000182551,Cytoplasm|Nucleus,Nuclear localization signal|Nuclear export signal,Soluble,0.6572999954223633,0.5335999727249146,0.09560000151395798,0.2529999911785126,0.17810000479221344,0.006099999882280827,0.17000000178813934,0.11400000005960464,0.10939999669790268,0.03269999846816063,0.5040000081062317,0.03680000081658363,0.32260000705718994,0.8583999872207642
ENSG00000182601,Golgi apparatus,Signal peptide|Transmembrane domain,Transmembrane,0.15860000252723694,0.06790000200271606,0.2897000014781952,0.28679999709129333,0.08810000121593475,0.004900000058114529,0.5232999920845032,0.2662999927997589,0.9264000058174133,0.04179999977350235,0.1680999994277954,0.9279000163078308,0.3077999949455261,0.20000000298023224
ENSG00000182621,Cytoplasm|Cell membrane,Nuclear export signal,Peripheral|Soluble,0.7523999810218811,0.32679998874664307,0.07069999724626541,0.5692999958992004,0.22059999406337738,0.012400000356137753,0.17270000278949738,0.44530001282691956,0.2639999985694885,0.029200000688433647,0.6413000226020813,0.055799998342990875,0.26579999923706055,0.8475000262260437
ENSG00000182670,Cytoplasm,Nuclear localization signal,Soluble,0.7865999937057495,0.4131999909877777,0.045099999755620956,0.13099999725818634,0.13300000131130219,0.006099999882280827,0.21950000524520874,0.17730000615119934,0.2540000081062317,0.04740000143647194,0.37630000710487366,0.12960000336170197,0.13420000672340393,0.8618999719619751
ENSG00000182793,Cytoplasm,Peroxisomal targeting signal,Soluble,0.8190000057220459,0.17910000681877136,0.3215999901294708,0.2492000013589859,0.1746000051498413,0.03359999880194664,0.26570001244544983,0.09440000355243683,0.34860000014305115,0.2612999975681305,0.3465000092983246,0.11060000211000443,0.1509000062942505,0.807699978351593
ENSG00000182858,Endoplasmic reticulum,Signal peptide|Transmembrane domain,Transmembrane,0.10670000314712524,0.11789999902248383,0.03099999949336052,0.32919999957084656,0.29760000109672546,0.012400000356137753,0.8880000114440918,0.271699994802475,0.58160001039505,0.018400000408291817,0.17270000278949738,0.963699996471405,0.1673000007867813,0.21150000393390656
ENSG00000182870,Golgi apparatus,Signal peptide|Transmembrane domain,Transmembrane,0.1404000073671341,0.05380000174045563,0.4683000147342682,0.2556999921798706,0.1006999984383583,0.011099999770522118,0.3668000102043152,0.3815000057220459,0.9459999799728394,0.07169999927282333,0.21089999377727509,0.9384999871253967,0.2078000009059906,0.21529999375343323
ENSG00000182890,Mitochondrion,Mitochondrial transit peptide,Soluble,0.19769999384880066,0.16169999539852142,0.03460000082850456,0.1574999988079071,0.9297000169754028,0.001500000013038516,0.11749999970197678,0.09179999679327011,0.1889999955892563,0.09160000085830688,0.5630999803543091,0.12680000066757202,0.38029998540878296,0.6876999735832214
ENSG00000182902,Mitochondrion,Transmembrane domain|Mitochondrial transit peptide,Transmembrane,0.17409999668598175,0.10589999705553055,0.05490000173449516,0.15279999375343323,0.9126999974250793,0.027300000190734863,0.19519999623298645,0.1543000042438507,0.21850000321865082,0.06319999694824219,0.12690000236034393,0.9541000127792358,0.0982000008225441,0.12449999898672104
ENSG00000183010,Cytoplasm,Peroxisomal targeting signal,Soluble,0.6316999793052673,0.2526000142097473,0.05559999868273735,0.19210000336170197,0.47189998626708984,0.019700000062584877,0.24410000443458557,0.2549000084400177,0.39899998903274536,0.18569999933242798,0.570900022983551,0.07959999889135361,0.6237000226974487,0.7804999947547913
ENSG00000183023,Cell membrane,Signal peptide|Transmembrane domain,Transmembrane,0.10689999908208847,0.08060000091791153,0.031700000166893005,0.8399999737739563,0.2363000065088272,0.0044999998062849045,0.45239999890327454,0.3418999910354614,0.43380001187324524,0.049400001764297485,0.08209999650716782,0.9768999814987183,0.1670999974012375,0.14419999718666077
ENSG00000183032,Mitochondrion,Mitochondrial transit peptide,Transmembrane,0.15469999611377716,0.15119999647140503,0.06589999794960022,0.1535000056028366,0.8676999807357788,0.028599999845027924,0.13809999823570251,0.23520000278949738,0.2694000005722046,0.1915999948978424,0.18610000610351562,0.932200014591217,0.13079999387264252,0.1476999968290329
ENSG00000183044,Mitochondrion,Mitochondrial transit peptide,Soluble,0.2784999907016754,0.10660000145435333,0.08449999988079071,0.16200000047683716,0.9065999984741211,0.0026000000070780516,0.10199999809265137,0.062199998646974564,0.11559999734163284,0.02019999921321869,0.5573999881744385,0.13850000500679016,0.20919999480247498,0.7702999711036682
ENSG00000183048,Mitochondrion,Transmembrane domain|Mitochondrial transit peptide,Transmembrane,0.17499999701976776,0.11479999870061874,0.029600000008940697,0.19850000739097595,0.8495000004768372,0.026900000870227814,0.21559999883174896,0.19850000739097595,0.25609999895095825,0.09920000284910202,0.16279999911785126,0.916700005531311,0.06790000200271606,0.17960000038146973
ENSG00000183077,Cytoplasm|Nucleus,Nuclear localization signal|Nuclear export signal,Soluble,0.7585999965667725,0.5527999997138977,0.11949999630451202,0.23469999432563782,0.20280000567436218,0.004999999888241291,0.26080000400543213,0.22339999675750732,0.16680000722408295,0.022600000724196434,0.36890000104904175,0.2547000050544739,0.17509999871253967,0.7706999778747559
ENSG00000183196,Golgi apparatus,Signal peptide|Transmembrane domain,Transmembrane,0.1940000057220459,0.06729999929666519,0.44839999079704285,0.3237000107765198,0.0737999975681305,0.003100000089034438,0.5849999785423279,0.19439999759197235,0.8273000121116638,0.029200000688433647,0.39959999918937683,0.7910000085830688,0.22699999809265137,0.38929998874664307
ENSG00000183463,Peroxisome,Peroxisomal targeting signal,Soluble,0.37459999322891235,0.0803999975323677,0.19439999759197235,0.11320000141859055,0.4327000081539154,0.01489999983459711,0.03189999982714653,0.05220000073313713,0.14380000531673431,0.9904000163078308,0.4397999942302704,0.057500001043081284,0.25189998745918274,0.8033000230789185
ENSG00000183479,Cytoplasm|Nucleus,Nuclear export signal,Soluble,0.6176999807357788,0.6367999911308289,0.07569999992847443,0.04859999939799309,0.304500013589859,0.005100000184029341,0.09030000120401382,0.16529999673366547,0.15369999408721924,0.1632000058889389,0.2395000010728836,0.05719999969005585,0.2628999948501587,0.9114000201225281
ENSG00000183549,Mitochondrion,Mitochondrial transit peptide,Peripheral|Soluble,0.22840000689029694,0.14190000295639038,0.08460000157356262,0.14560000598430634,0.8949000239372253,0.0008999999845400453,0.09279999881982803,0.10939999669790268,0.0706000030040741,0.026900000870227814,0.6087999939918518,0.15539999306201935,0.12020000070333481,0.775600016117096
ENSG00000183648,Mitochondrion,Transmembrane domain,Transmembrane,0.12349999696016312,0.19529999792575836,0.033799998462200165,0.08640000224113464,0.9088000059127808,0.09969999641180038,0.10329999774694443,0.032999999821186066,0.026499999687075615,0.04479999840259552,0.2215999960899353,0.9646999835968018,0.05730000138282776,0.12430000305175781
ENSG00000183654,Lysosome/Vacuole,Signal peptide|Transmembrane domain,Transmembrane,0.17839999496936798,0.1615999937057495,0.0272000003606081,0.4652999937534332,0.2362000048160553,0.0421999990940094,0.599399983882904,0.6448000073432922,0.6420999765396118,0.01209999993443489,0.11599999666213989,0.9937999844551086,0.11020000278949738,0.07909999787807465
ENSG00000183696,Cytoplasm,,Soluble,0.7910000085830688,0.3562999963760376,0.10279999673366547,0.2551000118255615,0.3352000117301941,0.007400000002235174,0.20200000703334808,0.04820000007748604,0.12460000067949295,0.10920000076293945,0.287200003862381,0.12049999833106995,0.2630999982357025,0.8705000281333923
ENSG00000183747,Mitochondrion,Mitochondrial transit peptide,Soluble,0.20970000326633453,0.17389999330043793,0.0738999992609024,0.11299999803304672,0.8547999858856201,0.0017999999690800905,0.12460000067949295,0.07370000332593918,0.08089999854564667,0.01549999974668026,0.5633000135421753,0.1429000049829483,0.1177000030875206,0.8101999759674072
ENSG00000183760,Extracellular,Signal peptide,Soluble,0.1695999950170517,0.11079999804496765,0.8471999764442444,0.38179999589920044,0.17159999907016754,0.00139999995008111,0.4893999993801117,0.5157999992370605,0.4763999879360199,0.007000000216066837,0.43639999628067017,0.17319999635219574,0.22619999945163727,0.779699981212616
ENSG00000183778,Golgi apparatus,Signal peptide|Transmembrane domain,Transmembrane,0.13950000703334808,0.08240000158548355,0.4968999922275543,0.16820000112056732,0.08259999752044678,0.00139999995008111,0.35359999537467957,0.241799995303154,0.8826000094413757,0.004100000020116568,0.41609999537467957,0.4925999939441681,0.20999999344348907,0.42489999532699585
ENSG00000183828,Cytoplasm,Peroxisomal targeting signal,Soluble,0.6976000070571899,0.34459999203681946,0.09880000352859497,0.16940000653266907,0.45329999923706055,0.0066999997943639755,0.15199999511241913,0.2775000035762787,0.17339999973773956,0.4262000024318695,0.2815000116825104,0.4325000047683716,0.2667999863624573,0.6832000017166138
ENSG00000183921,Endoplasmic reticulum,Signal peptide|Transmembrane domain,Transmembrane,0.249099999666214,0.16660000383853912,0.056299999356269836,0.24140000343322754,0.23919999599456787,0.004800000227987766,0.8445000052452087,0.23800000548362732,0.4941999912261963,0.22709999978542328,0.3228999972343445,0.8335999846458435,0.2786000072956085,0.2883000075817108
ENSG00000183955,Nucleus,Nuclear localization signal,Soluble,0.3571000099182129,0.8895000219345093,0.04410000145435333,0.10400000214576721,0.25519999861717224,0.025800000876188278,0.08219999819993973,0.03400000184774399,0.05849999934434891,0.010300000198185444,0.28540000319480896,0.05939999967813492,0.3208000063896179,0.901199996471405
ENSG00000184005,Golgi apparatus,Signal peptide|Transmembrane domain,Transmembrane,0.10360000282526016,0.08889999985694885,0.4943999946117401,0.2295999974012375,0.1031000018119812,0.014999999664723873,0.20919999480247498,0.17820000648498535,0.8434000015258789,0.017999999225139618,0.2168000042438507,0.8343999981880188,0.4221999943256378,0.30250000953674316
ENSG00000184076,Mitochondrion,Transmembrane domain,Transmembrane,0.1273999959230423,0.12520000338554382,0.03099999949336052,0.09669999778270721,0.8859000205993652,0.02070000022649765,0.046799998730421066,0.07199999690055847,0.06430000066757202,0.04650000110268593,0.20389999449253082,0.977400004863739,0.04670000076293945,0.07240000367164612
ENSG00000184154,Cytoplasm|Nucleus,,Soluble,0.6313999891281128,0.6184999942779541,0.01899999938905239,0.1137000024318695,0.10279999673366547,0.00419999985024333,0.1379999965429306,0.14090000092983246,0.17030000686645508,0.014399999752640724,0.3393000066280365,0.02539999969303608,0.09279999881982803,0.9298999905586243
ENSG00000184182,Cytoplasm|Nucleus,Nuclear export signal,Soluble,0.6182000041007996,0.535099983215332,0.028599999845027924,0.21639999747276306,0.12540000677108765,0.01119999960064888,0.23690000176429749,0.259799987077713,0.4641000032424927,0.04019999876618385,0.4392000138759613,0.039500001817941666,0.38679999113082886,0.7958999872207642
ENSG00000184207,Cytoplasm,,Soluble,0.7480000257492065,0.36000001430511475,0.07989999651908875,0.25609999895095825,0.42239999771118164,0.001500000013038516,0.11079999804496765,0.2110999971628189,0.09430000185966492,0.053599998354911804,0.4153999984264374,0.18619999289512634,0.29280000925064087,0.7886999845504761
ENSG00000184227,Peroxisome,Peroxisomal targeting signal,Soluble,0.28679999709129333,0.14319999516010284,0.03400000184774399,0.22050000727176666,0.30059999227523804,0.0010999999940395355,0.13500000536441803,0.13689999282360077,0.08799999952316284,0.8410999774932861,0.47589999437332153,0.09350000321865082,0.4677000045776367,0.7911999821662903
ENSG00000184254,Cytoplasm|Cell membrane,,Soluble,0.7261000275611877,0.18960000574588776,0.051899999380111694,0.5769000053405762,0.271699994802475,0.010400000028312206,0.2590000033378601,0.17470000684261322,0.08919999748468399,0.12600000202655792,0.39100000262260437,0.10419999808073044,0.33469998836517334,0.784500002861023
ENSG00000184304,Cytoplasm,Nuclear export signal,Peripheral|Soluble,0.7372000217437744,0.40700000524520874,0.03750000149011612,0.4025000035762787,0.1632000058889389,0.005900000222027302,0.17679999768733978,0.49380001425743103,0.42660000920295715,0.04740000143647194,0.642300009727478,0.1088000014424324,0.14190000295639038,0.7515000104904175
ENSG00000184343,Cytoplasm|Nucleus,Nuclear localization signal,Soluble,0.736299991607666,0.6093999743461609,0.046300001442432404,0.17110000550746918,0.10080000013113022,0.0003000000142492354,0.12430000305175781,0.16439999639987946,0.14390000700950623,0.0052999998442828655,0.4041000008583069,0.058800000697374344,0.2062000036239624,0.8626999855041504
ENSG00000184381,Cytoplasm,Nuclear export signal,Soluble,0.7631000280380249,0.26019999384880066,0.10509999841451645,0.35530000925064087,0.3612000048160553,0.10679999738931656,0.34689998626708984,0.43070000410079956,0.49079999327659607,0.06430000066757202,0.5683000087738037,0.13420000672340393,0.31679999828338623,0.7310000061988831
ENSG00000184470,Mitochondrion,Mitochondrial transit peptide,Peripheral|Soluble,0.3010999858379364,0.19760000705718994,0.04410000145435333,0.20600000023841858,0.8634999990463257,0.00039999998989515007,0.12690000236034393,0.18129999935626984,0.10339999943971634,0.01119999960064888,0.6381999850273132,0.1454000025987625,0.46000000834465027,0.613099992275238
ENSG00000184588,Cytoplasm|Cell membrane,Nuclear export signal,Soluble,0.6220999956130981,0.4180000126361847,0.014800000004470348,0.5760999917984009,0.225600004196167,0.008299999870359898,0.147599995136261,0.3192000091075897,0.36910000443458557,0.02370000071823597,0.5048999786376953,0.09059999883174896,0.2660999894142151,0.8025000095367432
ENSG00000184752,Mitochondrion,Mitochondrial transit peptide,Peripheral,0.22349999845027924,0.12150000035762787,0.048500001430511475,0.14390000700950623,0.8937000036239624,0.05889999866485596,0.19760000705718994,0.1860000044107437,0.09239999949932098,0.03189999982714653,0.7699000239372253,0.1445000022649765,0.0617000013589859,0.46970000863075256
ENSG00000184787,Cytoplasm|Nucleus,Nuclear export signal,Soluble,0.796999990940094,0.5360999703407288,0.035599999129772186,0.1534000039100647,0.06289999932050705,0.0017000000225380063,0.39910000562667847,0.17569999396800995,0.5379999876022339,0.13410000503063202,0.49149999022483826,0.048900000751018524,0.18790000677108765,0.7874000072479248
ENSG00000184788,Cytoplasm|Nucleus,Nuclear localization signal,Soluble,0.6299999952316284,0.5717999935150146,0.05920000001788139,0.11670000106096268,0.09709999710321426,0.013199999928474426,0.1632000058889389,0.13899999856948853,0.08139999955892563,0.013799999840557575,0.25940001010894775,0.1665000021457672,0.2451000064611435,0.7846999764442444
ENSG00000184860,Endoplasmic reticulum,Signal peptide|Transmembrane domain,Transmembrane,0.28679999709129333,0.17880000174045563,0.040699999779462814,0.23240000009536743,0.3319999873638153,0.02850000001490116,0.8639000058174133,0.34950000047683716,0.5149999856948853,0.12880000472068787,0.2434999942779541,0.9128999710083008,0.36410000920295715,0.21490000188350677
ENSG00000184979,Cytoplasm|Nucleus,,Soluble,0.6262999773025513,0.5027999877929688,0.0502999983727932,0.13259999454021454,0.44620001316070557,0.005400000140070915,0.23810000717639923,0.26579999923706055,0.17389999330043793,0.010300000198185444,0.387800008058548,0.11569999903440475,0.2460000067949295,0.8822000026702881
ENSG00000184983,Mitochondrion,Mitochondrial transit peptide,Peripheral,0.06360000371932983,0.12060000002384186,0.007499999832361937,0.04399999976158142,0.9638000130653381,0.025299999862909317,0.019099999219179153,0.03759999945759773,0.017500000074505806,0.03629999980330467,0.7307999730110168,0.1891999989748001,0.08190000057220459,0.3702999949455261
ENSG00000184999,Cell membrane,Transmembrane domain,Transmembrane,0.1800999939441681,0.07240000367164612,0.04960000142455101,0.7294999957084656,0.07829999923706055,0.008999999612569809,0.14399999380111694,0.21150000393390656,0.2110999971628189,0.12449999898672104,0.07270000129938126,0.9672999978065491,0.14149999618530273,0.1972000002861023
ENSG00000185000,Endoplasmic reticulum,Signal peptide|Transmembrane domain,Transmembrane,0.11729999631643295,0.18709999322891235,0.04190000146627426,0.34540000557899475,0.23639999330043793,0.057500001043081284,0.7020999789237976,0.19300000369548798,0.3646000027656555,0.016699999570846558,0.07339999824762344,0.9876999855041504,0.07509999722242355,0.09969999641180038
ENSG00000185013,Cytoplasm,,Peripheral|Soluble,0.7441999912261963,0.3034000098705292,0.10480000078678131,0.359499990940094,0.15850000083446503,0.014499999582767487,0.2937999963760376,0.16670000553131104,0.17180000245571136,0.17299999296665192,0.6348999738693237,0.12240000069141388,0.2231999933719635,0.7240999937057495
ENSG00000185015,Cytoplasm,,Soluble,0.732200026512146,0.28220000863075256,0.42340001463890076,0.21150000393390656,0.05920000001788139,0.011099999770522118,0.17820000648498535,0.2964000105857849,0.12319999933242798,0.009800000116229057,0.5508000254631042,0.015399999916553497,0.25209999084472656,0.8826000094413757
ENSG00000185052,Cell membrane,Signal peptide|Transmembrane domain,Transmembrane,0.08959999680519104,0.12479999661445618,0.05889999866485596,0.6600000262260437,0.21389999985694885,0.003599999938160181,0.3750999867916107,0.2985999882221222,0.4796999990940094,0.06560000032186508,0.0608999989926815,0.9790999889373779,0.17569999396800995,0.13379999995231628
ENSG00000185100,Cytoplasm|Nucleus,Nuclear localization signal,Soluble,0.5519999861717224,0.6970000267028809,0.08789999783039093,0.14749999344348907,0.2434999942779541,0.005799999926239252,0.08370000123977661,0.11640000343322754,0.0658000037074089,0.08550000190734863,0.37630000710487366,0.03449999913573265,0.35659998655319214,0.8865000009536743
ENSG00000185133,Cytoplasm,Nuclear localization signal,Soluble,0.6445000171661377,0.3968999981880188,0.13079999387264252,0.38580000400543213,0.11949999630451202,0.004999999888241291,0.28189998865127563,0.29679998755455017,0.34439998865127563,0.07649999856948853,0.4722000062465668,0.09160000085830688,0.2971000075340271,0.824400007724762
ENSG00000185274,Golgi apparatus,Signal peptide|Transmembrane domain,Transmembrane,0.13650000095367432,0.0649000033736229,0.4255000054836273,0.2433999925851822,0.11659999936819077,0.009200000204145908,0.373199999332428,0.2531000077724457,0.9304999709129333,0.0754999965429306,0.17069999873638153,0.9379000067710876,0.20229999721050262,0.2280000001192093
ENSG00000185344,Cell membrane,Transmembrane domain,Transmembrane,0.2492000013589859,0.045499999076128006,0.010700000450015068,0.6861000061035156,0.13420000672340393,0.013500000350177288,0.6080999970436096,0.5576000213623047,0.41659998893737793,0.01140000019222498,0.2971999943256378,0.9663000106811523,0.05040000006556511,0.10920000076293945
ENSG00000185345,Cytoplasm,Nuclear export signal,Soluble,0.6643999814987183,0.47369998693466187,0.05460000038146973,0.16040000319480896,0.26080000400543213,0.00930000003427267,0.36719998717308044,0.3402000069618225,0.24240000545978546,0.012000000104308128,0.37439998984336853,0.058400001376867294,0.21050000190734863,0.8500000238418579
ENSG00000185352,Golgi apparatus,Signal peptide|Transmembrane domain,Transmembrane,0.15800000727176666,0.07829999923706055,0.428600013256073,0.24150000512599945,0.11869999766349792,0.01119999960064888,0.34279999136924744,0.21119999885559082,0.9402999877929688,0.06120000034570694,0.12150000035762787,0.9320999979972839,0.6183000206947327,0.2290000021457672
ENSG00000185420,Cytoplasm|Nucleus,Nuclear export signal,Soluble,0.6920999884605408,0.6611999869346619,0.009200000204145908,0.1444000005722046,0.28600001335144043,0.007199999876320362,0.24199999868869781,0.1881999969482422,0.15620000660419464,0.045499999076128006,0.36820000410079956,0.10930000245571136,0.3197000026702881,0.8490999937057495
ENSG00000185527,Cytoplasm|Nucleus,Nuclear localization signal,Soluble,0.6114000082015991,0.7300999760627747,0.09030000120401382,0.08969999849796295,0.15839999914169312,0.042899999767541885,0.15629999339580536,0.08420000225305557,0.1599999964237213,0.013700000010430813,0.2867000102996826,0.22450000047683716,0.0502999983727932,0.7063000202178955
ENSG00000185624,Endoplasmic reticulum,Signal peptide,Soluble,0.22439999878406525,0.17100000381469727,0.4117000102996826,0.20550000667572021,0.121799997985363,0.002400000113993883,0.8258000016212463,0.4666999876499176,0.3301999866962433,0.01360000018030405,0.4997999966144562,0.03009999915957451,0.33899998664855957,0.833899974822998
ENSG00000185651,Cytoplasm,Nuclear export signal,Soluble,0.6279000043869019,0.3928999900817871,0.18080000579357147,0.23800000548362732,0.2705000042915344,0.003100000089034438,0.25220000743865967,0.2678000032901764,0.550599992275238,0.06539999693632126,0.47920000553131104,0.015599999576807022,0.2578999996185303,0.8529999852180481
ENSG00000185803,Cell membrane,Signal peptide|Transmembrane domain,Transmembrane,0.1177000030875206,0.06210000067949295,0.1088000014424324,0.6872000098228455,0.14579999446868896,0.010499999858438969,0.4767000079154968,0.5303999781608582,0.486299991607666,0.0812000036239624,0.060499999672174454,0.9901999831199646,0.18549999594688416,0.1006999984383583
ENSG00000185808,Endoplasmic reticulum,Signal peptide|Transmembrane domain,Transmembrane,0.09529999643564224,0.14259999990463257,0.06909999996423721,0.26010000705718994,0.15530000627040863,0.03240000084042549,0.7588000297546387,0.31779998540878296,0.5130000114440918,0.005499999970197678,0.04529999941587448,0.9973000288009644,0.0430000014603138,0.05950000137090683
ENSG00000185813,Cytoplasm|Nucleus,Nuclear export signal,Soluble,0.7495999932289124,0.5083000063896179,0.03999999910593033,0.2231999933719635,0.365200012922287,0.0044999998062849045,0.38440001010894775,0.17270000278949738,0.30720001459121704,0.026200000196695328,0.41260001063346863,0.04149999842047691,0.3785000145435333,0.8779000043869019
ENSG00000185818,Endoplasmic reticulum,,Transmembrane,0.29440000653266907,0.2676999866962433,0.045499999076128006,0.18150000274181366,0.2856999933719635,0.03150000050663948,0.660099983215332,0.10899999737739563,0.2540000081062317,0.047200001776218414,0.4185999929904938,0.6868000030517578,0.35910001397132874,0.46299999952316284
ENSG00000185825,Endoplasmic reticulum,Signal peptide|Transmembrane domain,Transmembrane,0.11060000211000443,0.0794999971985817,0.023900000378489494,0.22349999845027924,0.0786999985575676,0.017500000074505806,0.8334000110626221,0.48820000886917114,0.580299973487854,0.010999999940395355,0.14489999413490295,0.9914000034332275,0.033900000154972076,0.07509999722242355
ENSG00000185875,Mitochondrion,Mitochondrial transit peptide,Soluble,0.22370000183582306,0.1436000019311905,0.01769999973475933,0.04270000010728836,0.9060999751091003,0.07000000029802322,0.03849999979138374,0.04390000179409981,0.09860000014305115,0.0340999998152256,0.4250999987125397,0.2167000025510788,0.14100000262260437,0.7595999836921692
ENSG00000185883,Cell membrane,,Transmembrane,0.31189998984336853,0.12849999964237213,0.0608999989926815,0.47380000352859497,0.1273999959230423,0.042399998754262924,0.2295999974012375,0.3605000078678131,0.22930000722408295,0.15929999947547913,0.06459999829530716,0.8968999981880188,0.08030000329017639,0.21860000491142273
ENSG00000185973,Mitochondrion,Mitochondrial transit peptide,Peripheral|Soluble,0.20649999380111694,0.18490000069141388,0.03550000116229057,0.1031000018119812,0.9365000128746033,0.002899999963119626,0.10199999809265137,0.07090000063180923,0.14730000495910645,0.06379999965429306,0.6161999702453613,0.14079999923706055,0.09700000286102295,0.7483000159263611
ENSG00000185974,Cytoplasm|Cell membrane,,Lipid anchor,0.6371999979019165,0.3188000023365021,0.037700001150369644,0.6226999759674072,0.20880000293254852,0.04190000146627426,0.32850000262260437,0.4178999960422516,0.5918999910354614,0.022299999371170998,0.5867000222206116,0.18729999661445618,0.9363999962806702,0.4239000082015991
ENSG00000186009,Cell membrane,Signal peptide|Transmembrane domain,Transmembrane,0.17900000512599945,0.033900000154972076,0.1606999933719635,0.753000020980835,0.10750000178813934,0.0013000000035390258,0.3937000036239624,0.4016000032424927,0.5760999917984009,0.0026000000070780516,0.19460000097751617,0.993399977684021,0.16750000417232513,0.06970000267028809
ENSG00000186010,Mitochondrion,Transmembrane domain,Transmembrane,0.18140000104904175,0.18279999494552612,0.03229999914765358,0.04179999977350235,0.8248000144958496,0.013500000350177288,0.053599998354911804,0.031700000166893005,0.0272000003606081,0.11249999701976776,0.23909999430179596,0.9783999919891357,0.09880000352859497,0.09920000284910202
ENSG00000186104,Endoplasmic reticulum,Signal peptide|Transmembrane domain,Peripheral|Transmembrane,0.11840000003576279,0.07900000363588333,0.05310000106692314,0.16670000553131104,0.24410000443458557,0.02329999953508377,0.9115999937057495,0.14810000360012054,0.1712000072002411,0.09120000153779984,0.8029000163078308,0.7286999821662903,0.24400000274181366,0.19329999387264252
ENSG00000186111,Cytoplasm,Nuclear export signal,Soluble,0.6079999804496765,0.38769999146461487,0.03550000116229057,0.5084999799728394,0.1451999992132187,0.007000000216066837,0.17149999737739563,0.35109999775886536,0.2842999994754791,0.013000000268220901,0.5442000031471252,0.0997999981045723,0.31189998984336853,0.7983999848365784
ENSG00000186115,Endoplasmic reticulum,Signal peptide|Transmembrane domain,Peripheral|Transmembrane,0.17399999499320984,0.08399999886751175,0.08429999649524689,0.2117999941110611,0.19850000739097595,0.006099999882280827,0.847599983215332,0.21150000393390656,0.13269999623298645,0.032999999821186066,0.7746000289916992,0.7490000128746033,0.3183000087738037,0.23109999299049377
ENSG00000186141,Nucleus,Nuclear localization signal,Soluble,0.18230000138282776,0.9217000007629395,0.013700000010430813,0.0348999984562397,0.0640999972820282,0.00430000014603138,0.02319999970495701,0.012000000104308128,0.01899999938905239,0.000699999975040555,0.2623000144958496,0.2361000031232834,0.19460000097751617,0.7445999979972839
ENSG00000186153,Cytoplasm,Nuclear export signal,Peripheral|Soluble,0.6686000227928162,0.3693999946117401,0.10989999771118164,0.35429999232292175,0.43849998712539673,0.018200000748038292,0.3301999866962433,0.36399999260902405,0.44920000433921814,0.008899999782443047,0.6524999737739563,0.149399995803833,0.40130001306533813,0.6920999884605408
ENSG00000186160,Endoplasmic reticulum,Signal peptide|Transmembrane domain,Peripheral|Transmembrane,0.1354999989271164,0.08709999918937683,0.0877000018954277,0.17489999532699585,0.15080000460147858,0.006200000178068876,0.902899980545044,0.1657000035047531,0.13660000264644623,0.043800000101327896,0.6978999972343445,0.7723000049591064,0.28519999980926514,0.2745000123977661
ENSG00000186187,Cytoplasm|Nucleus,,Lipid anchor|Soluble,0.5440000295639038,0.5180000066757202,0.05180000141263008,0.39590001106262207,0.2231999933719635,0.01730000041425228,0.24369999766349792,0.3961000144481659,0.491100013256073,0.039799999445676804,0.4496999979019165,0.1581999957561493,0.9635000228881836,0.506600022315979
ENSG00000186198,Endoplasmic reticulum,Signal peptide|Transmembrane domain,Transmembrane,0.2540000081062317,0.1632000058889389,0.2337000072002411,0.439300000667572,0.10379999876022339,0.4129999876022339,0.8549000024795532,0.4000999927520752,0.4697999954223633,0.6360999941825867,0.07739999890327454,0.9922999739646912,0.4650000035762787,0.11079999804496765
ENSG00000186204,Endoplasmic reticulum,Signal peptide|Transmembrane domain,Peripheral|Transmembrane,0.15469999611377716,0.06759999692440033,0.07280000299215317,0.20499999821186066,0.1753000020980835,0.006099999882280827,0.840399980545044,0.23579999804496765,0.12309999763965607,0.05429999902844429,0.7192999720573425,0.7821000218391418,0.304500013589859,0.2370000034570694
ENSG00000186281,Cytoplasm,,Peripheral|Soluble,0.49880000948905945,0.33329999446868896,0.024700000882148743,0.22030000388622284,0.5835999846458435,0.005400000140070915,0.3513000011444092,0.1193000003695488,0.2655999958515167,0.01080000028014183,0.6004999876022339,0.5077999830245972,0.41749998927116394,0.5986999869346619
ENSG00000186334,Cell membrane|Lysosome/Vacuole,Transmembrane domain,Transmembrane,0.13609999418258667,0.041200000792741776,0.03400000184774399,0.7193999886512756,0.1145000010728836,0.005900000222027302,0.27480000257492065,0.6180999875068665,0.28279998898506165,0.013100000098347664,0.04699999839067459,0.9850000143051147,0.0917000025510788,0.1307000070810318
ENSG00000186335,Cell membrane,Transmembrane domain,Transmembrane,0.11020000278949738,0.04450000077486038,0.02850000001490116,0.7634000182151794,0.1315000057220459,0.010700000450015068,0.21529999375343323,0.5792999863624573,0.29019999504089355,0.023800000548362732,0.031099999323487282,0.9850999712944031,0.08150000125169754,0.12409999966621399
ENSG00000186377,Endoplasmic reticulum,Signal peptide|Transmembrane domain,Peripheral|Transmembrane,0.12690000236034393,0.08780000358819962,0.12729999423027039,0.13650000095367432,0.17090000212192535,0.015699999406933784,0.8515999913215637,0.10589999705553055,0.08169999718666077,0.0640999972820282,0.6840000152587891,0.7527999877929688,0.23890000581741333,0.2752000093460083
ENSG00000186526,Endoplasmic reticulum,Signal peptide|Transmembrane domain,Peripheral|Transmembrane,0.14079999923706055,0.0763000026345253,0.08229999989271164,0.21379999816417694,0.2070000022649765,0.00839999970048666,0.8324999809265137,0.20800000429153442,0.11640000343322754,0.05290000140666962,0.7797999978065491,0.7734000086784363,0.2930000126361847,0.21580000221729279
ENSG00000186529,Endoplasmic reticulum,Signal peptide|Transmembrane domain,Peripheral|Transmembrane,0.1834000051021576,0.08349999785423279,0.0835999995470047,0.2232999950647354,0.21819999814033508,0.004699999932199717,0.8381999731063843,0.22930000722408295,0.1451999992132187,0.03420000150799751,0.7847999930381775,0.7279000282287598,0.311599999666214,0.2443999946117401
ENSG00000186591,Cytoplasm|Nucleus,Nuclear export signal,Soluble,0.6984999775886536,0.7245000004768372,0.051500000059604645,0.1136000007390976,0.1014999970793724,0.00839999970048666,0.18870000541210175,0.16449999809265137,0.1590999960899353,0.10819999873638153,0.35030001401901245,0.03889999911189079,0.4641000032424927,0.8234999775886536
ENSG00000186642,Cytoplasm,Nuclear export signal,Peripheral|Soluble,0.64410001039505,0.33970001339912415,0.0348999984562397,0.5083000063896179,0.24709999561309814,0.008500000461935997,0.2842999994754791,0.24410000443458557,0.33809998631477356,0.03200000151991844,0.7073000073432922,0.16110000014305115,0.8062999844551086,0.6291999816894531
ENSG00000186792,Extracellular,Signal peptide,Soluble,0.24770000576972961,0.10080000013113022,0.8568000197410583,0.3165999948978424,0.17900000512599945,0.0005000000237487257,0.34139999747276306,0.5461999773979187,0.26350000500679016,0.0007999999797903001,0.4603999853134155,0.09489999711513519,0.392300009727478,0.8140000104904175
ENSG00000186908,Endoplasmic reticulum|Golgi apparatus,Transmembrane domain,Transmembrane,0.22130000591278076,0.06480000168085098,0.013100000098347664,0.4041000008583069,0.1597999930381775,0.026599999517202377,0.7139999866485596,0.5516999959945679,0.7943999767303467,0.010900000110268593,0.17080000042915344,0.9854999780654907,0.10440000146627426,0.07349999994039536
ENSG00000187021,Extracellular,Signal peptide,Soluble,0.18529999256134033,0.0763000026345253,0.9045000076293945,0.2777000069618225,0.15600000321865082,0.026599999517202377,0.26820001006126404,0.3727000057697296,0.3005000054836273,0.0012000000569969416,0.5393000245094299,0.08649999648332596,0.2897000014781952,0.7623000144958496
ENSG00000187024,Mitochondrion,Mitochondrial transit peptide,Soluble,0.33880001306533813,0.23399999737739563,0.06750000268220901,0.12269999831914902,0.9259999990463257,0.001500000013038516,0.04450000077486038,0.08110000193119049,0.05380000174045563,0.04019999876618385,0.5835999846458435,0.1467999964952469,0.43470001220703125,0.8077999949455261
ENSG00000187048,Endoplasmic reticulum,Signal peptide|Transmembrane domain,Peripheral|Transmembrane,0.18330000340938568,0.09920000284910202,0.0714000016450882,0.188400000333786,0.14159999787807465,0.006000000052154064,0.8738999962806702,0.15549999475479126,0.12770000100135803,0.10670000314712524,0.6965000033378601,0.788100004196167,0.35089999437332153,0.2434999942779541
ENSG00000187091,Cytoplasm,Nuclear export signal,Peripheral|Soluble,0.6917999982833862,0.3481999933719635,0.061000000685453415,0.5317000150680542,0.11810000240802765,0.008299999870359898,0.2948000133037567,0.5389000177383423,0.18070000410079956,0.00930000003427267,0.6974999904632568,0.08869999647140503,0.14010000228881836,0.8080999851226807
ENSG00000187097,Extracellular,Signal peptide,Soluble,0.21570000052452087,0.06889999657869339,0.6924999952316284,0.17219999432563782,0.21379999816417694,0.010599999688565731,0.5820000171661377,0.5820000171661377,0.644599974155426,0.0026000000070780516,0.3589000105857849,0.43160000443458557,0.14069999754428864,0.6007000207901001
ENSG00000187134,Cytoplasm,,Soluble,0.8198000192642212,0.31859999895095825,0.14319999516010284,0.12139999866485596,0.37040001153945923,0.1501999944448471,0.1673000007867813,0.23549999296665192,0.06239999830722809,0.07850000262260437,0.26179999113082886,0.04450000077486038,0.12790000438690186,0.8500000238418579
ENSG00000187210,Golgi apparatus,Signal peptide,Transmembrane,0.15479999780654907,0.09969999641180038,0.33480000495910645,0.10809999704360962,0.06809999793767929,0.003100000089034438,0.16110000014305115,0.21699999272823334,0.9229000210762024,0.013199999928474426,0.24799999594688416,0.9176999926567078,0.13330000638961792,0.2619999945163727
ENSG00000187486,Cell membrane,Transmembrane domain,Transmembrane,0.15360000729560852,0.120899997651577,0.03880000114440918,0.7591999769210815,0.2533999979496002,0.06669999659061432,0.3709000051021576,0.48170000314712524,0.45879998803138733,0.023600000888109207,0.11190000176429749,0.9833999872207642,0.1340000033378601,0.1632000058889389
ENSG00000187531,Nucleus,Nuclear localization signal,Soluble,0.2976999878883362,0.9490000009536743,0.03720000013709068,0.06120000034570694,0.23319999873638153,0.012500000186264515,0.05829999968409538,0.012600000016391277,0.016899999231100082,0.03229999914765358,0.23970000445842743,0.0714000016450882,0.3328999876976013,0.9144999980926514
ENSG00000187555,Cytoplasm|Nucleus,Nuclear localization signal|Nuclear export signal,Soluble,0.664900004863739,0.7549999952316284,0.031700000166893005,0.23340000212192535,0.09160000085830688,0.0032999999821186066,0.12680000066757202,0.1995999962091446,0.10289999842643738,0.0071000000461936,0.4788999855518341,0.06800000369548798,0.09430000185966492,0.8787999749183655
ENSG00000187566,Cytoplasm,Nuclear export signal,Soluble,0.6628000140190125,0.40639999508857727,0.2865999937057495,0.27390000224113464,0.15289999544620514,0.004600000102072954,0.391400009393692,0.5205000042915344,0.3644999861717224,0.03970000147819519,0.5131999850273132,0.10599999874830246,0.41990000009536743,0.8100000023841858
ENSG00000187630,Mitochondrion,Mitochondrial transit peptide,Peripheral|Soluble,0.32420000433921814,0.14920000731945038,0.06520000100135803,0.1348000019788742,0.8720999956130981,0.004900000058114529,0.0551999993622303,0.08910000324249268,0.06909999996423721,0.014100000262260437,0.6207000017166138,0.2395000010728836,0.24940000474452972,0.6815999746322632
ENSG00000187676,Endoplasmic reticulum,Signal peptide,Soluble,0.1875,0.09969999641180038,0.5946999788284302,0.20819999277591705,0.08240000158548355,0.00989999994635582,0.8425999879837036,0.39890000224113464,0.5942000150680542,0.015799999237060547,0.40860000252723694,0.19140000641345978,0.24210000038146973,0.6830000281333923
ENSG00000187714,Cell membrane,Signal peptide|Transmembrane domain,Transmembrane,0.18719999492168427,0.06960000097751617,0.09669999778270721,0.7508000135421753,0.13840000331401825,0.008700000122189522,0.4657999873161316,0.4862000048160553,0.49239999055862427,0.1777999997138977,0.10040000081062317,0.9731000065803528,0.2386000007390976,0.13420000672340393
ENSG00000187758,Cytoplasm,,Soluble,0.6811000108718872,0.18979999423027039,0.10289999842643738,0.15230000019073486,0.09120000153779984,0.03460000082850456,0.24320000410079956,0.23270000517368317,0.11879999935626984,0.05559999868273735,0.3628999888896942,0.15719999372959137,0.09830000251531601,0.7748000025749207
ENSG00000188050,Endoplasmic reticulum|Lysosome/Vacuole,Signal peptide|Transmembrane domain,Transmembrane,0.16820000112056732,0.15889999270439148,0.03970000147819519,0.3163999915122986,0.031700000166893005,0.04450000077486038,0.6230000257492065,0.6065999865531921,0.3303999900817871,0.01549999974668026,0.10740000009536743,0.9779999852180481,0.1518000066280365,0.16300000250339508
ENSG00000188089,Cytoplasm|Cell membrane,Nuclear export signal,Peripheral|Soluble,0.6922000050544739,0.3181999921798706,0.09939999878406525,0.6043999791145325,0.34380000829696655,0.009200000204145908,0.3481000065803528,0.4643999934196472,0.34540000557899475,0.02500000037252903,0.691100001335144,0.1615000069141388,0.7791000008583069,0.6492000222206116
ENSG00000188167,Endoplasmic reticulum,Signal peptide|Transmembrane domain,Transmembrane,0.12269999831914902,0.09120000153779984,0.07540000230073929,0.2687999904155731,0.1662999987602234,0.04149999842047691,0.758899986743927,0.32030001282691956,0.5985999703407288,0.006399999838322401,0.1289999932050705,0.9866999983787537,0.07280000299215317,0.1428000032901764
ENSG00000188257,Extracellular,Signal peptide,Soluble,0.10189999639987946,0.06469999998807907,0.9531999826431274,0.14470000565052032,0.03009999915957451,0.0008999999845400453,0.17090000212192535,0.1534000039100647,0.05350000038743019,0.0005000000237487257,0.2353000044822693,0.040300000458955765,0.05609999969601631,0.8636000156402588
ENSG00000188266,Cytoplasm,Peroxisomal targeting signal,Soluble,0.8069999814033508,0.3199999928474426,0.11940000206232071,0.1657000035047531,0.2915000021457672,0.0031999999191612005,0.1745000034570694,0.21799999475479126,0.2264000028371811,0.3361999988555908,0.4163999855518341,0.08389999717473984,0.28540000319480896,0.8481000065803528
ENSG00000188338,Cell membrane,Transmembrane domain,Transmembrane,0.1526000052690506,0.04280000180006027,0.02590000070631504,0.7736999988555908,0.14090000092983246,0.008799999952316284,0.2833000123500824,0.5701000094413757,0.4302000105381012,0.01940000057220459,0.0414000004529953,0.986299991607666,0.1145000010728836,0.09860000014305115
ENSG00000188467,Cell membrane,Transmembrane domain,Transmembrane,0.09560000151395798,0.13289999961853027,0.01940000057220459,0.7822999954223633,0.2563999891281128,0.002199999988079071,0.4462999999523163,0.43799999356269836,0.41670000553131104,0.02239999920129776,0.051500000059604645,0.9699000120162964,0.15800000727176666,0.15410000085830688
ENSG00000188611,Cell membrane|Lysosome/Vacuole|Golgi apparatus,Signal peptide|Transmembrane domain,Transmembrane,0.23330000042915344,0.09629999846220016,0.36230000853538513,0.713699996471405,0.030799999833106995,0.006800000090152025,0.3197999894618988,0.6179999709129333,0.7152000069618225,0.02370000071823597,0.13989999890327454,0.9609000086784363,0.4821999967098236,0.22130000591278076
ENSG00000188641,Cytoplasm,,Soluble,0.703499972820282,0.19200000166893005,0.04919999837875366,0.17970000207424164,0.179299995303154,0.04729999974370003,0.16850000619888306,0.15539999306201935,0.15279999375343323,0.12639999389648438,0.4880000054836273,0.1559000015258789,0.1274999976158142,0.7444000244140625
ENSG00000188676,Cytoplasm,Nuclear export signal,Soluble,0.758899986743927,0.39320001006126404,0.2094999998807907,0.1843000054359436,0.36239999532699585,0.00279999990016222,0.21729999780654907,0.24529999494552612,0.19789999723434448,0.03869999945163727,0.4546999931335449,0.1793999969959259,0.15729999542236328,0.8206999897956848
ENSG00000188687,Cell membrane,Transmembrane domain,Transmembrane,0.18230000138282776,0.10429999977350235,0.030400000512599945,0.8931999802589417,0.17790000140666962,0.009700000286102295,0.39989998936653137,0.48730000853538513,0.34689998626708984,0.013799999840557575,0.2459000051021576,0.9621000289916992,0.02539999969303608,0.13529999554157257
