Protein_ID,Localizations,Signals,Membrane types,Cytoplasm,Nucleus,Extracellular,Cell membrane,Mitochondrion,Plastid,Endoplasmic reticulum,Lysosome/Vacuole,Golgi apparatus,Peroxisome,Peripheral,Transmembrane,Lipid anchor,Soluble
ENSG00000000419,Cytoplasm|Endoplasmic reticulum|Golgi apparatus,,Peripheral,0.510699987411499,0.31360000371932983,0.0697999969124794,0.4966999888420105,0.42250001430511475,0.1379999965429306,0.6973000168800354,0.35499998927116394,0.6531999707221985,0.19740000367164612,0.6740000247955322,0.31850001215934753,0.583299994468689,0.3873000144958496
ENSG00000001036,Lysosome/Vacuole,Signal peptide,Soluble,0.19169999659061432,0.11169999837875366,0.6007999777793884,0.2087000012397766,0.036400001496076584,0.004100000020116568,0.5688999891281128,0.5809999704360962,0.23999999463558197,0.037700001150369644,0.40869998931884766,0.19099999964237213,0.16940000653266907,0.7534999847412109
ENSG00000001084,Cytoplasm,,Soluble,0.7146999835968018,0.40799999237060547,0.04610000178217888,0.1898999959230423,0.12630000710487366,0.007899999618530273,0.10899999737739563,0.2126999944448471,0.1160999983549118,0.04410000145435333,0.42010000348091125,0.06390000134706497,0.21320000290870667,0.86080002784729
ENSG00000001630,Endoplasmic reticulum,Signal peptide|Transmembrane domain,Peripheral|Transmembrane,0.16660000383853912,0.11680000275373459,0.0649000033736229,0.20389999449253082,0.24150000512599945,0.05389999970793724,0.8948000073432922,0.1615000069141388,0.1754000037908554,0.20550000667572021,0.7235999703407288,0.8299000263214111,0.2741999924182892,0.1459999978542328
ENSG00000002549,Mitochondrion,Mitochondrial transit peptide,Soluble,0.20919999480247498,0.17800000309944153,0.05209999904036522,0.05950000137090683,0.923799991607666,0.0066999997943639755,0.07900000363588333,0.05920000001788139,0.04529999941587448,0.025299999862909317,0.3856000006198883,0.09369999915361404,0.12290000170469284,0.8381999731063843
ENSG00000002587,Golgi apparatus,Signal peptide,Transmembrane|Soluble,0.2222999930381775,0.06120000034570694,0.5328999757766724,0.1680999994277954,0.1860000044107437,0.004399999976158142,0.47679999470710754,0.4636000096797943,0.8269000053405762,0.009999999776482582,0.4837000072002411,0.5619999766349792,0.14149999618530273,0.5447999835014343
ENSG00000002726,Extracellular,Signal peptide,Soluble,0.2687999904155731,0.13120000064373016,0.6721000075340271,0.25270000100135803,0.13590000569820404,0.0010000000474974513,0.4652000069618225,0.47620001435279846,0.27880001068115234,0.006099999882280827,0.5562999844551086,0.14249999821186066,0.17980000376701355,0.8305000066757202
ENSG00000002746,Cytoplasm,Nuclear export signal,Soluble,0.70660001039505,0.39910000562667847,0.05000000074505806,0.42649999260902405,0.1542000025510788,0.02160000056028366,0.2533000111579895,0.33340001106262207,0.32269999384880066,0.021900000050663948,0.5572999715805054,0.07320000231266022,0.15049999952316284,0.8252999782562256
ENSG00000003137,Endoplasmic reticulum,Signal peptide|Transmembrane domain,Peripheral|Transmembrane,0.16439999639987946,0.08020000159740448,0.10329999774694443,0.24009999632835388,0.2159000039100647,0.14669999480247498,0.8808000087738037,0.25850000977516174,0.18129999935626984,0.06459999829530716,0.7188000082969666,0.838100016117096,0.3091000020503998,0.16529999673366547
ENSG00000003987,Cytoplasm|Lysosome/Vacuole,Nuclear export signal,Soluble,0.7057999968528748,0.2750000059604645,0.04619999974966049,0.35749998688697815,0.17520000040531158,0.009100000374019146,0.2076999992132187,0.6090999841690063,0.3869999945163727,0.026499999687075615,0.5852000117301941,0.08659999817609787,0.16429999470710754,0.8309999704360962
ENSG00000003989,Cell membrane,Transmembrane domain,Transmembrane,0.11299999803304672,0.06440000236034393,0.016100000590085983,0.7519000172615051,0.09610000252723694,0.009200000204145908,0.26159998774528503,0.5656999945640564,0.5072000026702881,0.01979999989271164,0.06889999657869339,0.9904999732971191,0.20190000534057617,0.08739999681711197
ENSG00000004455,Cytoplasm,,Soluble,0.5503000020980835,0.3027999997138977,0.17149999737739563,0.25529998540878296,0.314300000667572,0.10559999942779541,0.2800000011920929,0.18770000338554382,0.16089999675750732,0.3837999999523163,0.47620001435279846,0.04769999906420708,0.4032000005245209,0.7674999833106995
ENSG00000004468,Cell membrane|Lysosome/Vacuole,Signal peptide|Transmembrane domain,Transmembrane,0.22669999301433563,0.1281999945640564,0.3206000030040741,0.8518999814987183,0.038100000470876694,0.00279999990016222,0.18199999630451202,0.6128000020980835,0.32109999656677246,0.02370000071823597,0.249099999666214,0.9376999735832214,0.2655999958515167,0.21089999377727509
ENSG00000004478,Cytoplasm|Nucleus,Nuclear export signal,Soluble,0.728600025177002,0.5163000226020813,0.09950000047683716,0.2590999901294708,0.3831000030040741,0.013399999588727951,0.2768000066280365,0.1808999925851822,0.33329999446868896,0.026900000870227814,0.38260000944137573,0.06199999898672104,0.298799991607666,0.8416000008583069
ENSG00000004779,Mitochondrion,Mitochondrial transit peptide,Peripheral|Soluble,0.11749999970197678,0.09290000051259995,0.019500000402331352,0.06369999796152115,0.9347000122070312,0.006899999920278788,0.047600001096725464,0.07519999891519547,0.20890000462532043,0.10080000013113022,0.7939000129699707,0.05719999969005585,0.38830000162124634,0.6610999703407288
ENSG00000004799,Mitochondrion,Mitochondrial transit peptide,Peripheral|Soluble,0.24699999392032623,0.12020000070333481,0.017500000074505806,0.11630000174045563,0.9168000221252441,0.0020000000949949026,0.060100000351667404,0.0828000009059906,0.06419999897480011,0.053199999034404755,0.6513000130653381,0.09080000221729279,0.22050000727176666,0.6672999858856201
ENSG00000004809,Cell membrane,Transmembrane domain,Transmembrane,0.1462000012397766,0.07440000027418137,0.035100001841783524,0.7788000106811523,0.15870000422000885,0.010300000198185444,0.20829999446868896,0.5019999742507935,0.42969998717308044,0.2476000040769577,0.12290000170469284,0.9718999862670898,0.14149999618530273,0.14480000734329224
ENSG00000004864,Mitochondrion,Transmembrane domain|Mitochondrial transit peptide,Transmembrane,0.13050000369548798,0.10080000013113022,0.06390000134706497,0.22010000050067902,0.9172999858856201,0.04960000142455101,0.13300000131130219,0.18160000443458557,0.2305999994277954,0.3116999864578247,0.4221000075340271,0.8914999961853027,0.08810000121593475,0.12720000743865967
ENSG00000004939,Cell membrane|Lysosome/Vacuole,Transmembrane domain,Transmembrane,0.12530000507831573,0.06459999829530716,0.0364999994635582,0.8826000094413757,0.13410000503063202,0.015699999406933784,0.38440001010894775,0.5940999984741211,0.4016999900341034,0.02449999935925007,0.2434999942779541,0.9728999733924866,0.023000000044703484,0.120899997651577
ENSG00000004961,Mitochondrion|Endoplasmic reticulum,,Peripheral,0.35359999537467957,0.17080000042915344,0.03709999844431877,0.29829999804496765,0.7139000296592712,0.1347000002861023,0.6924999952316284,0.25200000405311584,0.49970000982284546,0.07980000227689743,0.758400022983551,0.2969000041484833,0.7943999767303467,0.25920000672340393
ENSG00000005022,Mitochondrion,Transmembrane domain,Transmembrane,0.19189999997615814,0.09860000014305115,0.08919999748468399,0.46230000257492065,0.8503999710083008,0.04340000078082085,0.17599999904632568,0.10419999808073044,0.20200000703334808,0.1518000066280365,0.19499999284744263,0.9168000221252441,0.0966000035405159,0.16910000145435333
ENSG00000005075,Cytoplasm|Nucleus,Nuclear export signal,Soluble,0.48579999804496765,0.8144999742507935,0.021400000900030136,0.0560000017285347,0.16290000081062317,0.009600000455975533,0.14470000565052032,0.15379999577999115,0.13770000636577606,0.013299999758601189,0.36559998989105225,0.021400000900030136,0.15729999542236328,0.7727000117301941
ENSG00000005187,Mitochondrion,Mitochondrial transit peptide,Peripheral|Soluble,0.19460000097751617,0.1428000032901764,0.048500001430511475,0.1421000063419342,0.902400016784668,0.006300000008195639,0.07090000063180923,0.05270000174641609,0.04309999942779541,0.02459999918937683,0.6018999814987183,0.13580000400543213,0.08780000358819962,0.7754999995231628
ENSG00000005339,Nucleus,Nuclear localization signal,Soluble,0.41909998655319214,0.8672000169754028,0.03669999912381172,0.1444000005722046,0.053700000047683716,0.005900000222027302,0.0860000029206276,0.07819999754428864,0.08079999685287476,0.00430000014603138,0.3221000134944916,0.061400000005960464,0.026599999517202377,0.8953999876976013
ENSG00000005381,Extracellular,Signal peptide,Soluble,0.2152000069618225,0.07419999688863754,0.8654000163078308,0.34150001406669617,0.0649000033736229,0.003800000064074993,0.181099995970726,0.4041000008583069,0.28690001368522644,0.005400000140070915,0.4805000126361847,0.1386999934911728,0.18230000138282776,0.7717000246047974
ENSG00000005421,Endoplasmic reticulum,Signal peptide,Peripheral|Transmembrane,0.22130000591278076,0.15199999511241913,0.3467000126838684,0.15940000116825104,0.2791000008583069,0.012799999676644802,0.8098999857902527,0.47850000858306885,0.42170000076293945,0.005200000014156103,0.7010999917984009,0.7469000220298767,0.15209999680519104,0.32690000534057617
ENSG00000005469,Cytoplasm,,Soluble,0.5133000016212463,0.2870999872684479,0.03579999879002571,0.20829999446868896,0.15960000455379486,0.0012000000569969416,0.25540000200271606,0.133200004696846,0.24490000307559967,0.06199999898672104,0.42719998955726624,0.2085999995470047,0.09960000216960907,0.7925000190734863
ENSG00000005471,Cell membrane|Lysosome/Vacuole,Transmembrane domain,Transmembrane,0.19840000569820404,0.09309999644756317,0.05959999933838844,0.8557999730110168,0.12399999797344208,0.007699999958276749,0.31690001487731934,0.6399000287055969,0.358599990606308,0.188400000333786,0.10890000313520432,0.9842000007629395,0.13210000097751617,0.155799999833107
ENSG00000005810,Cytoplasm|Nucleus,Nuclear export signal,Soluble,0.5181000232696533,0.5242000222206116,0.023399999365210533,0.20229999721050262,0.14010000228881836,0.02199999988079071,0.3562999963760376,0.36739999055862427,0.3849000036716461,0.010499999858438969,0.5120000243186951,0.3312000036239624,0.020400000736117363,0.7031000256538391
ENSG00000005882,Mitochondrion,Mitochondrial transit peptide,Peripheral|Soluble,0.3840999901294708,0.16279999911785126,0.02669999934732914,0.1923000067472458,0.8452000021934509,0.0007999999797903001,0.0982000008225441,0.12049999833106995,0.12470000237226486,0.051500000059604645,0.6757000088691711,0.0828000009059906,0.2662999927997589,0.6865000128746033
ENSG00000006007,Mitochondrion|Endoplasmic reticulum,Transmembrane domain|Mitochondrial transit peptide,Transmembrane,0.2298000007867813,0.15940000116825104,0.0763000026345253,0.27230000495910645,0.6226999759674072,0.14380000531673431,0.8452000021934509,0.3894999921321869,0.40149998664855957,0.06019999831914902,0.5264999866485596,0.7681999802589417,0.45179998874664307,0.3846000134944916
ENSG00000006071,Cell membrane|Lysosome/Vacuole,Transmembrane domain,Transmembrane,0.11469999700784683,0.07959999889135361,0.026100000366568565,0.781000018119812,0.21310000121593475,0.019200000911951065,0.36579999327659607,0.6636999845504761,0.42010000348091125,0.23739999532699585,0.11089999973773956,0.9962000250816345,0.14869999885559082,0.06120000034570694
ENSG00000006530,Mitochondrion,Mitochondrial transit peptide,Peripheral|Transmembrane,0.225600004196167,0.1264999955892563,0.08630000054836273,0.18330000340938568,0.8835999965667725,0.10840000212192535,0.2646999955177307,0.07609999924898148,0.10599999874830246,0.1526000052690506,0.660099983215332,0.8198000192642212,0.5320000052452087,0.26100000739097595
ENSG00000006534,Cell membrane,,Peripheral|Lipid anchor,0.3450999855995178,0.20260000228881836,0.056299999356269836,0.7781999707221985,0.322299987077713,0.019899999722838402,0.37599998712539673,0.4108000099658966,0.44130000472068787,0.09510000050067902,0.6424999833106995,0.25189998745918274,0.9150000214576721,0.3328999876976013
ENSG00000006625,Cytoplasm,Nuclear export signal,Soluble,0.8360000252723694,0.4659999907016754,0.08470000326633453,0.15389999747276306,0.3010999858379364,0.006099999882280827,0.1080000028014183,0.04560000076889992,0.13249999284744263,0.18970000743865967,0.2498999983072281,0.03200000151991844,0.2969000041484833,0.9355000257492065
ENSG00000006695,Mitochondrion,Mitochondrial transit peptide,Transmembrane,0.13079999387264252,0.0843999981880188,0.018300000578165054,0.15559999644756317,0.9501000046730042,0.07429999858140945,0.1817999929189682,0.06459999829530716,0.1753000020980835,0.03229999914765358,0.09399999678134918,0.9567000269889832,0.09790000319480896,0.19589999318122864
ENSG00000006756,Endoplasmic reticulum,Signal peptide,Transmembrane,0.2574000060558319,0.0771000012755394,0.1987999975681305,0.24120000004768372,0.14650000631809235,0.0071000000461936,0.6930000185966492,0.4065999984741211,0.4083999991416931,0.013299999758601189,0.11209999769926071,0.7806000113487244,0.36629998683929443,0.4819999933242798
ENSG00000006757,Cytoplasm,,Soluble,0.670799970626831,0.2231999933719635,0.2623000144958496,0.454800009727478,0.5164999961853027,0.0843999981880188,0.2524999976158142,0.28690001368522644,0.24420000612735748,0.04699999839067459,0.38830000162124634,0.26179999113082886,0.5408999919891357,0.6693999767303467
ENSG00000007001,Cytoplasm,Nuclear export signal,Soluble,0.7355999946594238,0.34290000796318054,0.11509999632835388,0.38850000500679016,0.3154999911785126,0.04690000042319298,0.2312999963760376,0.09220000356435776,0.1551000028848648,0.21240000426769257,0.40220001339912415,0.09210000187158585,0.25999999046325684,0.8070999979972839
ENSG00000007168,Cytoplasm,,Soluble,0.4223000109195709,0.4041000008583069,0.0357000008225441,0.1216999962925911,0.09290000051259995,0.003000000026077032,0.1770000010728836,0.4115000069141388,0.35280001163482666,0.010099999606609344,0.4343999922275543,0.05260000005364418,0.1890999972820282,0.8234000205993652
ENSG00000007171,Cytoplasm,,Peripheral|Soluble,0.7161999940872192,0.17329999804496765,0.03680000081658363,0.5501000285148621,0.3734999895095825,0.026900000870227814,0.21279999613761902,0.19130000472068787,0.3100999891757965,0.2955000102519989,0.680899977684021,0.21359999477863312,0.4230000078678131,0.6008999943733215
ENSG00000007216,Cell membrane,Transmembrane domain,Transmembrane,0.08860000222921371,0.05350000038743019,0.03229999914765358,0.7519000172615051,0.10649999976158142,0.004100000020116568,0.5788000226020813,0.38670000433921814,0.2565999925136566,0.0142000000923872,0.06620000302791595,0.9851999878883362,0.1289999932050705,0.10599999874830246
ENSG00000007350,Cytoplasm,,Soluble,0.7498000264167786,0.34299999475479126,0.03530000150203705,0.23880000412464142,0.16760000586509705,0.013500000350177288,0.3598000109195709,0.1979999989271164,0.18440000712871552,0.34369999170303345,0.32989999651908875,0.1858000010251999,0.1712999939918518,0.7903000116348267
ENSG00000007541,Endoplasmic reticulum,Signal peptide|Transmembrane domain,Transmembrane,0.32170000672340393,0.24480000138282776,0.07190000265836716,0.3237999975681305,0.4742000102996826,0.008799999952316284,0.7742999792098999,0.4025999903678894,0.420199990272522,0.07270000129938126,0.3741999864578247,0.9627000093460083,0.09839999675750732,0.19429999589920044
ENSG00000007933,Endoplasmic reticulum,Signal peptide|Transmembrane domain,Transmembrane,0.2540000081062317,0.17159999907016754,0.05860000103712082,0.32760000228881836,0.19910000264644623,0.025800000876188278,0.864799976348877,0.2847000062465668,0.38280001282691956,0.06109999865293503,0.3804999887943268,0.777400016784668,0.36480000615119934,0.30799999833106995
ENSG00000007944,Cytoplasm,Nuclear export signal,Peripheral|Soluble,0.6509000062942505,0.4268999993801117,0.02590000070631504,0.15970000624656677,0.11159999668598175,0.00839999970048666,0.1995999962091446,0.36149999499320984,0.3637999892234802,0.015399999916553497,0.6712999939918518,0.06289999932050705,0.20090000331401825,0.7671999931335449
ENSG00000008130,Cytoplasm,Nuclear export signal,Soluble,0.7268999814987183,0.37439998984336853,0.020400000736117363,0.33809998631477356,0.24789999425411224,0.01640000008046627,0.18029999732971191,0.2257000058889389,0.3089999854564667,0.006599999964237213,0.4903999865055084,0.06870000064373016,0.3781999945640564,0.8414000272750854
ENSG00000008311,Mitochondrion,Mitochondrial transit peptide,Soluble,0.25290000438690186,0.11299999803304672,0.024299999698996544,0.09759999811649323,0.8747000098228455,0.009700000286102295,0.1177000030875206,0.08269999921321869,0.08709999918937683,0.01730000041425228,0.538100004196167,0.22509999573230743,0.12800000607967377,0.7242000102996826
ENSG00000008394,Endoplasmic reticulum,Transmembrane domain,Transmembrane,0.12250000238418579,0.07609999924898148,0.012299999594688416,0.35100001096725464,0.5317000150680542,0.03959999978542328,0.5927000045776367,0.15700000524520874,0.17910000681877136,0.19820000231266022,0.2750000059604645,0.9337999820709229,0.021400000900030136,0.14880000054836273
ENSG00000008438,Extracellular,Signal peptide,Soluble,0.2076999992132187,0.1525000035762787,0.9212999939918518,0.20559999346733093,0.1542000025510788,0.00039999998989515007,0.1445000022649765,0.24580000340938568,0.1720999926328659,0.009999999776482582,0.2685999870300293,0.025299999862909317,0.18299999833106995,0.9258999824523926
ENSG00000008513,Golgi apparatus,Signal peptide|Transmembrane domain,Transmembrane,0.15649999678134918,0.09950000047683716,0.4032999873161316,0.20479999482631683,0.131400004029274,0.008700000122189522,0.22750000655651093,0.23240000009536743,0.9377999901771545,0.014999999664723873,0.14409999549388885,0.9541000127792358,0.34459999203681946,0.22259999811649323
ENSG00000009335,Cytoplasm,Nuclear export signal,Soluble,0.6348999738693237,0.47040000557899475,0.03709999844431877,0.18170000612735748,0.10930000245571136,0.021900000050663948,0.18389999866485596,0.3391999900341034,0.26409998536109924,0.055799998342990875,0.3878999948501587,0.2045000046491623,0.24320000410079956,0.7523000240325928
ENSG00000009413,Nucleus,Nuclear localization signal,Soluble,0.2865000069141388,0.919700026512146,0.006300000008195639,0.04800000041723251,0.19990000128746033,0.0406000018119812,0.042899999767541885,0.047600001096725464,0.03889999911189079,0.02019999921321869,0.19040000438690186,0.18440000712871552,0.0502999983727932,0.8478000164031982
ENSG00000009830,Endoplasmic reticulum,Signal peptide|Transmembrane domain,Transmembrane,0.12800000607967377,0.10689999908208847,0.03709999844431877,0.32820001244544983,0.18459999561309814,0.0034000000450760126,0.9007999897003174,0.2287999987602234,0.5508999824523926,0.018400000408291817,0.1298999935388565,0.9869999885559082,0.14509999752044678,0.11900000274181366
ENSG00000010256,Mitochondrion,Mitochondrial transit peptide,Peripheral|Soluble,0.1177000030875206,0.09049999713897705,0.04450000077486038,0.12439999729394913,0.9567999839782715,0.0027000000700354576,0.1096000000834465,0.10459999740123749,0.1266999989748001,0.02930000051856041,0.8136000037193298,0.06949999928474426,0.31360000371932983,0.6592000126838684
ENSG00000010379,Cell membrane,Transmembrane domain,Transmembrane,0.14990000426769257,0.044199999421834946,0.024399999529123306,0.9139999747276306,0.15029999613761902,0.0035000001080334187,0.15139999985694885,0.4271000027656555,0.22669999301433563,0.007400000002235174,0.10220000147819519,0.9800999760627747,0.05770000070333481,0.12520000338554382
ENSG00000010404,Endoplasmic reticulum|Lysosome/Vacuole,Signal peptide,Soluble,0.3221000134944916,0.10649999976158142,0.3395000100135803,0.24779999256134033,0.22030000388622284,0.0027000000700354576,0.6711999773979187,0.626800000667572,0.36959999799728394,0.00430000014603138,0.31349998712539673,0.22200000286102295,0.21490000188350677,0.7882999777793884
ENSG00000010932,Endoplasmic reticulum,Signal peptide|Transmembrane domain,Transmembrane,0.26409998536109924,0.20389999449253082,0.0551999993622303,0.27129998803138733,0.18050000071525574,0.010099999606609344,0.8859999775886536,0.3181000053882599,0.4580000042915344,0.0722000002861023,0.3434000015258789,0.7850000262260437,0.4763000011444092,0.27390000224113464
ENSG00000011009,Cytoplasm,Nuclear export signal,Soluble,0.800000011920929,0.5,0.10440000146627426,0.21490000188350677,0.4952000081539154,0.004000000189989805,0.3165000081062317,0.19200000166893005,0.19370000064373016,0.03830000013113022,0.45249998569488525,0.06849999725818634,0.1949000060558319,0.8108999729156494
ENSG00000011083,Cell membrane,Transmembrane domain,Transmembrane,0.13359999656677246,0.04280000180006027,0.02370000071823597,0.883400022983551,0.09910000115633011,0.0034000000450760126,0.14380000531673431,0.4429999887943268,0.2515999972820282,0.004000000189989805,0.09449999779462814,0.983299970626831,0.04149999842047691,0.12479999661445618
ENSG00000011198,Cytoplasm|Endoplasmic reticulum,,Peripheral,0.498199999332428,0.24709999561309814,0.15289999544620514,0.2418999969959259,0.3815000057220459,0.10499999672174454,0.667900025844574,0.5400000214576721,0.4587000012397766,0.07689999788999557,0.6935999989509583,0.3463999927043915,0.4117000102996826,0.4869000017642975
ENSG00000011275,Cytoplasm|Nucleus,Nuclear localization signal|Nuclear export signal,Soluble,0.4797999858856201,0.8016999959945679,0.030799999833106995,0.10970000177621841,0.1412000060081482,0.004000000189989805,0.09239999949932098,0.09929999709129333,0.0625,0.00279999990016222,0.1914999932050705,0.07320000231266022,0.14810000360012054,0.9135000109672546
ENSG00000011405,Cytoplasm|Lysosome/Vacuole,Nuclear export signal,Peripheral|Soluble,0.5777999758720398,0.2946999967098236,0.05130000039935112,0.5156000256538391,0.09160000085830688,0.038100000470876694,0.3950999975204468,0.7281000018119812,0.4846000075340271,0.021700000390410423,0.7664999961853027,0.04690000042319298,0.13989999890327454,0.8062999844551086
ENSG00000012232,Golgi apparatus,Signal peptide|Transmembrane domain,Transmembrane,0.18729999661445618,0.18330000340938568,0.15070000290870667,0.15489999949932098,0.05090000107884407,0.006099999882280827,0.4742000102996826,0.20739999413490295,0.8931999802589417,0.022700000554323196,0.3747999966144562,0.8648999929428101,0.16990000009536743,0.23010000586509705
ENSG00000012660,Endoplasmic reticulum,Signal peptide|Transmembrane domain,Transmembrane,0.06719999760389328,0.07909999787807465,0.006399999838322401,0.3337000012397766,0.21070000529289246,0.008999999612569809,0.917900025844574,0.18970000743865967,0.3361000120639801,0.05079999938607216,0.07159999758005142,0.989799976348877,0.058400001376867294,0.08169999718666077
ENSG00000012779,Cytoplasm,,Soluble,0.675599992275238,0.2937999963760376,0.23819999396800995,0.3750999867916107,0.2337999939918518,0.02449999935925007,0.08489999920129776,0.249099999666214,0.16519999504089355,0.021299999207258224,0.4884999990463257,0.1281999945640564,0.08820000290870667,0.8183000087738037
ENSG00000012963,Nucleus,Nuclear localization signal,Soluble,0.40310001373291016,0.920799970626831,0.11680000275373459,0.04580000042915344,0.09210000187158585,0.0026000000070780516,0.046799998730421066,0.05350000038743019,0.07500000298023224,0.005499999970197678,0.29120001196861267,0.05920000001788139,0.1720000058412552,0.879800021648407
ENSG00000013288,Extracellular,Signal peptide,Soluble,0.2468000054359436,0.10419999808073044,0.6775000095367432,0.25600001215934753,0.12680000066757202,0.0008999999845400453,0.4025999903678894,0.5127999782562256,0.37869998812675476,0.00430000014603138,0.43299999833106995,0.22779999673366547,0.12210000306367874,0.8341000080108643
ENSG00000013375,Cytoplasm,Nuclear export signal,Soluble,0.8292999863624573,0.41339999437332153,0.14820000529289246,0.1898999959230423,0.2928999960422516,0.029500000178813934,0.43369999527931213,0.28110000491142273,0.32749998569488525,0.04170000180602074,0.39419999718666077,0.0689999982714653,0.22050000727176666,0.8695999979972839
ENSG00000013392,Cytoplasm|Nucleus,Nuclear export signal,Soluble,0.7348999977111816,0.5501000285148621,0.04529999941587448,0.030700000002980232,0.24009999632835388,0.007699999958276749,0.14509999752044678,0.0851999968290329,0.18539999425411224,0.07100000232458115,0.4058000147342682,0.07609999924898148,0.05119999870657921,0.8205000162124634
ENSG00000013503,Nucleus,Nuclear localization signal,Soluble,0.4018999934196472,0.7250999808311462,0.02239999920129776,0.2110999971628189,0.094200000166893,0.012900000438094139,0.054099999368190765,0.0478999987244606,0.027899999171495438,0.0357000008225441,0.5009999871253967,0.07370000332593918,0.09889999777078629,0.8101999759674072
ENSG00000013561,Cytoplasm,Nuclear export signal,Soluble,0.6931999921798706,0.45579999685287476,0.05000000074505806,0.07150000333786011,0.241799995303154,0.00930000003427267,0.18279999494552612,0.2071000039577484,0.17110000550746918,0.044199999421834946,0.20399999618530273,0.09769999980926514,0.10649999976158142,0.8474000096321106
ENSG00000014138,Nucleus,Nuclear export signal,Soluble,0.3093999922275543,0.9477999806404114,0.03550000116229057,0.030300000682473183,0.10239999741315842,0.02459999918937683,0.13420000672340393,0.10080000013113022,0.06360000371932983,0.015599999576807022,0.3522999882698059,0.07930000126361847,0.16169999539852142,0.8845000267028809
ENSG00000014257,Extracellular,Signal peptide,Soluble,0.23960000276565552,0.06350000202655792,0.659500002861023,0.20419999957084656,0.08229999989271164,0.0010000000474974513,0.45570001006126404,0.45320001244544983,0.3846000134944916,0.0052999998442828655,0.27230000495910645,0.0649000033736229,0.4072999954223633,0.835099995136261
ENSG00000014641,Cytoplasm,Peroxisomal targeting signal,Soluble,0.8355000019073486,0.1891999989748001,0.14259999990463257,0.2353000044822693,0.4643999934196472,0.061500001698732376,0.272599995136261,0.10170000046491623,0.2648000121116638,0.19709999859333038,0.4812999963760376,0.06650000065565109,0.24060000479221344,0.776199996471405
ENSG00000015413,Cell membrane,,Lipid anchor,0.10740000009536743,0.03739999979734421,0.28859999775886536,0.7824000120162964,0.11129999905824661,0.0007999999797903001,0.4480000138282776,0.5052000284194946,0.335999995470047,0.009600000455975533,0.24140000343322754,0.2395000010728836,0.9884999990463257,0.303600013256073
ENSG00000015520,Cell membrane|Lysosome/Vacuole,Signal peptide|Transmembrane domain,Transmembrane,0.12219999730587006,0.08540000021457672,0.04839999973773956,0.6905999779701233,0.08049999922513962,0.007799999788403511,0.35589998960494995,0.7838000059127808,0.5291000008583069,0.026200000196695328,0.2434999942779541,0.9908999800682068,0.32510000467300415,0.050200000405311584
ENSG00000015532,Golgi apparatus,Signal peptide|Transmembrane domain,Transmembrane,0.1695999950170517,0.1023000031709671,0.5570999979972839,0.17649999260902405,0.0908999964594841,0.015599999576807022,0.4174000024795532,0.1988999992609024,0.8934999704360962,0.053199999034404755,0.27070000767707825,0.8240000009536743,0.18230000138282776,0.29600000381469727
ENSG00000016391,Mitochondrion,Mitochondrial transit peptide,Peripheral|Soluble,0.26910001039505005,0.1526000052690506,0.05310000106692314,0.1404000073671341,0.8946999907493591,0.0027000000700354576,0.19419999420642853,0.13850000500679016,0.1817999929189682,0.03590000048279762,0.7264999747276306,0.14139999449253082,0.3783999979496002,0.6294000148773193
ENSG00000016864,Golgi apparatus,Signal peptide|Transmembrane domain,Transmembrane,0.1298999935388565,0.08470000326633453,0.3984000086784363,0.18979999423027039,0.07349999994039536,0.01140000019222498,0.3653999865055084,0.3481999933719635,0.9197999835014343,0.023399999365210533,0.26899999380111694,0.8828999996185303,0.053300000727176666,0.1745000034570694
ENSG00000017260,Cell membrane|Lysosome/Vacuole,Signal peptide|Transmembrane domain,Transmembrane,0.19539999961853027,0.08070000261068344,0.015599999576807022,0.602400004863739,0.1648000031709671,0.011599999852478504,0.5748999714851379,0.7190999984741211,0.609000027179718,0.05339999869465828,0.13109999895095825,0.9685999751091003,0.24699999392032623,0.12219999730587006
ENSG00000017483,Cell membrane|Lysosome/Vacuole,Transmembrane domain,Transmembrane,0.13809999823570251,0.03240000084042549,0.028300000354647636,0.7092999815940857,0.13650000095367432,0.007899999618530273,0.2906000018119812,0.6119999885559082,0.38359999656677246,0.018200000748038292,0.060600001364946365,0.9883000254631042,0.12950000166893005,0.08910000324249268
ENSG00000017797,Cytoplasm,Nuclear localization signal,Soluble,0.7297999858856201,0.28450000286102295,0.133200004696846,0.5084999799728394,0.08969999849796295,0.020600000396370888,0.19900000095367432,0.32910001277923584,0.3174999952316284,0.003599999938160181,0.54830002784729,0.03700000047683716,0.4823000133037567,0.8747000098228455
ENSG00000018280,Cell membrane,Transmembrane domain,Transmembrane,0.16110000014305115,0.04390000179409981,0.026000000536441803,0.8324000239372253,0.15469999611377716,0.00800000037997961,0.35030001401901245,0.5275999903678894,0.3255999982357025,0.006500000134110451,0.1136000007390976,0.98580002784729,0.4212000072002411,0.0877000018954277
ENSG00000018510,Mitochondrion,Mitochondrial transit peptide,Soluble,0.23669999837875366,0.22540000081062317,0.05909999832510948,0.08070000261068344,0.7626000046730042,0.016300000250339508,0.16940000653266907,0.09399999678134918,0.11389999836683273,0.43540000915527344,0.48190000653266907,0.13269999623298645,0.15000000596046448,0.8154000043869019
ENSG00000018625,Cell membrane,Transmembrane domain,Transmembrane,0.19009999930858612,0.10180000215768814,0.014800000004470348,0.8059999942779541,0.18160000443458557,0.005900000222027302,0.48399999737739563,0.47999998927116394,0.3953999876976013,0.016499999910593033,0.1444000005722046,0.9438999891281128,0.15240000188350677,0.16590000689029694
ENSG00000019186,Mitochondrion,Mitochondrial transit peptide,Peripheral,0.2443999946117401,0.1088000014424324,0.0608999989926815,0.17919999361038208,0.8707000017166138,0.031700000166893005,0.061900001019239426,0.06620000302791595,0.06260000169277191,0.11630000174045563,0.7656999826431274,0.3741999864578247,0.2558000087738037,0.4230000078678131
ENSG00000021461,Endoplasmic reticulum,Signal peptide|Transmembrane domain,Transmembrane,0.1363999992609024,0.07190000265836716,0.02710000053048134,0.1850000023841858,0.27709999680519104,0.004699999932199717,0.9204999804496765,0.11699999868869781,0.11420000344514847,0.009399999864399433,0.5845000147819519,0.8187999725341797,0.23420000076293945,0.22210000455379486
ENSG00000021488,Cell membrane,Transmembrane domain,Transmembrane,0.1582999974489212,0.046799998730421066,0.026399999856948853,0.725600004196167,0.12970000505447388,0.006000000052154064,0.28110000491142273,0.5806000232696533,0.365200012922287,0.007600000128149986,0.05920000001788139,0.9858999848365784,0.23389999568462372,0.08299999684095383
ENSG00000021826,Mitochondrion,Mitochondrial transit peptide,Soluble,0.24469999969005585,0.17820000648498535,0.021800000220537186,0.07199999690055847,0.8112000226974487,0.29269999265670776,0.08399999886751175,0.07620000094175339,0.08190000057220459,0.048900000751018524,0.41620001196861267,0.08590000122785568,0.09809999912977219,0.8014000058174133
ENSG00000023041,Endoplasmic reticulum,Transmembrane domain,Transmembrane,0.17100000381469727,0.06870000064373016,0.0478999987244606,0.35910001397132874,0.15970000624656677,0.018400000408291817,0.680400013923645,0.42419999837875366,0.5722000002861023,0.00139999995008111,0.1542000025510788,0.9599000215530396,0.05849999934434891,0.20090000331401825
ENSG00000023228,Mitochondrion,Mitochondrial transit peptide,Peripheral|Soluble,0.19869999587535858,0.09830000251531601,0.007300000172108412,0.1200999990105629,0.9401000142097473,0.028200000524520874,0.08940000087022781,0.04910000041127205,0.045899998396635056,0.06260000169277191,0.6814000010490417,0.07900000363588333,0.1889999955892563,0.7050999999046326
ENSG00000023330,Mitochondrion,Mitochondrial transit peptide,Peripheral|Soluble,0.31450000405311584,0.08969999849796295,0.03500000014901161,0.1657000035047531,0.8438000082969666,0.012400000356137753,0.12690000236034393,0.05090000107884407,0.16979999840259552,0.2313999980688095,0.6345999836921692,0.0868000015616417,0.6047999858856201,0.7350999712944031
ENSG00000023572,Mitochondrion,Mitochondrial transit peptide,Peripheral|Soluble,0.33480000495910645,0.15060000121593475,0.08640000224113464,0.1340000033378601,0.9610000252723694,0.007699999958276749,0.07999999821186066,0.17730000615119934,0.14910000562667847,0.038100000470876694,0.611299991607666,0.05959999933838844,0.21140000224113464,0.7768999934196472
ENSG00000023697,Cytoplasm|Nucleus,Nuclear export signal,Soluble,0.7343000173568726,0.5135999917984009,0.031099999323487282,0.20149999856948853,0.28760001063346863,0.05860000103712082,0.07779999822378159,0.06159999966621399,0.13040000200271606,0.10199999809265137,0.44859999418258667,0.029600000008940697,0.22709999978542328,0.8079000115394592
ENSG00000023839,Cell membrane|Lysosome/Vacuole,Transmembrane domain,Transmembrane,0.11429999768733978,0.07760000228881836,0.023600000888109207,0.7648000121116638,0.10599999874830246,0.00930000003427267,0.43380001187324524,0.6531000137329102,0.3174999952316284,0.08129999786615372,0.1143999993801117,0.9855999946594238,0.0706000030040741,0.10999999940395355
ENSG00000023909,Cytoplasm,Nuclear export signal,Soluble,0.7436000108718872,0.39100000262260437,0.18410000205039978,0.16030000150203705,0.3961000144481659,0.013700000010430813,0.1655000001192093,0.18150000274181366,0.24379999935626984,0.03290000185370445,0.46299999952316284,0.10209999978542328,0.41029998660087585,0.7912999987602234
ENSG00000024048,Cytoplasm|Nucleus,Nuclear export signal,Soluble,0.5537999868392944,0.5649999976158142,0.03440000116825104,0.15129999816417694,0.18549999594688416,0.01769999973475933,0.3492000102996826,0.445499986410141,0.4410000145435333,0.042399998754262924,0.39649999141693115,0.385699987411499,0.06560000032186508,0.7178999781608582
ENSG00000025423,Endoplasmic reticulum,Signal peptide|Transmembrane domain,Peripheral|Transmembrane,0.2061000019311905,0.13609999418258667,0.05779999867081642,0.29420000314712524,0.29350000619888306,0.0035000001080334187,0.8608999848365784,0.12030000239610672,0.09300000220537186,0.019899999722838402,0.630299985408783,0.7879999876022339,0.41589999198913574,0.21279999613761902
ENSG00000025708,Cytoplasm,Nuclear export signal,Soluble,0.7321000099182129,0.44780001044273376,0.10379999876022339,0.3028999865055084,0.5023000240325928,0.00570000009611249,0.16599999368190765,0.2766999900341034,0.1573999971151352,0.06419999897480011,0.539900004863739,0.10849999636411667,0.424699991941452,0.8303999900817871
ENSG00000025800,Cytoplasm|Nucleus,Nuclear localization signal,Soluble,0.670799970626831,0.692300021648407,0.05739999935030937,0.2320999950170517,0.02630000002682209,0.007300000172108412,0.05700000002980232,0.17329999804496765,0.219200000166893,0.061900001019239426,0.4106000065803528,0.02979999966919422,0.3707999885082245,0.843999981880188
ENSG00000026652,Endoplasmic reticulum,Signal peptide|Transmembrane domain,Transmembrane,0.16529999673366547,0.12479999661445618,0.027400000020861626,0.19769999384880066,0.27619999647140503,0.038100000470876694,0.8794999718666077,0.24040000140666962,0.5267999768257141,0.01899999938905239,0.1281999945640564,0.9753999710083008,0.2994000017642975,0.14069999754428864
ENSG00000027847,Golgi apparatus,Signal peptide|Transmembrane domain,Transmembrane,0.1460999995470047,0.09009999781847,0.3183000087738037,0.2653999924659729,0.06960000097751617,0.005799999926239252,0.60589998960495,0.2793999910354614,0.9271000027656555,0.02969999983906746,0.4016999900341034,0.8309999704360962,0.2786000072956085,0.24770000576972961
ENSG00000030066,Nucleus,,Peripheral|Soluble,0.39100000262260437,0.5051000118255615,0.1462000012397766,0.11159999668598175,0.1428000032901764,0.016499999910593033,0.23199999332427979,0.4578999876976013,0.4375,0.017999999225139618,0.7630000114440918,0.163100004196167,0.29019999504089355,0.6385999917984009
ENSG00000031698,Cytoplasm,Nuclear localization signal|Nuclear export signal,Soluble,0.7768999934196472,0.290800005197525,0.06859999895095825,0.3946000039577484,0.2937000095844269,0.007899999618530273,0.21809999644756317,0.05570000037550926,0.15629999339580536,0.035999998450279236,0.4341000020503998,0.055399999022483826,0.17159999907016754,0.8633999824523926
ENSG00000032444,Cell membrane|Endoplasmic reticulum,Transmembrane domain,Transmembrane,0.32710000872612,0.23810000717639923,0.04349999874830246,0.5839999914169312,0.2273000031709671,0.060100000351667404,0.6478000283241272,0.3353999853134155,0.2685999870300293,0.32190001010894775,0.4449000060558319,0.9275000095367432,0.4584999978542328,0.2071000039577484
ENSG00000033011,Endoplasmic reticulum,Signal peptide|Transmembrane domain,Peripheral|Transmembrane,0.2815999984741211,0.16290000081062317,0.07540000230073929,0.3391000032424927,0.20389999449253082,0.009100000374019146,0.8859999775886536,0.24089999496936798,0.32710000872612,0.03480000048875809,0.7186999917030334,0.8169999718666077,0.1842000037431717,0.26840001344680786
ENSG00000033100,Golgi apparatus,Signal peptide,Transmembrane,0.17000000178813934,0.14270000159740448,0.4059000015258789,0.19750000536441803,0.10570000112056732,0.013899999670684338,0.5202999711036682,0.1534000039100647,0.7789000272750854,0.006399999838322401,0.4000999927520752,0.852400004863739,0.3012999892234802,0.27810001373291016
ENSG00000033170,Golgi apparatus,Signal peptide|Transmembrane domain,Transmembrane,0.1670999974012375,0.14139999449253082,0.1826000064611435,0.15119999647140503,0.05869999900460243,0.0024999999441206455,0.4724999964237213,0.23680000007152557,0.9297000169754028,0.04179999977350235,0.38609999418258667,0.7504000067710876,0.19589999318122864,0.2897000014781952
ENSG00000033178,Cytoplasm,Nuclear export signal,Soluble,0.7332000136375427,0.37790000438690186,0.03720000013709068,0.18960000574588776,0.299699991941452,0.007300000172108412,0.2305999994277954,0.16529999673366547,0.27959999442100525,0.03350000083446503,0.4823000133037567,0.1477999985218048,0.13439999520778656,0.7831000089645386
ENSG00000033627,Cell membrane|Lysosome/Vacuole,Transmembrane domain,Transmembrane,0.23569999635219574,0.04129999876022339,0.011300000362098217,0.7038000226020813,0.18119999766349792,0.01759999990463257,0.5867999792098999,0.6086000204086304,0.3763999938964844,0.013299999758601189,0.29249998927116394,0.9742000102996826,0.03189999982714653,0.10209999978542328
ENSG00000033867,Cell membrane,Transmembrane domain,Transmembrane,0.21729999780654907,0.11749999970197678,0.02969999983906746,0.8842999935150146,0.1370999962091446,0.012799999676644802,0.35339999198913574,0.4438000023365021,0.25119999051094055,0.006800000090152025,0.2612999975681305,0.946399986743927,0.0272000003606081,0.16200000047683716
ENSG00000034677,Cell membrane,Transmembrane domain,Transmembrane,0.4277999997138977,0.26759999990463257,0.09000000357627869,0.6155999898910522,0.5037000179290771,0.025100000202655792,0.43070000410079956,0.49140000343322754,0.46650001406669617,0.016699999570846558,0.4659999907016754,0.973800003528595,0.07840000092983246,0.10140000283718109
ENSG00000035687,Cytoplasm,Nuclear export signal,Soluble,0.7728999853134155,0.4406000077724457,0.07329999655485153,0.1421000063419342,0.31380000710487366,0.009999999776482582,0.10270000249147415,0.15160000324249268,0.08079999685287476,0.10750000178813934,0.4041999876499176,0.03869999945163727,0.2935999929904938,0.8673999905586243
ENSG00000036473,Mitochondrion,Mitochondrial transit peptide,Soluble,0.1860000044107437,0.12189999967813492,0.05810000002384186,0.11479999870061874,0.9107999801635742,0.007899999618530273,0.04089999943971634,0.043800000101327896,0.06300000101327896,0.027799999341368675,0.5856999754905701,0.12219999730587006,0.11219999939203262,0.6868000030517578
ENSG00000036530,Endoplasmic reticulum,Signal peptide|Transmembrane domain,Peripheral|Transmembrane,0.17319999635219574,0.10010000318288803,0.11869999766349792,0.20029999315738678,0.3199000060558319,0.01720000058412552,0.8756999969482422,0.21209999918937683,0.14470000565052032,0.009700000286102295,0.8223999738693237,0.5730999708175659,0.3596000075340271,0.3070000112056732
ENSG00000036565,Cell membrane,Signal peptide|Transmembrane domain,Transmembrane,0.17149999737739563,0.07720000296831131,0.14020000398159027,0.8306000232696533,0.21359999477863312,0.007400000002235174,0.4187000095844269,0.5242000222206116,0.47609999775886536,0.1437000036239624,0.0908999964594841,0.9819999933242798,0.3138999938964844,0.1128000020980835
ENSG00000036672,Cytoplasm,Nuclear export signal,Soluble,0.6972000002861023,0.41940000653266907,0.020800000056624413,0.23549999296665192,0.10649999976158142,0.00570000009611249,0.14350000023841858,0.20419999957084656,0.1890999972820282,0.07109999656677246,0.4884999990463257,0.03750000149011612,0.06750000268220901,0.8827000260353088
ENSG00000037757,Cytoplasm,Nuclear export signal,Soluble,0.7723000049591064,0.4453999996185303,0.0649000033736229,0.1665000021457672,0.5683000087738037,0.00839999970048666,0.13099999725818634,0.11559999734163284,0.20309999585151672,0.2655999958515167,0.33550000190734863,0.12880000472068787,0.5648999810218811,0.8471999764442444
ENSG00000037897,Cytoplasm|Nucleus,,Soluble,0.4846000075340271,0.7480000257492065,0.03150000050663948,0.05290000140666962,0.22519999742507935,0.0210999995470047,0.16509999334812164,0.07620000094175339,0.1793999969959259,0.01489999983459711,0.23579999804496765,0.09260000288486481,0.05460000038146973,0.8682000041007996
ENSG00000038002,Lysosome/Vacuole,Signal peptide,Soluble,0.1193000003695488,0.08139999955892563,0.40700000524520874,0.18619999289512634,0.05490000173449516,0.09799999743700027,0.43479999899864197,0.5468999743461609,0.19820000231266022,0.026200000196695328,0.20350000262260437,0.07410000264644623,0.16189999878406525,0.8478000164031982
ENSG00000038210,Cytoplasm|Lysosome/Vacuole,Nuclear export signal,Peripheral,0.4876999855041504,0.3785000145435333,0.07429999858140945,0.33880001306533813,0.22390000522136688,0.008200000040233135,0.4223000109195709,0.6484000086784363,0.6015999913215637,0.08709999918937683,0.6958000063896179,0.18790000677108765,0.8105000257492065,0.3935999870300293
ENSG00000038274,Cytoplasm,,Soluble,0.7038000226020813,0.4341999888420105,0.10670000314712524,0.09160000085830688,0.3346000015735626,0.1518000066280365,0.17069999873638153,0.1876000016927719,0.15109999477863312,0.05310000106692314,0.5285000205039978,0.09200000017881393,0.1177000030875206,0.7929999828338623
ENSG00000039123,Nucleus,Nuclear localization signal,Soluble,0.4027000069618225,0.6884999871253967,0.024000000208616257,0.09030000120401382,0.13819999992847443,0.027000000700354576,0.15809999406337738,0.12020000070333481,0.08150000125169754,0.0052999998442828655,0.37290000915527344,0.05620000138878822,0.1574999988079071,0.8665000200271606
ENSG00000039650,Nucleus,Nuclear localization signal,Soluble,0.23350000381469727,0.8443999886512756,0.20999999344348907,0.08820000290870667,0.2524000108242035,0.004999999888241291,0.06350000202655792,0.148499995470047,0.06289999932050705,0.00989999994635582,0.40230000019073486,0.11890000104904175,0.3562999963760376,0.8317999839782715
ENSG00000040933,Cytoplasm|Lysosome/Vacuole,Nuclear export signal,Peripheral|Soluble,0.6359000205993652,0.272599995136261,0.06509999930858612,0.38119998574256897,0.26809999346733093,0.06440000236034393,0.3544999957084656,0.6110000014305115,0.45969998836517334,0.05640000104904175,0.6534000039100647,0.16329999268054962,0.20819999277591705,0.7073000073432922
ENSG00000041880,Cytoplasm|Nucleus,Nuclear localization signal,Soluble,0.5600000023841858,0.786300003528595,0.07209999859333038,0.06440000236034393,0.17949999868869781,0.007699999958276749,0.10119999945163727,0.07909999787807465,0.05400000140070915,0.002199999988079071,0.3273000121116638,0.033399999141693115,0.1551000028848648,0.9175999760627747
ENSG00000043514,Mitochondrion,Mitochondrial transit peptide,Soluble,0.45080000162124634,0.34369999170303345,0.058800000697374344,0.08560000360012054,0.7980999946594238,0.0007999999797903001,0.07400000095367432,0.061000000685453415,0.04520000144839287,0.09809999912977219,0.21490000188350677,0.08910000324249268,0.10830000042915344,0.92330002784729
ENSG00000044446,Cytoplasm,Nuclear export signal,Soluble,0.6460999846458435,0.3345000147819519,0.06849999725818634,0.44290000200271606,0.18970000743865967,0.04800000041723251,0.41600000858306885,0.4993000030517578,0.43959999084472656,0.12639999389648438,0.4187000095844269,0.45410001277923584,0.18140000104904175,0.6392999887466431
ENSG00000047230,Cytoplasm,Nuclear export signal,Soluble,0.8169000148773193,0.2985999882221222,0.061400000005960464,0.1412000060081482,0.20919999480247498,0.017000000923871994,0.17839999496936798,0.21389999985694885,0.28290000557899475,0.10530000180006027,0.38199999928474426,0.10080000013113022,0.2678000032901764,0.802299976348877
ENSG00000047249,Cytoplasm,Nuclear export signal,Soluble,0.6624000072479248,0.4325999915599823,0.04600000008940697,0.21230000257492065,0.1356000006198883,0.007799999788403511,0.27709999680519104,0.2921999990940094,0.3937000036239624,0.027400000020861626,0.5565999746322632,0.05730000138282776,0.2451000064611435,0.7214000225067139
ENSG00000047315,Nucleus,Nuclear localization signal,Soluble,0.36739999055862427,0.7764999866485596,0.02370000071823597,0.2151000052690506,0.14239999651908875,0.03139999881386757,0.04919999837875366,0.05739999935030937,0.025699999183416367,0.031199999153614044,0.39640000462532043,0.08299999684095383,0.09319999814033508,0.8202000260353088
ENSG00000047410,Cytoplasm|Nucleus,Nuclear localization signal,Peripheral|Soluble,0.5633999705314636,0.7882999777793884,0.045899998396635056,0.09260000288486481,0.04340000078082085,0.012299999594688416,0.0737999975681305,0.04230000078678131,0.06599999964237213,0.01600000075995922,0.6858999729156494,0.03779999911785126,0.2079000025987625,0.8680999875068665
ENSG00000047457,Endoplasmic reticulum,Signal peptide,Soluble,0.24619999527931213,0.14219999313354492,0.6039000153541565,0.22660000622272491,0.06689999997615814,0.0010000000474974513,0.5989000201225281,0.2815000116825104,0.21150000393390656,0.00570000009611249,0.43309998512268066,0.22990000247955322,0.09480000287294388,0.7627000212669373
ENSG00000048028,Cytoplasm|Nucleus,Nuclear export signal,Soluble,0.5730999708175659,0.6973000168800354,0.01889999955892563,0.15129999816417694,0.1356000006198883,0.006899999920278788,0.22550000250339508,0.27239999175071716,0.18209999799728394,0.04039999842643738,0.43299999833106995,0.04399999976158142,0.2556000053882599,0.8995000123977661
ENSG00000048392,Cytoplasm,Nuclear export signal,Soluble,0.6222000122070312,0.3458000123500824,0.04349999874830246,0.23819999396800995,0.16820000112056732,0.08429999649524689,0.15399999916553497,0.17100000381469727,0.10620000213384628,0.3086000084877014,0.4205000102519989,0.07029999792575836,0.43630000948905945,0.7793999910354614
ENSG00000049239,Endoplasmic reticulum,Signal peptide,Soluble,0.3774999976158142,0.13429999351501465,0.36640000343322754,0.21310000121593475,0.24369999766349792,0.0012000000569969416,0.6147000193595886,0.41589999198913574,0.37549999356269836,0.002199999988079071,0.4174000024795532,0.23720000684261322,0.27059999108314514,0.776199996471405
ENSG00000049759,Cytoplasm,Nuclear export signal,Peripheral|Soluble,0.7325000166893005,0.49559998512268066,0.04129999876022339,0.46070000529289246,0.1356000006198883,0.013000000268220901,0.1565999984741211,0.5001999735832214,0.26809999346733093,0.013899999670684338,0.6829000115394592,0.020999999716877937,0.2240000069141388,0.878600001335144
ENSG00000049860,Extracellular|Lysosome/Vacuole,Signal peptide,Soluble,0.2964000105857849,0.0625,0.7753000259399414,0.4146000146865845,0.13600000739097595,0.0034000000450760126,0.4368000030517578,0.6453999876976013,0.5120000243186951,0.02500000037252903,0.3953999876976013,0.2071000039577484,0.3596999943256378,0.7547000050544739
ENSG00000050438,Cell membrane,Transmembrane domain,Transmembrane,0.16169999539852142,0.09960000216960907,0.032099999487400055,0.9065999984741211,0.14390000700950623,0.01360000018030405,0.3917999863624573,0.46860000491142273,0.2865999937057495,0.008500000461935997,0.2117999941110611,0.9593999981880188,0.02290000021457672,0.15870000422000885
ENSG00000051341,Nucleus,Nuclear localization signal,Soluble,0.31709998846054077,0.8790000081062317,0.01510000042617321,0.04320000112056732,0.1589999943971634,0.021800000220537186,0.04410000145435333,0.03350000083446503,0.023099999874830246,0.013000000268220901,0.17960000038146973,0.17329999804496765,0.08919999748468399,0.8684999942779541
ENSG00000051382,Cytoplasm|Lysosome/Vacuole,,Peripheral|Soluble,0.6581000089645386,0.3149000108242035,0.07280000299215317,0.36489999294281006,0.16089999675750732,0.017400000244379044,0.397599995136261,0.6320000290870667,0.4560999870300293,0.021900000050663948,0.7196000218391418,0.03579999879002571,0.2011999934911728,0.8302000164985657
ENSG00000052802,Endoplasmic reticulum,,Transmembrane,0.1648000031709671,0.08839999884366989,0.02070000022649765,0.22050000727176666,0.22699999809265137,0.01640000008046627,0.8970000147819519,0.07349999994039536,0.35760000348091125,0.02449999935925007,0.11309999972581863,0.9926999807357788,0.030300000682473183,0.07959999889135361
ENSG00000053371,Cytoplasm|Mitochondrion,Mitochondrial transit peptide,Soluble,0.4805999994277954,0.2240999937057495,0.10890000313520432,0.18029999732971191,0.8374999761581421,0.02250000089406967,0.10170000046491623,0.20239999890327454,0.16779999434947968,0.014100000262260437,0.5055000185966492,0.09459999948740005,0.16609999537467957,0.7840999960899353
ENSG00000054148,Cytoplasm|Nucleus,,Soluble,0.6787999868392944,0.5246999859809875,0.2529999911785126,0.20669999718666077,0.30979999899864197,0.02500000037252903,0.15569999814033508,0.2535000145435333,0.11420000344514847,0.006899999920278788,0.2628999948501587,0.03449999913573265,0.07280000299215317,0.8672999739646912
ENSG00000054179,Golgi apparatus,Signal peptide|Transmembrane domain,Transmembrane,0.20419999957084656,0.11249999701976776,0.13249999284744263,0.5350000262260437,0.0869000032544136,0.008100000210106373,0.4219000041484833,0.578499972820282,0.7361999750137329,0.06880000233650208,0.17739999294281006,0.9358999729156494,0.4796000123023987,0.16740000247955322
ENSG00000054267,Nucleus,Nuclear localization signal,Soluble,0.28220000863075256,0.9351000189781189,0.04089999943971634,0.11569999903440475,0.041200000792741776,0.012500000186264515,0.04500000178813934,0.029899999499320984,0.04690000042319298,0.0008999999845400453,0.16529999673366547,0.039799999445676804,0.1216999962925911,0.9329000115394592
ENSG00000054983,Extracellular|Lysosome/Vacuole,Signal peptide,Soluble,0.24869999289512634,0.1298999935388565,0.671500027179718,0.26330000162124634,0.05270000174641609,0.002899999963119626,0.40209999680519104,0.6866999864578247,0.4876999855041504,0.007400000002235174,0.3061000108718872,0.24420000612735748,0.13230000436306,0.777899980545044
ENSG00000055483,Nucleus,Nuclear localization signal,Soluble,0.3197999894618988,0.91839998960495,0.0763000026345253,0.1071000024676323,0.027799999341368675,0.021900000050663948,0.0989999994635582,0.040800001472234726,0.05810000002384186,0.020500000566244125,0.2953000068664551,0.049800001084804535,0.10429999977350235,0.8988000154495239
ENSG00000055609,Nucleus,Nuclear localization signal,Soluble,0.26190000772476196,0.9657999873161316,0.006599999964237213,0.06710000336170197,0.039400000125169754,0.07050000131130219,0.07680000364780426,0.025299999862909317,0.01489999983459711,0.00279999990016222,0.2906999886035919,0.16220000386238098,0.010099999606609344,0.8515999913215637
ENSG00000056998,Cytoplasm,Nuclear export signal,Soluble,0.6758000254631042,0.24480000138282776,0.09910000115633011,0.2565999925136566,0.22609999775886536,0.01810000091791153,0.4790000021457672,0.18889999389648438,0.6148999929428101,0.08420000225305557,0.30140000581741333,0.07360000163316727,0.3125999867916107,0.829800009727478
ENSG00000057252,Endoplasmic reticulum,Signal peptide|Transmembrane domain,Transmembrane,0.08590000122785568,0.10939999669790268,0.024800000712275505,0.4230000078678131,0.11630000174045563,0.04749999940395355,0.7480999827384949,0.17749999463558197,0.41769999265670776,0.010999999940395355,0.10019999742507935,0.9914000034332275,0.052299998700618744,0.07240000367164612
ENSG00000058056,Cytoplasm|Nucleus,Nuclear export signal,Soluble,0.7034000158309937,0.6805999875068665,0.023099999874830246,0.1225999966263771,0.15479999780654907,0.01720000058412552,0.25769999623298645,0.37599998712539673,0.25040000677108765,0.012199999764561653,0.5044999718666077,0.05050000175833702,0.03750000149011612,0.850600004196167
ENSG00000058600,Nucleus,Nuclear localization signal|Nuclear export signal,Soluble,0.34929999709129333,0.8848000168800354,0.044599998742341995,0.04670000076293945,0.07930000126361847,0.0044999998062849045,0.050200000405311584,0.05820000171661377,0.03229999914765358,0.0015999999595806003,0.16599999368190765,0.062300000339746475,0.057999998331069946,0.920199990272522
ENSG00000058668,Cell membrane,Signal peptide|Transmembrane domain,Transmembrane,0.17560000717639923,0.07900000363588333,0.018799999728798866,0.8325999975204468,0.15000000596046448,0.00559999980032444,0.413100004196167,0.5037999749183655,0.5026000142097473,0.022199999541044235,0.05460000038146973,0.9819999933242798,0.06669999659061432,0.15610000491142273
ENSG00000058804,Nucleus,Transmembrane domain,Transmembrane,0.3176000118255615,0.44350001215934753,0.03959999978542328,0.29109999537467957,0.13600000739097595,0.03539999946951866,0.527999997138977,0.27900001406669617,0.32359999418258667,0.07190000265836716,0.09700000286102295,0.9959999918937683,0.1712999939918518,0.11339999735355377
ENSG00000058866,Cytoplasm,Nuclear localization signal,Peripheral|Soluble,0.6502000093460083,0.3264000117778778,0.029100000858306885,0.5619999766349792,0.13490000367164612,0.00989999994635582,0.33320000767707825,0.4131999909877777,0.2669999897480011,0.02590000070631504,0.6897000074386597,0.11500000208616257,0.2741999924182892,0.7225000262260437
ENSG00000059377,Endoplasmic reticulum,Signal peptide|Transmembrane domain,Peripheral|Transmembrane,0.1362999975681305,0.10320000350475311,0.04430000111460686,0.14900000393390656,0.4169999957084656,0.019899999722838402,0.8780999779701233,0.08190000057220459,0.08739999681711197,0.011099999770522118,0.6639000177383423,0.8079000115394592,0.26429998874664307,0.2176000028848648
ENSG00000059378,Cytoplasm,,Soluble,0.5777999758720398,0.46619999408721924,0.17640000581741333,0.16419999301433563,0.1704999953508377,0.00800000037997961,0.29269999265670776,0.2750999927520752,0.25099998712539673,0.11840000003576279,0.25060001015663147,0.04490000009536743,0.15449999272823334,0.914900004863739
ENSG00000059573,Mitochondrion,Mitochondrial transit peptide,Peripheral|Soluble,0.2563999891281128,0.20250000059604645,0.020800000056624413,0.07029999792575836,0.8773999810218811,0.03220000118017197,0.054099999368190765,0.07519999891519547,0.09539999812841415,0.029999999329447746,0.6234999895095825,0.11400000005960464,0.3871999979019165,0.7235999703407288
ENSG00000059804,Cell membrane,Transmembrane domain,Transmembrane,0.14399999380111694,0.07400000095367432,0.047600001096725464,0.8457000255584717,0.2556999921798706,0.006099999882280827,0.21559999883174896,0.3012999892234802,0.28189998865127563,0.04569999873638153,0.08410000056028366,0.9704999923706055,0.2273000031709671,0.13590000569820404
ENSG00000060642,Endoplasmic reticulum|Golgi apparatus,Signal peptide|Transmembrane domain,Transmembrane,0.07249999791383743,0.09359999746084213,0.04309999942779541,0.44839999079704285,0.29100000858306885,0.012799999676644802,0.9351000189781189,0.3370000123977661,0.6538000106811523,0.021199999377131462,0.11720000207424164,0.9825999736785889,0.08760000020265579,0.12630000710487366
ENSG00000060762,Mitochondrion,,Transmembrane,0.11969999969005585,0.030700000002980232,0.0706000030040741,0.15379999577999115,0.7940999865531921,0.10090000182390213,0.12620000541210175,0.27149999141693115,0.17710000276565552,0.4133000075817108,0.29350000619888306,0.9614999890327454,0.03139999881386757,0.0771000012755394
ENSG00000060971,Cytoplasm|Mitochondrion,Mitochondrial transit peptide,Soluble,0.6905999779701233,0.1995999962091446,0.05990000069141388,0.28349998593330383,0.6947000026702881,0.0031999999191612005,0.20800000429153442,0.22259999811649323,0.17329999804496765,0.6101999878883362,0.5774000287055969,0.05810000002384186,0.4713999927043915,0.8026999831199646
ENSG00000060982,Cytoplasm,,Soluble,0.8151000142097473,0.24869999289512634,0.0471000000834465,0.12729999423027039,0.20010000467300415,0.09570000320672989,0.15839999914169312,0.11710000038146973,0.06880000233650208,0.037700001150369644,0.30250000953674316,0.11630000174045563,0.10890000313520432,0.8125
ENSG00000061918,Cytoplasm,Nuclear export signal,Soluble,0.7361999750137329,0.24199999868869781,0.038100000470876694,0.39160001277923584,0.35440000891685486,0.006099999882280827,0.17170000076293945,0.40049999952316284,0.21539999544620514,0.020400000736117363,0.5716000199317932,0.09009999781847,0.3564999997615814,0.8052999973297119
ENSG00000062282,Endoplasmic reticulum,Transmembrane domain,Transmembrane,0.1386999934911728,0.13369999825954437,0.013799999840557575,0.22300000488758087,0.2126999944448471,0.020400000736117363,0.8575000166893005,0.0917000025510788,0.14589999616146088,0.03420000150799751,0.5626000165939331,0.932200014591217,0.37869998812675476,0.17900000512599945
ENSG00000062485,Mitochondrion,Mitochondrial transit peptide,Peripheral|Soluble,0.1582999974489212,0.09870000183582306,0.029400000348687172,0.25029999017715454,0.8956999778747559,0.010599999688565731,0.14169999957084656,0.06260000169277191,0.12610000371932983,0.025299999862909317,0.6470000147819519,0.0997999981045723,0.13930000364780426,0.6812999844551086
ENSG00000062822,Nucleus,Nuclear localization signal|Nuclear export signal,Soluble,0.4593000113964081,0.8741000294685364,0.043800000101327896,0.09470000118017197,0.34119999408721924,0.004000000189989805,0.08780000358819962,0.11029999703168869,0.08060000091791153,0.0031999999191612005,0.349700003862381,0.08460000157356262,0.11230000108480453,0.8777999877929688
ENSG00000063176,Cytoplasm,Nuclear export signal,Peripheral|Soluble,0.6366999745368958,0.3352999985218048,0.06520000100135803,0.42559999227523804,0.4244000017642975,0.02019999921321869,0.510200023651123,0.5135999917984009,0.4424000084400177,0.03460000082850456,0.652400016784668,0.17219999432563782,0.35120001435279846,0.7060999870300293
ENSG00000063601,Cytoplasm,Nuclear export signal,Peripheral|Soluble,0.635699987411499,0.2897999882698059,0.0746999979019165,0.39149999618530273,0.17569999396800995,0.008899999782443047,0.2524000108242035,0.5309000015258789,0.38850000500679016,0.026900000870227814,0.6621000170707703,0.07280000299215317,0.1956000030040741,0.8080000281333923
ENSG00000063854,Mitochondrion,Mitochondrial transit peptide,Peripheral|Soluble,0.3790999948978424,0.2053000032901764,0.13330000638961792,0.2249000072479248,0.9081000089645386,0.0032999999821186066,0.14900000393390656,0.3386000096797943,0.3000999987125397,0.16130000352859497,0.7767000198364258,0.08060000091791153,0.35499998927116394,0.7059000134468079
ENSG00000064225,Golgi apparatus,Signal peptide|Transmembrane domain,Transmembrane,0.15800000727176666,0.09799999743700027,0.5325999855995178,0.20919999480247498,0.14480000734329224,0.003800000064074993,0.24619999527931213,0.22419999539852142,0.8300999999046326,0.013299999758601189,0.39590001106262207,0.8402000069618225,0.3197999894618988,0.31209999322891235
ENSG00000064270,Cell membrane|Lysosome/Vacuole,Signal peptide|Transmembrane domain,Transmembrane,0.19280000030994415,0.08560000360012054,0.015200000256299973,0.58160001039505,0.14990000426769257,0.023499999195337296,0.5529999732971191,0.7491000294685364,0.5910999774932861,0.03480000048875809,0.14949999749660492,0.9639000296592712,0.26919999718666077,0.12120000272989273
ENSG00000064601,Extracellular|Lysosome/Vacuole,Signal peptide,Soluble,0.15219999849796295,0.0982000008225441,0.6769000291824341,0.21799999475479126,0.04179999977350235,0.002199999988079071,0.5321000218391418,0.715399980545044,0.32739999890327454,0.008299999870359898,0.35019999742507935,0.1429000049829483,0.1356000006198883,0.7405999898910522
ENSG00000064651,Cell membrane,Transmembrane domain,Transmembrane,0.2542000114917755,0.06449999660253525,0.0333000011742115,0.760699987411499,0.14390000700950623,0.010499999858438969,0.13189999759197235,0.5771999955177307,0.3522000014781952,0.012000000104308128,0.11079999804496765,0.9782000184059143,0.06790000200271606,0.1404999941587448
ENSG00000064763,Endoplasmic reticulum|Peroxisome,Peroxisomal targeting signal,Transmembrane,0.20069999992847443,0.056299999356269836,0.04190000146627426,0.1543000042438507,0.4505000114440918,0.0737999975681305,0.6650999784469604,0.17890000343322754,0.4271000027656555,0.7415000200271606,0.3986999988555908,0.9032999873161316,0.1687999963760376,0.15549999475479126
ENSG00000065154,Mitochondrion,Mitochondrial transit peptide,Soluble,0.1362999975681305,0.13830000162124634,0.020099999383091927,0.0640999972820282,0.929099977016449,0.04039999842643738,0.026000000536441803,0.038600001484155655,0.027300000190734863,0.02280000038444996,0.4643000066280365,0.11140000075101852,0.14990000426769257,0.758400022983551
ENSG00000065357,Cytoplasm,Nuclear export signal,Peripheral|Soluble,0.567799985408783,0.2775000035762787,0.03739999979734421,0.5437999963760376,0.19550000131130219,0.03629999980330467,0.3327000141143799,0.534500002861023,0.54830002784729,0.023900000378489494,0.7192000150680542,0.1371999979019165,0.21570000052452087,0.6571999788284302
ENSG00000065427,Cytoplasm,Nuclear localization signal,Soluble,0.745199978351593,0.4523000121116638,0.09510000050067902,0.16820000112056732,0.17479999363422394,0.008100000210106373,0.1753000020980835,0.065700002014637,0.11410000175237656,0.040800001472234726,0.32829999923706055,0.06729999929666519,0.16410000622272491,0.8596000075340271
ENSG00000065485,Endoplasmic reticulum,Signal peptide,Soluble,0.24629999697208405,0.10050000250339508,0.33970001339912415,0.26249998807907104,0.10689999908208847,0.008999999612569809,0.9068999886512756,0.23659999668598175,0.30630001425743103,0.013899999670684338,0.560699999332428,0.047200001776218414,0.2053000032901764,0.7839000225067139
ENSG00000065518,Mitochondrion,,Transmembrane,0.24320000410079956,0.24529999494552612,0.020999999716877937,0.03909999877214432,0.9248999953269958,0.03709999844431877,0.10509999841451645,0.02070000022649765,0.014299999922513962,0.01860000006854534,0.1527000069618225,0.9873999953269958,0.0674000009894371,0.07240000367164612
ENSG00000065534,Cytoplasm,Nuclear localization signal,Soluble,0.7699000239372253,0.32820001244544983,0.07980000227689743,0.4997999966144562,0.14110000431537628,0.022099999710917473,0.0794999971985817,0.08219999819993973,0.1964000016450882,0.006899999920278788,0.4611999988555908,0.029100000858306885,0.1281999945640564,0.9059000015258789
ENSG00000065615,Cytoplasm,Nuclear export signal,Soluble,0.8029000163078308,0.328000009059906,0.027699999511241913,0.3718000054359436,0.19179999828338623,0.018699999898672104,0.4032000005245209,0.2799000144004822,0.2711000144481659,0.028699999675154686,0.44690001010894775,0.07370000332593918,0.11649999767541885,0.7821999788284302
ENSG00000065621,Cytoplasm,Nuclear export signal,Soluble,0.8064000010490417,0.2660999894142151,0.16009999811649323,0.2328999936580658,0.29670000076293945,0.03200000151991844,0.31940001249313354,0.1273999959230423,0.28369998931884766,0.1655000001192093,0.35580000281333923,0.10790000110864639,0.2615000009536743,0.7793999910354614
ENSG00000065833,Cytoplasm,Peroxisomal targeting signal,Peripheral|Soluble,0.7379999756813049,0.17010000348091125,0.06260000169277191,0.4253000020980835,0.17990000545978546,0.016699999570846558,0.14329999685287476,0.1981000006198883,0.1039000004529953,0.21969999372959137,0.6180999875068665,0.061500001698732376,0.3971000015735626,0.8046000003814697
ENSG00000065911,Mitochondrion,Mitochondrial transit peptide,Peripheral|Soluble,0.210099995136261,0.09510000050067902,0.06260000169277191,0.12999999523162842,0.9082000255584717,0.005900000222027302,0.0632999986410141,0.06300000101327896,0.09560000151395798,0.024299999698996544,0.6159999966621399,0.06159999966621399,0.33719998598098755,0.781499981880188
ENSG00000065923,Cell membrane|Lysosome/Vacuole,Signal peptide|Transmembrane domain,Transmembrane,0.14010000228881836,0.04879999905824661,0.031199999153614044,0.659500002861023,0.06419999897480011,0.009600000455975533,0.5141000151634216,0.654699981212616,0.5325000286102295,0.042399998754262924,0.066600002348423,0.9837999939918518,0.19059999287128448,0.13650000095367432
ENSG00000065989,Cytoplasm|Cell membrane,Nuclear export signal,Soluble,0.5932000279426575,0.4496000111103058,0.016499999910593033,0.590399980545044,0.21850000321865082,0.005799999926239252,0.15139999985694885,0.26829999685287476,0.34200000762939453,0.02889999933540821,0.5508999824523926,0.07349999994039536,0.28850001096725464,0.8039000034332275
ENSG00000066230,Cell membrane|Lysosome/Vacuole,Signal peptide|Transmembrane domain,Transmembrane,0.11659999936819077,0.06449999660253525,0.03880000114440918,0.690500020980835,0.12229999899864197,0.023399999365210533,0.37380000948905945,0.741100013256073,0.4242999851703644,0.027899999171495438,0.11349999904632568,0.9854000210762024,0.2175000011920929,0.08110000193119049
ENSG00000066322,Endoplasmic reticulum,Signal peptide|Transmembrane domain,Transmembrane,0.04670000076293945,0.06019999831914902,0.009200000204145908,0.3779999911785126,0.2410999983549118,0.004800000227987766,0.9289000034332275,0.16359999775886536,0.37599998712539673,0.05790000036358833,0.08269999921321869,0.9858999848365784,0.05490000173449516,0.08349999785423279
ENSG00000066379,Cytoplasm|Nucleus,Nuclear export signal,Soluble,0.4803999960422516,0.7663999795913696,0.04479999840259552,0.08569999784231186,0.2596000134944916,0.024000000208616257,0.14329999685287476,0.2955999970436096,0.06700000166893005,0.004100000020116568,0.12150000035762787,0.0502999983727932,0.1695999950170517,0.857699990272522
ENSG00000066651,Cytoplasm|Nucleus,,Soluble,0.5260999798774719,0.6496000289916992,0.029899999499320984,0.06669999659061432,0.3928000032901764,0.003800000064074993,0.15209999680519104,0.03680000081658363,0.08810000121593475,0.00839999970048666,0.21160000562667847,0.18729999661445618,0.12970000505447388,0.8827000260353088
ENSG00000066813,Mitochondrion,Mitochondrial transit peptide,Soluble,0.21209999918937683,0.17149999737739563,0.07349999994039536,0.11309999972581863,0.8528000116348267,0.0019000000320374966,0.12700000405311584,0.07400000095367432,0.08240000158548355,0.016100000590085983,0.567799985408783,0.14830000698566437,0.1111999973654747,0.8041999936103821
ENSG00000066926,Mitochondrion,Mitochondrial transit peptide,Peripheral|Soluble,0.2849000096321106,0.19519999623298645,0.07599999755620956,0.14180000126361847,0.9460999965667725,0.00419999985024333,0.11230000108480453,0.07339999824762344,0.09809999912977219,0.03579999879002571,0.6541000008583069,0.12439999729394913,0.3481000065803528,0.6549999713897705
ENSG00000067057,Cytoplasm,Nuclear export signal|Peroxisomal targeting signal,Soluble,0.8054999709129333,0.24269999563694,0.04859999939799309,0.2840000092983246,0.2994000017642975,0.032999999821186066,0.16940000653266907,0.423799991607666,0.1574999988079071,0.2703000009059906,0.5170999765396118,0.10119999945163727,0.3052000105381012,0.798799991607666
ENSG00000067064,Cytoplasm,Peroxisomal targeting signal,Soluble,0.755299985408783,0.49639999866485596,0.09300000220537186,0.10000000149011612,0.2581999897956848,0.006599999964237213,0.12330000102519989,0.13179999589920044,0.23849999904632568,0.6520000100135803,0.295199990272522,0.11150000244379044,0.1331000030040741,0.815500020980835
ENSG00000067113,Cell membrane|Endoplasmic reticulum,Signal peptide|Transmembrane domain,Transmembrane,0.06909999996423721,0.03189999982714653,0.09279999881982803,0.7208999991416931,0.05979999899864197,0.03610000014305115,0.7087000012397766,0.3749000132083893,0.5317000150680542,0.007000000216066837,0.03669999912381172,0.9958999752998352,0.17180000245571136,0.07970000058412552
ENSG00000067177,Cytoplasm,Nuclear export signal,Soluble,0.6456999778747559,0.3668999969959259,0.06700000166893005,0.4350000023841858,0.1850000023841858,0.040800001472234726,0.42419999837875366,0.4611999988555908,0.38119998574256897,0.08529999852180481,0.44339999556541443,0.41350001096725464,0.1623000055551529,0.6500999927520752
ENSG00000067225,Cytoplasm,Nuclear localization signal|Nuclear export signal,Soluble,0.7300000190734863,0.41620001196861267,0.07959999889135361,0.4097000062465668,0.2370000034570694,0.04729999974370003,0.07989999651908875,0.18219999969005585,0.16359999775886536,0.026200000196695328,0.3824999928474426,0.04430000111460686,0.364300012588501,0.8518999814987183
ENSG00000067829,Mitochondrion,Mitochondrial transit peptide,Soluble,0.26249998807907104,0.09939999878406525,0.045499999076128006,0.10480000078678131,0.9330000281333923,0.00430000014603138,0.06469999998807907,0.07729999721050262,0.11990000307559967,0.03550000116229057,0.5841000080108643,0.04780000075697899,0.5152999758720398,0.8040000200271606
ENSG00000067840,Cytoplasm,Nuclear localization signal,Peripheral|Soluble,0.6949999928474426,0.34139999747276306,0.24300000071525574,0.364300012588501,0.1485999971628189,0.01759999990463257,0.12710000574588776,0.19020000100135803,0.25209999084472656,0.023800000548362732,0.6769000291824341,0.08259999752044678,0.33899998664855957,0.7825999855995178
ENSG00000067842,Cell membrane,Transmembrane domain,Transmembrane,0.19900000095367432,0.09120000153779984,0.02800000086426735,0.8364999890327454,0.1712000072002411,0.0066999997943639755,0.3772999942302704,0.482699990272522,0.44839999079704285,0.019200000911951065,0.05620000138878822,0.9811999797821045,0.09220000356435776,0.15309999883174896
ENSG00000067992,Mitochondrion,Mitochondrial transit peptide,Peripheral|Soluble,0.3440999984741211,0.12680000066757202,0.023099999874830246,0.1581999957561493,0.8562999963760376,0.0007999999797903001,0.05480000004172325,0.07999999821186066,0.0640999972820282,0.08290000259876251,0.6309000253677368,0.0966000035405159,0.16349999606609344,0.6815999746322632
ENSG00000068001,Cell membrane,,Lipid anchor,0.16030000150203705,0.052400000393390656,0.3971000015735626,0.8098000288009644,0.09269999712705612,0.0017999999690800905,0.28439998626708984,0.47909998893737793,0.3449999988079071,0.012199999764561653,0.2605000138282776,0.23770000040531158,0.9818999767303467,0.3409999907016754
ENSG00000068120,Cytoplasm,Peroxisomal targeting signal,Soluble,0.7440000176429749,0.27390000224113464,0.05649999901652336,0.13369999825954437,0.3682999908924103,0.010999999940395355,0.28040000796318054,0.20479999482631683,0.33959999680519104,0.3230000138282776,0.1914999932050705,0.14810000360012054,0.27549999952316284,0.8828999996185303
ENSG00000068308,Cytoplasm|Nucleus,Nuclear localization signal,Soluble,0.6625000238418579,0.635699987411499,0.029999999329447746,0.3240000009536743,0.11379999667406082,0.0019000000320374966,0.23280000686645508,0.21770000457763672,0.30250000953674316,0.01940000057220459,0.4447000026702881,0.050999999046325684,0.43970000743865967,0.8468000292778015
ENSG00000068366,Cell membrane|Endoplasmic reticulum,Transmembrane domain,Transmembrane,0.3325999975204468,0.10980000346899033,0.11309999972581863,0.6032999753952026,0.4781999886035919,0.05640000104904175,0.8230999708175659,0.3653999865055084,0.48570001125335693,0.04050000011920929,0.5512999892234802,0.864799976348877,0.6294999718666077,0.2029000073671341
ENSG00000068383,Cell membrane,,Lipid anchor,0.42739999294281006,0.259799987077713,0.07720000296831131,0.6984999775886536,0.22699999809265137,0.028999999165534973,0.28290000557899475,0.5113000273704529,0.5187000036239624,0.00930000003427267,0.5842999815940857,0.1152999997138977,0.9648000001907349,0.41530001163482666
ENSG00000068650,Cell membrane|Endoplasmic reticulum|Lysosome/Vacuole|Golgi apparatus,Signal peptide|Transmembrane domain,Transmembrane,0.14740000665187836,0.06589999794960022,0.021400000900030136,0.7024000287055969,0.13349999487400055,0.014100000262260437,0.6269999742507935,0.629800021648407,0.6998000144958496,0.03680000081658363,0.1745000034570694,0.9890000224113464,0.11810000240802765,0.07519999891519547
ENSG00000068654,Nucleus,Nuclear localization signal|Nuclear export signal,Soluble,0.39649999141693115,0.7523000240325928,0.04349999874830246,0.11299999803304672,0.20280000567436218,0.021800000220537186,0.0940999984741211,0.10400000214576721,0.04619999974966049,0.02019999921321869,0.38659998774528503,0.1404999941587448,0.11159999668598175,0.8264999985694885
ENSG00000068745,Cytoplasm|Nucleus,Nuclear localization signal|Nuclear export signal,Soluble,0.6988999843597412,0.6144000291824341,0.06769999861717224,0.1882999986410141,0.28760001063346863,0.005400000140070915,0.20810000598430634,0.2468000054359436,0.2386000007390976,0.002899999963119626,0.3440999984741211,0.04360000044107437,0.22529999911785126,0.9021999835968018
ENSG00000068903,Cytoplasm|Nucleus,Nuclear export signal,Soluble,0.683899998664856,0.5267000198364258,0.19670000672340393,0.07270000129938126,0.4108999967575073,0.0357000008225441,0.33079999685287476,0.1354999989271164,0.288100004196167,0.028599999845027924,0.43389999866485596,0.0632999986410141,0.5389999747276306,0.8417999744415283
ENSG00000068976,Cytoplasm,,Soluble,0.6507999897003174,0.2802000045776367,0.0885000005364418,0.34860000014305115,0.15330000221729279,0.02280000038444996,0.10679999738931656,0.3091999888420105,0.11190000176429749,0.08100000023841858,0.5361999869346619,0.06390000134706497,0.2484000027179718,0.8242999911308289
ENSG00000069248,Cytoplasm|Nucleus,Nuclear localization signal,Peripheral|Soluble,0.529699981212616,0.7585999965667725,0.04450000077486038,0.04969999939203262,0.052000001072883606,0.02710000053048134,0.23749999701976776,0.2770000100135803,0.29280000925064087,0.012600000016391277,0.7196000218391418,0.10909999907016754,0.2879999876022339,0.6477000117301941
ENSG00000069431,Cell membrane|Lysosome/Vacuole,Transmembrane domain,Transmembrane,0.1096000000834465,0.09120000153779984,0.035599999129772186,0.8051000237464905,0.22609999775886536,0.03060000017285347,0.446399986743927,0.6872000098228455,0.47209998965263367,0.26010000705718994,0.11079999804496765,0.9952999949455261,0.15449999272823334,0.06909999996423721
ENSG00000069535,Peroxisome,Peroxisomal targeting signal,Transmembrane,0.24269999563694,0.14470000565052032,0.15950000286102295,0.18080000579357147,0.5963000059127808,0.15610000491142273,0.38359999656677246,0.18690000474452972,0.15790000557899475,0.7577999830245972,0.36559998989105225,0.8820000290870667,0.5015000104904175,0.21770000457763672
ENSG00000069764,Extracellular,Signal peptide,Soluble,0.1573999971151352,0.09210000187158585,0.9175999760627747,0.24609999358654022,0.05990000069141388,0.0007999999797903001,0.25380000472068787,0.36910000443458557,0.23890000581741333,0.007699999958276749,0.3334999978542328,0.06669999659061432,0.18070000410079956,0.7709000110626221
ENSG00000069849,Cell membrane,Signal peptide|Transmembrane domain,Transmembrane,0.18019999563694,0.031700000166893005,0.19689999520778656,0.753600001335144,0.08739999681711197,0.0024999999441206455,0.42340001463890076,0.37279999256134033,0.6079999804496765,0.003000000026077032,0.1738000065088272,0.9933000206947327,0.1477999985218048,0.062300000339746475
ENSG00000069869,Cytoplasm,Nuclear export signal,Peripheral|Soluble,0.7092000246047974,0.38769999146461487,0.0348999984562397,0.49300000071525574,0.19589999318122864,0.03869999945163727,0.2628999948501587,0.4627000093460083,0.41830000281333923,0.052799999713897705,0.718500018119812,0.07460000365972519,0.1348000019788742,0.8296999931335449
ENSG00000069943,Endoplasmic reticulum,Signal peptide|Transmembrane domain,Transmembrane,0.10679999738931656,0.1776999980211258,0.039000000804662704,0.21729999780654907,0.27880001068115234,0.006300000008195639,0.8673999905586243,0.22840000689029694,0.5853999853134155,0.02800000086426735,0.16990000009536743,0.9567999839782715,0.09650000184774399,0.26019999384880066
ENSG00000070019,Cell membrane|Lysosome/Vacuole,Signal peptide|Transmembrane domain,Transmembrane,0.2777000069618225,0.07810000330209732,0.08730000257492065,0.8619999885559082,0.08100000023841858,0.0215000007301569,0.25130000710487366,0.6758999824523926,0.42989999055862427,0.065700002014637,0.17239999771118164,0.8981999754905701,0.33410000801086426,0.17010000348091125
ENSG00000070214,Cell membrane|Lysosome/Vacuole|Golgi apparatus,Transmembrane domain,Transmembrane,0.19670000672340393,0.06239999830722809,0.05649999901652336,0.8101000189781189,0.15549999475479126,0.002899999963119626,0.4025000035762787,0.8360000252723694,0.6718000173568726,0.010400000028312206,0.18979999423027039,0.9940999746322632,0.22939999401569366,0.06129999831318855
ENSG00000070423,Cytoplasm|Nucleus,Nuclear export signal,Soluble,0.7663000226020813,0.611299991607666,0.11150000244379044,0.10360000282526016,0.3668999969959259,0.00279999990016222,0.3659999966621399,0.10050000250339508,0.13439999520778656,0.1785999983549118,0.4146000146865845,0.056699998676776886,0.3849000036716461,0.8335000276565552
ENSG00000070501,Nucleus,Nuclear localization signal,Soluble,0.326200008392334,0.7182000279426575,0.1551000028848648,0.14180000126361847,0.2029000073671341,0.031700000166893005,0.028200000524520874,0.037700001150369644,0.017999999225139618,0.004800000227987766,0.2460000067949295,0.05380000174045563,0.3070000112056732,0.896399974822998
ENSG00000070526,Golgi apparatus,Signal peptide|Transmembrane domain,Transmembrane,0.15850000083446503,0.0908999964594841,0.319599986076355,0.22669999301433563,0.06390000134706497,0.007899999618530273,0.23170000314712524,0.15230000019073486,0.8475000262260437,0.03150000050663948,0.2232999950647354,0.8748000264167786,0.2125999927520752,0.28040000796318054
ENSG00000070610,Cytoplasm,,Soluble,0.6446999907493591,0.15209999680519104,0.2563000023365021,0.5008000135421753,0.36739999055862427,0.031099999323487282,0.5424000024795532,0.42829999327659607,0.6406000256538391,0.22139999270439148,0.4860999882221222,0.4941999912261963,0.2662000060081482,0.641700029373169
ENSG00000070614,Golgi apparatus,Signal peptide|Transmembrane domain,Transmembrane,0.18129999935626984,0.11299999803304672,0.3481999933719635,0.31119999289512634,0.04809999838471413,0.006200000178068876,0.42100000381469727,0.3937999904155731,0.8840000033378601,0.014399999752640724,0.3725999891757965,0.9111999869346619,0.4713999927043915,0.1860000044107437
ENSG00000070669,Cytoplasm,Peroxisomal targeting signal,Soluble,0.7843000292778015,0.21619999408721924,0.037300001829862595,0.08760000020265579,0.2782999873161316,0.020800000056624413,0.2160000056028366,0.15919999778270721,0.2718000113964081,0.1964000016450882,0.4738999903202057,0.164000004529953,0.23479999601840973,0.7494000196456909
ENSG00000070731,Golgi apparatus,Signal peptide|Transmembrane domain,Transmembrane,0.13539999723434448,0.07829999923706055,0.477400004863739,0.24310000240802765,0.12540000677108765,0.005100000184029341,0.3628000020980835,0.20389999449253082,0.8784999847412109,0.0071000000461936,0.3034000098705292,0.8752999901771545,0.3950999975204468,0.28519999980926514
ENSG00000070748,Cytoplasm,,Soluble,0.5020999908447266,0.4250999987125397,0.0794999971985817,0.13269999623298645,0.328000009059906,0.004999999888241291,0.1843000054359436,0.15880000591278076,0.21940000355243683,0.03709999844431877,0.453900009393692,0.12530000507831573,0.1446000039577484,0.8203999996185303
ENSG00000070915,Cell membrane,Transmembrane domain,Transmembrane,0.25279998779296875,0.052799999713897705,0.024800000712275505,0.7752000093460083,0.12229999899864197,0.00930000003427267,0.12399999797344208,0.5623999834060669,0.32429999113082886,0.012799999676644802,0.12219999730587006,0.9775000214576721,0.07810000330209732,0.14020000398159027
ENSG00000070950,Nucleus,Nuclear localization signal,Soluble,0.31520000100135803,0.9361000061035156,0.02969999983906746,0.05649999901652336,0.11860000342130661,0.006899999920278788,0.06390000134706497,0.038100000470876694,0.04479999840259552,0.009399999864399433,0.24860000610351562,0.029200000688433647,0.4075999855995178,0.929099977016449
ENSG00000070961,Cell membrane,Transmembrane domain,Transmembrane,0.1973000019788742,0.08789999783039093,0.025200000032782555,0.8396999835968018,0.15440000593662262,0.006000000052154064,0.39079999923706055,0.4740999937057495,0.4674000144004822,0.01720000058412552,0.06159999966621399,0.980400025844574,0.07199999690055847,0.15770000219345093
ENSG00000071073,Golgi apparatus,Signal peptide|Transmembrane domain,Transmembrane,0.10509999841451645,0.1876000016927719,0.23010000586509705,0.13760000467300415,0.05139999836683273,0.005799999926239252,0.3573000133037567,0.18279999494552612,0.9300000071525574,0.04450000077486038,0.38519999384880066,0.8615000247955322,0.16300000250339508,0.32589998841285706
ENSG00000071553,Lysosome/Vacuole,Signal peptide|Transmembrane domain,Transmembrane,0.17329999804496765,0.1264999955892563,0.12890000641345978,0.46540001034736633,0.03519999980926514,0.009200000204145908,0.508400022983551,0.6909999847412109,0.5983999967575073,0.007499999832361937,0.036400001496076584,0.9912999868392944,0.375,0.09229999780654907
ENSG00000071794,Nucleus,Nuclear localization signal,Soluble,0.1851000040769577,0.9190000295639038,0.03139999881386757,0.04039999842643738,0.09920000284910202,0.09139999747276306,0.04439999908208847,0.08510000258684158,0.06759999692440033,0.050599999725818634,0.23680000007152557,0.0722000002861023,0.041600000113248825,0.8860999941825867
ENSG00000071967,Cell membrane,Signal peptide|Transmembrane domain,Transmembrane,0.12430000305175781,0.020800000056624413,0.017999999225139618,0.6941999793052673,0.03689999878406525,0.009999999776482582,0.5232999920845032,0.5388000011444092,0.5770000219345093,0.00279999990016222,0.04859999939799309,0.9939000010490417,0.04639999940991402,0.08489999920129776
ENSG00000072041,Cell membrane,Transmembrane domain,Transmembrane,0.15440000593662262,0.05040000006556511,0.02500000037252903,0.8508999943733215,0.10220000147819519,0.01269999984651804,0.15610000491142273,0.5436000227928162,0.2395000010728836,0.004000000189989805,0.08460000157356262,0.9896000027656555,0.06549999862909317,0.08590000122785568
ENSG00000072042,Endoplasmic reticulum,Signal peptide|Transmembrane domain,Transmembrane,0.27549999952316284,0.14659999310970306,0.11339999735355377,0.21729999780654907,0.3878999948501587,0.030899999663233757,0.8416000008583069,0.22429999709129333,0.21310000121593475,0.01080000028014183,0.45829999446868896,0.7922000288963318,0.4438000023365021,0.2937000095844269
ENSG00000072210,Endoplasmic reticulum,Signal peptide|Transmembrane domain,Transmembrane,0.16120000183582306,0.210999995470047,0.03610000014305115,0.16850000619888306,0.4025999903678894,0.1128000020980835,0.8640000224113464,0.18930000066757202,0.30570000410079956,0.3321000039577484,0.4032000005245209,0.8278999924659729,0.5343999862670898,0.1988999992609024
ENSG00000072274,Cell membrane|Golgi apparatus,Signal peptide|Transmembrane domain,Transmembrane,0.17080000042915344,0.22139999270439148,0.12349999696016312,0.633899986743927,0.02710000053048134,0.0032999999821186066,0.3912000060081482,0.5839999914169312,0.7226999998092651,0.0035000001080334187,0.06109999865293503,0.9197999835014343,0.47870001196861267,0.30570000410079956
ENSG00000072401,Cytoplasm|Nucleus,Nuclear export signal,Soluble,0.5769000053405762,0.5070000290870667,0.051500000059604645,0.2076999992132187,0.16259999573230743,0.00139999995008111,0.20069999992847443,0.09529999643564224,0.3458999991416931,0.12030000239610672,0.5343999862670898,0.03480000048875809,0.2563999891281128,0.7925000190734863
ENSG00000072506,Mitochondrion,Mitochondrial transit peptide,Peripheral|Soluble,0.4345000088214874,0.2498999983072281,0.03739999979734421,0.1729000061750412,0.8252000212669373,0.010900000110268593,0.024900000542402267,0.24089999496936798,0.0272000003606081,0.15520000457763672,0.6434999704360962,0.1062999963760376,0.3278000056743622,0.659600019454956
ENSG00000072609,Nucleus,,Soluble,0.349700003862381,0.7706999778747559,0.03150000050663948,0.0860000029206276,0.09619999676942825,0.014000000432133675,0.06440000236034393,0.133200004696846,0.061900001019239426,0.05119999870657921,0.28850001096725464,0.041999999433755875,0.26409998536109924,0.9284999966621399
ENSG00000072657,Cell membrane,Signal peptide|Transmembrane domain,Transmembrane,0.22130000591278076,0.15060000121593475,0.2379000037908554,0.7415000200271606,0.028300000354647636,0.0038999998942017555,0.20819999277591705,0.4602999985218048,0.5354999899864197,0.048500001430511475,0.06679999828338623,0.9456999897956848,0.43209999799728394,0.28619998693466187
ENSG00000072682,Extracellular,Signal peptide,Soluble,0.21209999918937683,0.07020000368356705,0.6823999881744385,0.2198999971151352,0.13439999520778656,0.002099999925121665,0.597100019454956,0.45680001378059387,0.5525000095367432,0.0010999999940395355,0.3718999922275543,0.2329999953508377,0.13050000369548798,0.7371000051498413
ENSG00000072778,Mitochondrion,Mitochondrial transit peptide,Peripheral|Soluble,0.26429998874664307,0.2046000063419342,0.04879999905824661,0.20350000262260437,0.8794000148773193,0.003599999938160181,0.11840000003576279,0.1428000032901764,0.12120000272989273,0.1615000069141388,0.8392999768257141,0.10580000281333923,0.23199999332427979,0.5608000159263611
ENSG00000073060,Cell membrane,Signal peptide|Transmembrane domain,Transmembrane,0.18119999766349792,0.07270000129938126,0.14740000665187836,0.8156999945640564,0.04749999940395355,0.018699999898672104,0.40299999713897705,0.4359000027179718,0.3513999879360199,0.006399999838322401,0.2287999987602234,0.9751999974250793,0.4706999957561493,0.11490000039339066
ENSG00000073417,Cytoplasm,Nuclear export signal,Lipid anchor|Soluble,0.5550000071525574,0.42989999055862427,0.03590000048279762,0.5449000000953674,0.20069999992847443,0.012299999594688416,0.23669999837875366,0.3873000144958496,0.4596000015735626,0.031099999323487282,0.5059000253677368,0.1762000024318695,0.9562000036239624,0.5656999945640564
ENSG00000073578,Mitochondrion,Mitochondrial transit peptide,Peripheral|Soluble,0.16429999470710754,0.15279999375343323,0.024399999529123306,0.1843000054359436,0.9488000273704529,0.0035000001080334187,0.11230000108480453,0.0828000009059906,0.1152999997138977,0.021900000050663948,0.7630000114440918,0.0877000018954277,0.23680000007152557,0.6743999719619751
ENSG00000073734,Cell membrane|Lysosome/Vacuole,Transmembrane domain,Transmembrane,0.20649999380111694,0.10429999977350235,0.053300000727176666,0.8705000281333923,0.14890000224113464,0.01510000042617321,0.31049999594688416,0.6373000144958496,0.3409999907016754,0.11779999732971191,0.1477999985218048,0.9850000143051147,0.13750000298023224,0.13120000064373016
ENSG00000073737,Endoplasmic reticulum,Signal peptide|Transmembrane domain,Transmembrane,0.1964000016450882,0.11999999731779099,0.06449999660253525,0.29980000853538513,0.31520000100135803,0.006399999838322401,0.8747000098228455,0.17669999599456787,0.15000000596046448,0.010200000368058681,0.48899999260902405,0.8112000226974487,0.31380000710487366,0.2321999967098236
ENSG00000073756,Extracellular,Signal peptide,Peripheral|Soluble,0.28850001096725464,0.12839999794960022,0.6033999919891357,0.3546000123023987,0.20059999823570251,0.010900000110268593,0.4968999922275543,0.44339999556541443,0.3718999922275543,0.05119999870657921,0.6442000269889832,0.3896999955177307,0.20819999277591705,0.5702000260353088
ENSG00000073849,Golgi apparatus,Signal peptide|Transmembrane domain,Transmembrane,0.14640000462532043,0.07940000295639038,0.4514999985694885,0.20829999446868896,0.08869999647140503,0.010599999688565731,0.17839999496936798,0.16779999434947968,0.8884999752044678,0.009600000455975533,0.18160000443458557,0.8666999936103821,0.24050000309944153,0.2849999964237213
ENSG00000074370,Cell membrane,Signal peptide|Transmembrane domain,Transmembrane,0.1688999980688095,0.09629999846220016,0.019500000402331352,0.640999972820282,0.1534000039100647,0.006500000134110451,0.5418000221252441,0.5077999830245972,0.45899999141693115,0.03480000048875809,0.12409999966621399,0.9648000001907349,0.16769999265670776,0.15160000324249268
ENSG00000074410,Cell membrane|Lysosome/Vacuole,Signal peptide|Transmembrane domain,Transmembrane,0.2152000069618225,0.0843999981880188,0.2572000026702881,0.8820000290870667,0.038100000470876694,0.008700000122189522,0.17749999463558197,0.66839998960495,0.3528999984264374,0.042899999767541885,0.09189999848604202,0.935699999332428,0.6653000116348267,0.19200000166893005
ENSG00000074416,Cytoplasm|Endoplasmic reticulum,,Peripheral|Soluble,0.5942999720573425,0.3659999966621399,0.03350000083446503,0.19550000131130219,0.3001999855041504,0.035999998450279236,0.6123999953269958,0.5163000226020813,0.5160999894142151,0.057999998331069946,0.6381999850273132,0.13349999487400055,0.4424000084400177,0.646399974822998
ENSG00000074621,Cell membrane,Signal peptide|Transmembrane domain,Transmembrane,0.10660000145435333,0.09200000017881393,0.052799999713897705,0.7630000114440918,0.16279999911785126,0.005100000184029341,0.400299996137619,0.3122999966144562,0.5051000118255615,0.061799999326467514,0.09830000251531601,0.9629999995231628,0.08380000293254852,0.18860000371932983
ENSG00000074696,Endoplasmic reticulum,,Transmembrane,0.27799999713897705,0.2224999964237213,0.02329999953508377,0.1597999930381775,0.17430000007152557,0.01730000041425228,0.8985999822616577,0.2815999984741211,0.3659999966621399,0.014000000432133675,0.12630000710487366,0.9847999811172485,0.02280000038444996,0.08990000188350677
ENSG00000074800,Cytoplasm,,Soluble,0.8519999980926514,0.34950000047683716,0.14900000393390656,0.19869999587535858,0.2524000108242035,0.040300000458955765,0.11550000309944153,0.1216999962925911,0.16760000586509705,0.3021000027656555,0.45190000534057617,0.04780000075697899,0.13650000095367432,0.7919999957084656
ENSG00000074803,Cell membrane,Transmembrane domain,Transmembrane,0.2734000086784363,0.06880000233650208,0.031599998474121094,0.7688999772071838,0.13529999554157257,0.009800000116229057,0.13050000369548798,0.5493999719619751,0.3224000036716461,0.01119999960064888,0.09920000284910202,0.9805999994277954,0.07440000027418137,0.13099999725818634
ENSG00000075188,Cytoplasm|Nucleus,Nuclear export signal,Soluble,0.6236000061035156,0.5127999782562256,0.032999999821186066,0.2012999951839447,0.10729999840259552,0.016699999570846558,0.21449999511241913,0.3255999982357025,0.15680000185966492,0.09350000321865082,0.43209999799728394,0.13189999759197235,0.18719999492168427,0.7540000081062317
ENSG00000075239,Mitochondrion,Mitochondrial transit peptide,Soluble,0.23729999363422394,0.1200999990105629,0.07940000295639038,0.23420000076293945,0.8988999724388123,0.003000000026077032,0.0877000018954277,0.10589999705553055,0.09480000287294388,0.33340001106262207,0.559499979019165,0.11760000139474869,0.27570000290870667,0.737500011920929
ENSG00000075415,Mitochondrion,,Transmembrane,0.23000000417232513,0.10100000351667404,0.06710000336170197,0.24940000474452972,0.7570000290870667,0.03229999914765358,0.3682999908924103,0.0843999981880188,0.1647000014781952,0.2094999998807907,0.2865000069141388,0.8741999864578247,0.0989999994635582,0.195700004696846
ENSG00000075651,Cytoplasm|Cell membrane|Lysosome/Vacuole,,Peripheral|Soluble,0.5550000071525574,0.13210000097751617,0.10509999841451645,0.5773000121116638,0.23080000281333923,0.14409999549388885,0.323199987411499,0.8144999742507935,0.5285000205039978,0.012600000016391277,0.730400025844574,0.24420000612735748,0.32510000467300415,0.5289000272750854
ENSG00000075673,Cell membrane,Transmembrane domain,Transmembrane,0.20270000398159027,0.09960000216960907,0.011300000362098217,0.7371000051498413,0.1429000049829483,0.010200000368058681,0.5077999830245972,0.5091000199317932,0.4952000081539154,0.005499999970197678,0.12049999833106995,0.9509000182151794,0.09780000150203705,0.15320000052452087
ENSG00000075975,Cytoplasm|Nucleus,Nuclear export signal,Soluble,0.6832000017166138,0.6215000152587891,0.04019999876618385,0.08290000259876251,0.11659999936819077,0.008700000122189522,0.19670000672340393,0.08569999784231186,0.1340000033378601,0.11309999972581863,0.22259999811649323,0.04729999974370003,0.18850000202655792,0.9144999980926514
ENSG00000076258,Endoplasmic reticulum,Signal peptide,Transmembrane,0.29760000109672546,0.15800000727176666,0.0803999975323677,0.2728999853134155,0.438400000333786,0.054999999701976776,0.7462000250816345,0.23430000245571136,0.43630000948905945,0.46059998869895935,0.350600004196167,0.897599995136261,0.21410000324249268,0.2676999866962433
ENSG00000076351,Cell membrane,Signal peptide|Transmembrane domain,Transmembrane,0.120899997651577,0.1023000031709671,0.08749999850988388,0.8041999936103821,0.10610000044107437,0.021400000900030136,0.39809998869895935,0.44510000944137573,0.3330000042915344,0.0885000005364418,0.1589999943971634,0.9678999781608582,0.257999986410141,0.18209999799728394
ENSG00000076555,Cytoplasm,Nuclear export signal,Soluble,0.628000020980835,0.2711000144481659,0.08259999752044678,0.32760000228881836,0.4731000065803528,0.06790000200271606,0.3425999879837036,0.33709999918937683,0.24549999833106995,0.11240000277757645,0.5641999840736389,0.18610000610351562,0.13740000128746033,0.7810999751091003
ENSG00000076685,Cytoplasm,Nuclear export signal,Soluble,0.6338000297546387,0.4068000018596649,0.05139999836683273,0.29339998960494995,0.3357999920845032,0.010400000028312206,0.1890999972820282,0.427700012922287,0.24250000715255737,0.03869999945163727,0.5468000173568726,0.20180000364780426,0.18080000579357147,0.7379000186920166
ENSG00000077009,Cytoplasm|Nucleus,Nuclear export signal,Soluble,0.6697999835014343,0.5044000148773193,0.12460000067949295,0.12960000336170197,0.3257000148296356,0.002899999963119626,0.23890000581741333,0.10679999738931656,0.2071000039577484,0.15029999613761902,0.29760000109672546,0.05660000070929527,0.7293000221252441,0.8709999918937683
ENSG00000077044,Cytoplasm|Cell membrane,Nuclear export signal,Peripheral|Soluble,0.6776999831199646,0.3368000090122223,0.03060000017285347,0.5989000201225281,0.19280000030994415,0.020400000736117363,0.2802000045776367,0.5195000171661377,0.35040000081062317,0.017500000074505806,0.659600019454956,0.11079999804496765,0.2678000032901764,0.7663999795913696
ENSG00000077152,Nucleus,Nuclear localization signal,Soluble,0.4196000099182129,0.8507000207901001,0.04450000077486038,0.07859999686479568,0.1290999948978424,0.010700000450015068,0.10010000318288803,0.06669999659061432,0.1234000027179718,0.26919999718666077,0.25380000472068787,0.018300000578165054,0.186599999666214,0.9132999777793884
ENSG00000077254,Cytoplasm|Nucleus,Nuclear export signal,Peripheral|Soluble,0.529699981212616,0.5184000134468079,0.03480000048875809,0.13689999282360077,0.258899986743927,0.007400000002235174,0.31290000677108765,0.4043000042438507,0.3693000078201294,0.04540000110864639,0.6244999766349792,0.1071000024676323,0.1251000016927719,0.7623999714851379
ENSG00000077463,Nucleus,Nuclear localization signal,Soluble,0.3617999851703644,0.9355000257492065,0.04690000042319298,0.12630000710487366,0.1738000065088272,0.004100000020116568,0.04899999871850014,0.028300000354647636,0.0414000004529953,0.01940000057220459,0.2671000063419342,0.05420000106096268,0.48179998993873596,0.8952000141143799
ENSG00000077498,Cell membrane|Lysosome/Vacuole,Signal peptide|Transmembrane domain,Transmembrane,0.2126999944448471,0.12389999628067017,0.22599999606609344,0.6879000067710876,0.029100000858306885,0.00559999980032444,0.29330000281333923,0.6324999928474426,0.5264000296592712,0.06109999865293503,0.13210000097751617,0.9526000022888184,0.36649999022483826,0.19120000302791595
ENSG00000077514,Nucleus,Nuclear localization signal,Soluble,0.17299999296665192,0.9879999756813049,0.011800000444054604,0.034299999475479126,0.17149999737739563,0.002099999925121665,0.01140000019222498,0.026399999856948853,0.016699999570846558,0.00989999994635582,0.24459999799728394,0.02290000021457672,0.2955000102519989,0.9315000176429749
ENSG00000077721,Cytoplasm,Nuclear export signal,Soluble,0.5961999893188477,0.4740999937057495,0.03889999911189079,0.2337999939918518,0.17800000309944153,0.001500000013038516,0.24310000240802765,0.1768999993801117,0.3513000011444092,0.025599999353289604,0.5763000249862671,0.015799999237060547,0.3260999917984009,0.8208000063896179
ENSG00000077800,Cytoplasm,Nuclear export signal,Soluble,0.7598999738693237,0.49459999799728394,0.03750000149011612,0.21170000731945038,0.427700012922287,0.002300000051036477,0.2084999978542328,0.11490000039339066,0.1703999936580658,0.037300001829862595,0.2888000011444092,0.06859999895095825,0.5562999844551086,0.8385000228881836
ENSG00000078070,Mitochondrion,Mitochondrial transit peptide,Soluble,0.30889999866485596,0.13120000064373016,0.035599999129772186,0.1088000014424324,0.8815000057220459,0.003599999938160181,0.11069999635219574,0.13050000369548798,0.07320000231266022,0.0575999990105629,0.59579998254776,0.13750000298023224,0.120899997651577,0.6991000175476074
ENSG00000078124,Endoplasmic reticulum|Lysosome/Vacuole|Golgi apparatus,Transmembrane domain,Transmembrane,0.10199999809265137,0.11100000143051147,0.008799999952316284,0.29109999537467957,0.10769999772310257,0.014700000174343586,0.7921000123023987,0.5910999774932861,0.7365000247955322,0.004900000058114529,0.08839999884366989,0.9897000193595886,0.050200000405311584,0.09529999643564224
ENSG00000078140,Cytoplasm|Nucleus,Nuclear export signal,Soluble,0.7339000105857849,0.5771999955177307,0.07970000058412552,0.2069000005722046,0.15710000693798065,0.005900000222027302,0.21310000121593475,0.2676999866962433,0.3179999887943268,0.053300000727176666,0.5982999801635742,0.02280000038444996,0.23639999330043793,0.8223999738693237
ENSG00000078142,Cytoplasm|Lysosome/Vacuole,Nuclear export signal,Peripheral|Soluble,0.5605000257492065,0.33869999647140503,0.07450000196695328,0.38100001215934753,0.24040000140666962,0.023399999365210533,0.2802000045776367,0.7419999837875366,0.5418999791145325,0.013000000268220901,0.6202999949455261,0.0957999974489212,0.49939998984336853,0.6478999853134155
ENSG00000078237,Cytoplasm|Nucleus,Nuclear export signal,Soluble,0.7692999839782715,0.5644999742507935,0.0203000009059906,0.1103999987244606,0.5583000183105469,0.030500000342726707,0.10819999873638153,0.04149999842047691,0.12150000035762787,0.04439999908208847,0.29809999465942383,0.12999999523162842,0.13989999890327454,0.7732999920845032
ENSG00000078269,Cytoplasm,Nuclear export signal,Peripheral|Soluble,0.6539000272750854,0.23589999973773956,0.14659999310970306,0.43459999561309814,0.22210000455379486,0.05590000003576279,0.3000999987125397,0.5665000081062317,0.49729999899864197,0.03420000150799751,0.6208999752998352,0.1168999969959259,0.10639999806880951,0.7764000296592712
ENSG00000078295,Cell membrane,Signal peptide|Transmembrane domain,Transmembrane,0.17100000381469727,0.11969999969005585,0.009600000455975533,0.7524999976158142,0.04910000041127205,0.012400000356137753,0.295199990272522,0.4957999885082245,0.6376000046730042,0.06390000134706497,0.07500000298023224,0.9961000084877014,0.1745000034570694,0.08079999685287476
ENSG00000078747,Cytoplasm,Nuclear export signal,Peripheral|Soluble,0.7325999736785889,0.4471000134944916,0.04540000110864639,0.41260001063346863,0.10080000013113022,0.022299999371170998,0.1973000019788742,0.45910000801086426,0.34459999203681946,0.015799999237060547,0.6596999764442444,0.04780000075697899,0.2727000117301941,0.8116000294685364
ENSG00000078967,Cytoplasm|Nucleus,Nuclear export signal,Soluble,0.5769000053405762,0.5403000116348267,0.053700000047683716,0.23319999873638153,0.1517000049352646,0.0013000000035390258,0.2184000015258789,0.08649999648332596,0.36010000109672546,0.14509999752044678,0.544700026512146,0.03400000184774399,0.2825999855995178,0.7860999703407288
ENSG00000079150,Extracellular|Endoplasmic reticulum,Signal peptide,Soluble,0.2273000031709671,0.12370000034570694,0.6353999972343445,0.27399998903274536,0.13429999351501465,0.0020000000949949026,0.7785000205039978,0.21819999814033508,0.3084000051021576,0.007199999876320362,0.33149999380111694,0.04230000078678131,0.4489000141620636,0.8101999759674072
ENSG00000079215,Cell membrane,Transmembrane domain,Transmembrane,0.09799999743700027,0.04769999906420708,0.039900001138448715,0.8949999809265137,0.1956000030040741,0.007799999788403511,0.22789999842643738,0.4108000099658966,0.23559999465942383,0.02969999983906746,0.10660000145435333,0.9894999861717224,0.16699999570846558,0.08609999716281891
ENSG00000079435,Cytoplasm,Nuclear export signal,Peripheral|Soluble,0.6998000144958496,0.1687999963760376,0.03920000046491623,0.4242999851703644,0.3779999911785126,0.04010000079870224,0.37209999561309814,0.5346999764442444,0.3903999924659729,0.0689999982714653,0.6643000245094299,0.3441999852657318,0.6536999940872192,0.597100019454956
ENSG00000079459,Endoplasmic reticulum,Signal peptide|Transmembrane domain,Transmembrane,0.18490000069141388,0.17659999430179596,0.11309999972581863,0.21400000154972076,0.40310001373291016,0.07599999755620956,0.786300003528595,0.22609999775886536,0.44359999895095825,0.24740000069141388,0.3944000005722046,0.8626999855041504,0.3937999904155731,0.19009999930858612
ENSG00000079462,Cytoplasm|Nucleus,Nuclear localization signal|Nuclear export signal,Soluble,0.7146000266075134,0.5116999745368958,0.24660000205039978,0.289900004863739,0.36660000681877136,0.0006000000284984708,0.2973000109195709,0.4611999988555908,0.3831999897956848,0.015399999916553497,0.5942000150680542,0.07190000265836716,0.6272000074386597,0.8145999908447266
ENSG00000079739,Cytoplasm,Nuclear export signal,Soluble,0.7651000022888184,0.30799999833106995,0.14180000126361847,0.3395000100135803,0.21250000596046448,0.053199999034404755,0.23729999363422394,0.15549999475479126,0.23489999771118164,0.07959999889135361,0.5514000058174133,0.050999999046325684,0.33629998564720154,0.809499979019165
ENSG00000079805,Cytoplasm,Nuclear export signal,Peripheral|Soluble,0.6904000043869019,0.23649999499320984,0.07000000029802322,0.33889999985694885,0.2167000025510788,0.013899999670684338,0.23489999771118164,0.3978999853134155,0.2662999927997589,0.10670000314712524,0.7141000032424927,0.032999999821186066,0.2281000018119812,0.7961000204086304
ENSG00000080166,Cell membrane|Lysosome/Vacuole,Signal peptide|Transmembrane domain,Transmembrane,0.19740000367164612,0.07760000228881836,0.28450000286102295,0.807200014591217,0.027400000020861626,0.0066999997943639755,0.2962000072002411,0.7843000292778015,0.6158000230789185,0.07660000026226044,0.1542000025510788,0.9014999866485596,0.6823999881744385,0.19099999964237213
ENSG00000080493,Cell membrane,Transmembrane domain,Transmembrane,0.2554999887943268,0.12780000269412994,0.03590000048279762,0.8737000226974487,0.13420000672340393,0.010999999940395355,0.3264999985694885,0.4000999927520752,0.19900000095367432,0.0052999998442828655,0.19939999282360077,0.9660000205039978,0.025299999862909317,0.13539999723434448
ENSG00000080511,Cytoplasm,Nuclear export signal,Peripheral|Transmembrane|Lipid anchor,0.4163999855518341,0.33869999647140503,0.054099999368190765,0.43070000410079956,0.4440999925136566,0.021400000900030136,0.478300005197525,0.3190000057220459,0.4343000054359436,0.14219999313354492,0.7910000085830688,0.5264000296592712,0.8294000029563904,0.2630000114440918
ENSG00000080802,Cytoplasm,,Soluble,0.5572999715805054,0.41670000553131104,0.02800000086426735,0.10909999907016754,0.052000001072883606,0.006800000090152025,0.1445000022649765,0.4074000120162964,0.3382999897003174,0.043800000101327896,0.41999998688697815,0.07930000126361847,0.09440000355243683,0.8348000049591064
ENSG00000080819,Mitochondrion,Mitochondrial transit peptide,Transmembrane,0.24639999866485596,0.14560000598430634,0.058400001376867294,0.06970000267028809,0.9032999873161316,0.04859999939799309,0.1370999962091446,0.05640000104904175,0.1145000010728836,0.16680000722408295,0.4726000130176544,0.6370000243186951,0.20829999446868896,0.46810001134872437
ENSG00000081181,Mitochondrion,Mitochondrial transit peptide,Soluble,0.19939999282360077,0.1745000034570694,0.027400000020861626,0.05400000140070915,0.9064000248908997,0.026100000366568565,0.028599999845027924,0.0430000014603138,0.03539999946951866,0.02969999983906746,0.5163999795913696,0.055399999022483826,0.4546999931335449,0.8061000108718872
ENSG00000081479,Cell membrane|Lysosome/Vacuole,Signal peptide|Transmembrane domain,Transmembrane,0.23549999296665192,0.12160000205039978,0.19519999623298645,0.838100016117096,0.037700001150369644,0.016300000250339508,0.18019999563694,0.5976999998092651,0.36660000681877136,0.02889999933540821,0.19859999418258667,0.7271000146865845,0.20810000598430634,0.35339999198913574
ENSG00000081760,Cytoplasm,Peroxisomal targeting signal,Soluble,0.7630000114440918,0.36039999127388,0.04919999837875366,0.22709999978542328,0.13940000534057617,0.012500000186264515,0.3278000056743622,0.28040000796318054,0.15780000388622284,0.24580000340938568,0.45719999074935913,0.18799999356269836,0.13529999554157257,0.7935000061988831
ENSG00000081800,Cell membrane,Transmembrane domain,Transmembrane,0.07180000096559525,0.05090000107884407,0.023000000044703484,0.8012999892234802,0.12210000306367874,0.0071000000461936,0.5891000032424927,0.40959998965263367,0.28139999508857727,0.012400000356137753,0.054499998688697815,0.9884999990463257,0.14229999482631683,0.09160000085830688
ENSG00000081923,Cell membrane|Lysosome/Vacuole,Transmembrane domain,Transmembrane,0.1582999974489212,0.08229999989271164,0.0210999995470047,0.7307000160217285,0.1151999980211258,0.023399999365210533,0.5590999722480774,0.6320000290870667,0.6190999746322632,0.008299999870359898,0.11900000274181366,0.9873999953269958,0.07639999687671661,0.08169999718666077
ENSG00000082212,Mitochondrion,Mitochondrial transit peptide,Soluble,0.25589999556541443,0.06480000168085098,0.024299999698996544,0.13439999520778656,0.8100000023841858,0.007300000172108412,0.12150000035762787,0.08820000290870667,0.0560000017285347,0.020999999716877937,0.58160001039505,0.08420000225305557,0.41679999232292175,0.7641000151634216
ENSG00000082996,Lysosome/Vacuole,Signal peptide|Transmembrane domain,Transmembrane,0.24959999322891235,0.10130000114440918,0.047200001776218414,0.43619999289512634,0.03819999843835831,0.009399999864399433,0.573199987411499,0.6567999720573425,0.4401000142097473,0.022099999710917473,0.14180000126361847,0.9779999852180481,0.2669999897480011,0.09860000014305115
ENSG00000083123,Mitochondrion,Mitochondrial transit peptide,Peripheral|Soluble,0.18209999799728394,0.14560000598430634,0.04879999905824661,0.14669999480247498,0.9056000113487244,0.0003000000142492354,0.13230000436306,0.16509999334812164,0.13030000030994415,0.05380000174045563,0.6067000031471252,0.10849999636411667,0.14190000295639038,0.7781000137329102
ENSG00000083168,Nucleus,Nuclear localization signal,Soluble,0.210999995470047,0.9696000218391418,0.011300000362098217,0.10599999874830246,0.03370000049471855,0.04039999842643738,0.07540000230073929,0.02280000038444996,0.019300000742077827,0.0035000001080334187,0.18860000371932983,0.10760000348091125,0.05620000138878822,0.883400022983551
ENSG00000083223,Cytoplasm|Nucleus,Nuclear localization signal,Soluble,0.6162999868392944,0.6539999842643738,0.03999999910593033,0.05130000039935112,0.0835999995470047,0.005499999970197678,0.10029999911785126,0.0917000025510788,0.0940999984741211,0.010400000028312206,0.22689999639987946,0.09300000220537186,0.05510000139474869,0.9010000228881836
ENSG00000083444,Endoplasmic reticulum,Signal peptide,Soluble,0.24199999868869781,0.12489999830722809,0.5936999917030334,0.28870001435279846,0.09399999678134918,0.0017999999690800905,0.6549999713897705,0.4950000047683716,0.5685999989509583,0.0020000000949949026,0.49709999561309814,0.22130000591278076,0.13079999387264252,0.6650999784469604
ENSG00000083720,Mitochondrion,Mitochondrial transit peptide,Peripheral|Soluble,0.16580000519752502,0.12430000305175781,0.02539999969303608,0.09790000319480896,0.9247000217437744,0.00570000009611249,0.08219999819993973,0.049400001764297485,0.0771000012755394,0.024700000882148743,0.6554999947547913,0.07670000195503235,0.26159998774528503,0.7656000256538391
ENSG00000083799,Cytoplasm,Nuclear export signal,Soluble,0.6700000166893005,0.4016000032424927,0.03709999844431877,0.2079000025987625,0.1274999976158142,0.006300000008195639,0.295199990272522,0.44909998774528503,0.3452000021934509,0.0215000007301569,0.560699999332428,0.03970000147819519,0.08760000020265579,0.8959000110626221
ENSG00000083807,Endoplasmic reticulum,Signal peptide|Transmembrane domain,Peripheral|Transmembrane,0.2199999988079071,0.19059999287128448,0.13529999554157257,0.4368000030517578,0.43970000743865967,0.008200000040233135,0.7641000151634216,0.20880000293254852,0.2718000113964081,0.23190000653266907,0.7494000196456909,0.8367000222206116,0.29030001163482666,0.24560000002384186
ENSG00000084072,Nucleus,Nuclear localization signal,Soluble,0.27959999442100525,0.6444000005722046,0.060600001364946365,0.28220000863075256,0.10999999940395355,0.008899999782443047,0.1527000069618225,0.06650000065565109,0.05660000070929527,0.009399999864399433,0.29010000824928284,0.03449999913573265,0.23559999465942383,0.8877999782562256
ENSG00000084073,Endoplasmic reticulum,Transmembrane domain,Transmembrane,0.12610000371932983,0.12110000103712082,0.012900000438094139,0.1949000060558319,0.18520000576972961,0.005400000140070915,0.9244999885559082,0.35580000281333923,0.39399999380111694,0.0982000008225441,0.21070000529289246,0.9889000058174133,0.09939999878406525,0.10220000147819519
ENSG00000084090,Mitochondrion,Mitochondrial transit peptide,Peripheral|Transmembrane|Soluble,0.23100000619888306,0.16300000250339508,0.05609999969601631,0.11969999969005585,0.9316999912261963,0.02630000002682209,0.09769999980926514,0.04879999905824661,0.1597999930381775,0.24390000104904175,0.600600004196167,0.5888000130653381,0.33059999346733093,0.5192000269889832
ENSG00000084110,Cytoplasm,Peroxisomal targeting signal,Soluble,0.6923999786376953,0.486299991607666,0.031700000166893005,0.16130000352859497,0.1525000035762787,0.013799999840557575,0.07810000330209732,0.2630999982357025,0.12479999661445618,0.4138999879360199,0.40939998626708984,0.10620000213384628,0.41280001401901245,0.7997999787330627
ENSG00000084207,Cytoplasm,Nuclear localization signal,Soluble,0.8676999807357788,0.2272000014781952,0.23260000348091125,0.43779999017715454,0.3693999946117401,0.004100000020116568,0.41760000586509705,0.10819999873638153,0.2337999939918518,0.19290000200271606,0.4036000072956085,0.07810000330209732,0.08569999784231186,0.8162000179290771
ENSG00000084453,Cell membrane,Transmembrane domain,Transmembrane,0.15000000596046448,0.09049999713897705,0.04520000144839287,0.8913000226020813,0.09239999949932098,0.01489999983459711,0.29510000348091125,0.38199999928474426,0.30570000410079956,0.06310000270605087,0.053599998354911804,0.9951000213623047,0.09790000319480896,0.08609999716281891
ENSG00000084674,Extracellular,Signal peptide,Transmembrane|Soluble,0.18809999525547028,0.11190000176429749,0.753000020980835,0.2928999960422516,0.11559999734163284,0.018300000578165054,0.3935000002384186,0.15559999644756317,0.24250000715255737,0.007600000128149986,0.4869999885559082,0.6722999811172485,0.02500000037252903,0.5078999996185303
ENSG00000084676,Nucleus,Nuclear export signal,Soluble,0.4683000147342682,0.8327000141143799,0.014999999664723873,0.12280000001192093,0.04490000009536743,0.005799999926239252,0.10239999741315842,0.17599999904632568,0.13079999387264252,0.016599999740719795,0.23029999434947968,0.05779999867081642,0.12549999356269836,0.8888999819755554
ENSG00000084754,Mitochondrion,Mitochondrial transit peptide,Peripheral|Soluble,0.16259999573230743,0.08550000190734863,0.0478999987244606,0.1388999968767166,0.90829998254776,0.00419999985024333,0.13109999895095825,0.05380000174045563,0.055399999022483826,0.013199999928474426,0.6044999957084656,0.15399999916553497,0.19269999861717224,0.6366000175476074
ENSG00000084774,Cytoplasm,Nuclear export signal,Soluble,0.7378000020980835,0.3644999861717224,0.025299999862909317,0.16750000417232513,0.32339999079704285,0.06679999828338623,0.21400000154972076,0.21089999377727509,0.20980000495910645,0.1404000073671341,0.4636000096797943,0.14419999718666077,0.1898999959230423,0.7843000292778015
ENSG00000085231,Cytoplasm,Nuclear export signal,Soluble,0.6830999851226807,0.4311000108718872,0.03830000013113022,0.19210000336170197,0.31060001254081726,0.01360000018030405,0.5303000211715698,0.1509000062942505,0.20980000495910645,0.04529999941587448,0.17059999704360962,0.062300000339746475,0.1891999989748001,0.8679999709129333
ENSG00000085377,Cytoplasm,Nuclear export signal,Soluble,0.8295999765396118,0.298799991607666,0.08889999985694885,0.41670000553131104,0.2150000035762787,0.02539999969303608,0.4546000063419342,0.4004000127315521,0.22920000553131104,0.09969999641180038,0.4196999967098236,0.10639999806880951,0.1809999942779541,0.8179000020027161
ENSG00000085382,Cytoplasm,Nuclear export signal,Soluble,0.5914000272750854,0.43689998984336853,0.0478999987244606,0.3264000117778778,0.23479999601840973,0.05429999902844429,0.20630000531673431,0.5045999884605408,0.3652999997138977,0.017400000244379044,0.5676000118255615,0.10140000283718109,0.25380000472068787,0.7773000001907349
ENSG00000085415,Cytoplasm|Nucleus,Nuclear export signal,Soluble,0.5997999906539917,0.5357999801635742,0.04360000044107437,0.25040000677108765,0.0869000032544136,0.01269999984651804,0.3183000087738037,0.5253000259399414,0.28839999437332153,0.1793999969959259,0.3962000012397766,0.050599999725818634,0.195700004696846,0.7483000159263611
ENSG00000085563,Cell membrane|Lysosome/Vacuole,Transmembrane domain,Transmembrane,0.19820000231266022,0.08290000259876251,0.07530000060796738,0.8698999881744385,0.1404999941587448,0.009700000286102295,0.29829999804496765,0.638700008392334,0.32330000400543213,0.1395999938249588,0.14820000529289246,0.9819999933242798,0.14949999749660492,0.14669999480247498
ENSG00000085662,Cytoplasm,,Soluble,0.8187000155448914,0.305400013923645,0.1476999968290329,0.11389999836683273,0.33570000529289246,0.0723000019788742,0.15760000050067902,0.3944999873638153,0.12860000133514404,0.18199999630451202,0.3521000146865845,0.05480000004172325,0.10980000346899033,0.8220000267028809
ENSG00000085871,Endoplasmic reticulum,Transmembrane domain,Transmembrane,0.07689999788999557,0.06989999860525131,0.05820000171661377,0.43779999017715454,0.364300012588501,0.09210000187158585,0.5825999975204468,0.16689999401569366,0.1225999966263771,0.04280000180006027,0.15479999780654907,0.9660000205039978,0.06279999762773514,0.1046999990940094
ENSG00000085982,Cytoplasm|Nucleus,Nuclear localization signal|Nuclear export signal,Soluble,0.6608999967575073,0.5507000088691711,0.030799999833106995,0.09139999747276306,0.13609999418258667,0.0044999998062849045,0.2045000046491623,0.23800000548362732,0.1776999980211258,0.010200000368058681,0.44830000400543213,0.049800001084804535,0.1632000058889389,0.9039999842643738
ENSG00000085998,Golgi apparatus,Signal peptide|Transmembrane domain,Transmembrane,0.10949999839067459,0.1151999980211258,0.38920000195503235,0.19629999995231628,0.05530000105500221,0.04690000042319298,0.5343000292778015,0.32600000500679016,0.9230999946594238,0.04899999871850014,0.23080000281333923,0.8877999782562256,0.20329999923706055,0.3003999888896942
ENSG00000086062,Golgi apparatus,Signal peptide,Transmembrane,0.10909999907016754,0.07599999755620956,0.48899999260902405,0.2533999979496002,0.1185000017285347,0.006000000052154064,0.39489999413490295,0.2750000059604645,0.9275000095367432,0.03880000114440918,0.23600000143051147,0.9398999810218811,0.15520000457763672,0.16259999573230743
ENSG00000086159,Cell membrane|Lysosome/Vacuole,Transmembrane domain,Transmembrane,0.28200000524520874,0.06880000233650208,0.09369999915361404,0.782800018787384,0.2061000019311905,0.016100000590085983,0.4032999873161316,0.6003999710083008,0.47099998593330383,0.10000000149011612,0.09179999679327011,0.9714999794960022,0.428600013256073,0.1331000030040741
ENSG00000086475,Cytoplasm,Nuclear export signal,Soluble,0.7361999750137329,0.45080000162124634,0.030799999833106995,0.29159998893737793,0.2793000042438507,0.019700000062584877,0.23810000717639923,0.15209999680519104,0.20409999787807465,0.038600001484155655,0.4717000126838684,0.03229999914765358,0.5435000061988831,0.8636999726295471
ENSG00000086544,Cytoplasm,Nuclear export signal,Soluble,0.6265000104904175,0.49559998512268066,0.06710000336170197,0.4018999934196472,0.2815000116825104,0.0015999999595806003,0.24230000376701355,0.25949999690055847,0.2946000099182129,0.037300001829862595,0.5698999762535095,0.09560000151395798,0.3043999969959259,0.8327000141143799
ENSG00000086696,Endoplasmic reticulum,Signal peptide|Transmembrane domain,Transmembrane,0.21449999511241913,0.1454000025987625,0.05990000069141388,0.3100999891757965,0.32899999618530273,0.019600000232458115,0.9351000189781189,0.24869999289512634,0.19470000267028809,0.02290000021457672,0.5145999789237976,0.8952000141143799,0.32280001044273376,0.20399999618530273
ENSG00000086758,Cytoplasm|Nucleus,Nuclear localization signal|Nuclear export signal,Soluble,0.6223999857902527,0.7511000037193298,0.01489999983459711,0.16030000150203705,0.14249999821186066,0.0035000001080334187,0.2655999958515167,0.22920000553131104,0.37929999828338623,0.0038999998942017555,0.5692999958992004,0.2345999926328659,0.04129999876022339,0.6985999941825867
ENSG00000086848,Endoplasmic reticulum,Signal peptide|Transmembrane domain,Transmembrane,0.13089999556541443,0.14100000262260437,0.035100001841783524,0.33889999985694885,0.2590999901294708,0.006599999964237213,0.7483000159263611,0.24420000612735748,0.603600025177002,0.012600000016391277,0.21050000190734863,0.9761999845504761,0.1476999968290329,0.13850000500679016
ENSG00000087008,Peroxisome,Peroxisomal targeting signal,Soluble,0.25609999895095825,0.1834000051021576,0.023099999874830246,0.10249999910593033,0.16439999639987946,0.02370000071823597,0.06679999828338623,0.04320000112056732,0.021400000900030136,0.986299991607666,0.5252000093460083,0.17820000648498535,0.16760000586509705,0.7599999904632568
ENSG00000087053,Cytoplasm,Nuclear export signal,Peripheral|Soluble,0.6549999713897705,0.27790001034736633,0.04919999837875366,0.4104999899864197,0.1882999986410141,0.013500000350177288,0.18199999630451202,0.5800999999046326,0.3903999924659729,0.027699999511241913,0.628600001335144,0.0625,0.16599999368190765,0.8188999891281128
ENSG00000087076,Cytoplasm,Nuclear export signal|Peroxisomal targeting signal,Soluble,0.7702000141143799,0.3264999985694885,0.09189999848604202,0.20829999446868896,0.33180001378059387,0.0925000011920929,0.14959999918937683,0.39079999923706055,0.3727000057697296,0.3734999895095825,0.49709999561309814,0.14249999821186066,0.5386999845504761,0.6340000033378601
ENSG00000087085,Extracellular|Lysosome/Vacuole,Signal peptide,Soluble,0.34619998931884766,0.05939999967813492,0.7032999992370605,0.31700000166893005,0.0697999969124794,0.0013000000035390258,0.5268999934196472,0.6517000198364258,0.3084999918937683,0.08070000261068344,0.5264000296592712,0.1996999979019165,0.2856999933719635,0.7297999858856201
ENSG00000087111,Endoplasmic reticulum,Signal peptide|Transmembrane domain,Transmembrane,0.23589999973773956,0.13369999825954437,0.07829999923706055,0.2451000064611435,0.20550000667572021,0.10339999943971634,0.7746000289916992,0.2919999957084656,0.40230000019073486,0.037700001150369644,0.2768999934196472,0.9611999988555908,0.3160000145435333,0.1339000016450882
ENSG00000087157,Mitochondrion,,Peripheral,0.3499000072479248,0.1476999968290329,0.17219999432563782,0.3774999976158142,0.6858999729156494,0.0494999997317791,0.5997999906539917,0.4253999888896942,0.4374000132083893,0.10040000081062317,0.8616999983787537,0.37130001187324524,0.39010000228881836,0.448199987411499
ENSG00000087253,Endoplasmic reticulum,Transmembrane domain,Transmembrane,0.20180000364780426,0.20960000157356262,0.03579999879002571,0.4584999978542328,0.20319999754428864,0.026499999687075615,0.8266000151634216,0.16979999840259552,0.3089999854564667,0.03359999880194664,0.3792000114917755,0.8877000212669373,0.3124000132083893,0.28290000557899475
ENSG00000087299,Mitochondrion,Mitochondrial transit peptide,Peripheral|Soluble,0.27950000762939453,0.2037000060081482,0.05909999832510948,0.08470000326633453,0.9074000120162964,0.0020000000949949026,0.10980000346899033,0.12600000202655792,0.11339999735355377,0.024000000208616257,0.6146000027656555,0.3050999939441681,0.13040000200271606,0.5913000106811523
ENSG00000087470,Cytoplasm,Nuclear export signal,Peripheral|Soluble,0.7046999931335449,0.2443999946117401,0.039500001817941666,0.3224000036716461,0.3862999975681305,0.013399999588727951,0.22439999878406525,0.4293999969959259,0.43549999594688416,0.31540000438690186,0.7365999817848206,0.053700000047683716,0.33390000462532043,0.7452999949455261
ENSG00000088002,Cytoplasm,Nuclear localization signal|Nuclear export signal,Soluble,0.7833999991416931,0.4334000051021576,0.10379999876022339,0.13840000331401825,0.26429998874664307,0.002099999925121665,0.19930000603199005,0.2029999941587448,0.22509999573230743,0.00559999980032444,0.2667999863624573,0.04820000007748604,0.5636000037193298,0.866599977016449
ENSG00000088035,Endoplasmic reticulum,Signal peptide|Transmembrane domain,Transmembrane,0.09910000115633011,0.1347000002861023,0.027899999171495438,0.23190000653266907,0.14820000529289246,0.012500000186264515,0.951200008392334,0.2257000058889389,0.535099983215332,0.029200000688433647,0.10279999673366547,0.9922999739646912,0.06440000236034393,0.08169999718666077
ENSG00000088305,Nucleus,Nuclear localization signal,Soluble,0.2379000037908554,0.9480000138282776,0.03779999911785126,0.09099999815225601,0.05860000103712082,0.04340000078082085,0.04230000078678131,0.014999999664723873,0.01889999955892563,0.004999999888241291,0.1785999983549118,0.06669999659061432,0.10329999774694443,0.9298999905586243
ENSG00000088386,Cell membrane,Transmembrane domain,Transmembrane,0.1500999927520752,0.062199998646974564,0.03700000047683716,0.7975000143051147,0.11890000104904175,0.007699999958276749,0.2379000037908554,0.3752000033855438,0.2973000109195709,0.01209999993443489,0.049400001764297485,0.9865999817848206,0.11819999665021896,0.11029999703168869
ENSG00000088451,Cytoplasm,Nuclear export signal,Soluble,0.857200026512146,0.4000999927520752,0.028999999165534973,0.1356000006198883,0.21480000019073486,0.051500000059604645,0.2955000102519989,0.19009999930858612,0.32510000467300415,0.053199999034404755,0.26570001244544983,0.11110000312328339,0.2222999930381775,0.8355000019073486
ENSG00000088766,Mitochondrion,Mitochondrial transit peptide,Transmembrane,0.1103999987244606,0.155799999833107,0.04410000145435333,0.14110000431537628,0.8851000070571899,0.008500000461935997,0.19120000302791595,0.11410000175237656,0.10400000214576721,0.045499999076128006,0.1446000039577484,0.9670000076293945,0.10939999669790268,0.15889999270439148
ENSG00000088826,Cytoplasm,,Soluble,0.682699978351593,0.3425000011920929,0.23240000009536743,0.1534000039100647,0.22339999675750732,0.008700000122189522,0.3163999915122986,0.17749999463558197,0.19769999384880066,0.04699999839067459,0.3569999933242798,0.09300000220537186,0.4544000029563904,0.8580999970436096
ENSG00000088832,Cytoplasm,,Soluble,0.7472000122070312,0.26019999384880066,0.3165999948978424,0.16760000586509705,0.5985000133514404,0.016300000250339508,0.1615000069141388,0.20970000326633453,0.1428000032901764,0.19589999318122864,0.4810999929904938,0.059300001710653305,0.12389999628067017,0.7813000082969666
ENSG00000089057,Cell membrane,Transmembrane domain,Transmembrane,0.11230000108480453,0.061400000005960464,0.030500000342726707,0.8611999750137329,0.13590000569820404,0.021299999207258224,0.3991999924182892,0.454800009727478,0.43709999322891235,0.022199999541044235,0.06759999692440033,0.9923999905586243,0.1826000064611435,0.07959999889135361
ENSG00000089060,Cell membrane,Transmembrane domain,Transmembrane,0.0778999999165535,0.16290000081062317,0.02290000021457672,0.6417999863624573,0.4007999897003174,0.004600000102072954,0.4307999908924103,0.5023999810218811,0.3785000145435333,0.04740000143647194,0.05469999834895134,0.9925000071525574,0.1315000057220459,0.07509999722242355
ENSG00000089234,Cytoplasm,Nuclear localization signal,Soluble,0.7774999737739563,0.4860000014305115,0.051899999380111694,0.09870000183582306,0.10429999977350235,0.004100000020116568,0.14259999990463257,0.2502000033855438,0.4366999864578247,0.04320000112056732,0.40799999237060547,0.039000000804662704,0.29649999737739563,0.8787000179290771
ENSG00000089250,Cytoplasm,Nuclear export signal,Soluble,0.7365999817848206,0.23749999701976776,0.04479999840259552,0.47749999165534973,0.25870001316070557,0.055399999022483826,0.18240000307559967,0.23720000684261322,0.24410000443458557,0.2232999950647354,0.5724999904632568,0.11429999768733978,0.2694000005722046,0.7605999708175659
ENSG00000089472,Cell membrane,Signal peptide|Transmembrane domain,Transmembrane,0.26330000162124634,0.12600000202655792,0.32030001282691956,0.7867000102996826,0.02290000021457672,0.006599999964237213,0.29919999837875366,0.4788999855518341,0.49219998717308044,0.09929999709129333,0.24410000443458557,0.9099000096321106,0.37049999833106995,0.27149999141693115
ENSG00000089597,Endoplasmic reticulum|Lysosome/Vacuole,Signal peptide,Soluble,0.3540000021457672,0.10239999741315842,0.5034999847412109,0.2994000017642975,0.23409999907016754,0.002400000113993883,0.6541000008583069,0.6657999753952026,0.6018999814987183,0.023900000378489494,0.5412999987602234,0.22179999947547913,0.17479999363422394,0.6504999995231628
ENSG00000090013,Cytoplasm,Peroxisomal targeting signal,Soluble,0.8639000058174133,0.22339999675750732,0.40149998664855957,0.22470000386238098,0.33149999380111694,0.10530000180006027,0.11630000174045563,0.21660000085830688,0.0934000015258789,0.17479999363422394,0.4000000059604645,0.11959999799728394,0.22349999845027924,0.7232000231742859
ENSG00000090020,Cell membrane|Lysosome/Vacuole,Signal peptide|Transmembrane domain,Transmembrane,0.1306000053882599,0.05920000001788139,0.04019999876618385,0.7127000093460083,0.14920000731945038,0.018200000748038292,0.36809998750686646,0.7135999798774719,0.43389999866485596,0.03709999844431877,0.07370000332593918,0.9850000143051147,0.18549999594688416,0.09839999675750732
ENSG00000090054,Endoplasmic reticulum,Signal peptide|Transmembrane domain,Transmembrane|Lipid anchor,0.18250000476837158,0.1467999964952469,0.01889999955892563,0.09730000048875809,0.21040000021457672,0.05490000173449516,0.840499997138977,0.10540000349283218,0.2248000055551529,0.17970000207424164,0.42340001463890076,0.9229000210762024,0.83160001039505,0.17350000143051147
ENSG00000090060,Nucleus,Nuclear localization signal,Soluble,0.46720001101493835,0.7386999726295471,0.08940000087022781,0.155799999833107,0.15839999914169312,0.0026000000070780516,0.23970000445842743,0.13019999861717224,0.14190000295639038,0.23899999260902405,0.38119998574256897,0.048500001430511475,0.26930001378059387,0.8884000182151794
ENSG00000090266,Mitochondrion,Mitochondrial transit peptide,Transmembrane,0.08009999990463257,0.07680000364780426,0.03240000084042549,0.07970000058412552,0.9243999719619751,0.0026000000070780516,0.09960000216960907,0.03150000050663948,0.05339999869465828,0.013000000268220901,0.211899995803833,0.9861000180244446,0.023600000888109207,0.09130000323057175
ENSG00000090402,Cell membrane,Signal peptide|Transmembrane domain,Transmembrane,0.26269999146461487,0.09910000115633011,0.42649999260902405,0.8723999857902527,0.04610000178217888,0.012799999676644802,0.1216999962925911,0.45419999957084656,0.23919999599456787,0.010300000198185444,0.10729999840259552,0.8255000114440918,0.3840000033378601,0.35850000381469727
ENSG00000090432,Mitochondrion|Peroxisome,Peroxisomal targeting signal,Transmembrane,0.22439999878406525,0.23669999837875366,0.029200000688433647,0.07649999856948853,0.7710999846458435,0.4447000026702881,0.23430000245571136,0.06989999860525131,0.0731000006198883,0.8033999800682068,0.2524999976158142,0.98089998960495,0.2304999977350235,0.14749999344348907
ENSG00000090661,Endoplasmic reticulum,Signal peptide|Transmembrane domain,Transmembrane,0.08619999885559082,0.09539999812841415,0.010200000368058681,0.31679999828338623,0.18080000579357147,0.011699999682605267,0.6934000253677368,0.29109999537467957,0.4855000078678131,0.14000000059604645,0.12849999964237213,0.9919999837875366,0.05180000141263008,0.08749999850988388
ENSG00000090686,Cytoplasm|Nucleus,Nuclear localization signal|Nuclear export signal,Soluble,0.5479000210762024,0.8003000020980835,0.018799999728798866,0.11110000312328339,0.11349999904632568,0.00559999980032444,0.13230000436306,0.1445000022649765,0.14079999923706055,0.00860000029206276,0.42640000581741333,0.0812000036239624,0.1315000057220459,0.890999972820282
ENSG00000090857,Mitochondrion,Mitochondrial transit peptide,Peripheral|Soluble,0.2831000089645386,0.09950000047683716,0.039400000125169754,0.11309999972581863,0.881600022315979,0.002099999925121665,0.08500000089406967,0.06589999794960022,0.08460000157356262,0.027300000190734863,0.6220999956130981,0.16449999809265137,0.1331000030040741,0.7208999991416931
ENSG00000090861,Cytoplasm,,Soluble,0.6468999981880188,0.2542000114917755,0.0617000013589859,0.22020000219345093,0.2808000147342682,0.01860000006854534,0.23890000581741333,0.12610000371932983,0.19089999794960022,0.09229999780654907,0.4323999881744385,0.09309999644756317,0.1868000030517578,0.8475000262260437
ENSG00000090971,Endoplasmic reticulum,,Transmembrane,0.3337000012397766,0.36149999499320984,0.061400000005960464,0.10670000314712524,0.29350000619888306,0.21400000154972076,0.724399983882904,0.05889999866485596,0.22419999539852142,0.021199999377131462,0.5029000043869019,0.8712999820709229,0.17679999768733978,0.20309999585151672
ENSG00000091137,Cell membrane,Transmembrane domain,Transmembrane,0.13539999723434448,0.07779999822378159,0.02500000037252903,0.7730000019073486,0.11020000278949738,0.01209999993443489,0.3707999885082245,0.5698999762535095,0.387800008058548,0.03579999879002571,0.17730000615119934,0.9713000059127808,0.15379999577999115,0.11389999836683273
ENSG00000091138,Cell membrane,Transmembrane domain,Transmembrane,0.12860000133514404,0.066600002348423,0.021700000390410423,0.765999972820282,0.07509999722242355,0.010200000368058681,0.35519999265670776,0.5195000171661377,0.3698999881744385,0.02800000086426735,0.1559000015258789,0.9728000164031982,0.13230000436306,0.11349999904632568
ENSG00000091140,Mitochondrion,Mitochondrial transit peptide,Peripheral|Soluble,0.14489999413490295,0.08330000191926956,0.018799999728798866,0.1412000060081482,0.9039000272750854,0.07289999723434448,0.054099999368190765,0.030799999833106995,0.035599999129772186,0.1145000010728836,0.6119999885559082,0.15199999511241913,0.1678999960422516,0.6431000232696533
ENSG00000091483,Mitochondrion,Mitochondrial transit peptide,Soluble,0.24699999392032623,0.19580000638961792,0.0340999998152256,0.17059999704360962,0.8335000276565552,0.19020000100135803,0.048700001090765,0.20350000262260437,0.06800000369548798,0.1446000039577484,0.5001000165939331,0.10920000076293945,0.1477999985218048,0.7182000279426575
ENSG00000091664,Cell membrane,Transmembrane domain,Transmembrane,0.13979999721050262,0.08820000290870667,0.03999999910593033,0.8185999989509583,0.2223999947309494,0.010400000028312206,0.4271000027656555,0.2289000004529953,0.4537000060081482,0.0771000012755394,0.08259999752044678,0.9750999808311462,0.4771000146865845,0.08299999684095383
ENSG00000091704,Extracellular|Lysosome/Vacuole,Signal peptide,Soluble,0.15940000116825104,0.05829999968409538,0.6276999711990356,0.15520000457763672,0.03970000147819519,0.000699999975040555,0.34769999980926514,0.6840000152587891,0.4016000032424927,0.0007999999797903001,0.22689999639987946,0.08780000358819962,0.16580000519752502,0.8664000034332275
ENSG00000092009,Extracellular,Signal peptide,Soluble,0.18410000205039978,0.0835999995470047,0.8790000081062317,0.1459999978542328,0.05860000103712082,0.0003000000142492354,0.2248000055551529,0.22630000114440918,0.14219999313354492,0.0008999999845400453,0.3488999903202057,0.07199999690055847,0.16519999504089355,0.887499988079071
ENSG00000092068,Cell membrane|Lysosome/Vacuole,Transmembrane domain,Transmembrane,0.14900000393390656,0.04399999976158142,0.028999999165534973,0.7350000143051147,0.14560000598430634,0.007799999788403511,0.32739999890327454,0.614799976348877,0.5023000240325928,0.011300000362098217,0.0868000015616417,0.9864000082015991,0.3449999988079071,0.07999999821186066
ENSG00000092098,Cytoplasm|Nucleus,Nuclear export signal,Peripheral|Soluble,0.5692999958992004,0.574999988079071,0.07590000331401825,0.18219999969005585,0.21250000596046448,0.004699999932199717,0.17000000178813934,0.23960000276565552,0.2240000069141388,0.021900000050663948,0.6464999914169312,0.05380000174045563,0.11219999939203262,0.8647000193595886
ENSG00000092148,Cytoplasm|Nucleus,Nuclear export signal,Peripheral|Soluble,0.5871999859809875,0.5105999708175659,0.01679999940097332,0.2985000014305115,0.1800999939441681,0.01209999993443489,0.3734000027179718,0.36090001463890076,0.3400999903678894,0.008100000210106373,0.6378999948501587,0.1080000028014183,0.04270000010728836,0.7684999704360962
ENSG00000092295,Cytoplasm|Cell membrane,,Soluble,0.6033999919891357,0.20409999787807465,0.1941000074148178,0.5920000076293945,0.07970000058412552,0.004699999932199717,0.41280001401901245,0.3100000023841858,0.2606000006198883,0.01850000023841858,0.4993000030517578,0.10419999808073044,0.5555999875068665,0.7724000215530396
ENSG00000092621,Cytoplasm,Nuclear export signal,Soluble,0.7312999963760376,0.34139999747276306,0.1388999968767166,0.18389999866485596,0.46540001034736633,0.021800000220537186,0.09719999879598618,0.19009999930858612,0.18379999697208405,0.06549999862909317,0.47450000047683716,0.18320000171661377,0.22190000116825104,0.7217000126838684
ENSG00000093000,Nucleus,Nuclear localization signal,Soluble,0.39489999413490295,0.8924999833106995,0.08070000261068344,0.17229999601840973,0.07500000298023224,0.006399999838322401,0.0608999989926815,0.03819999843835831,0.017999999225139618,0.03579999879002571,0.36970001459121704,0.022700000554323196,0.09939999878406525,0.920799970626831
ENSG00000093010,Endoplasmic reticulum,Signal peptide|Transmembrane domain,Peripheral|Transmembrane,0.24230000376701355,0.1281999945640564,0.19840000569820404,0.3098999857902527,0.2076999992132187,0.008799999952316284,0.8784999847412109,0.48100000619888306,0.460099995136261,0.10999999940395355,0.7171000242233276,0.7505999803543091,0.6036999821662903,0.2892000079154968
ENSG00000093072,Extracellular,Signal peptide,Soluble,0.23720000684261322,0.05950000137090683,0.8105999827384949,0.2337999939918518,0.061400000005960464,0.0035000001080334187,0.2046000063419342,0.4788999855518341,0.31869998574256897,0.007400000002235174,0.17030000686645508,0.23589999973773956,0.26109999418258667,0.8528000116348267
ENSG00000093217,Cytoplasm,Nuclear export signal,Soluble,0.8503000140190125,0.3935999870300293,0.07660000026226044,0.10109999775886536,0.2996000051498413,0.003800000064074993,0.21619999408721924,0.32499998807907104,0.31220000982284546,0.0786999985575676,0.36800000071525574,0.15309999883174896,0.28459998965263367,0.8442000150680542
ENSG00000094841,Cytoplasm|Nucleus,Nuclear export signal,Soluble,0.6593999862670898,0.5794000029563904,0.05490000173449516,0.15710000693798065,0.2639999985694885,0.061000000685453415,0.15150000154972076,0.16930000483989716,0.16840000450611115,0.032099999487400055,0.4025999903678894,0.09529999643564224,0.3050000071525574,0.7922999858856201
ENSG00000094963,Endoplasmic reticulum,Signal peptide|Transmembrane domain,Transmembrane,0.25760000944137573,0.1890999972820282,0.053599998354911804,0.3070000112056732,0.2815000116825104,0.023399999365210533,0.8859999775886536,0.227400004863739,0.4830000102519989,0.16210000216960907,0.3384000062942505,0.8962000012397766,0.33649998903274536,0.2142000049352646
ENSG00000095059,Cytoplasm|Nucleus,Nuclear export signal,Soluble,0.6230999827384949,0.5681999921798706,0.0284000001847744,0.20669999718666077,0.4413999915122986,0.00279999990016222,0.20839999616146088,0.08169999718666077,0.08569999784231186,0.0430000014603138,0.18809999525547028,0.11270000040531158,0.3675999939441681,0.8698999881744385
ENSG00000095139,Cytoplasm,Nuclear export signal,Peripheral|Soluble,0.7028999924659729,0.3343999981880188,0.07270000129938126,0.2702000141143799,0.10279999673366547,0.03269999846816063,0.18449999392032623,0.49630001187324524,0.6344000101089478,0.02979999966919422,0.7243000268936157,0.0284000001847744,0.2125999927520752,0.6998999714851379
ENSG00000095303,Extracellular|Endoplasmic reticulum,Signal peptide,Peripheral|Soluble,0.27880001068115234,0.11219999939203262,0.6452000141143799,0.4163999855518341,0.1242000013589859,0.002899999963119626,0.679099977016449,0.5008999705314636,0.4934999942779541,0.08749999850988388,0.6585000157356262,0.3846000134944916,0.3095000088214874,0.5547999739646912
ENSG00000095319,Cytoplasm,Nuclear export signal,Soluble,0.5228000283241272,0.4876999855041504,0.029200000688433647,0.15860000252723694,0.06310000270605087,0.019700000062584877,0.25760000944137573,0.5059000253677368,0.2337999939918518,0.02459999918937683,0.5123000144958496,0.2289000004529953,0.1835000067949295,0.7576000094413757
ENSG00000095321,Mitochondrion,Peroxisomal targeting signal,Soluble,0.15289999544620514,0.1688999980688095,0.013500000350177288,0.1273999959230423,0.42329999804496765,0.004399999976158142,0.06849999725818634,0.11569999903440475,0.08229999989271164,0.39160001277923584,0.510699987411499,0.13770000636577606,0.11620000004768372,0.7465000152587891
ENSG00000095380,Cytoplasm,Peroxisomal targeting signal,Soluble,0.7861999869346619,0.4722999930381775,0.029400000348687172,0.18209999799728394,0.42170000076293945,0.012500000186264515,0.09080000221729279,0.06400000303983688,0.07559999823570251,0.38850000500679016,0.3562000095844269,0.06700000166893005,0.3449000120162964,0.8730999827384949
ENSG00000095464,Cytoplasm|Cell membrane,,Peripheral|Soluble,0.48410001397132874,0.17739999294281006,0.05730000138282776,0.5936999917030334,0.17810000479221344,0.01590000092983246,0.361299991607666,0.3125,0.43720000982284546,0.218299999833107,0.6348000168800354,0.10360000282526016,0.5533000230789185,0.7373999953269958
ENSG00000095596,Endoplasmic reticulum,Signal peptide|Transmembrane domain,Peripheral|Transmembrane,0.19439999759197235,0.09390000253915787,0.06870000064373016,0.26429998874664307,0.218299999833107,0.06340000033378601,0.879800021648407,0.156700000166893,0.1842000037431717,0.03269999846816063,0.7228000164031982,0.8065999746322632,0.2919999957084656,0.21950000524520874
ENSG00000095917,Extracellular,Signal peptide,Soluble,0.18459999561309814,0.11309999972581863,0.8245000243186951,0.21289999783039093,0.05090000107884407,0.0003000000142492354,0.19689999520778656,0.3630000054836273,0.12849999964237213,0.00139999995008111,0.45730000734329224,0.0722000002861023,0.16990000009536743,0.8952000141143799
ENSG00000096006,Extracellular,Signal peptide,Soluble,0.1492999941110611,0.050999999046325684,0.9541000127792358,0.26080000400543213,0.04019999876618385,0.002300000051036477,0.11249999701976776,0.27790001034736633,0.15700000524520874,0.0017000000225380063,0.20679999887943268,0.020400000736117363,0.14890000224113464,0.9467999935150146
ENSG00000096060,Cytoplasm|Nucleus,Nuclear export signal,Soluble,0.7653999924659729,0.5770000219345093,0.12919999659061432,0.2809000015258789,0.3231000006198883,0.01209999993443489,0.2912999987602234,0.12380000203847885,0.25589999556541443,0.02710000053048134,0.3361999988555908,0.09269999712705612,0.24899999797344208,0.8303999900817871
ENSG00000096717,Nucleus,,Soluble,0.4187999963760376,0.9086999893188477,0.06449999660253525,0.17100000381469727,0.17059999704360962,0.0020000000949949026,0.1046999990940094,0.040800001472234726,0.04470000043511391,0.1518000066280365,0.22349999845027924,0.0997999981045723,0.2671999931335449,0.8865000009536743
ENSG00000097021,Mitochondrion,Mitochondrial transit peptide,Soluble,0.29280000925064087,0.19349999725818634,0.05849999934434891,0.12790000438690186,0.9379000067710876,0.0019000000320374966,0.065700002014637,0.07450000196695328,0.08789999783039093,0.03999999910593033,0.42500001192092896,0.0966000035405159,0.32690000534057617,0.8490999937057495
ENSG00000097033,Cytoplasm|Golgi apparatus,,Peripheral|Soluble,0.6098999977111816,0.1973000019788742,0.11840000003576279,0.3303999900817871,0.29899999499320984,0.016599999740719795,0.18690000474452972,0.5414999723434448,0.6757000088691711,0.04490000009536743,0.7742999792098999,0.04960000142455101,0.2581000030040741,0.7264000177383423
ENSG00000099194,Endoplasmic reticulum,Transmembrane domain,Transmembrane,0.0869000032544136,0.09610000252723694,0.006599999964237213,0.24289999902248383,0.45719999074935913,0.008200000040233135,0.9272000193595886,0.07940000295639038,0.3158000111579895,0.04399999976158142,0.15060000121593475,0.8659999966621399,0.06199999898672104,0.31439998745918274
ENSG00000099377,Cytoplasm|Endoplasmic reticulum,,Peripheral,0.49959999322891235,0.21930000185966492,0.05939999967813492,0.26159998774528503,0.5167999863624573,0.0034000000450760126,0.6279000043869019,0.43810001015663147,0.6129999756813049,0.008299999870359898,0.6359000205993652,0.5083000063896179,0.4228000044822693,0.45739999413490295
ENSG00000099381,Nucleus,Nuclear localization signal,Soluble,0.2451999932527542,0.9221000075340271,0.02449999935925007,0.08030000329017639,0.042899999767541885,0.004800000227987766,0.05889999866485596,0.017000000923871994,0.020400000736117363,0.002899999963119626,0.19249999523162842,0.11029999703168869,0.07959999889135361,0.8776999711990356
ENSG00000099624,Mitochondrion,Mitochondrial transit peptide,Peripheral|Soluble,0.08320000022649765,0.12370000034570694,0.03629999980330467,0.17739999294281006,0.9451000094413757,0.003800000064074993,0.030500000342726707,0.09610000252723694,0.0714000016450882,0.027899999171495438,0.8223999738693237,0.04170000180602074,0.3325999975204468,0.6514000296592712
ENSG00000099785,Lysosome/Vacuole,Signal peptide|Transmembrane domain,Transmembrane,0.16859999299049377,0.13349999487400055,0.0284000001847744,0.5491999983787537,0.1395999938249588,0.03629999980330467,0.5623999834060669,0.675000011920929,0.5016999840736389,0.016300000250339508,0.13050000369548798,0.994700014591217,0.09480000287294388,0.06289999932050705
ENSG00000099795,Mitochondrion,Mitochondrial transit peptide,Peripheral,0.35339999198913574,0.10840000212192535,0.03929999843239784,0.12970000505447388,0.8605999946594238,0.007699999958276749,0.26339998841285706,0.2215999960899353,0.21559999883174896,0.05920000001788139,0.8179000020027161,0.27070000767707825,0.14669999480247498,0.4251999855041504
ENSG00000099797,Endoplasmic reticulum,Transmembrane domain,Transmembrane,0.12250000238418579,0.14890000224113464,0.04439999908208847,0.3637999892234802,0.41589999198913574,0.059300001710653305,0.8579000234603882,0.41760000586509705,0.5501000285148621,0.042500000447034836,0.1647000014781952,0.9722999930381775,0.030899999663233757,0.10540000349283218
ENSG00000099804,Cytoplasm|Nucleus,Nuclear export signal,Soluble,0.7023000121116638,0.5995000004768372,0.034299999475479126,0.13359999656677246,0.20919999480247498,0.006500000134110451,0.25999999046325684,0.225600004196167,0.27649998664855957,0.027499999850988388,0.21389999985694885,0.07329999655485153,0.37040001153945923,0.7993000149726868
ENSG00000099810,Cytoplasm,Nuclear export signal,Soluble,0.779699981212616,0.3736000061035156,0.0763000026345253,0.16990000009536743,0.45980000495910645,0.041999999433755875,0.21649999916553497,0.20340000092983246,0.2224999964237213,0.06019999831914902,0.5835000276565552,0.03999999910593033,0.3215000033378601,0.8317000269889832
ENSG00000099817,Cytoplasm,,Soluble,0.532800018787384,0.48539999127388,0.10740000009536743,0.07090000063180923,0.4697999954223633,0.012799999676644802,0.12520000338554382,0.05820000171661377,0.14270000159740448,0.038600001484155655,0.2847000062465668,0.033900000154972076,0.17560000717639923,0.907800018787384
ENSG00000099821,Mitochondrion,Mitochondrial transit peptide,Soluble,0.1898999959230423,0.22509999573230743,0.011800000444054604,0.07039999961853027,0.9376999735832214,0.007499999832361937,0.06729999929666519,0.05959999933838844,0.04309999942779541,0.02459999918937683,0.5565999746322632,0.16869999468326569,0.06040000170469284,0.802299976348877
ENSG00000099904,Golgi apparatus,Signal peptide|Transmembrane domain,Transmembrane,0.23309999704360962,0.053199999034404755,0.03629999980330467,0.4950999915599823,0.15139999985694885,0.004399999976158142,0.5393999814987183,0.4291999936103821,0.6773999929428101,0.0035000001080334187,0.17499999701976776,0.9688000082969666,0.08910000324249268,0.1517000049352646
ENSG00000099998,Cell membrane,Signal peptide|Transmembrane domain,Transmembrane,0.14139999449253082,0.14790000021457672,0.22509999573230743,0.7846999764442444,0.031599998474121094,0.002400000113993883,0.39590001106262207,0.5411999821662903,0.40149998664855957,0.01140000019222498,0.32519999146461487,0.7868000268936157,0.3594000041484833,0.3928999900817871
ENSG00000100023,Nucleus,Nuclear localization signal,Soluble,0.2531000077724457,0.8781999945640564,0.030799999833106995,0.1745000034570694,0.057100001722574234,0.003800000064074993,0.11890000104904175,0.066600002348423,0.1964000016450882,0.0010999999940395355,0.3824000060558319,0.033399999141693115,0.20440000295639038,0.8641999959945679
ENSG00000100024,Cytoplasm,Peroxisomal targeting signal,Soluble,0.7146999835968018,0.23350000381469727,0.07079999893903732,0.22990000247955322,0.20409999787807465,0.06340000033378601,0.17960000038146973,0.15690000355243683,0.1923999935388565,0.2680000066757202,0.5983999967575073,0.07429999858140945,0.44940000772476196,0.7796000242233276
ENSG00000100031,Cell membrane|Lysosome/Vacuole,Signal peptide|Transmembrane domain,Transmembrane,0.20669999718666077,0.1160999983549118,0.22759999334812164,0.7967000007629395,0.033399999141693115,0.0012000000569969416,0.28529998660087585,0.6335999965667725,0.3197999894618988,0.01730000041425228,0.19699999690055847,0.7354999780654907,0.36629998683929443,0.4462999999523163
ENSG00000100033,Mitochondrion,Mitochondrial transit peptide,Peripheral,0.2782000005245209,0.10490000247955322,0.08900000154972076,0.20819999277591705,0.875,0.0017999999690800905,0.18440000712871552,0.11630000174045563,0.2287999987602234,0.10329999774694443,0.8129000067710876,0.18960000574588776,0.48820000886917114,0.4975999891757965
ENSG00000100075,Mitochondrion,Mitochondrial transit peptide,Transmembrane,0.18549999594688416,0.18170000612735748,0.062199998646974564,0.2012999951839447,0.8679999709129333,0.03099999949336052,0.1915999948978424,0.15680000185966492,0.2273000031709671,0.07720000296831131,0.24009999632835388,0.9157000184059143,0.16979999840259552,0.1388999968767166
ENSG00000100077,Cytoplasm,Nuclear export signal,Peripheral|Soluble,0.7204999923706055,0.3061000108718872,0.036400001496076584,0.5486999750137329,0.11490000039339066,0.009700000286102295,0.16590000689029694,0.23100000619888306,0.3149000108242035,0.010300000198185444,0.6065000295639038,0.17030000686645508,0.2290000021457672,0.7294999957084656
ENSG00000100078,Extracellular,Signal peptide,Soluble,0.13819999992847443,0.2249000072479248,0.9110999703407288,0.2012999951839447,0.20170000195503235,0.0008999999845400453,0.14839999377727509,0.13850000500679016,0.19840000569820404,0.008999999612569809,0.38659998774528503,0.07410000264644623,0.20980000495910645,0.8489999771118164
ENSG00000100092,Cytoplasm,,Peripheral|Soluble,0.6861000061035156,0.295199990272522,0.1128000020980835,0.4246000051498413,0.22910000383853912,0.00839999970048666,0.19979999959468842,0.5421000123023987,0.4316999912261963,0.0364999994635582,0.7944999933242798,0.046300001442432404,0.4424999952316284,0.7735000252723694
ENSG00000100116,Mitochondrion,Mitochondrial transit peptide,Soluble,0.2646999955177307,0.19169999659061432,0.0632999986410141,0.1728000044822693,0.9041000008583069,0.0003000000142492354,0.13699999451637268,0.15539999306201935,0.10849999636411667,0.004399999976158142,0.5965999960899353,0.14169999957084656,0.2928999960422516,0.7141000032424927
ENSG00000100121,Cytoplasm|Extracellular,,Soluble,0.5806000232696533,0.14749999344348907,0.7455999851226807,0.32910001277923584,0.12449999898672104,0.121799997985363,0.35269999504089355,0.14030000567436218,0.17319999635219574,0.179299995303154,0.2752000093460083,0.061000000685453415,0.24690000712871552,0.7666000127792358
ENSG00000100142,Cytoplasm|Nucleus,Nuclear export signal,Soluble,0.5612999796867371,0.7817000150680542,0.07989999651908875,0.13459999859333038,0.16769999265670776,0.01810000091791153,0.06239999830722809,0.11129999905824661,0.08190000057220459,0.0071000000461936,0.41839998960494995,0.06599999964237213,0.186599999666214,0.7450000047683716
ENSG00000100156,Cell membrane,Signal peptide|Transmembrane domain,Transmembrane,0.18449999392032623,0.05770000070333481,0.10769999772310257,0.7609000205993652,0.16290000081062317,0.003700000001117587,0.31610000133514404,0.4163999855518341,0.508899986743927,0.14560000598430634,0.18440000712871552,0.972000002861023,0.515999972820282,0.10369999706745148
ENSG00000100170,Cell membrane,Transmembrane domain,Transmembrane,0.13050000369548798,0.027799999341368675,0.030400000512599945,0.8363999724388123,0.13369999825954437,0.019899999722838402,0.31209999322891235,0.45159998536109924,0.2160000056028366,0.005900000222027302,0.05700000002980232,0.9908999800682068,0.17440000176429749,0.09269999712705612
ENSG00000100197,Endoplasmic reticulum,Signal peptide|Transmembrane domain,Peripheral|Transmembrane,0.10329999774694443,0.06210000067949295,0.06960000097751617,0.24379999935626984,0.13590000569820404,0.008999999612569809,0.8835999965667725,0.20260000228881836,0.12950000166893005,0.04580000042915344,0.8098999857902527,0.6747999787330627,0.23810000717639923,0.23109999299049377
ENSG00000100243,Endoplasmic reticulum,Signal peptide,Peripheral,0.35530000925064087,0.15700000524520874,0.1306000053882599,0.5249000191688538,0.32089999318122864,0.011599999852478504,0.7824000120162964,0.2606000006198883,0.36730000376701355,0.14720000326633453,0.7531999945640564,0.42100000381469727,0.3122999966144562,0.31189998984336853
ENSG00000100253,Cytoplasm,Nuclear export signal,Soluble,0.7310000061988831,0.47760000824928284,0.03530000150203705,0.1137000024318695,0.2799000144004822,0.06620000302791595,0.4016000032424927,0.2371000051498413,0.149399995803833,0.1517000049352646,0.358599990606308,0.07919999957084656,0.1501999944448471,0.8130000233650208
ENSG00000100288,Cytoplasm,Nuclear export signal,Soluble,0.6696000099182129,0.4921000003814697,0.09099999815225601,0.16169999539852142,0.33649998903274536,0.003100000089034438,0.14890000224113464,0.2282000035047531,0.18880000710487366,0.019099999219179153,0.3352999985218048,0.13339999318122864,0.1835000067949295,0.817799985408783
ENSG00000100292,Endoplasmic reticulum,Transmembrane domain,Transmembrane,0.19439999759197235,0.27959999442100525,0.066600002348423,0.18639999628067017,0.47609999775886536,0.0649000033736229,0.8136000037193298,0.23100000619888306,0.42750000953674316,0.3474000096321106,0.3903999924659729,0.7598000168800354,0.424699991941452,0.23669999837875366
ENSG00000100294,Mitochondrion,Mitochondrial transit peptide,Peripheral|Soluble,0.22120000422000885,0.1834000051021576,0.0421999990940094,0.10019999742507935,0.9455999732017517,0.00019999999494757503,0.04859999939799309,0.1145000010728836,0.09229999780654907,0.009999999776482582,0.6474000215530396,0.0714000016450882,0.5396999716758728,0.7968999743461609
ENSG00000100299,Lysosome/Vacuole,Signal peptide,Soluble,0.31949999928474426,0.08479999750852585,0.4936000108718872,0.30329999327659607,0.17679999768733978,0.0003000000142492354,0.5529999732971191,0.5389000177383423,0.27070000767707825,0.0015999999595806003,0.37700000405311584,0.10249999910593033,0.4627000093460083,0.8026999831199646
ENSG00000100344,Mitochondrion|Endoplasmic reticulum,Nuclear export signal,Transmembrane,0.4498000144958496,0.21789999306201935,0.16899999976158142,0.38989999890327454,0.6881999969482422,0.09849999845027924,0.6367999911308289,0.3098999857902527,0.4498000144958496,0.20149999856948853,0.5730999708175659,0.6474000215530396,0.6442999839782715,0.35690000653266907
ENSG00000100348,Mitochondrion,Mitochondrial transit peptide,Soluble,0.1477999985218048,0.14550000429153442,0.028200000524520874,0.10580000281333923,0.9388999938964844,0.018799999728798866,0.04569999873638153,0.026399999856948853,0.0803999975323677,0.026100000366568565,0.5679000020027161,0.12370000034570694,0.1712999939918518,0.7299000024795532
ENSG00000100354,Cytoplasm|Nucleus,Nuclear localization signal,Soluble,0.5547000169754028,0.5327000021934509,0.04430000111460686,0.2362000048160553,0.029500000178813934,0.015699999406933784,0.18150000274181366,0.15070000290870667,0.12489999830722809,0.03620000183582306,0.3005000054836273,0.07890000194311142,0.018699999898672104,0.8851000070571899
ENSG00000100372,Mitochondrion,Transmembrane domain,Transmembrane,0.13279999792575836,0.0778999999165535,0.06830000132322311,0.18219999969005585,0.8226000070571899,0.061799999326467514,0.14180000126361847,0.20659999549388885,0.2502000033855438,0.40149998664855957,0.14959999918937683,0.9537000060081482,0.12700000405311584,0.13910000026226044
ENSG00000100393,Nucleus,Nuclear localization signal,Soluble,0.38260000944137573,0.8734999895095825,0.04320000112056732,0.11659999936819077,0.045899998396635056,0.005100000184029341,0.0746999979019165,0.0746999979019165,0.08320000022649765,0.0035000001080334187,0.3098999857902527,0.0632999986410141,0.025100000202655792,0.896399974822998
ENSG00000100412,Mitochondrion,Mitochondrial transit peptide,Peripheral|Soluble,0.14949999749660492,0.125,0.027899999171495438,0.12189999967813492,0.9175000190734863,0.008299999870359898,0.11580000072717667,0.07039999961853027,0.0754999965429306,0.014399999752640724,0.6269000172615051,0.08150000125169754,0.13689999282360077,0.7767999768257141
ENSG00000100413,Cytoplasm|Nucleus,Nuclear export signal,Soluble,0.5238999724388123,0.6773999929428101,0.09309999644756317,0.1680999994277954,0.20059999823570251,0.007300000172108412,0.19769999384880066,0.10930000245571136,0.13369999825954437,0.020400000736117363,0.4074999988079071,0.06440000236034393,0.21950000524520874,0.7479000091552734
ENSG00000100416,Cytoplasm|Mitochondrion,Mitochondrial transit peptide,Soluble,0.4867999851703644,0.1898999959230423,0.03970000147819519,0.0835999995470047,0.8525999784469604,0.0034000000450760126,0.07150000333786011,0.09560000151395798,0.06809999793767929,0.09189999848604202,0.48010000586509705,0.1152999997138977,0.37790000438690186,0.8062000274658203
ENSG00000100417,Cytoplasm,Nuclear export signal,Soluble,0.7200000286102295,0.47110000252723694,0.08810000121593475,0.3287999927997589,0.4142000079154968,0.002300000051036477,0.15889999270439148,0.12620000541210175,0.1648000031709671,0.030300000682473183,0.4625000059604645,0.043299999088048935,0.5026999711990356,0.8598999977111816
ENSG00000100422,Cytoplasm,Nuclear export signal,Soluble,0.6550999879837036,0.329800009727478,0.03999999910593033,0.5303000211715698,0.421099990606308,0.014499999582767487,0.4341999888420105,0.3691999912261963,0.350600004196167,0.03290000185370445,0.5569999814033508,0.2159000039100647,0.4717000126838684,0.6901000142097473
ENSG00000100442,Cytoplasm,Nuclear localization signal,Soluble,0.8184999823570251,0.3131999969482422,0.19499999284744263,0.24899999797344208,0.33570000529289246,0.0625,0.18000000715255737,0.19089999794960022,0.18359999358654022,0.04839999973773956,0.41850000619888306,0.04780000075697899,0.22840000689029694,0.8323000073432922
ENSG00000100448,Extracellular,Signal peptide,Soluble,0.1762000024318695,0.0763000026345253,0.9319000244140625,0.18209999799728394,0.0568000003695488,0.00139999995008111,0.21819999814033508,0.16040000319480896,0.10899999737739563,0.0013000000035390258,0.3959999978542328,0.05909999832510948,0.3181999921798706,0.8647000193595886
ENSG00000100479,Cytoplasm|Nucleus,Nuclear export signal,Soluble,0.4959000051021576,0.8158000111579895,0.037300001829862595,0.10300000011920929,0.1818999946117401,0.02199999988079071,0.26919999718666077,0.15850000083446503,0.1136000007390976,0.035599999129772186,0.4823000133037567,0.11990000307559967,0.08709999918937683,0.7811999917030334
ENSG00000100504,Cytoplasm,Nuclear localization signal,Soluble,0.7050999999046326,0.27070000767707825,0.11490000039339066,0.3833000063896179,0.2393999993801117,0.015699999406933784,0.08959999680519104,0.19259999692440033,0.06909999996423721,0.026000000536441803,0.4943999946117401,0.0729999989271164,0.23229999840259552,0.815500020980835
ENSG00000100522,Cytoplasm,Nuclear export signal,Soluble,0.6563000082969666,0.4853000044822693,0.10559999942779541,0.25029999017715454,0.33660000562667847,0.009499999694526196,0.3273000121116638,0.30809998512268066,0.22869999706745148,0.15320000052452087,0.3828999996185303,0.13210000097751617,0.33160001039505005,0.75
ENSG00000100554,Cytoplasm,,Peripheral|Soluble,0.48260000348091125,0.39160001277923584,0.07810000330209732,0.2167000025510788,0.3208000063896179,0.01209999993443489,0.1673000007867813,0.287200003862381,0.12929999828338623,0.021800000220537186,0.6672999858856201,0.05770000070333481,0.34850001335144043,0.6291000247001648
ENSG00000100564,Endoplasmic reticulum,Signal peptide|Transmembrane domain,Transmembrane,0.20659999549388885,0.17329999804496765,0.014600000344216824,0.16349999606609344,0.14329999685287476,0.03539999946951866,0.8883000016212463,0.36570000648498535,0.487199991941452,0.02800000086426735,0.46650001406669617,0.8618999719619751,0.3158000111579895,0.25690001249313354
ENSG00000100577,Cytoplasm,Peroxisomal targeting signal,Soluble,0.8036999702453613,0.23999999463558197,0.12960000336170197,0.15360000729560852,0.24400000274181366,0.01769999973475933,0.12319999933242798,0.14180000126361847,0.27219998836517334,0.34869998693466187,0.44029998779296875,0.06849999725818634,0.125900000333786,0.8180000185966492
ENSG00000100596,Endoplasmic reticulum,,Transmembrane,0.36489999294281006,0.10119999945163727,0.04170000180602074,0.2906000018119812,0.2224999964237213,0.02879999950528145,0.6665999889373779,0.27000001072883606,0.3625999987125397,0.21449999511241913,0.38929998874664307,0.8683000206947327,0.6722000241279602,0.3154999911785126
ENSG00000100600,Extracellular|Lysosome/Vacuole,Signal peptide,Soluble,0.15649999678134918,0.053199999034404755,0.7269999980926514,0.11309999972581863,0.08739999681711197,0.0010000000474974513,0.48809999227523804,0.6371999979019165,0.2728999853134155,0.0012000000569969416,0.5849000215530396,0.031199999153614044,0.20509999990463257,0.8518999814987183
ENSG00000100605,Cytoplasm,Nuclear localization signal|Nuclear export signal,Soluble,0.7297000288963318,0.3869999945163727,0.15889999270439148,0.21860000491142273,0.30559998750686646,0.025200000032782555,0.20360000431537628,0.10140000283718109,0.18690000474452972,0.03709999844431877,0.3240000009536743,0.0738999992609024,0.5496000051498413,0.8812000155448914
ENSG00000100626,Golgi apparatus,Signal peptide|Transmembrane domain,Transmembrane,0.1362999975681305,0.051100000739097595,0.5450999736785889,0.241799995303154,0.1678999960422516,0.012900000438094139,0.37540000677108765,0.3296999931335449,0.9369999766349792,0.035100001841783524,0.10580000281333923,0.9078999757766724,0.22349999845027924,0.2782000005245209
ENSG00000100644,Nucleus,Nuclear export signal,Soluble,0.46709999442100525,0.8644999861717224,0.019899999722838402,0.13179999589920044,0.0658000037074089,0.007000000216066837,0.09130000323057175,0.10199999809265137,0.07739999890327454,0.010099999606609344,0.23729999363422394,0.06759999692440033,0.10189999639987946,0.8885999917984009
ENSG00000100652,Cell membrane,Transmembrane domain,Transmembrane,0.1307000070810318,0.0754999965429306,0.022099999710917473,0.8935999870300293,0.16290000081062317,0.00559999980032444,0.38190001249313354,0.3564000129699707,0.2029000073671341,0.01979999989271164,0.04390000179409981,0.9919999837875366,0.2847000062465668,0.08070000261068344
ENSG00000100678,Cell membrane,Signal peptide|Transmembrane domain,Transmembrane,0.11029999703168869,0.08370000123977661,0.024000000208616257,0.8485000133514404,0.25049999356269836,0.0035000001080334187,0.5013999938964844,0.37709999084472656,0.44279998540878296,0.04650000110268593,0.08810000121593475,0.9736999869346619,0.17409999668598175,0.14970000088214874
ENSG00000100714,Cytoplasm,Nuclear export signal,Soluble,0.6771000027656555,0.33959999680519104,0.040300000458955765,0.27129998803138733,0.2590000033378601,0.15610000491142273,0.09709999710321426,0.1606999933719635,0.08940000087022781,0.15379999577999115,0.4666999876499176,0.15399999916553497,0.16009999811649323,0.786300003528595
ENSG00000100814,Nucleus,Nuclear export signal,Soluble,0.3682999908924103,0.9358999729156494,0.025299999862909317,0.0625,0.10740000009536743,0.026499999687075615,0.04089999943971634,0.05050000175833702,0.07069999724626541,0.03680000081658363,0.2304999977350235,0.03280000016093254,0.30809998512268066,0.9136000275611877
ENSG00000100867,Mitochondrion,Mitochondrial transit peptide,Peripheral|Soluble,0.23160000145435333,0.16830000281333923,0.03139999881386757,0.0738999992609024,0.7870000004768372,0.006300000008195639,0.05939999967813492,0.07850000262260437,0.09019999951124191,0.13809999823570251,0.6269000172615051,0.14079999923706055,0.20239999890327454,0.6172000169754028
ENSG00000100889,Mitochondrion,Mitochondrial transit peptide,Peripheral|Soluble,0.36419999599456787,0.17110000550746918,0.05119999870657921,0.1964000016450882,0.7820000052452087,0.0006000000284984708,0.16410000622272491,0.21299999952316284,0.20880000293254852,0.01979999989271164,0.6995000243186951,0.09989999979734421,0.2117999941110611,0.7724999785423279
ENSG00000100938,Cytoplasm,,Soluble,0.6559000015258789,0.41100001335144043,0.11720000207424164,0.22660000622272491,0.19850000739097595,0.07280000299215317,0.05820000171661377,0.258899986743927,0.04650000110268593,0.009600000455975533,0.35830000042915344,0.05429999902844429,0.29440000653266907,0.8069999814033508
ENSG00000100983,Cytoplasm,Nuclear localization signal|Nuclear export signal,Soluble,0.8580999970436096,0.43810001015663147,0.12269999831914902,0.16869999468326569,0.22439999878406525,0.012500000186264515,0.1582999974489212,0.1736000031232834,0.20309999585151672,0.025100000202655792,0.3912000060081482,0.1054999977350235,0.28769999742507935,0.7784000039100647
ENSG00000100994,Cytoplasm,,Soluble,0.7053999900817871,0.25290000438690186,0.08829999715089798,0.3946000039577484,0.20090000331401825,0.01679999940097332,0.17960000038146973,0.38350000977516174,0.13089999556541443,0.05530000105500221,0.536899983882904,0.07490000128746033,0.23720000684261322,0.8198999762535095
ENSG00000100997,Endoplasmic reticulum,Signal peptide|Transmembrane domain,Peripheral|Transmembrane,0.25029999017715454,0.08980000019073486,0.1777999997138977,0.2639999985694885,0.310699999332428,0.00860000029206276,0.8910999894142151,0.3986999988555908,0.5479999780654907,0.03269999846816063,0.7249000072479248,0.755299985408783,0.46470001339912415,0.28200000524520874
ENSG00000101146,Cytoplasm|Nucleus,Nuclear localization signal|Nuclear export signal,Soluble,0.5648000240325928,0.7196000218391418,0.02969999983906746,0.18930000066757202,0.10170000046491623,0.00559999980032444,0.2768999934196472,0.3131999969482422,0.12600000202655792,0.006099999882280827,0.5501999855041504,0.03460000082850456,0.2702000141143799,0.8173999786376953
ENSG00000101160,Extracellular|Lysosome/Vacuole,Signal peptide,Soluble,0.18160000443458557,0.09529999643564224,0.6402999758720398,0.22859999537467957,0.12210000306367874,0.00039999998989515007,0.3991999924182892,0.6661999821662903,0.3682999908924103,0.004100000020116568,0.4681999981403351,0.06759999692440033,0.2741999924182892,0.8373000025749207
ENSG00000101187,Cell membrane,Transmembrane domain,Transmembrane,0.17739999294281006,0.09279999881982803,0.0706000030040741,0.8547999858856201,0.16760000586509705,0.009399999864399433,0.3905999958515167,0.3961000144481659,0.3869999945163727,0.09109999984502792,0.08410000056028366,0.9911999702453613,0.29600000381469727,0.06700000166893005
ENSG00000101276,Cell membrane|Lysosome/Vacuole,Signal peptide|Transmembrane domain,Transmembrane,0.121799997985363,0.05939999967813492,0.07259999960660934,0.7106999754905701,0.09839999675750732,0.015699999406933784,0.4090000092983246,0.5888000130653381,0.46070000529289246,0.08889999985694885,0.03959999978542328,0.9937999844551086,0.21320000290870667,0.08489999920129776
ENSG00000101290,Endoplasmic reticulum,Transmembrane domain,Transmembrane,0.13930000364780426,0.12460000067949295,0.005400000140070915,0.2922999858856201,0.17339999973773956,0.0017000000225380063,0.8086000084877014,0.22769999504089355,0.6031000018119812,0.0019000000320374966,0.16019999980926514,0.9837999939918518,0.09319999814033508,0.1023000031709671
ENSG00000101306,Cytoplasm,Nuclear export signal,Soluble,0.7192000150680542,0.39259999990463257,0.02199999988079071,0.4174000024795532,0.24799999594688416,0.012199999764561653,0.24969999492168427,0.16179999709129333,0.3630000054836273,0.07109999656677246,0.5654000043869019,0.0494999997317791,0.5231000185012817,0.8356999754905701
ENSG00000101323,Peroxisome,Peroxisomal targeting signal,Soluble,0.22949999570846558,0.2858999967575073,0.01269999984651804,0.08009999990463257,0.24950000643730164,0.014800000004470348,0.0333000011742115,0.06279999762773514,0.016499999910593033,0.9890000224113464,0.40950000286102295,0.06300000101327896,0.22660000622272491,0.7577999830245972
ENSG00000101333,Cytoplasm,Nuclear export signal,Peripheral|Soluble,0.7297999858856201,0.299699991941452,0.062199998646974564,0.5188999772071838,0.19840000569820404,0.016899999231100082,0.12800000607967377,0.46790000796318054,0.3109000027179718,0.014000000432133675,0.6215000152587891,0.0820000022649765,0.1526000052690506,0.8378000259399414
ENSG00000101365,Mitochondrion,Mitochondrial transit peptide,Soluble,0.23199999332427979,0.13660000264644623,0.03539999946951866,0.1289999932050705,0.9294999837875366,0.0031999999191612005,0.07159999758005142,0.06880000233650208,0.09650000184774399,0.026000000536441803,0.5333999991416931,0.05119999870657921,0.32429999113082886,0.8022000193595886
ENSG00000101438,Cell membrane|Lysosome/Vacuole,Transmembrane domain,Transmembrane,0.17229999601840973,0.043299999088048935,0.026100000366568565,0.6607000231742859,0.12460000067949295,0.04170000180602074,0.27000001072883606,0.6037999987602234,0.42179998755455017,0.018799999728798866,0.052400000393390656,0.9890999794006348,0.1412000060081482,0.08030000329017639
ENSG00000101444,Cytoplasm,,Soluble,0.6919999718666077,0.28870001435279846,0.09619999676942825,0.23510000109672546,0.4318999946117401,0.09440000355243683,0.10189999639987946,0.14589999616146088,0.08699999749660492,0.15649999678134918,0.5116000175476074,0.07169999927282333,0.1987999975681305,0.7098000049591064
ENSG00000101464,Endoplasmic reticulum,Signal peptide|Transmembrane domain,Transmembrane,0.07400000095367432,0.1404000073671341,0.05469999834895134,0.2800000011920929,0.14630000293254852,0.017100000753998756,0.942300021648407,0.3215000033378601,0.5651999711990356,0.017999999225139618,0.09889999777078629,0.991100013256073,0.09740000218153,0.09960000216960907
ENSG00000101473,Peroxisome,Peroxisomal targeting signal,Soluble,0.439300000667572,0.2978000044822693,0.00570000009611249,0.044599998742341995,0.27810001373291016,0.0003000000142492354,0.24869999289512634,0.09520000219345093,0.0608999989926815,0.984000027179718,0.3903000056743622,0.13189999759197235,0.3303999900817871,0.7706000208854675
ENSG00000101557,Cytoplasm|Nucleus,Nuclear export signal,Soluble,0.7067000269889832,0.6175000071525574,0.026900000870227814,0.19840000569820404,0.16859999299049377,0.007000000216066837,0.20069999992847443,0.29319998621940613,0.32100000977516174,0.0044999998062849045,0.3871999979019165,0.05299999937415123,0.1941000074148178,0.8513000011444092
ENSG00000101577,Cytoplasm,Nuclear localization signal,Peripheral|Soluble,0.6883000135421753,0.38199999928474426,0.0502999983727932,0.3817000091075897,0.3481000065803528,0.010400000028312206,0.3447999954223633,0.4521999955177307,0.36629998683929443,0.010300000198185444,0.6656000018119812,0.09030000120401382,0.3474999964237213,0.7272999882698059
ENSG00000101638,Golgi apparatus,Signal peptide|Transmembrane domain,Transmembrane,0.12240000069141388,0.07769999653100967,0.4602000117301941,0.18160000443458557,0.07509999722242355,0.006899999920278788,0.15970000624656677,0.2574000060558319,0.8938999772071838,0.014000000432133675,0.23029999434947968,0.9032999873161316,0.4047999978065491,0.2328999936580658
ENSG00000101654,Cytoplasm|Nucleus,Nuclear localization signal,Soluble,0.48089998960494995,0.6848000288009644,0.0966000035405159,0.11980000138282776,0.22599999606609344,0.02329999953508377,0.17569999396800995,0.07460000365972519,0.09809999912977219,0.049800001084804535,0.2678999900817871,0.09910000115633011,0.24459999799728394,0.8870999813079834
ENSG00000101670,Extracellular,Signal peptide,Peripheral|Soluble,0.19619999825954437,0.07850000262260437,0.8787000179290771,0.33550000190734863,0.19499999284744263,0.02250000089406967,0.2833999991416931,0.4124999940395355,0.41100001335144043,0.002300000051036477,0.6047000288963318,0.0658000037074089,0.3009999990463257,0.7904000282287598
ENSG00000101695,Cytoplasm,Nuclear export signal,Lipid anchor|Soluble,0.7197999954223633,0.48660001158714294,0.04039999842643738,0.1639000028371811,0.1931000053882599,0.006800000090152025,0.15690000355243683,0.2985000014305115,0.3264999985694885,0.06279999762773514,0.4564000070095062,0.0737999975681305,0.9054999947547913,0.7681000232696533
ENSG00000101751,Nucleus,Nuclear export signal,Soluble,0.4081999957561493,0.8066999912261963,0.011699999682605267,0.045499999076128006,0.3073999881744385,0.006599999964237213,0.14159999787807465,0.18970000743865967,0.17309999465942383,0.2865999937057495,0.2515000104904175,0.1281999945640564,0.13230000436306,0.852400004863739
ENSG00000101752,Cytoplasm|Lysosome/Vacuole,Nuclear export signal,Soluble,0.6144999861717224,0.45989999175071716,0.08020000159740448,0.19670000672340393,0.1062999963760376,0.008100000210106373,0.2517000138759613,0.6013000011444092,0.41130000352859497,0.1306000053882599,0.5916000008583069,0.035100001841783524,0.17759999632835388,0.8327999711036682
ENSG00000101846,Endoplasmic reticulum,Signal peptide,Transmembrane,0.2865999937057495,0.0966000035405159,0.1671999990940094,0.23989999294281006,0.11840000003576279,0.0032999999821186066,0.6822999715805054,0.43639999628067017,0.34700000286102295,0.017500000074505806,0.12680000066757202,0.801800012588501,0.3149000108242035,0.4307999908924103
ENSG00000101868,Nucleus,Nuclear localization signal,Soluble,0.3009999990463257,0.9283000230789185,0.01640000008046627,0.05590000003576279,0.09229999780654907,0.026200000196695328,0.07490000128746033,0.06319999694824219,0.04800000041723251,0.004900000058114529,0.3012000024318695,0.06260000169277191,0.1534000039100647,0.8722000122070312
ENSG00000101871,Cytoplasm|Lysosome/Vacuole,Nuclear export signal,Peripheral|Soluble,0.7218000292778015,0.3179999887943268,0.06679999828338623,0.1648000031709671,0.14790000021457672,0.00430000014603138,0.1931000053882599,0.5935999751091003,0.5278000235557556,0.13500000536441803,0.6557999849319458,0.062300000339746475,0.25279998779296875,0.7915999889373779
ENSG00000101890,Cell membrane,Signal peptide|Transmembrane domain,Transmembrane,0.27129998803138733,0.10090000182390213,0.05339999869465828,0.7782999873161316,0.07199999690055847,0.03099999949336052,0.2754000127315521,0.5695000290870667,0.35659998655319214,0.07039999961853027,0.12800000607967377,0.9538000226020813,0.3440999984741211,0.1062999963760376
