Protein_ID,Localizations,Signals,Membrane types,Cytoplasm,Nucleus,Extracellular,Cell membrane,Mitochondrion,Plastid,Endoplasmic reticulum,Lysosome/Vacuole,Golgi apparatus,Peroxisome,Peripheral,Transmembrane,Lipid anchor,Soluble
ENSG00000188690,Cytoplasm|Nucleus,,Soluble,0.6656000018119812,0.5633000135421753,0.0575999990105629,0.1835000067949295,0.5945000052452087,0.0031999999191612005,0.20309999585151672,0.1128000020980835,0.10719999670982361,0.026900000870227814,0.36340001225471497,0.20170000195503235,0.15289999544620514,0.7889000177383423
ENSG00000188706,Cell membrane|Endoplasmic reticulum|Golgi apparatus,Signal peptide|Transmembrane domain,Transmembrane,0.18490000069141388,0.03220000118017197,0.01979999989271164,0.5728999972343445,0.06669999659061432,0.0027000000700354576,0.6757000088691711,0.5315999984741211,0.8435999751091003,0.0013000000035390258,0.08789999783039093,0.9883000254631042,0.16619999706745148,0.08030000329017639
ENSG00000188784,Extracellular,Signal peptide,Soluble,0.14550000429153442,0.05689999833703041,0.9305999875068665,0.20000000298023224,0.0494999997317791,0.0005000000237487257,0.20839999616146088,0.3840999901294708,0.15379999577999115,0.00039999998989515007,0.2370000034570694,0.04360000044107437,0.13670000433921814,0.8507000207901001
ENSG00000188818,Endoplasmic reticulum|Golgi apparatus,Signal peptide|Transmembrane domain,Transmembrane,0.1445000022649765,0.04690000042319298,0.03629999980330467,0.45159998536109924,0.06030000001192093,0.007300000172108412,0.6478999853134155,0.4869999885559082,0.6646999716758728,0.005499999970197678,0.1151999980211258,0.9926000237464905,0.08190000057220459,0.08089999854564667
ENSG00000188833,Cell membrane|Lysosome/Vacuole|Golgi apparatus,Signal peptide|Transmembrane domain,Transmembrane,0.193900004029274,0.08940000087022781,0.19820000231266022,0.6150000095367432,0.06260000169277191,0.018699999898672104,0.3230000138282776,0.6944000124931335,0.7229999899864197,0.034699998795986176,0.18129999935626984,0.9570000171661377,0.5899999737739563,0.1459999978542328
ENSG00000188921,Endoplasmic reticulum,,Transmembrane,0.22040000557899475,0.15860000252723694,0.041200000792741776,0.15459999442100525,0.14790000021457672,0.03370000049471855,0.9172000288963318,0.21369999647140503,0.20360000431537628,0.03500000014901161,0.11680000275373459,0.9843000173568726,0.033900000154972076,0.08259999752044678
ENSG00000189043,Mitochondrion,Transmembrane domain,Transmembrane,0.10620000213384628,0.053199999034404755,0.029500000178813934,0.1266999989748001,0.9424999952316284,0.004399999976158142,0.1137000024318695,0.07360000163316727,0.0843999981880188,0.03700000047683716,0.33500000834465027,0.949400007724762,0.04019999876618385,0.1006999984383583
ENSG00000189221,Mitochondrion,Peroxisomal targeting signal,Transmembrane,0.2361000031232834,0.13210000097751617,0.13770000636577606,0.19509999454021454,0.6105999946594238,0.12189999967813492,0.4503999948501587,0.18000000715255737,0.14219999313354492,0.6061999797821045,0.376800000667572,0.8790000081062317,0.47699999809265137,0.18860000371932983
ENSG00000189283,Mitochondrion,Peroxisomal targeting signal,Soluble,0.22439999878406525,0.12999999523162842,0.06400000303983688,0.09239999949932098,0.4799000024795532,0.10649999976158142,0.14509999752044678,0.15569999814033508,0.11379999667406082,0.4293000102043152,0.5403000116348267,0.24469999969005585,0.20499999821186066,0.6866000294685364
ENSG00000196136,Extracellular,Signal peptide,Soluble,0.22460000216960907,0.07800000160932541,0.8319000005722046,0.1956000030040741,0.06669999659061432,0.0013000000035390258,0.18330000340938568,0.33169999718666077,0.21889999508857727,0.003700000001117587,0.1559000015258789,0.07699999958276749,0.3005000054836273,0.8860999941825867
ENSG00000196139,Cytoplasm,,Soluble,0.7820000052452087,0.3089999854564667,0.1444000005722046,0.13930000364780426,0.3515999913215637,0.11079999804496765,0.16419999301433563,0.23919999599456787,0.06360000371932983,0.05490000173449516,0.26739999651908875,0.043299999088048935,0.12849999964237213,0.8600999712944031
ENSG00000196177,Mitochondrion,Mitochondrial transit peptide,Soluble,0.14339999854564667,0.09440000355243683,0.01889999955892563,0.10729999840259552,0.9532999992370605,0.005100000184029341,0.057100001722574234,0.11219999939203262,0.09369999915361404,0.03350000083446503,0.5040000081062317,0.16949999332427979,0.14920000731945038,0.7271000146865845
ENSG00000196188,Extracellular|Lysosome/Vacuole,Signal peptide,Soluble,0.1509999930858612,0.0608999989926815,0.6664000153541565,0.1428000032901764,0.05469999834895134,0.0015999999595806003,0.29409998655319214,0.6931999921798706,0.34529998898506165,0.01360000018030405,0.37389999628067017,0.04879999905824661,0.16920000314712524,0.847599983215332
ENSG00000196262,Cytoplasm,,Soluble,0.7197999954223633,0.3206999897956848,0.4507000148296356,0.35670000314712524,0.2761000096797943,0.0568000003695488,0.15629999339580536,0.13339999318122864,0.08739999681711197,0.3142000138759613,0.33730000257492065,0.04439999908208847,0.2012999951839447,0.8597000241279602
ENSG00000196296,Cell membrane,Signal peptide|Transmembrane domain,Transmembrane,0.20340000092983246,0.10220000147819519,0.022199999541044235,0.6546000242233276,0.13920000195503235,0.006300000008195639,0.5515999794006348,0.532800018787384,0.41370001435279846,0.028999999165534973,0.10570000112056732,0.9668999910354614,0.14589999616146088,0.14890000224113464
ENSG00000196305,Cytoplasm,Nuclear export signal,Soluble,0.737500011920929,0.1956000030040741,0.05900000035762787,0.3652999997138977,0.4066999852657318,0.009399999864399433,0.16509999334812164,0.17430000007152557,0.22050000727176666,0.10000000149011612,0.4519999921321869,0.24699999392032623,0.0851999968290329,0.7698000073432922
ENSG00000196313,Nucleus,Nuclear localization signal,Transmembrane,0.2632000148296356,0.7853000164031982,0.08389999717473984,0.19740000367164612,0.17139999568462372,0.012199999764561653,0.3709000051021576,0.09619999676942825,0.062300000339746475,0.05040000006556511,0.5673999786376953,0.7495999932289124,0.11959999799728394,0.40869998931884766
ENSG00000196344,Cytoplasm,,Soluble,0.6313999891281128,0.2558000087738037,0.1956000030040741,0.14749999344348907,0.11569999903440475,0.093299999833107,0.2443999946117401,0.22419999539852142,0.1128000020980835,0.05649999901652336,0.38019999861717224,0.16429999470710754,0.12240000069141388,0.7595999836921692
ENSG00000196368,Cytoplasm|Nucleus,,Soluble,0.6366999745368958,0.6086999773979187,0.10400000214576721,0.13249999284744263,0.3580999970436096,0.014399999752640724,0.1761000007390976,0.11159999668598175,0.120899997651577,0.2393999993801117,0.1665000021457672,0.02889999933540821,0.6585000157356262,0.9106000065803528
ENSG00000196371,Endoplasmic reticulum|Golgi apparatus,Signal peptide|Transmembrane domain,Transmembrane,0.18279999494552612,0.10999999940395355,0.30709999799728394,0.3427000045776367,0.09220000356435776,0.006899999920278788,0.678600013256073,0.23149999976158142,0.7203999757766724,0.027899999171495438,0.5156999826431274,0.7573000192642212,0.27230000495910645,0.29660001397132874
ENSG00000196433,Cytoplasm,,Soluble,0.6875,0.43849998712539673,0.1307000070810318,0.13420000672340393,0.31839999556541443,0.007699999958276749,0.20319999754428864,0.3368000090122223,0.2851000130176544,0.029100000858306885,0.5662000179290771,0.3246999979019165,0.21719999611377716,0.6578999757766724
ENSG00000196470,Cytoplasm|Nucleus,Nuclear export signal,Soluble,0.6395999789237976,0.5458999872207642,0.030700000002980232,0.1597999930381775,0.19200000166893005,0.00559999980032444,0.10170000046491623,0.21199999749660492,0.22210000455379486,0.06030000001192093,0.4122999906539917,0.05900000035762787,0.22280000150203705,0.8366000056266785
ENSG00000196475,Mitochondrion|Endoplasmic reticulum|Peroxisome,Peroxisomal targeting signal,Transmembrane,0.3192000091075897,0.13860000669956207,0.11940000206232071,0.14069999754428864,0.6723999977111816,0.11900000274181366,0.6255999803543091,0.31859999895095825,0.45159998536109924,0.7678999900817871,0.19370000064373016,0.8133999705314636,0.6718999743461609,0.301800012588501
ENSG00000196502,Cytoplasm,Peroxisomal targeting signal,Soluble,0.5735999941825867,0.30320000648498535,0.08720000088214874,0.23569999635219574,0.14180000126361847,0.0006000000284984708,0.2012999951839447,0.1193000003695488,0.12080000340938568,0.13089999556541443,0.3553999960422516,0.05689999833703041,0.3156000077724457,0.8234000205993652
ENSG00000196511,Cytoplasm,,Soluble,0.6851999759674072,0.36419999599456787,0.23929999768733978,0.24220000207424164,0.41999998688697815,0.011300000362098217,0.19760000705718994,0.12399999797344208,0.20409999787807465,0.032600000500679016,0.27250000834465027,0.23970000445842743,0.37630000710487366,0.7559999823570251
ENSG00000196517,Cell membrane,Transmembrane domain,Transmembrane,0.13490000367164612,0.065700002014637,0.029600000008940697,0.9017999768257141,0.14309999346733093,0.004100000020116568,0.14020000398159027,0.43619999289512634,0.2493000030517578,0.008100000210106373,0.10970000177621841,0.9782000184059143,0.060499999672174454,0.12690000236034393
ENSG00000196547,Golgi apparatus,Signal peptide|Transmembrane domain,Transmembrane,0.13809999823570251,0.15299999713897705,0.19380000233650208,0.2061000019311905,0.06400000303983688,0.006500000134110451,0.3206999897956848,0.43810001015663147,0.9154000282287598,0.04529999941587448,0.28290000557899475,0.8751000165939331,0.13179999589920044,0.3292999863624573
ENSG00000196616,Cytoplasm,,Soluble,0.6948999762535095,0.2167000025510788,0.08869999647140503,0.1476999968290329,0.11999999731779099,0.03739999979734421,0.17880000174045563,0.19949999451637268,0.11259999871253967,0.06040000170469284,0.4002000093460083,0.1454000025987625,0.10559999942779541,0.7616999745368958
ENSG00000196620,Endoplasmic reticulum,Signal peptide|Transmembrane domain,Transmembrane,0.1785999983549118,0.05689999833703041,0.05820000171661377,0.4122999906539917,0.06109999865293503,0.011300000362098217,0.8154000043869019,0.2777000069618225,0.3467000126838684,0.05829999968409538,0.18209999799728394,0.9311000108718872,0.29280000925064087,0.19059999287128448
ENSG00000196743,Extracellular,Signal peptide,Soluble,0.2069000005722046,0.06159999966621399,0.8504999876022339,0.1534000039100647,0.1145000010728836,0.00419999985024333,0.1923999935388565,0.5252000093460083,0.2793000042438507,0.002300000051036477,0.5055000185966492,0.09139999747276306,0.2370000034570694,0.7167999744415283
ENSG00000196839,Cytoplasm,Peroxisomal targeting signal,Soluble,0.6998000144958496,0.25369998812675476,0.07760000228881836,0.22120000422000885,0.48539999127388,0.007499999832361937,0.08839999884366989,0.20810000598430634,0.11810000240802765,0.3529999852180481,0.36559998989105225,0.03229999914765358,0.289900004863739,0.8755999803543091
ENSG00000196950,Cell membrane|Lysosome/Vacuole,Signal peptide|Transmembrane domain,Transmembrane,0.11659999936819077,0.0917000025510788,0.041099999099969864,0.7150999903678894,0.07479999959468842,0.003000000026077032,0.4666000008583069,0.676800012588501,0.4343999922275543,0.05389999970793724,0.07050000131130219,0.9642000198364258,0.04470000043511391,0.20000000298023224
ENSG00000196968,Extracellular|Golgi apparatus,Signal peptide,Soluble,0.1981000006198883,0.12189999967813492,0.8306999802589417,0.3264000117778778,0.22380000352859497,0.012000000104308128,0.504800021648407,0.3271999955177307,0.6600000262260437,0.011800000444054604,0.3149000108242035,0.2770000100135803,0.16169999539852142,0.7429999709129333
ENSG00000197093,Golgi apparatus,Signal peptide|Transmembrane domain,Transmembrane,0.17870000004768372,0.07519999891519547,0.46399998664855957,0.22390000522136688,0.14030000567436218,0.012199999764561653,0.376800000667572,0.28279998898506165,0.8733999729156494,0.013199999928474426,0.5022000074386597,0.8495000004768372,0.13109999895095825,0.257999986410141
ENSG00000197121,Endoplasmic reticulum|Golgi apparatus,Signal peptide|Transmembrane domain,Transmembrane,0.17219999432563782,0.1826999932527542,0.052299998700618744,0.2612000107765198,0.11150000244379044,0.03220000118017197,0.8651000261306763,0.47269999980926514,0.7045000195503235,0.020899999886751175,0.22759999334812164,0.9930999875068665,0.15129999816417694,0.07280000299215317
ENSG00000197142,Endoplasmic reticulum,Transmembrane domain,Transmembrane,0.2745000123977661,0.15189999341964722,0.0908999964594841,0.29589998722076416,0.49459999799728394,0.24789999425411224,0.9027000069618225,0.25609999895095825,0.21220000088214874,0.23739999532699585,0.46810001134872437,0.8845000267028809,0.5855000019073486,0.22349999845027924
ENSG00000197165,Cytoplasm,Peroxisomal targeting signal,Soluble,0.5806000232696533,0.30480000376701355,0.08460000157356262,0.24860000610351562,0.1264999955892563,0.0006000000284984708,0.1704999953508377,0.11230000108480453,0.11500000208616257,0.120899997651577,0.3569999933242798,0.05620000138878822,0.2872999906539917,0.8291000127792358
ENSG00000197208,Cell membrane,Transmembrane domain,Transmembrane,0.14810000360012054,0.05700000002980232,0.048900000751018524,0.8496999740600586,0.18479999899864197,0.01360000018030405,0.18930000066757202,0.3231000006198883,0.3504999876022339,0.328000009059906,0.1128000020980835,0.9718999862670898,0.2460000067949295,0.1290999948978424
ENSG00000197217,Golgi apparatus,Signal peptide|Transmembrane domain,Transmembrane,0.13910000026226044,0.16140000522136688,0.10920000076293945,0.2948000133037567,0.13300000131130219,0.058800000697374344,0.4884999990463257,0.4171999990940094,0.7718999981880188,0.32030001282691956,0.18219999969005585,0.9714000225067139,0.2822999954223633,0.11959999799728394
ENSG00000197241,Cell membrane,Transmembrane domain,Transmembrane,0.14640000462532043,0.07819999754428864,0.06350000202655792,0.8248999714851379,0.24070000648498535,0.006000000052154064,0.26980000734329224,0.2930999994277954,0.23479999601840973,0.03460000082850456,0.06419999897480011,0.9783999919891357,0.2757999897003174,0.16140000522136688
ENSG00000197249,Extracellular,Signal peptide,Soluble,0.1956000030040741,0.0674000009894371,0.8586000204086304,0.19930000603199005,0.05490000173449516,0.001500000013038516,0.25940001010894775,0.45210000872612,0.2281000018119812,0.002899999963119626,0.23340000212192535,0.05180000141263008,0.21629999577999115,0.888700008392334
ENSG00000197253,Extracellular,Signal peptide,Soluble,0.14730000495910645,0.09239999949932098,0.8769999742507935,0.19179999828338623,0.05429999902844429,0.00039999998989515007,0.10530000180006027,0.32679998874664307,0.09319999814033508,0.00139999995008111,0.329800009727478,0.05829999968409538,0.1500999927520752,0.8988000154495239
ENSG00000197296,Endoplasmic reticulum,Signal peptide|Transmembrane domain,Transmembrane,0.07259999960660934,0.05249999836087227,0.03620000183582306,0.3411000072956085,0.09640000015497208,0.012000000104308128,0.8658000230789185,0.19030000269412994,0.5774000287055969,0.014000000432133675,0.08250000327825546,0.9939000010490417,0.11590000241994858,0.09619999676942825
ENSG00000197323,Nucleus,Nuclear localization signal,Soluble,0.2678000032901764,0.9190999865531921,0.041099999099969864,0.06629999727010727,0.053199999034404755,0.018400000408291817,0.03720000013709068,0.06480000168085098,0.03929999843239784,0.016100000590085983,0.4169999957084656,0.06379999965429306,0.11729999631643295,0.8644999861717224
ENSG00000197355,Cytoplasm,Nuclear export signal,Soluble,0.7692000269889832,0.33000001311302185,0.10289999842643738,0.25360000133514404,0.39989998936653137,0.0026000000070780516,0.21130000054836273,0.26809999346733093,0.32510000467300415,0.156700000166893,0.5925999879837036,0.052299998700618744,0.5590999722480774,0.8288999795913696
ENSG00000197375,Cell membrane,Transmembrane domain,Transmembrane,0.1551000028848648,0.05900000035762787,0.049400001764297485,0.8471999764442444,0.1542000025510788,0.016100000590085983,0.19050000607967377,0.31839999556541443,0.328000009059906,0.32989999651908875,0.11710000038146973,0.97079998254776,0.2061000019311905,0.13950000703334808
ENSG00000197406,Endoplasmic reticulum|Golgi apparatus,,Peripheral|Transmembrane,0.35249999165534973,0.25130000710487366,0.13410000503063202,0.3962000012397766,0.34540000557899475,0.026000000536441803,0.7206000089645386,0.5074999928474426,0.7027999758720398,0.01940000057220459,0.6626999974250793,0.8345999717712402,0.3630000054836273,0.2556000053882599
ENSG00000197408,Endoplasmic reticulum,Signal peptide|Transmembrane domain,Peripheral|Transmembrane,0.12280000001192093,0.08739999681711197,0.04989999905228615,0.22040000557899475,0.10700000077486038,0.004900000058114529,0.8806999921798706,0.23100000619888306,0.1534000039100647,0.05090000107884407,0.8148000240325928,0.7020000219345093,0.2011999934911728,0.18039999902248383
ENSG00000197416,Cytoplasm,,Soluble,0.8676000237464905,0.27959999442100525,0.4140999913215637,0.2865000069141388,0.35420000553131104,0.0778999999165535,0.32679998874664307,0.06780000030994415,0.38659998774528503,0.20059999823570251,0.39079999923706055,0.014100000262260437,0.31349998712539673,0.9200000166893005
ENSG00000197417,Cytoplasm|Nucleus,Peroxisomal targeting signal,Soluble,0.6840000152587891,0.5112000107765198,0.1324000060558319,0.09539999812841415,0.546500027179718,0.0071000000461936,0.12549999356269836,0.09480000287294388,0.1436000019311905,0.26930001378059387,0.24950000643730164,0.22589999437332153,0.12680000066757202,0.8475000262260437
ENSG00000197446,Endoplasmic reticulum,Signal peptide|Transmembrane domain,Peripheral|Transmembrane,0.14249999821186066,0.09679999947547913,0.0357000008225441,0.21889999508857727,0.08619999885559082,0.00430000014603138,0.8849999904632568,0.21320000290870667,0.1808999925851822,0.043299999088048935,0.8109999895095825,0.6718000173568726,0.26109999418258667,0.17800000309944153
ENSG00000197448,Peroxisome,Peroxisomal targeting signal,Soluble,0.2741999924182892,0.09300000220537186,0.031199999153614044,0.07930000126361847,0.4480000138282776,0.034699998795986176,0.061500001698732376,0.03629999980330467,0.06270000338554382,0.939300000667572,0.4537000060081482,0.08910000324249268,0.5005999803543091,0.6083999872207642
ENSG00000197496,Cell membrane,Transmembrane domain,Transmembrane,0.21899999678134918,0.1111999973654747,0.057100001722574234,0.7727000117301941,0.20980000495910645,0.00570000009611249,0.25440001487731934,0.47369998693466187,0.4507000148296356,0.09489999711513519,0.1527000069618225,0.9593999981880188,0.24279999732971191,0.15760000050067902
ENSG00000197506,Cell membrane|Lysosome/Vacuole,Transmembrane domain,Transmembrane,0.05900000035762787,0.04690000042319298,0.010900000110268593,0.7925999760627747,0.07479999959468842,0.009499999694526196,0.36059999465942383,0.635200023651123,0.35109999775886536,0.06599999964237213,0.08269999921321869,0.9958000183105469,0.34880000352859497,0.05469999834895134
ENSG00000197530,Cytoplasm|Lysosome/Vacuole,Nuclear export signal,Soluble,0.6015999913215637,0.40849998593330383,0.11800000071525574,0.2289000004529953,0.11339999735355377,0.01940000057220459,0.27320000529289246,0.6872000098228455,0.3765000104904175,0.10409999638795853,0.5938000082969666,0.054999999701976776,0.15850000083446503,0.8312000036239624
ENSG00000197563,Endoplasmic reticulum,Signal peptide|Transmembrane domain,Transmembrane,0.15860000252723694,0.09950000047683716,0.0348999984562397,0.35850000381469727,0.0982000008225441,0.028200000524520874,0.828000009059906,0.3847000002861023,0.6061000227928162,0.08030000329017639,0.11569999903440475,0.9954000115394592,0.15129999816417694,0.06939999759197235
ENSG00000197579,Nucleus,Nuclear localization signal,Soluble,0.23319999873638153,0.9413999915122986,0.057100001722574234,0.08190000057220459,0.039500001817941666,0.008999999612569809,0.05550000071525574,0.02160000056028366,0.05299999937415123,0.018799999728798866,0.13940000534057617,0.11550000309944153,0.12389999628067017,0.8766000270843506
ENSG00000197580,Mitochondrion,Mitochondrial transit peptide,Peripheral|Soluble,0.3741999864578247,0.23199999332427979,0.1858000010251999,0.29170000553131104,0.6287999749183655,0.08150000125169754,0.38519999384880066,0.19850000739097595,0.3093999922275543,0.06920000165700912,0.724399983882904,0.2337999939918518,0.2989000082015991,0.5916000008583069
ENSG00000197586,Golgi apparatus,Signal peptide|Transmembrane domain,Transmembrane,0.12559999525547028,0.14069999754428864,0.24040000140666962,0.121799997985363,0.21070000529289246,0.0649000033736229,0.5357999801635742,0.3154999911785126,0.8388000130653381,0.08389999717473984,0.3073999881744385,0.8310999870300293,0.24210000038146973,0.3093000054359436
ENSG00000197594,Cell membrane|Lysosome/Vacuole,Signal peptide|Transmembrane domain,Transmembrane,0.27469998598098755,0.16660000383853912,0.2913999855518341,0.6220999956130981,0.08529999852180481,0.007699999958276749,0.3206999897956848,0.5896000266075134,0.5231000185012817,0.038100000470876694,0.27000001072883606,0.777400016784668,0.24140000343322754,0.4325999915599823
ENSG00000197601,Endoplasmic reticulum|Peroxisome,Transmembrane domain|Peroxisomal targeting signal,Transmembrane,0.186599999666214,0.06560000032186508,0.0406000018119812,0.19900000095367432,0.3686000108718872,0.0786999985575676,0.7095999717712402,0.2282000035047531,0.5047000050544739,0.7570000290870667,0.42289999127388,0.902899980545044,0.25360000133514404,0.13369999825954437
ENSG00000197713,Cytoplasm|Mitochondrion,Peroxisomal targeting signal,Soluble,0.7038000226020813,0.33230000734329224,0.03440000116825104,0.11420000344514847,0.7113999724388123,0.03799999877810478,0.1177000030875206,0.10419999808073044,0.12080000340938568,0.23520000278949738,0.43959999084472656,0.05689999833703041,0.1509999930858612,0.8190000057220459
ENSG00000197746,Extracellular,Signal peptide,Soluble,0.1477999985218048,0.08839999884366989,0.6945000290870667,0.1981000006198883,0.12309999763965607,0.0020000000949949026,0.2328999936580658,0.478300005197525,0.31630000472068787,0.01489999983459711,0.41510000824928284,0.048700001090765,0.05119999870657921,0.8691999912261963
ENSG00000197763,Cytoplasm,Nuclear export signal,Soluble,0.8015000224113464,0.3190999925136566,0.08760000020265579,0.22499999403953552,0.25459998846054077,0.00430000014603138,0.3499000072479248,0.3635999858379364,0.40720000863075256,0.21130000054836273,0.47690001130104065,0.16699999570846558,0.4625999927520752,0.6773999929428101
ENSG00000197818,Cell membrane|Lysosome/Vacuole,Signal peptide|Transmembrane domain,Transmembrane,0.14030000567436218,0.054499998688697815,0.02250000089406967,0.723800003528595,0.08839999884366989,0.005200000014156103,0.4684000015258789,0.654699981212616,0.4507000148296356,0.04270000010728836,0.06970000267028809,0.9878000020980835,0.1542000025510788,0.10939999669790268
ENSG00000197838,Endoplasmic reticulum,Signal peptide|Transmembrane domain,Peripheral|Transmembrane,0.09399999678134918,0.06970000267028809,0.05380000174045563,0.2572000026702881,0.11869999766349792,0.012299999594688416,0.8801000118255615,0.22470000386238098,0.14990000426769257,0.03269999846816063,0.8185999989509583,0.7271999716758728,0.29809999465942383,0.1923000067472458
ENSG00000197858,Endoplasmic reticulum,Signal peptide|Transmembrane domain,Transmembrane,0.14309999346733093,0.05959999933838844,0.04729999974370003,0.4668999910354614,0.06159999966621399,0.007300000172108412,0.8210999965667725,0.5034999847412109,0.5702999830245972,0.007799999788403511,0.1517000049352646,0.992900013923645,0.22300000488758087,0.07479999959468842
ENSG00000197888,Endoplasmic reticulum,Signal peptide|Transmembrane domain,Transmembrane,0.1859000027179718,0.05660000070929527,0.056299999356269836,0.40380001068115234,0.06120000034570694,0.01080000028014183,0.8087000250816345,0.2784000039100647,0.3725000023841858,0.06920000165700912,0.1931000053882599,0.9301000237464905,0.35109999775886536,0.1843000054359436
ENSG00000197891,Cell membrane,Transmembrane domain,Transmembrane,0.18000000715255737,0.0828000009059906,0.08449999988079071,0.8184999823570251,0.20260000228881836,0.004999999888241291,0.16529999673366547,0.2632000148296356,0.22930000722408295,0.17810000479221344,0.11819999665021896,0.9589999914169312,0.1768999993801117,0.17720000445842743
ENSG00000197894,Cytoplasm,,Soluble,0.6940000057220459,0.2257000058889389,0.12729999423027039,0.14219999313354492,0.1599999964237213,0.0763000026345253,0.08370000123977661,0.299699991941452,0.12359999865293503,0.1256999969482422,0.4000999927520752,0.13699999451637268,0.14100000262260437,0.7524999976158142
ENSG00000197901,Cell membrane,Transmembrane domain,Transmembrane,0.17829999327659607,0.08749999850988388,0.07900000363588333,0.8131999969482422,0.1606999933719635,0.005200000014156103,0.1469999998807907,0.3732999861240387,0.37439998984336853,0.24819999933242798,0.15060000121593475,0.944599986076355,0.21690000593662262,0.1898999959230423
ENSG00000197943,Cytoplasm,Nuclear export signal,Peripheral|Soluble,0.6876000165939331,0.262800008058548,0.04859999939799309,0.5230000019073486,0.12600000202655792,0.02239999920129776,0.22750000655651093,0.5692999958992004,0.30550000071525574,0.009999999776482582,0.6399000287055969,0.0681999996304512,0.12349999696016312,0.8413000106811523
ENSG00000197959,Cytoplasm,Nuclear export signal,Peripheral|Soluble,0.6973999738693237,0.22300000488758087,0.08269999921321869,0.3831999897956848,0.19619999825954437,0.01360000018030405,0.27230000495910645,0.4007999897003174,0.2962999939918518,0.1331000030040741,0.7322999835014343,0.03009999915957451,0.19280000030994415,0.7997999787330627
ENSG00000197977,Endoplasmic reticulum,Signal peptide|Transmembrane domain,Transmembrane,0.044199999421834946,0.04500000178813934,0.00559999980032444,0.45669999718666077,0.19939999282360077,0.0044999998062849045,0.9053000211715698,0.18440000712871552,0.4948999881744385,0.030700000002980232,0.07440000027418137,0.9889000058174133,0.0625,0.08269999921321869
ENSG00000198060,Mitochondrion|Endoplasmic reticulum,Transmembrane domain,Transmembrane,0.13899999856948853,0.23829999566078186,0.04780000075697899,0.1859000027179718,0.7649000287055969,0.21480000019073486,0.8137999773025513,0.45320001244544983,0.5130000114440918,0.0868000015616417,0.12939999997615814,0.9904000163078308,0.07930000126361847,0.10689999908208847
ENSG00000198074,Cytoplasm,,Soluble,0.8467000126838684,0.25920000672340393,0.17339999973773956,0.14300000667572021,0.323199987411499,0.24130000174045563,0.14869999885559082,0.26100000739097595,0.10899999737739563,0.07919999957084656,0.31450000405311584,0.04349999874830246,0.12349999696016312,0.8446000218391418
ENSG00000198075,Cytoplasm,,Soluble,0.7631999850273132,0.30300000309944153,0.19259999692440033,0.13580000400543213,0.12639999389648438,0.005499999970197678,0.1906999945640564,0.13840000331401825,0.10840000212192535,0.008999999612569809,0.29010000824928284,0.10689999908208847,0.131400004029274,0.862500011920929
ENSG00000198077,Endoplasmic reticulum,Signal peptide|Transmembrane domain,Peripheral|Transmembrane,0.10509999841451645,0.07720000296831131,0.05420000106096268,0.265500009059906,0.11420000344514847,0.010200000368058681,0.887499988079071,0.2045000046491623,0.15230000019073486,0.026000000536441803,0.8126000165939331,0.7361000180244446,0.30219998955726624,0.19110000133514404
ENSG00000198088,Cytoplasm,Nuclear export signal,Peripheral|Soluble,0.6644999980926514,0.4189000129699707,0.0632999986410141,0.2168000042438507,0.07479999959468842,0.003100000089034438,0.1808999925851822,0.3982999920845032,0.48899999260902405,0.15790000557899475,0.8125,0.05169999971985817,0.1386999934911728,0.7749999761581421
ENSG00000198099,Cytoplasm,,Soluble,0.6553000211715698,0.22910000383853912,0.09319999814033508,0.1429000049829483,0.09120000153779984,0.0723000019788742,0.2371000051498413,0.2770000100135803,0.11309999972581863,0.04749999940395355,0.3547999858856201,0.1696999967098236,0.07500000298023224,0.7674999833106995
ENSG00000198108,Golgi apparatus,Signal peptide,Transmembrane,0.14669999480247498,0.12530000507831573,0.539900004863739,0.19329999387264252,0.13259999454021454,0.018400000408291817,0.39879998564720154,0.14720000326633453,0.7998999953269958,0.03909999877214432,0.42980000376701355,0.8650000095367432,0.19020000100135803,0.2624000012874603
ENSG00000198130,Mitochondrion,Mitochondrial transit peptide,Soluble,0.15289999544620514,0.14659999310970306,0.05570000037550926,0.09130000323057175,0.9164999723434448,0.0044999998062849045,0.04270000010728836,0.05220000073313713,0.03009999915957451,0.025699999183416367,0.5461999773979187,0.14830000698566437,0.07540000230073929,0.7228000164031982
ENSG00000198162,Endoplasmic reticulum|Golgi apparatus,Signal peptide|Transmembrane domain,Transmembrane,0.19120000302791595,0.1257999986410141,0.15690000355243683,0.10509999841451645,0.03020000085234642,0.006000000052154064,0.690500020980835,0.5360999703407288,0.9521999955177307,0.05889999866485596,0.13809999823570251,0.9686999917030334,0.32429999113082886,0.11559999734163284
ENSG00000198189,Endoplasmic reticulum,Signal peptide,Peripheral|Transmembrane,0.29409998655319214,0.14659999310970306,0.10580000281333923,0.2736999988555908,0.31220000982284546,0.04639999940991402,0.8030999898910522,0.2646999955177307,0.2800000011920929,0.07660000026226044,0.6777999997138977,0.7350999712944031,0.4235999882221222,0.20149999856948853
ENSG00000198203,Cytoplasm,,Soluble,0.7554000020027161,0.22769999504089355,0.08380000293254852,0.218299999833107,0.09109999984502792,0.006399999838322401,0.2117999941110611,0.07769999653100967,0.08789999783039093,0.07660000026226044,0.2492000013589859,0.07900000363588333,0.1793999969959259,0.871999979019165
ENSG00000198246,Cell membrane,Transmembrane domain,Transmembrane,0.0949999988079071,0.06729999929666519,0.03269999846816063,0.6601999998092651,0.09759999811649323,0.009100000374019146,0.4320000112056732,0.4975999891757965,0.43709999322891235,0.07039999961853027,0.047600001096725464,0.9914000034332275,0.09179999679327011,0.10409999638795853
ENSG00000198276,Cytoplasm|Nucleus,Nuclear export signal,Soluble,0.5508000254631042,0.5805000066757202,0.03660000115633011,0.2542000114917755,0.24799999594688416,0.009800000116229057,0.18119999766349792,0.18970000743865967,0.24709999561309814,0.023099999874830246,0.3544999957084656,0.08669999986886978,0.6783000230789185,0.8068000078201294
ENSG00000198363,Endoplasmic reticulum|Golgi apparatus,Signal peptide|Transmembrane domain,Transmembrane,0.20360000431537628,0.20759999752044678,0.18379999697208405,0.2797999978065491,0.1678999960422516,0.009399999864399433,0.8673999905586243,0.28119999170303345,0.6557000279426575,0.026900000870227814,0.24279999732971191,0.885200023651123,0.5424000024795532,0.2711000144481659
ENSG00000198373,Cytoplasm,Nuclear export signal,Peripheral|Soluble,0.7311999797821045,0.46720001101493835,0.03359999880194664,0.44269999861717224,0.10909999907016754,0.02419999986886978,0.17810000479221344,0.42890000343322754,0.33899998664855957,0.019999999552965164,0.6176999807357788,0.02889999933540821,0.445499986410141,0.847599983215332
ENSG00000198380,Cytoplasm,Nuclear export signal,Soluble,0.7563999891281128,0.29440000653266907,0.035599999129772186,0.28450000286102295,0.21220000088214874,0.057999998331069946,0.27300000190734863,0.2883000075817108,0.4316999912261963,0.053300000727176666,0.5145999789237976,0.1177000030875206,0.30399999022483826,0.8184999823570251
ENSG00000198431,Cytoplasm|Cell membrane,,Lipid anchor|Soluble,0.6802999973297119,0.24079999327659607,0.12080000340938568,0.6039000153541565,0.3869999945163727,0.026100000366568565,0.2702000141143799,0.37630000710487366,0.38769999146461487,0.04619999974966049,0.5407000184059143,0.12470000237226486,0.9545999765396118,0.5634999871253967
ENSG00000198488,Extracellular|Golgi apparatus,Signal peptide|Transmembrane domain,Transmembrane,0.15729999542236328,0.052299998700618744,0.7027999758720398,0.2198999971151352,0.09880000352859497,0.007000000216066837,0.3625999987125397,0.21400000154972076,0.9082000255584717,0.027499999850988388,0.3944999873638153,0.7019000053405762,0.37229999899864197,0.3314000070095062
ENSG00000198569,Cell membrane,Signal peptide|Transmembrane domain,Transmembrane,0.11550000309944153,0.043299999088048935,0.02370000071823597,0.8378999829292297,0.16459999978542328,0.0035000001080334187,0.47099998593330383,0.47690001130104065,0.4526999890804291,0.012299999594688416,0.1891999989748001,0.9801999926567078,0.2992999851703644,0.09489999711513519
ENSG00000198610,Cytoplasm,,Soluble,0.8009999990463257,0.3463999927043915,0.1234000027179718,0.1256999969482422,0.40380001068115234,0.0812000036239624,0.17329999804496765,0.3377000093460083,0.06870000064373016,0.0560000017285347,0.2703000009059906,0.04659999907016754,0.1145000010728836,0.8435999751091003
ENSG00000198650,Cytoplasm,,Soluble,0.7724000215530396,0.35910001397132874,0.05290000140666962,0.2870999872684479,0.26409998536109924,0.024399999529123306,0.12970000505447388,0.16220000386238098,0.1348000019788742,0.055399999022483826,0.25200000405311584,0.11699999868869781,0.5491999983787537,0.8414999842643738
ENSG00000198668,Cytoplasm|Nucleus,,Soluble,0.611299991607666,0.6373000144958496,0.2766999900341034,0.36250001192092896,0.09109999984502792,0.02290000021457672,0.2061000019311905,0.12929999828338623,0.15919999778270721,0.09179999679327011,0.4708999991416931,0.03799999877810478,0.6146000027656555,0.8097000122070312
ENSG00000198682,Cytoplasm,Nuclear localization signal,Soluble,0.48170000314712524,0.4805999994277954,0.2062000036239624,0.1932000070810318,0.20100000500679016,0.010700000450015068,0.07649999856948853,0.17569999396800995,0.10769999772310257,0.011500000022351742,0.5148000121116638,0.07590000331401825,0.1835000067949295,0.8328999876976013
ENSG00000198691,Cell membrane|Lysosome/Vacuole,Signal peptide|Transmembrane domain,Transmembrane,0.21379999816417694,0.10920000076293945,0.02539999969303608,0.637499988079071,0.21799999475479126,0.014399999752640724,0.47600001096725464,0.7348999977111816,0.429500013589859,0.08179999887943268,0.2468000054359436,0.9851999878883362,0.1307000070810318,0.07670000195503235
ENSG00000198695,Endoplasmic reticulum,Signal peptide,Transmembrane,0.0681999996304512,0.09309999644756317,0.12839999794960022,0.30410000681877136,0.01679999940097332,0.42640000581741333,0.6600000262260437,0.33320000767707825,0.2142000049352646,0.014800000004470348,0.14000000059604645,0.9828000068664551,0.14270000159740448,0.07450000196695328
ENSG00000198704,Extracellular|Endoplasmic reticulum,Signal peptide,Soluble,0.17260000109672546,0.0746999979019165,0.8271999955177307,0.16359999775886536,0.1835000067949295,0.004600000102072954,0.6376000046730042,0.5432999730110168,0.4661000072956085,0.0035000001080334187,0.4900999963283539,0.1200999990105629,0.16110000014305115,0.8205000162124634
ENSG00000198712,Cell membrane|Endoplasmic reticulum,Signal peptide|Transmembrane domain,Transmembrane,0.15279999375343323,0.03620000183582306,0.1256999969482422,0.7328000068664551,0.013700000010430813,0.04179999977350235,0.866100013256073,0.1274999976158142,0.12630000710487366,0.029999999329447746,0.31949999928474426,0.9715999960899353,0.2540999948978424,0.08240000158548355
ENSG00000198721,Peroxisome,Peroxisomal targeting signal,Peripheral|Soluble,0.25130000710487366,0.12470000237226486,0.025599999353289604,0.13189999759197235,0.6080999970436096,0.027899999171495438,0.22310000658035278,0.054999999701976776,0.07029999792575836,0.9914000034332275,0.641700029373169,0.07800000160932541,0.3003000020980835,0.6934000253677368
ENSG00000198727,Cell membrane|Endoplasmic reticulum,,Transmembrane,0.08789999783039093,0.08020000159740448,0.044599998742341995,0.5990999937057495,0.0812000036239624,0.05959999933838844,0.6901999711990356,0.0714000016450882,0.06989999860525131,0.016200000420212746,0.21140000224113464,0.9283000230789185,0.062300000339746475,0.15880000591278076
ENSG00000198742,Cytoplasm,Nuclear export signal,Peripheral|Soluble,0.673799991607666,0.498199999332428,0.02370000071823597,0.5209000110626221,0.12479999661445618,0.013700000010430813,0.2061000019311905,0.40059998631477356,0.27480000257492065,0.014600000344216824,0.6283000111579895,0.03020000085234642,0.22290000319480896,0.8544999957084656
ENSG00000198743,Cell membrane,Transmembrane domain,Transmembrane,0.14219999313354492,0.02969999983906746,0.031700000166893005,0.7958999872207642,0.12489999830722809,0.015200000256299973,0.35030001401901245,0.5167999863624573,0.313400000333786,0.008200000040233135,0.08049999922513962,0.9908000230789185,0.16660000383853912,0.08730000257492065
ENSG00000198754,Mitochondrion,Mitochondrial transit peptide,Peripheral|Soluble,0.19599999487400055,0.1446000039577484,0.04569999873638153,0.16210000216960907,0.8967999815940857,0.0007999999797903001,0.10689999908208847,0.07810000330209732,0.094200000166893,0.020400000736117363,0.6543999910354614,0.08160000294446945,0.33180001378059387,0.8001999855041504
ENSG00000198756,Endoplasmic reticulum,Signal peptide,Soluble,0.1745000034570694,0.12610000371932983,0.548799991607666,0.3544999957084656,0.10180000215768814,0.013199999928474426,0.808899998664856,0.3901999890804291,0.385699987411499,0.24060000479221344,0.5669999718666077,0.10679999738931656,0.19099999964237213,0.76419997215271
ENSG00000198763,Cell membrane,Transmembrane domain,Transmembrane,0.10769999772310257,0.08640000224113464,0.07159999758005142,0.6764000058174133,0.12849999964237213,0.20389999449253082,0.5123999714851379,0.1031000018119812,0.11150000244379044,0.0203000009059906,0.27309998869895935,0.9294999837875366,0.07989999651908875,0.16050000488758087
ENSG00000198786,Endoplasmic reticulum,Transmembrane domain,Transmembrane,0.09549999982118607,0.0421999990940094,0.03610000014305115,0.4803999960422516,0.10499999672174454,0.3192000091075897,0.7429999709129333,0.164900004863739,0.1680999994277954,0.011099999770522118,0.23090000450611115,0.9581999778747559,0.094200000166893,0.10429999977350235
ENSG00000198804,Cell membrane,,Transmembrane,0.20029999315738678,0.06239999830722809,0.08869999647140503,0.6906999945640564,0.06040000170469284,0.17679999768733978,0.16140000522136688,0.1768999993801117,0.15330000221729279,0.03660000115633011,0.25119999051094055,0.8913999795913696,0.06809999793767929,0.1940000057220459
ENSG00000198805,Cytoplasm,Nuclear export signal,Soluble,0.8345999717712402,0.41670000553131104,0.0210999995470047,0.09920000284910202,0.424699991941452,0.020099999383091927,0.3192000091075897,0.18559999763965607,0.18850000202655792,0.06520000100135803,0.41850000619888306,0.05169999971985817,0.28110000491142273,0.8744999766349792
ENSG00000198814,Mitochondrion|Peroxisome,Peroxisomal targeting signal,Transmembrane,0.3659000098705292,0.1460999995470047,0.1185000017285347,0.14560000598430634,0.6568999886512756,0.11810000240802765,0.6068999767303467,0.32199999690055847,0.44670000672340393,0.8198999762535095,0.15139999985694885,0.8492000102996826,0.6383000016212463,0.3142000138759613
ENSG00000198825,Cytoplasm,,Peripheral|Soluble,0.5996000170707703,0.15960000455379486,0.09279999881982803,0.3366999924182892,0.2070000022649765,0.05700000002980232,0.3400999903678894,0.5667999982833862,0.48410001397132874,0.07909999787807465,0.6890000104904175,0.23019999265670776,0.27889999747276306,0.6237999796867371
ENSG00000198833,Endoplasmic reticulum,Signal peptide|Transmembrane domain,Transmembrane,0.17980000376701355,0.3481000065803528,0.02710000053048134,0.18150000274181366,0.17520000040531158,0.03660000115633011,0.9049999713897705,0.1543000042438507,0.4767000079154968,0.4262999892234802,0.12780000269412994,0.9337000250816345,0.12720000743865967,0.19480000436306
ENSG00000198840,Cell membrane,,Transmembrane,0.07190000265836716,0.07119999825954437,0.06710000336170197,0.5595999956130981,0.028999999165534973,0.1462000012397766,0.6000999808311462,0.21850000321865082,0.09179999679327011,0.0015999999595806003,0.18330000340938568,0.8870000243186951,0.053599998354911804,0.14229999482631683
ENSG00000198848,Endoplasmic reticulum,Signal peptide,Soluble,0.2134000062942505,0.06509999930858612,0.5332000255584717,0.3001999855041504,0.10670000314712524,0.0026000000070780516,0.7379999756813049,0.3167000114917755,0.19689999520778656,0.021900000050663948,0.3427000045776367,0.10369999706745148,0.41429999470710754,0.8111000061035156
ENSG00000198881,Cytoplasm,Nuclear export signal,Soluble,0.6173999905586243,0.46160000562667847,0.13120000064373016,0.34119999408721924,0.387800008058548,0.005200000014156103,0.2644999921321869,0.22370000183582306,0.1656000018119812,0.020099999383091927,0.36910000443458557,0.0957999974489212,0.3075999915599823,0.8172000050544739
ENSG00000198886,Cell membrane|Endoplasmic reticulum,Transmembrane domain,Transmembrane,0.07980000227689743,0.07249999791383743,0.09610000252723694,0.6344000101089478,0.14730000495910645,0.16179999709129333,0.6129999756813049,0.1421000063419342,0.14550000429153442,0.06449999660253525,0.23409999907016754,0.9578999876976013,0.11990000307559967,0.11289999634027481
ENSG00000198888,Cell membrane,,Transmembrane,0.07819999754428864,0.13410000503063202,0.052799999713897705,0.6723999977111816,0.09939999878406525,0.04830000177025795,0.590499997138977,0.2003999948501587,0.06040000170469284,0.0052999998442828655,0.27489998936653137,0.9071999788284302,0.07050000131130219,0.15060000121593475
ENSG00000198899,Endoplasmic reticulum,Signal peptide,Transmembrane,0.0738999992609024,0.14820000529289246,0.1120000034570694,0.5339999794960022,0.1145000010728836,0.16930000483989716,0.805400013923645,0.14499999582767487,0.06700000166893005,0.007699999958276749,0.24210000038146973,0.9556999802589417,0.20280000567436218,0.08829999715089798
ENSG00000198919,Cytoplasm,,Soluble,0.774399995803833,0.3684999942779541,0.09830000251531601,0.13330000638961792,0.13840000331401825,0.006899999920278788,0.19750000536441803,0.396699994802475,0.36820000410079956,0.10260000079870224,0.39959999918937683,0.11010000109672546,0.21150000393390656,0.8781999945640564
ENSG00000198931,Cytoplasm,Nuclear export signal,Peripheral|Soluble,0.5753999948501587,0.4230000078678131,0.10589999705553055,0.16760000586509705,0.3271999955177307,0.010400000028312206,0.1428000032901764,0.3089999854564667,0.14630000293254852,0.16410000622272491,0.6331999897956848,0.13050000369548798,0.14970000088214874,0.6876000165939331
ENSG00000198938,Cell membrane,Transmembrane domain,Transmembrane,0.09480000287294388,0.05000000074505806,0.03909999877214432,0.6751000285148621,0.08659999817609787,0.16439999639987946,0.4715999960899353,0.1590999960899353,0.09359999746084213,0.028699999675154686,0.17839999496936798,0.9399999976158142,0.0689999982714653,0.1420000046491623
ENSG00000198951,Extracellular,Signal peptide,Soluble,0.14190000295639038,0.040300000458955765,0.8105000257492065,0.2896000146865845,0.10239999741315842,0.0006000000284984708,0.35929998755455017,0.579800009727478,0.27799999713897705,0.00279999990016222,0.26809999346733093,0.12559999525547028,0.33149999380111694,0.840499997138977
ENSG00000198959,Cytoplasm,Nuclear localization signal,Soluble,0.6567999720573425,0.2782999873161316,0.424699991941452,0.367000013589859,0.32519999146461487,0.017000000923871994,0.25290000438690186,0.12309999763965607,0.22050000727176666,0.0142000000923872,0.30399999022483826,0.23420000076293945,0.1940000057220459,0.8425999879837036
ENSG00000198961,Cytoplasm|Nucleus,Nuclear localization signal|Nuclear export signal,Soluble,0.5166000127792358,0.767799973487854,0.05270000174641609,0.08179999887943268,0.08560000360012054,0.08030000329017639,0.22779999673366547,0.10909999907016754,0.32749998569488525,0.06809999793767929,0.4072999954223633,0.13030000030994415,0.16830000281333923,0.800000011920929
ENSG00000198964,Cell membrane|Endoplasmic reticulum|Golgi apparatus,Signal peptide|Transmembrane domain,Transmembrane,0.06289999932050705,0.05469999834895134,0.009800000116229057,0.6323999762535095,0.1850000023841858,0.014299999922513962,0.8021000027656555,0.33709999918937683,0.7190999984741211,0.003700000001117587,0.1655000001192093,0.9821000099182129,0.05290000140666962,0.10859999805688858
ENSG00000203797,Peroxisome,Peroxisomal targeting signal,Soluble,0.2816999852657318,0.19619999825954437,0.01860000006854534,0.07190000265836716,0.4332999885082245,0.0006000000284984708,0.15000000596046448,0.05260000005364418,0.0430000014603138,0.941100001335144,0.3000999987125397,0.10289999842643738,0.3693000078201294,0.8048999905586243
ENSG00000203805,Cell membrane|Endoplasmic reticulum,Signal peptide|Transmembrane domain,Transmembrane,0.05860000103712082,0.031300000846385956,0.07370000332593918,0.6100999712944031,0.1168999969959259,0.052299998700618744,0.7279000282287598,0.23690000176429749,0.4578999876976013,0.012500000186264515,0.05429999902844429,0.9944999814033508,0.1834000051021576,0.0908999964594841
ENSG00000203837,Extracellular,Signal peptide,Soluble,0.17159999907016754,0.07190000265836716,0.9265000224113464,0.24199999868869781,0.1168999969959259,0.01730000041425228,0.22360000014305115,0.2948000133037567,0.2721000015735626,0.0013000000035390258,0.5184000134468079,0.10599999874830246,0.16609999537467957,0.7612000107765198
ENSG00000203857,Endoplasmic reticulum,,Peripheral,0.446399986743927,0.25870001316070557,0.05719999969005585,0.18619999289512634,0.47690001130104065,0.01360000018030405,0.8324000239372253,0.26409998536109924,0.4537999927997589,0.006500000134110451,0.5831999778747559,0.45260000228881836,0.25099998712539673,0.4584999978542328
ENSG00000203859,Endoplasmic reticulum,,Peripheral,0.45980000495910645,0.2689000070095062,0.05550000071525574,0.17249999940395355,0.4620000123977661,0.013799999840557575,0.8585000038146973,0.3050999939441681,0.4925000071525574,0.0071000000461936,0.5925999879837036,0.4977000057697296,0.30239999294281006,0.4108999967575073
ENSG00000204007,Golgi apparatus,Signal peptide|Transmembrane domain,Transmembrane,0.1808999925851822,0.10509999841451645,0.5011000037193298,0.09290000051259995,0.07599999755620956,0.006000000052154064,0.3398999869823456,0.3407999873161316,0.9472000002861023,0.016200000420212746,0.28439998626708984,0.8855000138282776,0.06970000267028809,0.3666999936103821
ENSG00000204084,Cytoplasm,Nuclear export signal,Peripheral|Soluble,0.635200023651123,0.2948000133037567,0.0982000008225441,0.4047999978065491,0.14890000224113464,0.008200000040233135,0.3650999963283539,0.552299976348877,0.5105999708175659,0.014499999582767487,0.6762999892234802,0.09269999712705612,0.28859999775886536,0.8112999796867371
ENSG00000204099,Cell membrane|Lysosome/Vacuole,,Soluble,0.45260000228881836,0.2680000066757202,0.2409999966621399,0.6434999704360962,0.3361999988555908,0.003700000001117587,0.3240000009536743,0.7021999955177307,0.579800009727478,0.0738999992609024,0.5439000129699707,0.1777999997138977,0.8083999752998352,0.5932000279426575
ENSG00000204195,Endoplasmic reticulum,Transmembrane domain,Peripheral|Transmembrane,0.16740000247955322,0.13379999995231628,0.018699999898672104,0.18459999561309814,0.22439999878406525,0.015599999576807022,0.885699987411499,0.08529999852180481,0.14350000023841858,0.01140000019222498,0.641700029373169,0.8629999756813049,0.16439999639987946,0.24570000171661377
ENSG00000204227,Nucleus,Nuclear localization signal,Soluble,0.3970000147819519,0.8608999848365784,0.0406000018119812,0.10719999670982361,0.05979999899864197,0.0017000000225380063,0.07739999890327454,0.0940999984741211,0.12129999697208405,0.012400000356137753,0.257099986076355,0.05040000006556511,0.17409999668598175,0.8765000104904175
ENSG00000204228,Cytoplasm|Mitochondrion,Mitochondrial transit peptide,Soluble,0.47699999809265137,0.1851000040769577,0.05209999904036522,0.13009999692440033,0.9103000164031982,0.004900000058114529,0.039000000804662704,0.2207999974489212,0.03920000046491623,0.1446000039577484,0.5918999910354614,0.16930000483989716,0.2281000018119812,0.6060000061988831
ENSG00000204308,Endoplasmic reticulum,,Transmembrane,0.2583000063896179,0.37040001153945923,0.04309999942779541,0.09679999947547913,0.21709999442100525,0.017400000244379044,0.8596000075340271,0.396699994802475,0.45989999175071716,0.0885000005364418,0.1500999927520752,0.8263000249862671,0.10109999775886536,0.3086000084877014
ENSG00000204310,Endoplasmic reticulum,Signal peptide|Transmembrane domain,Transmembrane,0.2402999997138977,0.1339000016450882,0.06889999657869339,0.2840999960899353,0.1137000024318695,0.006800000090152025,0.8626000285148621,0.21580000221729279,0.34599998593330383,0.027000000700354576,0.34450000524520874,0.8478999733924866,0.4009000062942505,0.2897000014781952
ENSG00000204370,Mitochondrion,Mitochondrial transit peptide,Transmembrane,0.12139999866485596,0.07079999893903732,0.026499999687075615,0.0851999968290329,0.9442999958992004,0.016899999231100082,0.10740000009536743,0.0843999981880188,0.1492999941110611,0.037700001150369644,0.27730000019073486,0.9850999712944031,0.0357000008225441,0.059700001031160355
ENSG00000204371,Nucleus,Nuclear localization signal,Soluble,0.17589999735355377,0.9753000140190125,0.03319999948143959,0.09149999916553497,0.039000000804662704,0.022700000554323196,0.05550000071525574,0.0210999995470047,0.01600000075995922,0.0017999999690800905,0.2531999945640564,0.062300000339746475,0.1395999938249588,0.9121999740600586
ENSG00000204385,Cell membrane|Lysosome/Vacuole,Transmembrane domain,Transmembrane,0.2451999932527542,0.06520000100135803,0.07930000126361847,0.8331999778747559,0.12809999287128448,0.0020000000949949026,0.40310001373291016,0.8192999958992004,0.5547000169754028,0.0044999998062849045,0.16130000352859497,0.9959999918937683,0.05999999865889549,0.0658000037074089
ENSG00000204386,Extracellular,Signal peptide,Soluble,0.2745000123977661,0.07240000367164612,0.7382000088691711,0.31630000472068787,0.050700001418590546,0.0020000000949949026,0.4927000105381012,0.5169000029563904,0.4287000000476837,0.005799999926239252,0.4025999903678894,0.2863999903202057,0.2676999866962433,0.728600025177002
ENSG00000204394,Cytoplasm,,Soluble,0.7566999793052673,0.18610000610351562,0.034299999475479126,0.2502000033855438,0.40700000524520874,0.002099999925121665,0.34610000252723694,0.15379999577999115,0.3352999985218048,0.02319999970495701,0.527999997138977,0.11900000274181366,0.11580000072717667,0.8090000152587891
ENSG00000205060,Golgi apparatus,Signal peptide,Transmembrane,0.08550000190734863,0.16169999539852142,0.06440000236034393,0.11389999836683273,0.14069999754428864,0.04450000077486038,0.4916999936103821,0.36390000581741333,0.7620999813079834,0.10480000078678131,0.07559999823570251,0.9787999987602234,0.10409999638795853,0.08900000154972076
ENSG00000205186,Cytoplasm,Nuclear export signal|Peroxisomal targeting signal,Soluble,0.8496999740600586,0.30649998784065247,0.5842999815940857,0.29010000824928284,0.5221999883651733,0.08749999850988388,0.18330000340938568,0.08829999715089798,0.4706999957561493,0.121799997985363,0.37630000710487366,0.053700000047683716,0.1062999963760376,0.8274000287055969
ENSG00000205268,Cytoplasm,Nuclear export signal,Soluble,0.5794000029563904,0.42719998955726624,0.011599999852478504,0.41179999709129333,0.20600000023841858,0.00989999994635582,0.20880000293254852,0.21660000085830688,0.3370000123977661,0.07259999960660934,0.5249000191688538,0.094200000166893,0.5428000092506409,0.7894999980926514
ENSG00000205309,Mitochondrion,Mitochondrial transit peptide,Soluble,0.34940001368522644,0.218299999833107,0.06719999760389328,0.12189999967813492,0.8763999938964844,0.00019999999494757503,0.05660000070929527,0.1356000006198883,0.08259999752044678,0.02019999921321869,0.47350001335144043,0.17000000178813934,0.12030000239610672,0.7781999707221985
ENSG00000205560,Endoplasmic reticulum,Transmembrane domain,Transmembrane,0.28859999775886536,0.15800000727176666,0.06710000336170197,0.3903999924659729,0.48820000886917114,0.05869999900460243,0.7950999736785889,0.2572999894618988,0.5375999808311462,0.1006999984383583,0.25189998745918274,0.9907000064849854,0.2524999976158142,0.08299999684095383
ENSG00000205669,Peroxisome,Peroxisomal targeting signal,Soluble,0.2856000065803528,0.18529999256134033,0.026399999856948853,0.14730000495910645,0.37220001220703125,0.0015999999595806003,0.16840000450611115,0.06809999793767929,0.059700001031160355,0.9377999901771545,0.4489000141620636,0.12950000166893005,0.27489998936653137,0.7957000136375427
ENSG00000205678,Endoplasmic reticulum,,Transmembrane,0.17980000376701355,0.18209999799728394,0.07919999957084656,0.3359000086784363,0.4422999918460846,0.0737999975681305,0.8125,0.35690000653266907,0.6065000295639038,0.054999999701976776,0.18070000410079956,0.9707000255584717,0.036400001496076584,0.11010000109672546
ENSG00000205808,Endoplasmic reticulum,Signal peptide|Transmembrane domain,Transmembrane,0.15719999372959137,0.17030000686645508,0.03290000185370445,0.21389999985694885,0.32739999890327454,0.1046999990940094,0.6504999995231628,0.37599998712539673,0.5170999765396118,0.06440000236034393,0.11819999665021896,0.98089998960495,0.04830000177025795,0.13130000233650208
ENSG00000205923,Cytoplasm|Nucleus,Nuclear export signal,Soluble,0.5299000144004822,0.522599995136261,0.163100004196167,0.20730000734329224,0.505299985408783,0.004699999932199717,0.27799999713897705,0.06589999794960022,0.1370999962091446,0.004999999888241291,0.272599995136261,0.29249998927116394,0.26080000400543213,0.800000011920929
ENSG00000206077,Endoplasmic reticulum|Golgi apparatus,Signal peptide|Transmembrane domain,Transmembrane,0.12520000338554382,0.04650000110268593,0.03449999913573265,0.4187000095844269,0.061400000005960464,0.009100000374019146,0.6341999769210815,0.4481000006198883,0.685699999332428,0.009800000116229057,0.16200000047683716,0.9889000058174133,0.11339999735355377,0.08169999718666077
ENSG00000206190,Cell membrane,Signal peptide|Transmembrane domain,Transmembrane,0.17900000512599945,0.09290000051259995,0.030500000342726707,0.7400000095367432,0.1851000040769577,0.014999999664723873,0.5928000211715698,0.5044000148773193,0.559499979019165,0.026799999177455902,0.1444000005722046,0.9882000088691711,0.09669999778270721,0.0843999981880188
ENSG00000206527,Endoplasmic reticulum,,Transmembrane,0.1873999983072281,0.10320000350475311,0.03539999946951866,0.15379999577999115,0.30630001425743103,0.030799999833106995,0.9186999797821045,0.326200008392334,0.4537999927997589,0.048900000751018524,0.1298000067472458,0.988099992275238,0.012500000186264515,0.07590000331401825
ENSG00000211445,Extracellular,Signal peptide,Soluble,0.10779999941587448,0.052400000393390656,0.8672000169754028,0.21850000321865082,0.1632000058889389,0.0024999999441206455,0.4657000005245209,0.4424000084400177,0.30059999227523804,0.0052999998442828655,0.5209000110626221,0.06390000134706497,0.15569999814033508,0.8259000182151794
ENSG00000211448,Endoplasmic reticulum|Golgi apparatus,Mitochondrial transit peptide,Peripheral|Transmembrane,0.44020000100135803,0.2944999933242798,0.17270000278949738,0.2295999974012375,0.4032999873161316,0.14100000262260437,0.8414999842643738,0.5432999730110168,0.7914999723434448,0.022600000724196434,0.657800018787384,0.6409000158309937,0.4049000144004822,0.4068000018596649
ENSG00000211452,Endoplasmic reticulum|Golgi apparatus,,Peripheral|Transmembrane,0.4332999885082245,0.27900001406669617,0.15600000321865082,0.34299999475479126,0.41499999165534973,0.03629999980330467,0.8126999735832214,0.5138000249862671,0.6730999946594238,0.021199999377131462,0.7736999988555908,0.7199000120162964,0.3840999901294708,0.3513000011444092
ENSG00000211456,Endoplasmic reticulum|Lysosome/Vacuole|Golgi apparatus,Signal peptide|Transmembrane domain,Transmembrane,0.328900009393692,0.09080000221729279,0.06210000067949295,0.20749999582767487,0.21930000185966492,0.03660000115633011,0.8669000267982483,0.6355000138282776,0.7275999784469604,0.02370000071823597,0.20260000228881836,0.9491000175476074,0.2079000025987625,0.10719999670982361
ENSG00000212907,Cell membrane,Signal peptide|Transmembrane domain,Transmembrane,0.04529999941587448,0.08070000261068344,0.023099999874830246,0.6471999883651733,0.04540000110864639,0.44530001282691956,0.5954999923706055,0.35100001096725464,0.2257000058889389,0.07959999889135361,0.2734000086784363,0.9093000292778015,0.15649999678134918,0.08290000259876251
ENSG00000213024,Nucleus,Nuclear export signal,Peripheral|Soluble,0.42800000309944153,0.5047000050544739,0.07460000365972519,0.21330000460147858,0.1264999955892563,0.00570000009611249,0.18240000307559967,0.4316999912261963,0.5404999852180481,0.07159999758005142,0.7451000213623047,0.042100001126527786,0.2084999978542328,0.7976999878883362
ENSG00000213160,Cytoplasm|Nucleus,Nuclear export signal,Soluble,0.7657999992370605,0.5726000070571899,0.06449999660253525,0.13940000534057617,0.1639000028371811,0.012400000356137753,0.14409999549388885,0.22789999842643738,0.15929999947547913,0.019099999219179153,0.44670000672340393,0.11540000140666962,0.14640000462532043,0.8323000073432922
ENSG00000213316,Cell membrane,Transmembrane domain,Transmembrane,0.08969999849796295,0.08429999649524689,0.02459999918937683,0.628600001335144,0.22930000722408295,0.03620000183582306,0.5853000283241272,0.1826999932527542,0.15520000457763672,0.03779999911785126,0.326200008392334,0.9506999850273132,0.07440000027418137,0.14970000088214874
ENSG00000213339,Cytoplasm,Nuclear export signal,Soluble,0.8223999738693237,0.39259999990463257,0.03620000183582306,0.08449999988079071,0.31470000743865967,0.04740000143647194,0.19009999930858612,0.15629999339580536,0.12960000336170197,0.11959999799728394,0.3874000012874603,0.10480000078678131,0.11270000040531158,0.8027999997138977
ENSG00000213366,Cytoplasm,Nuclear localization signal,Soluble,0.8525999784469604,0.20900000631809235,0.21529999375343323,0.364300012588501,0.2612000107765198,0.003700000001117587,0.4185999929904938,0.15889999270439148,0.28299999237060547,0.1152999997138977,0.41339999437332153,0.10189999639987946,0.16369999945163727,0.7810999751091003
ENSG00000213398,Extracellular|Endoplasmic reticulum|Lysosome/Vacuole,Signal peptide,Peripheral,0.2535000145435333,0.10649999976158142,0.7070000171661377,0.30140000581741333,0.21780000627040863,0.004100000020116568,0.7168999910354614,0.6820999979972839,0.49889999628067017,0.00419999985024333,0.6661999821662903,0.2921999990940094,0.43970000743865967,0.4993000030517578
ENSG00000213614,Extracellular,Signal peptide,Soluble,0.24619999527931213,0.049400001764297485,0.7361000180244446,0.22020000219345093,0.19539999961853027,0.0008999999845400453,0.3684000074863434,0.5471000075340271,0.38999998569488525,0.002899999963119626,0.3871999979019165,0.15559999644756317,0.3009999990463257,0.8007000088691711
ENSG00000213619,Mitochondrion,Mitochondrial transit peptide,Peripheral|Soluble,0.21389999985694885,0.08179999887943268,0.07050000131130219,0.08169999718666077,0.9265999794006348,0.004800000227987766,0.11949999630451202,0.08550000190734863,0.1599999964237213,0.03680000081658363,0.6380000114440918,0.1476999968290329,0.1103999987244606,0.6510999798774719
ENSG00000213648,Cytoplasm,Peroxisomal targeting signal,Soluble,0.5803999900817871,0.30489999055862427,0.08129999786615372,0.23899999260902405,0.1404000073671341,0.0006000000284984708,0.20489999651908875,0.11559999734163284,0.12600000202655792,0.1362999975681305,0.367900013923645,0.05429999902844429,0.3260999917984009,0.8242999911308289
ENSG00000213689,Mitochondrion|Endoplasmic reticulum,,Transmembrane,0.2793999910354614,0.29589998722076416,0.1354999989271164,0.18950000405311584,0.7175999879837036,0.13179999589920044,0.7687000036239624,0.12639999389648438,0.3296000063419342,0.4794999957084656,0.3043999969959259,0.9049000144004822,0.2648000121116638,0.2768000066280365
ENSG00000213759,Endoplasmic reticulum,Signal peptide|Transmembrane domain,Transmembrane,0.1738000065088272,0.05290000140666962,0.06019999831914902,0.41999998688697815,0.06080000102519989,0.010300000198185444,0.8471999764442444,0.2994999885559082,0.3716000020503998,0.05040000006556511,0.19589999318122864,0.9345999956130981,0.3199000060558319,0.17890000343322754
ENSG00000213760,Cytoplasm,Nuclear export signal,Peripheral,0.5940999984741211,0.2531999945640564,0.05510000139474869,0.4546000063419342,0.4966000020503998,0.007199999876320362,0.2522999942302704,0.39149999618530273,0.3571000099182129,0.040800001472234726,0.8314999938011169,0.0364999994635582,0.5540000200271606,0.4657999873161316
ENSG00000213920,Cytoplasm,Nuclear export signal,Soluble,0.6962000131607056,0.4066999852657318,0.09870000183582306,0.20999999344348907,0.5490999817848206,0.007000000216066837,0.20149999856948853,0.2955999970436096,0.21559999883174896,0.14319999516010284,0.4927999973297119,0.03830000013113022,0.6973999738693237,0.8532999753952026
ENSG00000213930,Cytoplasm|Nucleus,Nuclear export signal,Soluble,0.7452999949455261,0.5318999886512756,0.019300000742077827,0.17569999396800995,0.3806000053882599,0.0203000009059906,0.1785999983549118,0.15790000557899475,0.17149999737739563,0.03750000149011612,0.4544999897480011,0.047200001776218414,0.40630000829696655,0.8561000227928162
ENSG00000214013,Cytoplasm,,Soluble,0.6862000226974487,0.22360000014305115,0.29750001430511475,0.1875,0.18780000507831573,0.019899999722838402,0.30550000071525574,0.43050000071525574,0.4104999899864197,0.02410000003874302,0.46619999408721924,0.16349999606609344,0.07360000163316727,0.7669000029563904
ENSG00000214160,Endoplasmic reticulum,Signal peptide|Transmembrane domain,Transmembrane,0.1006999984383583,0.12219999730587006,0.051100000739097595,0.2671000063419342,0.15620000660419464,0.019600000232458115,0.9246000051498413,0.2955999970436096,0.5622000098228455,0.031700000166893005,0.1785999983549118,0.9735999703407288,0.12099999934434891,0.13910000026226044
ENSG00000214357,Cytoplasm,Nuclear export signal,Lipid anchor|Soluble,0.5863000154495239,0.32260000705718994,0.15240000188350677,0.42559999227523804,0.2685999870300293,0.0066999997943639755,0.3296999931335449,0.5551999807357788,0.3375999927520752,0.043699998408555984,0.5667999982833862,0.17560000717639923,0.9147999882698059,0.531000018119812
ENSG00000214435,Cytoplasm,Nuclear export signal,Soluble,0.6960999965667725,0.3253999948501587,0.054099999368190765,0.14079999923706055,0.38190001249313354,0.027799999341368675,0.22220000624656677,0.11760000139474869,0.17190000414848328,0.052000001072883606,0.3571000099182129,0.04619999974966049,0.652400016784668,0.7943999767303467
ENSG00000214530,Cytoplasm|Cell membrane|Mitochondrion,Nuclear export signal,Soluble,0.5939000248908997,0.2632000148296356,0.11159999668598175,0.6004999876022339,0.6572999954223633,0.07129999995231628,0.34310001134872437,0.34540000557899475,0.2743000090122223,0.13050000369548798,0.5755000114440918,0.18379999697208405,0.4740999937057495,0.6557000279426575
ENSG00000215009,Mitochondrion,Mitochondrial transit peptide,Soluble,0.21369999647140503,0.10779999941587448,0.08889999985694885,0.11699999868869781,0.8402000069618225,0.002300000051036477,0.13860000669956207,0.07590000331401825,0.04529999941587448,0.023099999874830246,0.5690000057220459,0.1535000056028366,0.09300000220537186,0.7833999991416931
ENSG00000215218,Cytoplasm,,Soluble,0.7674999833106995,0.37540000677108765,0.05389999970793724,0.09000000357627869,0.2354000061750412,0.0012000000569969416,0.3799000084400177,0.1046999990940094,0.32839998602867126,0.07419999688863754,0.39149999618530273,0.030700000002980232,0.23319999873638153,0.8431000113487244
ENSG00000215883,Cytoplasm,Nuclear export signal,Soluble,0.7526999711990356,0.3531999886035919,0.12210000306367874,0.23909999430179596,0.23970000445842743,0.0066999997943639755,0.3840000033378601,0.23019999265670776,0.2660999894142151,0.04500000178813934,0.42559999227523804,0.19349999725818634,0.1598999947309494,0.6789000034332275
ENSG00000218823,Cytoplasm|Nucleus,Nuclear export signal,Soluble,0.6067000031471252,0.5626999735832214,0.06080000102519989,0.13570000231266022,0.22269999980926514,0.0015999999595806003,0.26249998807907104,0.20430000126361847,0.3199999928474426,0.2280000001192093,0.3522999882698059,0.05979999899864197,0.20430000126361847,0.8849999904632568
ENSG00000221968,Endoplasmic reticulum|Golgi apparatus,Transmembrane domain,Transmembrane,0.17299999296665192,0.12800000607967377,0.008700000122189522,0.26269999146461487,0.37389999628067017,0.016499999910593033,0.8549000024795532,0.28279998898506165,0.6496999859809875,0.10970000177621841,0.3061000108718872,0.8784999847412109,0.11129999905824661,0.27709999680519104
ENSG00000221988,Extracellular|Lysosome/Vacuole,Signal peptide,Soluble,0.2572000026702881,0.0877000018954277,0.7232999801635742,0.2741999924182892,0.08299999684095383,0.000699999975040555,0.5694000124931335,0.7008000016212463,0.4927000105381012,0.0032999999821186066,0.578000009059906,0.26409998536109924,0.2838999927043915,0.6729999780654907
ENSG00000223443,Cytoplasm|Nucleus,Nuclear localization signal,Soluble,0.6489999890327454,0.6909000277519226,0.02850000001490116,0.16689999401569366,0.16519999504089355,0.0034000000450760126,0.1371999979019165,0.07360000163316727,0.13179999589920044,0.05739999935030937,0.32820001244544983,0.04129999876022339,0.16140000522136688,0.9211000204086304
ENSG00000223572,Mitochondrion,Mitochondrial transit peptide,Peripheral|Soluble,0.40799999237060547,0.12800000607967377,0.10050000250339508,0.13770000636577606,0.8641999959945679,0.01549999974668026,0.13420000672340393,0.09880000352859497,0.2159000039100647,0.2395000010728836,0.6898999810218811,0.22709999978542328,0.32820001244544983,0.5443999767303467
ENSG00000223802,Endoplasmic reticulum,Signal peptide|Transmembrane domain,Transmembrane,0.0940999984741211,0.10239999741315842,0.02800000086426735,0.210999995470047,0.22259999811649323,0.01080000028014183,0.867900013923645,0.275299996137619,0.4090999960899353,0.05040000006556511,0.1316000074148178,0.9937000274658203,0.04190000146627426,0.08420000225305557
ENSG00000224586,Extracellular,Signal peptide,Soluble,0.19339999556541443,0.06679999828338623,0.8296999931335449,0.2581000030040741,0.1574999988079071,0.007699999958276749,0.3646000027656555,0.3156999945640564,0.32120001316070557,0.009399999864399433,0.4408999979496002,0.1274999976158142,0.11990000307559967,0.8461999893188477
ENSG00000225697,Cell membrane|Lysosome/Vacuole,Transmembrane domain,Transmembrane,0.1534000039100647,0.09070000052452087,0.03150000050663948,0.7131999731063843,0.10580000281333923,0.0044999998062849045,0.3659999966621399,0.5921000242233276,0.31949999928474426,0.04280000180006027,0.24240000545978546,0.9588000178337097,0.11050000041723251,0.15080000460147858
ENSG00000226784,Cytoplasm,,Soluble,0.8866999745368958,0.2680000066757202,0.07609999924898148,0.22380000352859497,0.6151999831199646,0.03590000048279762,0.2822999954223633,0.06930000334978104,0.18369999527931213,0.08879999816417694,0.42910000681877136,0.066600002348423,0.2434999942779541,0.7373999953269958
ENSG00000227140,Cytoplasm|Nucleus,Nuclear localization signal|Nuclear export signal,Soluble,0.6561999917030334,0.6782000064849854,0.02449999935925007,0.18889999389648438,0.19499999284744263,0.00559999980032444,0.14000000059604645,0.0860000029206276,0.14249999821186066,0.06340000033378601,0.35440000891685486,0.05079999938607216,0.155799999833107,0.9088000059127808
ENSG00000227471,Cytoplasm,,Soluble,0.8276000022888184,0.26809999346733093,0.1657000035047531,0.11659999936819077,0.366100013256073,0.20029999315738678,0.16979999840259552,0.32910001277923584,0.1251000016927719,0.061500001698732376,0.27559998631477356,0.055799998342990875,0.11900000274181366,0.8345999717712402
ENSG00000228253,Cell membrane|Endoplasmic reticulum,,Transmembrane,0.0925000011920929,0.14550000429153442,0.14399999380111694,0.5728999972343445,0.01590000092983246,0.266400009393692,0.7215999960899353,0.026799999177455902,0.03009999915957451,0.004999999888241291,0.35499998927116394,0.5903000235557556,0.10440000146627426,0.3179999887943268
ENSG00000228716,Cytoplasm,,Soluble,0.6150000095367432,0.40549999475479126,0.16590000689029694,0.13609999418258667,0.46149998903274536,0.01489999983459711,0.1931000053882599,0.1023000031709671,0.08320000022649765,0.030700000002980232,0.3089999854564667,0.12720000743865967,0.13570000231266022,0.8454999923706055
ENSG00000228727,Cytoplasm,,Soluble,0.5584999918937683,0.37220001220703125,0.33230000734329224,0.1662999987602234,0.2214999943971634,0.0007999999797903001,0.2531999945640564,0.38359999656677246,0.4406000077724457,0.013799999840557575,0.489300012588501,0.12300000339746475,0.2709999978542328,0.8148000240325928
ENSG00000228856,Cytoplasm|Nucleus,Nuclear localization signal|Nuclear export signal,Soluble,0.6571000218391418,0.6787999868392944,0.02449999935925007,0.18790000677108765,0.19339999556541443,0.00559999980032444,0.13840000331401825,0.08709999918937683,0.14219999313354492,0.06350000202655792,0.3528999984264374,0.05090000107884407,0.15520000457763672,0.9089000225067139
ENSG00000229579,Cytoplasm|Nucleus,Nuclear localization signal|Nuclear export signal,Soluble,0.6571000218391418,0.6787999868392944,0.02449999935925007,0.18790000677108765,0.19339999556541443,0.00559999980032444,0.13840000331401825,0.08709999918937683,0.14219999313354492,0.06350000202655792,0.3528999984264374,0.05090000107884407,0.15520000457763672,0.9089000225067139
ENSG00000229894,Mitochondrion|Peroxisome,Peroxisomal targeting signal,Transmembrane,0.34619998931884766,0.13840000331401825,0.11309999972581863,0.15129999816417694,0.695900022983551,0.11089999973773956,0.5238000154495239,0.26820001006126404,0.375900000333786,0.8341000080108643,0.16940000653266907,0.8447999954223633,0.6376000046730042,0.3140000104904175
ENSG00000229937,Cytoplasm,Nuclear export signal,Soluble,0.76910001039505,0.47440001368522644,0.060600001364946365,0.21320000290870667,0.15600000321865082,0.013700000010430813,0.23600000143051147,0.12039999663829803,0.18359999358654022,0.02500000037252903,0.4794999957084656,0.0560000017285347,0.5245000123977661,0.7405999898910522
ENSG00000230430,Cytoplasm|Nucleus,Nuclear localization signal|Nuclear export signal,Soluble,0.6571000218391418,0.6787999868392944,0.02449999935925007,0.18790000677108765,0.19339999556541443,0.00559999980032444,0.13840000331401825,0.08709999918937683,0.14219999313354492,0.06350000202655792,0.3528999984264374,0.05090000107884407,0.15520000457763672,0.9089000225067139
ENSG00000231051,Cytoplasm|Nucleus,Nuclear localization signal|Nuclear export signal,Soluble,0.6571000218391418,0.6787999868392944,0.02449999935925007,0.18790000677108765,0.19339999556541443,0.00559999980032444,0.13840000331401825,0.08709999918937683,0.14219999313354492,0.06350000202655792,0.3528999984264374,0.05090000107884407,0.15520000457763672,0.9089000225067139
ENSG00000231637,Cytoplasm|Nucleus,Nuclear localization signal|Nuclear export signal,Soluble,0.6571000218391418,0.6787999868392944,0.02449999935925007,0.18790000677108765,0.19339999556541443,0.00559999980032444,0.13840000331401825,0.08709999918937683,0.14219999313354492,0.06350000202655792,0.3528999984264374,0.05090000107884407,0.15520000457763672,0.9089000225067139
ENSG00000231852,Endoplasmic reticulum,Signal peptide|Transmembrane domain,Peripheral,0.15440000593662262,0.11379999667406082,0.09600000083446503,0.21050000190734863,0.28369998931884766,0.010400000028312206,0.8361999988555908,0.22540000081062317,0.18029999732971191,0.01209999993443489,0.8199999928474426,0.4918999969959259,0.163100004196167,0.3167000114917755
ENSG00000232264,Cytoplasm|Nucleus,Nuclear localization signal|Nuclear export signal,Soluble,0.6571000218391418,0.6787999868392944,0.02449999935925007,0.18790000677108765,0.19339999556541443,0.00559999980032444,0.13840000331401825,0.08709999918937683,0.14219999313354492,0.06350000202655792,0.3528999984264374,0.05090000107884407,0.15520000457763672,0.9089000225067139
ENSG00000233276,Mitochondrion,Mitochondrial transit peptide,Soluble,0.39959999918937683,0.15219999849796295,0.19990000128746033,0.28349998593330383,0.6377000212669373,0.00019999999494757503,0.11999999731779099,0.4426000118255615,0.1543000042438507,0.03280000016093254,0.5902000069618225,0.09099999815225601,0.3968999981880188,0.7588000297546387
ENSG00000234906,Extracellular,Signal peptide,Soluble,0.11339999735355377,0.07590000331401825,0.8507000207901001,0.10409999638795853,0.06300000101327896,0.0005000000237487257,0.3467999994754791,0.4018000066280365,0.40209999680519104,0.0015999999595806003,0.3716000020503998,0.501800000667572,0.19419999420642853,0.5311999917030334
ENSG00000235376,Cytoplasm,Peroxisomal targeting signal,Soluble,0.7684000134468079,0.31540000438690186,0.04740000143647194,0.14300000667572021,0.6018000245094299,0.03020000085234642,0.17440000176429749,0.12479999661445618,0.17000000178813934,0.3077000081539154,0.44589999318122864,0.07289999723434448,0.1762000024318695,0.7990999817848206
ENSG00000235780,Cytoplasm|Nucleus,Nuclear localization signal|Nuclear export signal,Soluble,0.6571000218391418,0.6787999868392944,0.02449999935925007,0.18790000677108765,0.19339999556541443,0.00559999980032444,0.13840000331401825,0.08709999918937683,0.14219999313354492,0.06350000202655792,0.3528999984264374,0.05090000107884407,0.15520000457763672,0.9089000225067139
ENSG00000235863,Golgi apparatus,Signal peptide|Transmembrane domain,Transmembrane,0.17990000545978546,0.0934000015258789,0.39969998598098755,0.18770000338554382,0.1340000033378601,0.0031999999191612005,0.5709999799728394,0.34310001134872437,0.923799991607666,0.014299999922513962,0.4846999943256378,0.7649000287055969,0.26829999685287476,0.27950000762939453
ENSG00000236334,Cytoplasm,,Soluble,0.7642999887466431,0.28189998865127563,0.603600025177002,0.23759999871253967,0.1899999976158142,0.04039999842643738,0.20029999315738678,0.10930000245571136,0.08470000326633453,0.19030000269412994,0.21940000355243683,0.09480000287294388,0.16509999334812164,0.8180999755859375
ENSG00000237172,Golgi apparatus,Signal peptide,Transmembrane,0.1477999985218048,0.06830000132322311,0.5633000135421753,0.22589999437332153,0.12319999933242798,0.003700000001117587,0.3815999925136566,0.11559999734163284,0.9099000096321106,0.04600000008940697,0.33390000462532043,0.7613999843597412,0.30480000376701355,0.36820000410079956
ENSG00000237289,Mitochondrion,Mitochondrial transit peptide,Peripheral|Soluble,0.40799999237060547,0.12800000607967377,0.10050000250339508,0.13770000636577606,0.8641999959945679,0.01549999974668026,0.13420000672340393,0.09880000352859497,0.2159000039100647,0.2395000010728836,0.6898999810218811,0.22709999978542328,0.32820001244544983,0.5443999767303467
ENSG00000237763,Extracellular,Signal peptide,Soluble,0.1589999943971634,0.0348999984562397,0.9132999777793884,0.33660000562667847,0.03060000017285347,0.0005000000237487257,0.32409998774528503,0.37709999084472656,0.18019999563694,0.004900000058114529,0.30959999561309814,0.04659999907016754,0.32670000195503235,0.8795999884605408
ENSG00000238205,Mitochondrion,Transmembrane domain,Transmembrane,0.12430000305175781,0.029600000008940697,0.08020000159740448,0.1518000066280365,0.8353000283241272,0.09009999781847,0.08209999650716782,0.23109999299049377,0.18629999458789825,0.4925999939441681,0.38029998540878296,0.9764000177383423,0.05510000139474869,0.04479999840259552
ENSG00000239305,Endoplasmic reticulum,Signal peptide,Transmembrane,0.2985000014305115,0.2935999929904938,0.06369999796152115,0.15970000624656677,0.24609999358654022,0.061500001698732376,0.8623999953269958,0.23109999299049377,0.5095999836921692,0.04309999942779541,0.28700000047683716,0.9429000020027161,0.05139999836683273,0.25529998540878296
ENSG00000239672,Cytoplasm,Nuclear export signal,Soluble,0.8004999756813049,0.3546999990940094,0.09009999781847,0.16680000722408295,0.5184000134468079,0.027400000020861626,0.20569999516010284,0.14390000700950623,0.18359999358654022,0.31790000200271606,0.513700008392334,0.012900000438094139,0.3831999897956848,0.7925999760627747
ENSG00000239900,Cytoplasm,Nuclear export signal,Soluble,0.6711000204086304,0.3490000069141388,0.031300000846385956,0.24660000205039978,0.2646999955177307,0.10599999874830246,0.11309999972581863,0.11749999970197678,0.10480000078678131,0.19900000095367432,0.5752999782562256,0.06120000034570694,0.29249998927116394,0.7678999900817871
ENSG00000240038,Extracellular,Signal peptide,Soluble,0.16369999945163727,0.038600001484155655,0.9204000234603882,0.28130000829696655,0.022700000554323196,0.0006000000284984708,0.3450999855995178,0.3418999910354614,0.14319999516010284,0.0034000000450760126,0.3127000033855438,0.04540000110864639,0.33079999685287476,0.8783000111579895
ENSG00000240303,Peroxisome,Peroxisomal targeting signal,Soluble,0.23109999299049377,0.13979999721050262,0.013000000268220901,0.09040000289678574,0.3783000111579895,0.020600000396370888,0.06719999760389328,0.14159999787807465,0.08269999921321869,0.9358999729156494,0.5127999782562256,0.17810000479221344,0.13109999895095825,0.6912000179290771
ENSG00000240344,Cytoplasm|Nucleus,Nuclear localization signal,Soluble,0.6815000176429749,0.5205000042915344,0.15139999985694885,0.17489999532699585,0.17560000717639923,0.007300000172108412,0.25940001010894775,0.15549999475479126,0.05570000037550926,0.016200000420212746,0.3433000147342682,0.04100000113248825,0.14949999749660492,0.8587999939918518
ENSG00000240583,Cell membrane|Lysosome/Vacuole,Transmembrane domain,Transmembrane,0.29120001196861267,0.06960000097751617,0.10409999638795853,0.78329998254776,0.16509999334812164,0.02410000003874302,0.38190001249313354,0.6093999743461609,0.3961000144481659,0.0803999975323677,0.029600000008940697,0.9771999716758728,0.2529999911785126,0.15279999375343323
ENSG00000240857,Mitochondrion|Endoplasmic reticulum,Mitochondrial transit peptide,Peripheral|Transmembrane,0.27549999952316284,0.12300000339746475,0.2806999981403351,0.24369999766349792,0.722599983215332,0.03759999945759773,0.7182000279426575,0.25220000743865967,0.2013999968767166,0.025800000876188278,0.7955999970436096,0.8356000185012817,0.49729999899864197,0.2289000004529953
ENSG00000240891,Cytoplasm,,Soluble,0.6638000011444092,0.4339999854564667,0.450300008058548,0.39890000224113464,0.5633999705314636,0.032999999821186066,0.2029999941587448,0.3806999921798706,0.4697999954223633,0.014100000262260437,0.512499988079071,0.3325999975204468,0.7979999780654907,0.5967000126838684
ENSG00000240972,Cytoplasm,Peroxisomal targeting signal,Soluble,0.6618000268936157,0.3822000026702881,0.3366999924182892,0.15119999647140503,0.14350000023841858,0.14069999754428864,0.1151999980211258,0.35679998993873596,0.2176000028848648,0.26840001344680786,0.387800008058548,0.15000000596046448,0.3463999927043915,0.5999000072479248
ENSG00000241119,Endoplasmic reticulum,Signal peptide|Transmembrane domain,Transmembrane,0.17350000143051147,0.05009999871253967,0.05249999836087227,0.4124999940395355,0.06109999865293503,0.017100000753998756,0.8217999935150146,0.39169999957084656,0.3684999942779541,0.07810000330209732,0.21619999408721924,0.9233999848365784,0.2833999991416931,0.17949999868869781
ENSG00000241360,Cytoplasm,Nuclear export signal,Soluble,0.7641000151634216,0.2818000018596649,0.05810000002384186,0.3343999981880188,0.5203999876976013,0.0032999999821186066,0.18880000710487366,0.2199999988079071,0.1445000022649765,0.11649999767541885,0.4706000089645386,0.1388999968767166,0.40400001406669617,0.7876999974250793
ENSG00000241404,Extracellular,Signal peptide,Soluble,0.17820000648498535,0.13580000400543213,0.9053000211715698,0.36090001463890076,0.09520000219345093,0.0017999999690800905,0.3147999942302704,0.24580000340938568,0.28209999203681946,0.00419999985024333,0.298799991607666,0.06350000202655792,0.34869998693466187,0.8611999750137329
ENSG00000241468,Mitochondrion,Transmembrane domain,Transmembrane,0.29840001463890076,0.09319999814033508,0.025599999353289604,0.0714000016450882,0.8452000021934509,0.04650000110268593,0.22439999878406525,0.08330000191926956,0.0681999996304512,0.04830000177025795,0.1867000013589859,0.9947999715805054,0.04399999976158142,0.049400001764297485
ENSG00000241635,Endoplasmic reticulum,Signal peptide|Transmembrane domain,Transmembrane,0.17669999599456787,0.052000001072883606,0.05609999969601631,0.4097000062465668,0.06719999760389328,0.017999999225139618,0.8363000154495239,0.37299999594688416,0.3804999887943268,0.0674000009894371,0.23080000281333923,0.9272000193595886,0.27889999747276306,0.16699999570846558
ENSG00000241644,Cytoplasm|Nucleus,Nuclear localization signal,Soluble,0.6513000130653381,0.5734999775886536,0.14030000567436218,0.12860000133514404,0.21119999885559082,0.017400000244379044,0.35989999771118164,0.21570000052452087,0.1404000073671341,0.12690000236034393,0.3416000008583069,0.15610000491142273,0.3021000027656555,0.8482999801635742
ENSG00000241837,Mitochondrion,Mitochondrial transit peptide,Peripheral|Soluble,0.08309999853372574,0.10700000077486038,0.03889999911189079,0.11230000108480453,0.8600999712944031,0.013500000350177288,0.03400000184774399,0.05169999971985817,0.055799998342990875,0.017000000923871994,0.8248000144958496,0.07930000126361847,0.2551000118255615,0.588699996471405
ENSG00000241878,Mitochondrion,Mitochondrial transit peptide,Transmembrane,0.16619999706745148,0.14560000598430634,0.042899999767541885,0.11829999834299088,0.9014000296592712,0.017899999395012856,0.18440000712871552,0.0414000004529953,0.09229999780654907,0.11270000040531158,0.44929999113082886,0.9437000155448914,0.2547000050544739,0.19370000064373016
ENSG00000241935,Mitochondrion,Mitochondrial transit peptide,Soluble,0.24400000274181366,0.1559000015258789,0.0502999983727932,0.131400004029274,0.9021999835968018,0.0010999999940395355,0.09319999814033508,0.13169999420642853,0.09769999980926514,0.027699999511241913,0.5960999727249146,0.12080000340938568,0.2425999939441681,0.7786999940872192
ENSG00000241973,Cytoplasm,Nuclear export signal,Soluble,0.5641000270843506,0.45339998602867126,0.03020000085234642,0.32120001316070557,0.19110000133514404,0.027499999850988388,0.3407000005245209,0.45980000495910645,0.3677999973297119,0.043800000101327896,0.5644999742507935,0.3553999960422516,0.1370999962091446,0.6417999863624573
ENSG00000242110,Peroxisome,Peroxisomal targeting signal,Soluble,0.24740000069141388,0.09870000183582306,0.013899999670684338,0.23000000417232513,0.3610000014305115,0.005100000184029341,0.06939999759197235,0.05270000174641609,0.034699998795986176,0.9301999807357788,0.4424000084400177,0.11729999631643295,0.27149999141693115,0.7117999792098999
ENSG00000242366,Endoplasmic reticulum,Signal peptide|Transmembrane domain,Transmembrane,0.17170000076293945,0.050999999046325684,0.051600001752376556,0.41510000824928284,0.06109999865293503,0.019899999722838402,0.8197000026702881,0.3862000107765198,0.3732999861240387,0.09009999781847,0.2160000056028366,0.9240000247955322,0.2937999963760376,0.17749999463558197
ENSG00000242515,Endoplasmic reticulum,Signal peptide|Transmembrane domain,Transmembrane,0.17299999296665192,0.05079999938607216,0.05310000106692314,0.41589999198913574,0.061500001698732376,0.016599999740719795,0.8263000249862671,0.4074999988079071,0.3862000107765198,0.07540000230073929,0.2168000042438507,0.9304999709129333,0.3082999885082245,0.16609999537467957
ENSG00000242612,Peroxisome,Peroxisomal targeting signal,Soluble,0.25679999589920044,0.14640000462532043,0.03310000151395798,0.13009999692440033,0.34700000286102295,0.024700000882148743,0.03009999915957451,0.08309999853372574,0.17579999566078186,0.9801999926567078,0.5439000129699707,0.19030000269412994,0.484499990940094,0.49720001220703125
ENSG00000243477,Cytoplasm,Nuclear export signal,Soluble,0.6984999775886536,0.4934999942779541,0.11339999735355377,0.1242000013589859,0.35370001196861267,0.020800000056624413,0.18790000677108765,0.1891999989748001,0.16040000319480896,0.17900000512599945,0.35089999437332153,0.15129999816417694,0.2930000126361847,0.8080999851226807
ENSG00000243480,Extracellular,Signal peptide,Soluble,0.16820000112056732,0.03869999945163727,0.9176999926567078,0.27880001068115234,0.021299999207258224,0.0006000000284984708,0.335999995470047,0.3287000060081482,0.13660000264644623,0.003599999938160181,0.30630001425743103,0.046799998730421066,0.3172000050544739,0.8795999884605408
ENSG00000243678,Cytoplasm,Peroxisomal targeting signal,Soluble,0.8141000270843506,0.33149999380111694,0.10869999974966049,0.15940000116825104,0.5385000109672546,0.0348999984562397,0.13369999825954437,0.12839999794960022,0.18889999389648438,0.42570000886917114,0.5490000247955322,0.011099999770522118,0.2833000123500824,0.8101000189781189
ENSG00000243708,Cytoplasm,Nuclear export signal,Peripheral|Soluble,0.7258999943733215,0.3587999939918518,0.16009999811649323,0.4327000081539154,0.3587999939918518,0.0044999998062849045,0.4311000108718872,0.5799999833106995,0.46459999680519104,0.03790000081062317,0.7425000071525574,0.20759999752044678,0.5101000070571899,0.7010999917984009
ENSG00000243955,Cytoplasm,Peroxisomal targeting signal,Soluble,0.8237000107765198,0.2029000073671341,0.3294000029563904,0.24699999392032623,0.1800999939441681,0.040300000458955765,0.24560000002384186,0.09640000015497208,0.3630000054836273,0.267300009727478,0.35199999809265137,0.1251000016927719,0.15150000154972076,0.7910000085830688
ENSG00000243989,Cytoplasm,Nuclear export signal,Soluble,0.751800000667572,0.4562999904155731,0.10080000013113022,0.27799999713897705,0.32919999957084656,0.003599999938160181,0.274399995803833,0.32109999656677246,0.20810000598430634,0.05689999833703041,0.4643999934196472,0.11289999634027481,0.5180000066757202,0.7799000144004822
ENSG00000244038,Endoplasmic reticulum,Signal peptide,Transmembrane,0.17810000479221344,0.1289999932050705,0.055799998342990875,0.20630000531673431,0.0729999989271164,0.0071000000461936,0.8597000241279602,0.44029998779296875,0.5580999851226807,0.012299999594688416,0.155799999833107,0.9197999835014343,0.156700000166893,0.13950000703334808
ENSG00000244067,Cytoplasm,Peroxisomal targeting signal,Soluble,0.8133999705314636,0.19930000603199005,0.34700000286102295,0.2175000011920929,0.1915999948978424,0.03009999915957451,0.259799987077713,0.10300000011920929,0.36809998750686646,0.28220000863075256,0.38269999623298645,0.12269999831914902,0.14869999885559082,0.7807000279426575
ENSG00000244122,Endoplasmic reticulum,Signal peptide|Transmembrane domain,Transmembrane,0.1768999993801117,0.04839999973773956,0.05689999833703041,0.41519999504089355,0.05959999933838844,0.015599999576807022,0.8098000288009644,0.3813999891281128,0.375900000333786,0.06759999692440033,0.21379999816417694,0.9269999861717224,0.2906000018119812,0.1761000007390976
ENSG00000244474,Endoplasmic reticulum,Signal peptide|Transmembrane domain,Transmembrane,0.1738000065088272,0.05299999937415123,0.04879999905824661,0.45260000228881836,0.0674000009894371,0.01730000041425228,0.8215000033378601,0.3815000057220459,0.40139999985694885,0.08510000258684158,0.2069000005722046,0.9333999752998352,0.30169999599456787,0.16949999332427979
ENSG00000244486,Cell membrane,Signal peptide|Transmembrane domain,Transmembrane,0.2768000066280365,0.15360000729560852,0.1648000031709671,0.8241999745368958,0.03660000115633011,0.004999999888241291,0.2574000060558319,0.4138999879360199,0.28940001130104065,0.047600001096725464,0.27149999141693115,0.9323999881744385,0.24619999527931213,0.17739999294281006
ENSG00000247626,Mitochondrion,Mitochondrial transit peptide,Soluble,0.2904999852180481,0.1607999950647354,0.02500000037252903,0.08429999649524689,0.9387000203132629,0.0034000000450760126,0.10700000077486038,0.06769999861717224,0.1273999959230423,0.03959999978542328,0.4059999883174896,0.3643999993801117,0.057500001043081284,0.7120000123977661
ENSG00000247746,Cytoplasm|Nucleus,Nuclear localization signal,Soluble,0.545799970626831,0.7049000263214111,0.046300001442432404,0.12409999966621399,0.1103999987244606,0.004600000102072954,0.20739999413490295,0.3666999936103821,0.3046000003814697,0.014299999922513962,0.39579999446868896,0.054499998688697815,0.1590999960899353,0.8928999900817871
ENSG00000248098,Mitochondrion,Mitochondrial transit peptide,Peripheral|Soluble,0.23669999837875366,0.16279999911785126,0.045099999755620956,0.16429999470710754,0.9309999942779541,0.0015999999595806003,0.13130000233650208,0.16590000689029694,0.08649999648332596,0.032999999821186066,0.6489999890327454,0.0723000019788742,0.08799999952316284,0.7106000185012817
ENSG00000248144,Cytoplasm,,Soluble,0.6873999834060669,0.22200000286102295,0.08879999816417694,0.1444000005722046,0.11420000344514847,0.04340000078082085,0.1777999997138977,0.1973000019788742,0.10649999976158142,0.06449999660253525,0.39410001039505005,0.14990000426769257,0.10939999669790268,0.7542999982833862
ENSG00000248933,Cytoplasm|Nucleus,Nuclear localization signal|Nuclear export signal,Soluble,0.652899980545044,0.6804999709129333,0.025100000202655792,0.17949999868869781,0.20319999754428864,0.005499999970197678,0.13050000369548798,0.08009999990463257,0.13230000436306,0.06459999829530716,0.3465000092983246,0.051100000739097595,0.15649999678134918,0.9101999998092651
ENSG00000249222,Mitochondrion,,Transmembrane,0.15889999270439148,0.035100001841783524,0.06989999860525131,0.19380000233650208,0.9194999933242798,0.042899999767541885,0.10809999704360962,0.21220000088214874,0.06620000302791595,0.3009999990463257,0.20559999346733093,0.9894999861717224,0.02370000071823597,0.07199999690055847
ENSG00000249853,Golgi apparatus,Signal peptide|Transmembrane domain,Transmembrane,0.120899997651577,0.06830000132322311,0.43320000171661377,0.20090000331401825,0.08959999680519104,0.013299999758601189,0.24420000612735748,0.25839999318122864,0.8948000073432922,0.022700000554323196,0.32120001316070557,0.9348999857902527,0.2425999939441681,0.18559999763965607
ENSG00000249948,Cytoplasm,Peroxisomal targeting signal,Soluble,0.8098000288009644,0.429500013589859,0.13220000267028809,0.2289000004529953,0.20600000023841858,0.01549999974668026,0.26159998774528503,0.2784000039100647,0.3303999900817871,0.275299996137619,0.4113999903202057,0.08940000087022781,0.15719999372959137,0.833299994468689
ENSG00000250565,Cytoplasm,Nuclear export signal,Peripheral|Soluble,0.5871999859809875,0.33390000462532043,0.025299999862909317,0.15960000455379486,0.3278000056743622,0.036400001496076584,0.23759999871253967,0.33500000834465027,0.31929999589920044,0.03200000151991844,0.7903000116348267,0.0364999994635582,0.41589999198913574,0.5611000061035156
ENSG00000250799,Mitochondrion,Mitochondrial transit peptide,Peripheral,0.26499998569488525,0.06840000301599503,0.1542000025510788,0.18520000576972961,0.8748999834060669,0.002300000051036477,0.351500004529953,0.21130000054836273,0.33410000801086426,0.03720000013709068,0.8522999882698059,0.23170000314712524,0.4309000074863434,0.42669999599456787
ENSG00000251287,Cytoplasm|Nucleus,Nuclear localization signal|Nuclear export signal,Soluble,0.8345999717712402,0.5180000066757202,0.024299999698996544,0.10279999673366547,0.2800999879837036,0.006800000090152025,0.5044999718666077,0.048500001430511475,0.07569999992847443,0.009399999864399433,0.39559999108314514,0.3375999927520752,0.2467000037431717,0.6930000185966492
ENSG00000253710,Endoplasmic reticulum,Signal peptide|Transmembrane domain,Transmembrane,0.22120000422000885,0.15240000188350677,0.05209999904036522,0.3504999876022339,0.23739999532699585,0.024000000208616257,0.8909000158309937,0.19020000100135803,0.37940001487731934,0.033799998462200165,0.4948999881744385,0.9532999992370605,0.19580000638961792,0.1809999942779541
ENSG00000254685,Cytoplasm|Nucleus,,Soluble,0.6852999925613403,0.5766000151634216,0.10419999808073044,0.10100000351667404,0.3806999921798706,0.002300000051036477,0.267300009727478,0.10719999670982361,0.23729999363422394,0.32120001316070557,0.4251999855041504,0.3343999981880188,0.1136000007390976,0.7741000056266785
ENSG00000255072,Endoplasmic reticulum,Transmembrane domain,Transmembrane,0.13249999284744263,0.2533999979496002,0.031199999153614044,0.2232999950647354,0.25,0.013700000010430813,0.6291000247001648,0.1860000044107437,0.4074000120162964,0.003100000089034438,0.11949999630451202,0.9968000054359436,0.032099999487400055,0.04690000042319298
ENSG00000255974,Endoplasmic reticulum,Signal peptide|Transmembrane domain,Peripheral|Transmembrane,0.10159999877214432,0.08079999685287476,0.04360000044107437,0.2402999997138977,0.11010000109672546,0.00930000003427267,0.8884999752044678,0.22259999811649323,0.15440000593662262,0.026200000196695328,0.7985000014305115,0.7376999855041504,0.3122999966144562,0.18790000677108765
ENSG00000256043,Extracellular,Signal peptide,Soluble,0.2004999965429306,0.11259999871253967,0.7885000109672546,0.1745000034570694,0.09740000218153,0.0006000000284984708,0.2678999900817871,0.5163000226020813,0.2768000066280365,0.005100000184029341,0.3555000126361847,0.0966000035405159,0.1137000024318695,0.8087999820709229
ENSG00000256269,Cytoplasm,Nuclear export signal,Soluble,0.8296999931335449,0.47909998893737793,0.04430000111460686,0.1412999927997589,0.6209999918937683,0.012000000104308128,0.1607999950647354,0.09480000287294388,0.11949999630451202,0.024900000542402267,0.22020000219345093,0.04729999974370003,0.3790000081062317,0.8690000176429749
ENSG00000256525,Mitochondrion,Mitochondrial transit peptide,Soluble,0.2583000063896179,0.17640000581741333,0.04809999838471413,0.15559999644756317,0.9509000182151794,0.00989999994635582,0.08370000123977661,0.045499999076128006,0.08240000158548355,0.0272000003606081,0.3828999996185303,0.16539999842643738,0.16930000483989716,0.8331999778747559
ENSG00000256870,Cell membrane,Transmembrane domain,Transmembrane,0.08510000258684158,0.0340999998152256,0.048700001090765,0.7702000141143799,0.10130000114440918,0.014299999922513962,0.2581000030040741,0.5608000159263611,0.21819999814033508,0.009600000455975533,0.08229999989271164,0.9886999726295471,0.14820000529289246,0.08829999715089798
ENSG00000257335,Cell membrane,Signal peptide,Transmembrane,0.31679999828338623,0.10949999839067459,0.48069998621940613,0.8264999985694885,0.0544000007212162,0.011699999682605267,0.11079999804496765,0.37369999289512634,0.2475000023841858,0.016300000250339508,0.1581999957561493,0.8758000135421753,0.30979999899864197,0.37459999322891235
ENSG00000257365,Cytoplasm,Nuclear export signal,Soluble,0.7163000106811523,0.43459999561309814,0.03240000084042549,0.18790000677108765,0.16050000488758087,0.0032999999821186066,0.5194000005722046,0.25029999017715454,0.4250999987125397,0.04569999873638153,0.3098999857902527,0.11429999768733978,0.2363000065088272,0.7583000063896179
ENSG00000257594,Golgi apparatus,Signal peptide|Transmembrane domain,Transmembrane,0.12359999865293503,0.07349999994039536,0.38960000872612,0.1573999971151352,0.11069999635219574,0.010700000450015068,0.3815000057220459,0.3921999931335449,0.944100022315979,0.04500000178813934,0.1695999950170517,0.941100001335144,0.23000000417232513,0.20559999346733093
ENSG00000258429,Mitochondrion,Mitochondrial transit peptide,Peripheral|Soluble,0.28839999437332153,0.09200000017881393,0.07289999723434448,0.11190000176429749,0.9129999876022339,0.0003000000142492354,0.11490000039339066,0.06729999929666519,0.11230000108480453,0.026499999687075615,0.6219000220298767,0.27149999141693115,0.4004000127315521,0.6078000068664551
ENSG00000259431,Cytoplasm|Nucleus,Nuclear export signal,Soluble,0.7103000283241272,0.5644999742507935,0.10490000247955322,0.05350000038743019,0.5819000005722046,0.009100000374019146,0.05260000005364418,0.1972000002861023,0.18379999697208405,0.06639999896287918,0.4307999908924103,0.10329999774694443,0.2363000065088272,0.8267999887466431
ENSG00000261052,Cytoplasm,Peroxisomal targeting signal,Soluble,0.5803999900817871,0.30489999055862427,0.08129999786615372,0.23899999260902405,0.1404000073671341,0.0006000000284984708,0.20489999651908875,0.11559999734163284,0.12600000202655792,0.1362999975681305,0.367900013923645,0.05429999902844429,0.3260999917984009,0.8242999911308289
ENSG00000263353,Cytoplasm|Extracellular,,Soluble,0.7404000163078308,0.29670000076293945,0.6252999901771545,0.24459999799728394,0.20600000023841858,0.043800000101327896,0.2143000066280365,0.08550000190734863,0.06340000033378601,0.21119999885559082,0.21480000019073486,0.08470000326633453,0.17550000548362732,0.8264999985694885
ENSG00000263464,Cytoplasm,,Soluble,0.7409999966621399,0.29319998621940613,0.6154000163078308,0.2547000050544739,0.2085999995470047,0.04910000041127205,0.21389999985694885,0.09019999951124191,0.05869999900460243,0.20190000534057617,0.2287999987602234,0.08649999648332596,0.1720000058412552,0.8205000162124634
ENSG00000265203,Endoplasmic reticulum,Signal peptide,Peripheral|Soluble,0.4350000023841858,0.20900000631809235,0.27140000462532043,0.3287000060081482,0.14720000326633453,0.0008999999845400453,0.6482999920845032,0.41620001196861267,0.4065000116825104,0.005400000140070915,0.6262999773025513,0.07339999824762344,0.1800999939441681,0.8379999995231628
ENSG00000265491,Cytoplasm|Nucleus,Nuclear export signal,Soluble,0.6949999928474426,0.6502000093460083,0.08449999988079071,0.13650000095367432,0.33889999985694885,0.00570000009611249,0.3882000148296356,0.18219999969005585,0.20600000023841858,0.259799987077713,0.4074000120162964,0.065700002014637,0.20980000495910645,0.8395000100135803
ENSG00000266200,Extracellular,Signal peptide,Soluble,0.2207999974489212,0.09730000048875809,0.8636000156402588,0.28189998865127563,0.23029999434947968,0.017999999225139618,0.3499999940395355,0.49079999327659607,0.38370001316070557,0.0019000000320374966,0.5496000051498413,0.08389999717473984,0.26660001277923584,0.7734000086784363
ENSG00000267855,Mitochondrion,Mitochondrial transit peptide,Peripheral|Soluble,0.1793999969959259,0.21279999613761902,0.038100000470876694,0.33340001106262207,0.9395999908447266,0.0738999992609024,0.02889999933540821,0.06440000236034393,0.026599999517202377,0.09989999979734421,0.6126999855041504,0.218299999833107,0.07259999960660934,0.660099983215332
ENSG00000268104,Cell membrane,Transmembrane domain,Transmembrane,0.1387999951839447,0.03830000013113022,0.033399999141693115,0.9023000001907349,0.10369999706745148,0.005400000140070915,0.1469999998807907,0.41920000314712524,0.20980000495910645,0.003000000026077032,0.10050000250339508,0.9768999814987183,0.05050000175833702,0.12610000371932983
ENSG00000271567,Cytoplasm|Extracellular,,Soluble,0.7418000102043152,0.29589998722076416,0.6248000264167786,0.26669999957084656,0.193900004029274,0.065700002014637,0.22419999539852142,0.0828000009059906,0.08380000293254852,0.17679999768733978,0.219200000166893,0.0934000015258789,0.16910000145435333,0.8187999725341797
ENSG00000272325,Cytoplasm|Nucleus,,Soluble,0.5371999740600586,0.6499000191688538,0.15469999611377716,0.11860000342130661,0.30059999227523804,0.05220000073313713,0.10040000081062317,0.10649999976158142,0.10970000177621841,0.4309000074863434,0.3425999879837036,0.03720000013709068,0.289000004529953,0.8531000018119812
ENSG00000272333,Nucleus,Nuclear localization signal,Soluble,0.23839999735355377,0.9444000124931335,0.018699999898672104,0.18539999425411224,0.07729999721050262,0.04910000041127205,0.10090000182390213,0.014499999582767487,0.0210999995470047,0.00570000009611249,0.35120001435279846,0.09239999949932098,0.06689999997615814,0.8863999843597412
ENSG00000273820,Cytoplasm|Nucleus,Nuclear export signal,Soluble,0.6309000253677368,0.6776000261306763,0.01720000058412552,0.18129999935626984,0.1534000039100647,0.005200000014156103,0.21490000188350677,0.32429999113082886,0.32659998536109924,0.012799999676644802,0.4334999918937683,0.03400000184774399,0.11829999834299088,0.8892999887466431
ENSG00000273841,Nucleus,Nuclear localization signal,Soluble,0.17440000176429749,0.9369999766349792,0.0340999998152256,0.12890000641345978,0.09910000115633011,0.009100000374019146,0.030799999833106995,0.19460000097751617,0.03189999982714653,0.01899999938905239,0.357699990272522,0.04190000146627426,0.17829999327659607,0.8378000259399414
ENSG00000274252,Cytoplasm|Extracellular,,Soluble,0.5446000099182129,0.1662999987602234,0.6862000226974487,0.27459999918937683,0.12269999831914902,0.1168999969959259,0.3797000050544739,0.1768999993801117,0.1858000010251999,0.19990000128746033,0.2621999979019165,0.07509999722242355,0.2533999979496002,0.7599999904632568
ENSG00000274588,Cytoplasm,Nuclear export signal,Peripheral|Soluble,0.6905999779701233,0.2930000126361847,0.05130000039935112,0.5426999926567078,0.1858000010251999,0.0215000007301569,0.30630001425743103,0.41920000314712524,0.3400999903678894,0.052299998700618744,0.7193999886512756,0.14630000293254852,0.2648000121116638,0.7114999890327454
ENSG00000276043,Nucleus,Nuclear localization signal,Soluble,0.3027999997138977,0.9106000065803528,0.0142000000923872,0.05570000037550926,0.03889999911189079,0.014999999664723873,0.11680000275373459,0.06019999831914902,0.05889999866485596,0.0017000000225380063,0.2759000062942505,0.03220000118017197,0.14499999582767487,0.9286999702453613
ENSG00000276293,Cytoplasm,Nuclear export signal,Soluble,0.6209999918937683,0.4474000036716461,0.03660000115633011,0.28870001435279846,0.11410000175237656,0.02070000022649765,0.2013999968767166,0.2402999997138977,0.3382999897003174,0.007400000002235174,0.5242999792098999,0.08449999988079071,0.1851000040769577,0.8043000102043152
ENSG00000276747,Cytoplasm,Nuclear export signal,Soluble,0.7311999797821045,0.3686999976634979,0.2305999994277954,0.15199999511241913,0.30790001153945923,0.028699999675154686,0.4593000113964081,0.27320000529289246,0.3409999907016754,0.014800000004470348,0.4528999924659729,0.3603000044822693,0.41600000858306885,0.722000002861023
ENSG00000277161,Endoplasmic reticulum,Signal peptide|Transmembrane domain,Transmembrane,0.10260000079870224,0.047200001776218414,0.019999999552965164,0.3797000050544739,0.11500000208616257,0.017899999395012856,0.7311000227928162,0.2240000069141388,0.3513000011444092,0.004000000189989805,0.0625,0.9909999966621399,0.03720000013709068,0.11349999904632568
ENSG00000277494,Cell membrane,,Lipid anchor,0.07609999924898148,0.09740000218153,0.5871999859809875,0.777400016784668,0.07670000195503235,0.0005000000237487257,0.225600004196167,0.3012000024318695,0.2054000049829483,0.018400000408291817,0.15559999644756317,0.31369999051094055,0.9314000010490417,0.41769999265670776
ENSG00000277893,Endoplasmic reticulum,Transmembrane domain,Transmembrane,0.1111999973654747,0.07720000296831131,0.01679999940097332,0.33180001378059387,0.24210000038146973,0.038100000470876694,0.8033000230789185,0.3285999894142151,0.3497999906539917,0.018699999898672104,0.13259999454021454,0.9768999814987183,0.04439999908208847,0.11729999631643295
ENSG00000278540,Cytoplasm,Nuclear export signal,Soluble,0.6499000191688538,0.27950000762939453,0.06260000169277191,0.2883000075817108,0.45489999651908875,0.06849999725818634,0.25060001015663147,0.3752000033855438,0.2143000066280365,0.14159999787807465,0.5823000073432922,0.19089999794960022,0.11140000075101852,0.7757999897003174
ENSG00000281500,Endoplasmic reticulum,,Transmembrane,0.1429000049829483,0.17919999361038208,0.05559999868273735,0.21050000190734863,0.37389999628067017,0.04179999977350235,0.770799994468689,0.2467000037431717,0.18629999458789825,0.09109999984502792,0.1459999978542328,0.9646000266075134,0.07010000199079514,0.1673000007867813
ENSG00000288702,Endoplasmic reticulum,Signal peptide|Transmembrane domain,Transmembrane,0.17659999430179596,0.050700001418590546,0.049300000071525574,0.4505000114440918,0.06400000303983688,0.016599999740719795,0.8162999749183655,0.39010000228881836,0.39160001277923584,0.08049999922513962,0.21539999544620514,0.9322999715805054,0.2913999855518341,0.17020000517368317
ENSG00000288705,Endoplasmic reticulum,Signal peptide|Transmembrane domain,Transmembrane,0.17630000412464142,0.05290000140666962,0.04529999941587448,0.44279998540878296,0.06520000100135803,0.017999999225139618,0.8241000175476074,0.373199999332428,0.3790999948978424,0.0925000011920929,0.21529999375343323,0.9277999997138977,0.2822999954223633,0.17790000140666962
ENSG00000007314,Cell membrane,Transmembrane domain,Transmembrane,0.14169999957084656,0.07609999924898148,0.028999999165534973,0.9480999708175659,0.1225999966263771,0.011699999682605267,0.22450000047683716,0.24240000545978546,0.14249999821186066,0.007199999876320362,0.15369999408721924,0.9793000221252441,0.0754999965429306,0.11010000109672546
ENSG00000102452,Cell membrane,Transmembrane domain,Transmembrane,0.17800000309944153,0.06750000268220901,0.011800000444054604,0.8618999719619751,0.07890000194311142,0.030799999833106995,0.31529998779296875,0.4551999866962433,0.17110000550746918,0.004999999888241291,0.10419999808073044,0.9864000082015991,0.06300000101327896,0.10180000215768814
ENSG00000136531,Cell membrane,Transmembrane domain,Transmembrane,0.1526000052690506,0.0868000015616417,0.03539999946951866,0.9409999847412109,0.11829999834299088,0.010999999940395355,0.23309999704360962,0.2425999939441681,0.13740000128746033,0.008100000210106373,0.16590000689029694,0.9797000288963318,0.07000000029802322,0.10809999704360962
ENSG00000136546,Cell membrane,Transmembrane domain,Transmembrane,0.15459999442100525,0.08730000257492065,0.014299999922513962,0.949400007724762,0.10610000044107437,0.007400000002235174,0.30480000376701355,0.21170000731945038,0.16979999840259552,0.0015999999595806003,0.10909999907016754,0.9706000089645386,0.11909999698400497,0.1242000013589859
ENSG00000138622,Cell membrane,Transmembrane domain,Transmembrane,0.1581999957561493,0.11339999735355377,0.020500000566244125,0.7954000234603882,0.1257999986410141,0.00570000009611249,0.32030001282691956,0.3005000054836273,0.16459999978542328,0.0142000000923872,0.13429999351501465,0.9660999774932861,0.11159999668598175,0.17350000143051147
ENSG00000144285,Cell membrane,Transmembrane domain,Transmembrane,0.1476999968290329,0.08780000358819962,0.0340999998152256,0.9412000179290771,0.11509999632835388,0.00930000003427267,0.22470000386238098,0.2425999939441681,0.1281999945640564,0.007000000216066837,0.1712999939918518,0.9807000160217285,0.06679999828338623,0.10520000010728836
ENSG00000162341,Cell membrane|Lysosome/Vacuole,Transmembrane domain,Transmembrane,0.15369999408721924,0.07450000196695328,0.0284000001847744,0.7214000225067139,0.03889999911189079,0.014800000004470348,0.3506999909877777,0.5893999934196472,0.13729999959468842,0.020800000056624413,0.06369999796152115,0.9876999855041504,0.08290000259876251,0.15129999816417694
ENSG00000164588,Cell membrane,Transmembrane domain,Transmembrane,0.1527000069618225,0.1096000000834465,0.014700000174343586,0.7954000234603882,0.1282999962568283,0.004399999976158142,0.3416999876499176,0.2915000021457672,0.1768999993801117,0.012000000104308128,0.11420000344514847,0.9812999963760376,0.13979999721050262,0.13199999928474426
ENSG00000168356,Cell membrane,Transmembrane domain,Transmembrane,0.1476999968290329,0.06509999930858612,0.0210999995470047,0.9347000122070312,0.09690000116825104,0.009700000286102295,0.2070000022649765,0.18209999799728394,0.11990000307559967,0.0024999999441206455,0.11339999735355377,0.9740999937057495,0.08630000054836273,0.12359999865293503
ENSG00000169432,Cell membrane,Transmembrane domain,Transmembrane,0.14800000190734863,0.08869999647140503,0.03310000151395798,0.944100022315979,0.1185000017285347,0.009200000204145908,0.22849999368190765,0.24410000443458557,0.13179999589920044,0.006899999920278788,0.17440000176429749,0.9812999963760376,0.0723000019788742,0.09910000115633011
ENSG00000183873,Cell membrane,Transmembrane domain,Transmembrane,0.14169999957084656,0.07490000128746033,0.031099999323487282,0.9416000247001648,0.12860000133514404,0.014000000432133675,0.20200000703334808,0.25589999556541443,0.13950000703334808,0.00559999980032444,0.17440000176429749,0.9775000214576721,0.06790000200271606,0.10849999636411667
ENSG00000185313,Cell membrane,Transmembrane domain,Transmembrane,0.1282999962568283,0.06639999896287918,0.02449999935925007,0.9472000002861023,0.11729999631643295,0.014499999582767487,0.21250000596046448,0.23520000278949738,0.12639999389648438,0.003100000089034438,0.15379999577999115,0.9793000221252441,0.08330000191926956,0.09870000183582306
ENSG00000186815,Cell membrane,Transmembrane domain,Transmembrane,0.13750000298023224,0.08630000054836273,0.02539999969303608,0.7757999897003174,0.03359999880194664,0.03060000017285347,0.33869999647140503,0.558899998664856,0.1542000025510788,0.00860000029206276,0.07680000364780426,0.9868999719619751,0.11500000208616257,0.10970000177621841
ENSG00000196876,Cell membrane,Transmembrane domain,Transmembrane,0.15770000219345093,0.0835999995470047,0.03519999980926514,0.9415000081062317,0.11420000344514847,0.009800000116229057,0.22269999980926514,0.24969999492168427,0.14489999413490295,0.007699999958276749,0.1679999977350235,0.980400025844574,0.06560000032186508,0.10859999805688858
ENSG00000166828,Cell membrane,Signal peptide|Transmembrane domain,Transmembrane,0.20270000398159027,0.0771000012755394,0.08739999681711197,0.8274000287055969,0.07020000368356705,0.016599999740719795,0.40639999508857727,0.3025999963283539,0.4016000032424927,0.013299999758601189,0.1152999997138977,0.9918000102043152,0.37709999084472656,0.06889999657869339
ENSG00000168447,Cell membrane,Signal peptide|Transmembrane domain,Transmembrane,0.1876000016927719,0.0860000029206276,0.10019999742507935,0.8489000201225281,0.07680000364780426,0.012500000186264515,0.3465999960899353,0.2971999943256378,0.42989999055862427,0.007199999876320362,0.10400000214576721,0.9936000108718872,0.3328000009059906,0.06650000065565109
ENSG00000111319,Cell membrane,Signal peptide|Transmembrane domain,Transmembrane,0.13410000503063202,0.10209999978542328,0.08060000091791153,0.8115000128746033,0.09220000356435776,0.007899999618530273,0.4424999952316284,0.2152000069618225,0.42910000681877136,0.016899999231100082,0.11789999902248383,0.9919999837875366,0.39809998869895935,0.06360000371932983
ENSG00000162572,Cell membrane,Signal peptide|Transmembrane domain,Transmembrane,0.19660000503063202,0.10660000145435333,0.09099999815225601,0.8141999840736389,0.0908999964594841,0.016499999910593033,0.40610000491142273,0.22120000422000885,0.3707999885082245,0.03290000185370445,0.14890000224113464,0.9850000143051147,0.3626999855041504,0.08940000087022781
ENSG00000153253,Cell membrane,Transmembrane domain,Transmembrane,0.1476999968290329,0.08349999785423279,0.03319999948143959,0.9429000020027161,0.11890000104904175,0.011099999770522118,0.2199999988079071,0.2526000142097473,0.1348000019788742,0.007199999876320362,0.16820000112056732,0.98089998960495,0.06809999793767929,0.10419999808073044
ENSG00000171612,Mitochondrion,Transmembrane domain|Mitochondrial transit peptide,Transmembrane,0.1185000017285347,0.10350000113248825,0.09880000352859497,0.13770000636577606,0.9171000123023987,0.05869999900460243,0.17919999361038208,0.218299999833107,0.23489999771118164,0.17299999296665192,0.13339999318122864,0.9641000032424927,0.17010000348091125,0.13819999992847443
ENSG00000114120,Mitochondrion,Transmembrane domain|Mitochondrial transit peptide,Transmembrane,0.13750000298023224,0.1469999998807907,0.09780000150203705,0.15299999713897705,0.9049000144004822,0.0731000006198883,0.2433999925851822,0.2214999943971634,0.2460000067949295,0.210099995136261,0.1281999945640564,0.9477999806404114,0.13519999384880066,0.16599999368190765
ENSG00000159445,Mitochondrion,Mitochondrial transit peptide,Soluble,0.26589998602867126,0.1941000074148178,0.05620000138878822,0.09529999643564224,0.9065999984741211,0.0013000000035390258,0.06920000165700912,0.06710000336170197,0.09030000120401382,0.09600000083446503,0.5001999735832214,0.18809999525547028,0.367900013923645,0.6633999943733215
ENSG00000196407,Mitochondrion,Mitochondrial transit peptide,Soluble,0.18449999392032623,0.15219999849796295,0.04280000180006027,0.06849999725818634,0.9664999842643738,0.009200000204145908,0.03189999982714653,0.05460000038146973,0.05169999971985817,0.030400000512599945,0.3993000090122223,0.1429000049829483,0.2856999933719635,0.7911999821662903
ENSG00000013306,Mitochondrion,Transmembrane domain|Mitochondrial transit peptide,Transmembrane,0.1290999948978424,0.09809999912977219,0.1023000031709671,0.16380000114440918,0.9144999980926514,0.04740000143647194,0.125,0.2962000072002411,0.25369998812675476,0.5001000165939331,0.17949999868869781,0.9465000033378601,0.20479999482631683,0.16089999675750732
ENSG00000075303,Mitochondrion,Transmembrane domain|Mitochondrial transit peptide,Transmembrane,0.1500999927520752,0.08940000087022781,0.05389999970793724,0.1445000022649765,0.8956999778747559,0.0215000007301569,0.14180000126361847,0.2736999988555908,0.22290000319480896,0.375,0.1168999969959259,0.9502999782562256,0.08609999716281891,0.19539999961853027
ENSG00000100209,Mitochondrion,Mitochondrial transit peptide,Soluble,0.2987000048160553,0.20720000565052032,0.03970000147819519,0.0674000009894371,0.9251999855041504,0.0006000000284984708,0.10610000044107437,0.062199998646974564,0.09920000284910202,0.04749999940395355,0.5681999921798706,0.09189999848604202,0.1445000022649765,0.7937999963760376
ENSG00000105755,Mitochondrion,Mitochondrial transit peptide,Soluble,0.2808000147342682,0.12139999866485596,0.06369999796152115,0.1371999979019165,0.9312999844551086,0.0006000000284984708,0.04540000110864639,0.11330000311136246,0.08460000157356262,0.08969999849796295,0.5997999906539917,0.09539999812841415,0.3273000121116638,0.7674000263214111
ENSG00000113013,Mitochondrion,Mitochondrial transit peptide,Peripheral|Soluble,0.11209999769926071,0.16089999675750732,0.016599999740719795,0.11869999766349792,0.8657000064849854,0.06560000032186508,0.12020000070333481,0.07890000194311142,0.04580000042915344,0.23350000381469727,0.6403999924659729,0.027000000700354576,0.3515999913215637,0.8181999921798706
ENSG00000136003,Mitochondrion,Mitochondrial transit peptide,Peripheral|Soluble,0.11259999871253967,0.125,0.05550000071525574,0.16850000619888306,0.9606999754905701,0.0027000000700354576,0.0471000000834465,0.048500001430511475,0.07320000231266022,0.12349999696016312,0.6732000112533569,0.04450000077486038,0.16990000009536743,0.7423999905586243
ENSG00000137714,Mitochondrion,Mitochondrial transit peptide,Peripheral|Soluble,0.15729999542236328,0.13429999351501465,0.044199999421834946,0.07419999688863754,0.9534000158309937,0.002400000113993883,0.10639999806880951,0.055399999022483826,0.15729999542236328,0.07909999787807465,0.789900004863739,0.07129999995231628,0.23190000653266907,0.5885000228881836
ENSG00000137767,Mitochondrion,Mitochondrial transit peptide,Peripheral|Transmembrane,0.1914999932050705,0.1354999989271164,0.06379999965429306,0.22609999775886536,0.7889999747276306,0.024399999529123306,0.30250000953674316,0.14820000529289246,0.17440000176429749,0.0828000009059906,0.6643000245094299,0.7095000147819519,0.2395000010728836,0.1492999941110611
ENSG00000165898,Mitochondrion,Mitochondrial transit peptide,Peripheral|Soluble,0.249099999666214,0.13809999823570251,0.03189999982714653,0.08089999854564667,0.9186999797821045,0.002899999963119626,0.08959999680519104,0.05620000138878822,0.11110000312328339,0.1265999972820282,0.7085000276565552,0.04129999876022339,0.3862000107765198,0.618399977684021
ENSG00000169599,Mitochondrion,Mitochondrial transit peptide,Peripheral|Soluble,0.16689999401569366,0.08839999884366989,0.027699999511241913,0.08429999649524689,0.9605000019073486,0.010400000028312206,0.10090000182390213,0.04349999874830246,0.10499999672174454,0.08229999989271164,0.6866000294685364,0.0869000032544136,0.1808999925851822,0.6593000292778015
ENSG00000181873,Mitochondrion,Mitochondrial transit peptide,Soluble,0.23649999499320984,0.24050000309944153,0.03799999877810478,0.09709999710321426,0.9071000218391418,0.00019999999494757503,0.049400001764297485,0.0723000019788742,0.08169999718666077,0.010099999606609344,0.5012999773025513,0.11270000040531158,0.13330000638961792,0.820900022983551
ENSG00000182512,Mitochondrion,Mitochondrial transit peptide,Peripheral|Soluble,0.28999999165534973,0.15770000219345093,0.06639999896287918,0.1889999955892563,0.9546999931335449,0.0005000000237487257,0.14560000598430634,0.13600000739097595,0.11020000278949738,0.00860000029206276,0.7592999935150146,0.033799998462200165,0.24310000240802765,0.7099999785423279
ENSG00000244005,Mitochondrion,Mitochondrial transit peptide,Peripheral|Soluble,0.3361000120639801,0.18529999256134033,0.03440000116825104,0.17430000007152557,0.9090999960899353,0.0012000000569969416,0.09369999915361404,0.17159999907016754,0.1444000005722046,0.08250000327825546,0.6247000098228455,0.08810000121593475,0.2662999927997589,0.7311999797821045
ENSG00000267673,Mitochondrion,Mitochondrial transit peptide,Peripheral|Soluble,0.1881999969482422,0.10019999742507935,0.03689999878406525,0.11230000108480453,0.9760000109672546,0.004000000189989805,0.10599999874830246,0.06019999831914902,0.16130000352859497,0.03460000082850456,0.7649999856948853,0.09080000221729279,0.11219999939203262,0.5669000148773193
ENSG00000214113,Mitochondrion,Mitochondrial transit peptide,Peripheral,0.13089999556541443,0.09790000319480896,0.03220000118017197,0.09239999949932098,0.907800018787384,0.014499999582767487,0.025100000202655792,0.09889999777078629,0.05590000003576279,0.0210999995470047,0.70169997215271,0.12219999730587006,0.0608999989926815,0.41029998660087585
