Protein_ID,Localizations,Signals,Membrane types,Cytoplasm,Nucleus,Extracellular,Cell membrane,Mitochondrion,Plastid,Endoplasmic reticulum,Lysosome/Vacuole,Golgi apparatus,Peroxisome,Peripheral,Transmembrane,Lipid anchor,Soluble
ENSG00000124091,Extracellular|Golgi apparatus,Signal peptide,Transmembrane,0.14229999482631683,0.09049999713897705,0.6241000294685364,0.13050000369548798,0.12639999389648438,0.0035000001080334187,0.3741999864578247,0.36469998955726624,0.9139000177383423,0.013100000098347664,0.19120000302791595,0.8118000030517578,0.2872999906539917,0.4569999873638153
ENSG00000124140,Cell membrane,Transmembrane domain,Transmembrane,0.28139999508857727,0.07980000227689743,0.02539999969303608,0.7795000076293945,0.1890999972820282,0.010499999858438969,0.1396999955177307,0.4496000111103058,0.326200008392334,0.012299999594688416,0.10740000009536743,0.9825000166893005,0.07540000230073929,0.12639999389648438
ENSG00000124151,Nucleus,Nuclear export signal,Soluble,0.42570000886917114,0.8633000254631042,0.013100000098347664,0.13169999420642853,0.043299999088048935,0.004800000227987766,0.08649999648332596,0.14730000495910645,0.10769999772310257,0.009399999864399433,0.23000000417232513,0.05460000038146973,0.08990000188350677,0.9010999798774719
ENSG00000124155,Endoplasmic reticulum,Signal peptide,Transmembrane,0.1598999947309494,0.1251000016927719,0.13539999723434448,0.3197999894618988,0.12359999865293503,0.006500000134110451,0.8158000111579895,0.4075999855995178,0.474700003862381,0.019700000062584877,0.1859000027179718,0.9854000210762024,0.17309999465942383,0.08269999921321869
ENSG00000124164,Endoplasmic reticulum,Transmembrane domain,Transmembrane,0.14249999821186066,0.37139999866485596,0.018400000408291817,0.3125,0.27959999442100525,0.024399999529123306,0.7724999785423279,0.1745000034570694,0.5232999920845032,0.1590999960899353,0.16259999573230743,0.7802000045776367,0.37400001287460327,0.20319999754428864
ENSG00000124172,Mitochondrion,,Soluble,0.24469999969005585,0.4016999900341034,0.5299000144004822,0.050999999046325684,0.5411999821662903,0.03590000048279762,0.1347000002861023,0.12099999934434891,0.1973000019788742,0.09880000352859497,0.31279999017715454,0.07249999791383743,0.06440000236034393,0.8522999882698059
ENSG00000124181,Cytoplasm,Nuclear export signal,Soluble,0.6933000087738037,0.2768999934196472,0.04899999871850014,0.5299999713897705,0.09059999883174896,0.010099999606609344,0.2459000051021576,0.4627000093460083,0.2370000034570694,0.00930000003427267,0.5825999975204468,0.06629999727010727,0.17000000178813934,0.8442000150680542
ENSG00000124212,Endoplasmic reticulum,Signal peptide|Transmembrane domain,Peripheral,0.19370000064373016,0.12309999763965607,0.0997999981045723,0.2824999988079071,0.14579999446868896,0.002400000113993883,0.8295999765396118,0.1145000010728836,0.15649999678134918,0.03759999945759773,0.8108999729156494,0.507099986076355,0.2953999936580658,0.3797000050544739
ENSG00000124253,Cytoplasm,Peroxisomal targeting signal,Soluble,0.705299973487854,0.29789999127388,0.1687999963760376,0.22059999406337738,0.18400000035762787,0.0010999999940395355,0.4318000078201294,0.27570000290870667,0.36070001125335693,0.06889999657869339,0.5928999781608582,0.08799999952316284,0.1768999993801117,0.8125
ENSG00000124275,Cytoplasm,Nuclear export signal,Soluble,0.8220000267028809,0.26260000467300415,0.021299999207258224,0.24330000579357147,0.42660000920295715,0.005200000014156103,0.35359999537467957,0.2865999937057495,0.3206000030040741,0.10459999740123749,0.5461000204086304,0.05400000140070915,0.3424000144004822,0.8303999900817871
ENSG00000124299,Cytoplasm,Nuclear localization signal|Nuclear export signal,Soluble,0.7487000226974487,0.43959999084472656,0.0560000017285347,0.2295999974012375,0.16599999368190765,0.028599999845027924,0.22200000286102295,0.19550000131130219,0.11159999668598175,0.04580000042915344,0.33629998564720154,0.09260000288486481,0.2597000002861023,0.8697999715805054
ENSG00000124356,Cytoplasm|Nucleus,Nuclear export signal,Soluble,0.5489000082015991,0.6082000136375427,0.06669999659061432,0.14640000462532043,0.13539999723434448,0.019099999219179153,0.21400000154972076,0.3917999863624573,0.21130000054836273,0.04230000078678131,0.5580999851226807,0.03999999910593033,0.19200000166893005,0.8762000203132629
ENSG00000124357,Cytoplasm,Nuclear export signal,Soluble,0.8079000115394592,0.4156999886035919,0.15530000627040863,0.1265999972820282,0.3172999918460846,0.012600000016391277,0.210999995470047,0.24250000715255737,0.27149999141693115,0.11460000276565552,0.2460000067949295,0.1842000037431717,0.49729999899864197,0.7390999794006348
ENSG00000124370,Mitochondrion,Mitochondrial transit peptide,Soluble,0.14800000190734863,0.10859999805688858,0.017400000244379044,0.09160000085830688,0.896399974822998,0.1111999973654747,0.014000000432133675,0.04699999839067459,0.033399999141693115,0.06759999692440033,0.5095999836921692,0.10689999908208847,0.06369999796152115,0.6796000003814697
ENSG00000124406,Cell membrane|Lysosome/Vacuole|Golgi apparatus,Signal peptide|Transmembrane domain,Transmembrane,0.1648000031709671,0.08030000329017639,0.02329999953508377,0.7741000056266785,0.12929999828338623,0.020899999886751175,0.5480999946594238,0.6714000105857849,0.6628000140190125,0.01590000092983246,0.11010000109672546,0.9889000058174133,0.06379999965429306,0.08229999989271164
ENSG00000124422,Cytoplasm|Nucleus,Nuclear export signal,Soluble,0.6251999735832214,0.6761000156402588,0.021800000220537186,0.15139999985694885,0.15389999747276306,0.0034000000450760126,0.18790000677108765,0.5180000066757202,0.30309998989105225,0.008999999612569809,0.4903999865055084,0.06840000301599503,0.13359999656677246,0.8601999878883362
ENSG00000124486,Cytoplasm|Nucleus,Nuclear export signal,Soluble,0.5083000063896179,0.5372999906539917,0.017100000753998756,0.3621000051498413,0.1468999981880188,0.023600000888109207,0.32600000500679016,0.37119999527931213,0.28630000352859497,0.013100000098347664,0.4697999954223633,0.2777000069618225,0.08760000020265579,0.7249000072479248
ENSG00000124491,Cytoplasm,,Soluble,0.7146999835968018,0.19189999997615814,0.4724000096321106,0.4754999876022339,0.24799999594688416,0.015300000086426735,0.1647000014781952,0.20990000665187836,0.22040000557899475,0.04470000043511391,0.38420000672340393,0.13339999318122864,0.21150000393390656,0.8539000153541565
ENSG00000124523,Mitochondrion,Mitochondrial transit peptide,Soluble,0.33959999680519104,0.17319999635219574,0.1152999997138977,0.21050000190734863,0.92330002784729,0.0763000026345253,0.026799999177455902,0.03500000014901161,0.09139999747276306,0.05290000140666962,0.42320001125335693,0.09809999912977219,0.3310999870300293,0.8396000266075134
ENSG00000124564,Cell membrane,,Transmembrane,0.1467999964952469,0.08900000154972076,0.06340000033378601,0.6699000000953674,0.0697999969124794,0.0027000000700354576,0.3203999996185303,0.33959999680519104,0.2214999943971634,0.06639999896287918,0.05790000036358833,0.9717000126838684,0.19709999859333038,0.188400000333786
ENSG00000124568,Cell membrane,,Transmembrane,0.1046999990940094,0.0828000009059906,0.09669999778270721,0.6128000020980835,0.06539999693632126,0.002300000051036477,0.33000001311302185,0.3012999892234802,0.17399999499320984,0.07209999859333038,0.05510000139474869,0.9753000140190125,0.1395999938249588,0.2003999948501587
ENSG00000124588,Cytoplasm,,Soluble,0.8051000237464905,0.27320000529289246,0.20200000703334808,0.07569999992847443,0.2784000039100647,0.009499999694526196,0.20409999787807465,0.11140000075101852,0.18850000202655792,0.048900000751018524,0.4244000017642975,0.07940000295639038,0.22169999778270721,0.8113999962806702
ENSG00000124596,Cytoplasm|Nucleus,,Soluble,0.7080000042915344,0.5063999891281128,0.25999999046325684,0.09049999713897705,0.30889999866485596,0.02319999970495701,0.3449000120162964,0.06610000133514404,0.06800000369548798,0.10729999840259552,0.21449999511241913,0.0617000013589859,0.21539999544620514,0.8478000164031982
ENSG00000124615,Mitochondrion,Mitochondrial transit peptide,Soluble,0.23680000007152557,0.22210000455379486,0.023900000378489494,0.05180000141263008,0.9391999840736389,0.004100000020116568,0.08030000329017639,0.03750000149011612,0.08810000121593475,0.18700000643730164,0.4553000032901764,0.149399995803833,0.243599995970726,0.767300009727478
ENSG00000124713,Cytoplasm|Nucleus,Nuclear export signal,Soluble,0.6507999897003174,0.5526000261306763,0.10970000177621841,0.20649999380111694,0.2775000035762787,0.03840000182390213,0.19949999451637268,0.2037999927997589,0.17059999704360962,0.028599999845027924,0.48809999227523804,0.1800999939441681,0.30820000171661377,0.7578999996185303
ENSG00000124767,Cytoplasm,Peroxisomal targeting signal,Soluble,0.7164999842643738,0.48330000042915344,0.04820000007748604,0.20829999446868896,0.27379998564720154,0.1005999967455864,0.27230000495910645,0.11909999698400497,0.1428000032901764,0.552299976348877,0.5109000205993652,0.09679999947547913,0.12780000269412994,0.7526999711990356
ENSG00000124789,Nucleus,Nuclear localization signal,Peripheral|Soluble,0.34209999442100525,0.8763999938964844,0.04560000076889992,0.11249999701976776,0.10970000177621841,0.006000000052154064,0.13359999656677246,0.11710000038146973,0.04699999839067459,0.07639999687671661,0.6173999905586243,0.14010000228881836,0.15639999508857727,0.7379000186920166
ENSG00000125166,Mitochondrion,Mitochondrial transit peptide,Soluble,0.25609999895095825,0.16769999265670776,0.05739999935030937,0.24539999663829803,0.9096999764442444,0.0008999999845400453,0.07180000096559525,0.1014999970793724,0.08489999920129776,0.024700000882148743,0.5217999815940857,0.11999999731779099,0.2222999930381775,0.7846999764442444
ENSG00000125246,Mitochondrion,Mitochondrial transit peptide,Soluble,0.2581999897956848,0.20229999721050262,0.03929999843239784,0.10239999741315842,0.8877999782562256,0.0017000000225380063,0.03819999843835831,0.05299999937415123,0.0722000002861023,0.02250000089406967,0.4715000092983246,0.08560000360012054,0.1256999969482422,0.828499972820282
ENSG00000125255,Cell membrane,Transmembrane domain,Transmembrane,0.14489999413490295,0.06199999898672104,0.027400000020861626,0.8960000276565552,0.19470000267028809,0.006300000008195639,0.39809998869895935,0.4311000108718872,0.16699999570846558,0.012900000438094139,0.03139999881386757,0.9894000291824341,0.46959999203681946,0.08649999648332596
ENSG00000125257,Cell membrane|Lysosome/Vacuole,Transmembrane domain,Transmembrane,0.0925000011920929,0.0949999988079071,0.030899999663233757,0.833899974822998,0.20340000092983246,0.00860000029206276,0.4661000072956085,0.7175999879837036,0.4032000005245209,0.18479999899864197,0.2062000036239624,0.9652000069618225,0.09229999780654907,0.17820000648498535
ENSG00000125356,Mitochondrion,Transmembrane domain,Transmembrane,0.094200000166893,0.08799999952316284,0.03720000013709068,0.09769999980926514,0.945900022983551,0.04529999941587448,0.2076999992132187,0.02710000053048134,0.03869999945163727,0.024900000542402267,0.19910000264644623,0.97079998254776,0.025599999353289604,0.11150000244379044
ENSG00000125430,Golgi apparatus,Signal peptide|Transmembrane domain,Transmembrane,0.16030000150203705,0.09390000253915787,0.2700999975204468,0.26499998569488525,0.07500000298023224,0.003800000064074993,0.3294999897480011,0.20309999585151672,0.9218000173568726,0.03929999843239784,0.164000004529953,0.9434000253677368,0.4519999921321869,0.16380000114440918
ENSG00000125450,Cytoplasm|Nucleus,Nuclear export signal,Soluble,0.4902999997138977,0.5037999749183655,0.08259999752044678,0.2386000007390976,0.14569999277591705,0.015699999406933784,0.28299999237060547,0.5074999928474426,0.4221999943256378,0.029999999329447746,0.5932000279426575,0.09109999984502792,0.11410000175237656,0.7886000275611877
ENSG00000125454,Mitochondrion,Transmembrane domain|Mitochondrial transit peptide,Transmembrane,0.10729999840259552,0.08820000290870667,0.10270000249147415,0.17100000381469727,0.9003000259399414,0.046799998730421066,0.15039999783039093,0.24240000545978546,0.15379999577999115,0.3846000134944916,0.12610000371932983,0.9472000002861023,0.120899997651577,0.19529999792575836
ENSG00000125458,Cytoplasm,,Soluble,0.6886000037193298,0.4260999858379364,0.1542000025510788,0.19249999523162842,0.49050000309944153,0.0005000000237487257,0.10679999738931656,0.32030001282691956,0.22470000386238098,0.21289999783039093,0.46810001134872437,0.179299995303154,0.3953000009059906,0.7802000045776367
ENSG00000125484,Nucleus,Nuclear export signal,Soluble,0.46389999985694885,0.5313000082969666,0.0877000018954277,0.09109999984502792,0.10559999942779541,0.015399999916553497,0.40959998965263367,0.5085999965667725,0.2825999855995178,0.050700001418590546,0.5271999835968018,0.18559999763965607,0.16500000655651093,0.7814000248908997
ENSG00000125505,Endoplasmic reticulum,Signal peptide|Transmembrane domain,Transmembrane,0.19120000302791595,0.05009999871253967,0.050999999046325684,0.31439998745918274,0.38100001215934753,0.03840000182390213,0.8912000060081482,0.12330000102519989,0.2551000118255615,0.03530000150203705,0.17299999296665192,0.9818999767303467,0.11569999903440475,0.10300000011920929
ENSG00000125630,Nucleus,Nuclear localization signal,Soluble,0.4228000044822693,0.5038999915122986,0.037300001829862595,0.08479999750852585,0.11020000278949738,0.04839999973773956,0.10530000180006027,0.07050000131130219,0.027400000020861626,0.04809999838471413,0.40070000290870667,0.10899999737739563,0.07090000063180923,0.840399980545044
ENSG00000125772,Cytoplasm,Nuclear export signal,Soluble,0.7942000031471252,0.3813000023365021,0.09600000083446503,0.20520000159740448,0.19020000100135803,0.057500001043081284,0.10369999706745148,0.5099999904632568,0.26570001244544983,0.05999999865889549,0.17440000176429749,0.19840000569820404,0.13729999959468842,0.8334000110626221
ENSG00000125779,Cytoplasm|Nucleus,,Peripheral|Soluble,0.520799994468689,0.5339000225067139,0.13109999895095825,0.15360000729560852,0.43070000410079956,0.025800000876188278,0.20399999618530273,0.1264999955892563,0.32100000977516174,0.25270000100135803,0.6053000092506409,0.1623000055551529,0.328000009059906,0.7764999866485596
ENSG00000125780,Cytoplasm|Extracellular,Nuclear localization signal,Soluble,0.673799991607666,0.25279998779296875,0.6333000063896179,0.4189000129699707,0.2797999978065491,0.024000000208616257,0.18770000338554382,0.14569999277591705,0.22040000557899475,0.022099999710917473,0.32910001277923584,0.13750000298023224,0.2272000014781952,0.8476999998092651
ENSG00000125877,Cytoplasm|Nucleus,Nuclear export signal,Soluble,0.7447999715805054,0.5357000231742859,0.10580000281333923,0.19259999692440033,0.49000000953674316,0.006599999964237213,0.12700000405311584,0.094200000166893,0.11890000104904175,0.04399999976158142,0.2924000024795532,0.13539999723434448,0.27480000257492065,0.8184000253677368
ENSG00000126088,Cytoplasm,Nuclear export signal,Soluble,0.7789000272750854,0.4207000136375427,0.05779999867081642,0.24889999628067017,0.44279998540878296,0.002300000051036477,0.15199999511241913,0.29670000076293945,0.1256999969482422,0.04780000075697899,0.49540001153945923,0.09269999712705612,0.243599995970726,0.814300000667572
ENSG00000126091,Golgi apparatus,Signal peptide|Transmembrane domain,Transmembrane,0.15080000460147858,0.10140000283718109,0.4334999918937683,0.22269999980926514,0.1103999987244606,0.003700000001117587,0.2761000096797943,0.21330000460147858,0.8888000249862671,0.009600000455975533,0.2092999964952469,0.9168000221252441,0.4756999909877777,0.2110999971628189
ENSG00000126107,Cytoplasm,Nuclear export signal,Peripheral|Soluble,0.5677000284194946,0.4153999984264374,0.08529999852180481,0.19609999656677246,0.2892000079154968,0.025100000202655792,0.20430000126361847,0.37560001015663147,0.3343999981880188,0.016200000420212746,0.6525999903678894,0.15449999272823334,0.15320000052452087,0.7519000172615051
ENSG00000126261,Nucleus,Nuclear localization signal,Soluble,0.3441999852657318,0.8331000208854675,0.04089999943971634,0.1535000056028366,0.1387999951839447,0.011800000444054604,0.1754000037908554,0.06560000032186508,0.1412000060081482,0.226500004529953,0.3711000084877014,0.06129999831318855,0.40400001406669617,0.8458999991416931
ENSG00000126267,Cytoplasm,Peroxisomal targeting signal,Soluble,0.5432000160217285,0.2581000030040741,0.13120000064373016,0.06400000303983688,0.5537999868392944,0.03869999945163727,0.23489999771118164,0.06520000100135803,0.2660999894142151,0.20550000667572021,0.5806000232696533,0.09790000319480896,0.023900000378489494,0.571399986743927
ENSG00000126432,Mitochondrion,Peroxisomal targeting signal,Peripheral|Soluble,0.2935999929904938,0.2621000111103058,0.09589999914169312,0.11860000342130661,0.7472000122070312,0.04580000042915344,0.0812000036239624,0.09440000355243683,0.12160000205039978,0.18469999730587006,0.6287000179290771,0.0843999981880188,0.16920000314712524,0.7149999737739563
ENSG00000126522,Cytoplasm,Nuclear export signal,Peripheral|Soluble,0.701200008392334,0.3671000003814697,0.04960000142455101,0.3093000054359436,0.41670000553131104,0.022700000554323196,0.06689999997615814,0.1817999929189682,0.31949999928474426,0.13199999928474426,0.6050000190734863,0.11810000240802765,0.19449999928474426,0.7759000062942505
ENSG00000126821,Endoplasmic reticulum,Transmembrane domain,Transmembrane,0.1307000070810318,0.11079999804496765,0.008299999870359898,0.27000001072883606,0.2159000039100647,0.0560000017285347,0.6808000206947327,0.3009999990463257,0.3190000057220459,0.02539999969303608,0.05510000139474869,0.9925000071525574,0.06629999727010727,0.1177000030875206
ENSG00000126883,Nucleus,Nuclear export signal,Soluble,0.2831000089645386,0.7285000085830688,0.10189999639987946,0.16599999368190765,0.05380000174045563,0.012299999594688416,0.11559999734163284,0.25699999928474426,0.14499999582767487,0.0494999997317791,0.4828000068664551,0.11010000109672546,0.07479999959468842,0.7903000116348267
ENSG00000127080,Cytoplasm|Nucleus,Nuclear export signal,Soluble,0.6180999875068665,0.6597999930381775,0.05460000038146973,0.08829999715089798,0.3172000050544739,0.012199999764561653,0.21070000529289246,0.11649999767541885,0.24420000612735748,0.10520000010728836,0.326200008392334,0.12030000239610672,0.2565999925136566,0.8579999804496765
ENSG00000127125,Cytoplasm,Nuclear export signal,Soluble,0.7950000166893005,0.3781000077724457,0.13359999656677246,0.20409999787807465,0.553600013256073,0.0031999999191612005,0.22949999570846558,0.1379999965429306,0.28459998965263367,0.03869999945163727,0.3154999911785126,0.12380000203847885,0.3398999869823456,0.8679999709129333
ENSG00000127184,Mitochondrion,Mitochondrial transit peptide,Transmembrane,0.04410000145435333,0.031300000846385956,0.0812000036239624,0.10769999772310257,0.9065999984741211,0.004000000189989805,0.035999998450279236,0.020099999383091927,0.05530000105500221,0.00559999980032444,0.1143999993801117,0.9824000000953674,0.02889999933540821,0.11429999768733978
ENSG00000127415,Extracellular,Signal peptide,Soluble,0.34049999713897705,0.10509999841451645,0.7131999731063843,0.48510000109672546,0.09300000220537186,0.0003000000142492354,0.3474000096321106,0.5616999864578247,0.36039999127388,0.01209999993443489,0.5496000051498413,0.20399999618530273,0.3027999997138977,0.760699987411499
ENSG00000127445,Cytoplasm,,Soluble,0.6553999781608582,0.3747999966144562,0.22120000422000885,0.2110999971628189,0.1582999974489212,0.019200000911951065,0.23420000076293945,0.24609999358654022,0.0957999974489212,0.023900000378489494,0.28189998865127563,0.008899999782443047,0.121799997985363,0.9337999820709229
ENSG00000127472,Extracellular,Signal peptide,Soluble,0.1454000025987625,0.10760000348091125,0.9200999736785889,0.1834000051021576,0.15049999952316284,0.0007999999797903001,0.17479999363422394,0.3127000033855438,0.1687999963760376,0.0015999999595806003,0.34689998626708984,0.10540000349283218,0.10000000149011612,0.7121999859809875
ENSG00000127481,Nucleus,Nuclear export signal,Soluble,0.46470001339912415,0.6140000224113464,0.013299999758601189,0.14309999346733093,0.1501999944448471,0.01899999938905239,0.40540000796318054,0.4269999861717224,0.35679998993873596,0.012600000016391277,0.48570001125335693,0.4392000138759613,0.04479999840259552,0.642799973487854
ENSG00000127540,Mitochondrion,Transmembrane domain,Transmembrane,0.14300000667572021,0.07590000331401825,0.050999999046325684,0.1265999972820282,0.9693999886512756,0.07689999788999557,0.09239999949932098,0.08739999681711197,0.03590000048279762,0.09889999777078629,0.40380001068115234,0.978600025177002,0.02590000070631504,0.05460000038146973
ENSG00000127884,Mitochondrion,Mitochondrial transit peptide,Peripheral|Soluble,0.17440000176429749,0.0746999979019165,0.0494999997317791,0.20890000462532043,0.892799973487854,0.00039999998989515007,0.10130000114440918,0.1136000007390976,0.0812000036239624,0.029999999329447746,0.6830000281333923,0.08309999853372574,0.3865000009536743,0.6651999950408936
ENSG00000127948,Endoplasmic reticulum,Signal peptide|Transmembrane domain,Transmembrane,0.2070000022649765,0.0835999995470047,0.031300000846385956,0.3637000024318695,0.26589998602867126,0.04639999940991402,0.9383999705314636,0.1501999944448471,0.35370001196861267,0.23119999468326569,0.398499995470047,0.8087000250816345,0.42329999804496765,0.24580000340938568
ENSG00000128039,Endoplasmic reticulum,Signal peptide|Transmembrane domain,Transmembrane,0.1606999933719635,0.07940000295639038,0.03060000017285347,0.3596000075340271,0.188400000333786,0.015399999916553497,0.8762999773025513,0.45170000195503235,0.6051999926567078,0.06719999760389328,0.1404000073671341,0.9832000136375427,0.06889999657869339,0.10620000213384628
ENSG00000128050,Cytoplasm,Nuclear export signal,Soluble,0.7994999885559082,0.37229999899864197,0.03319999948143959,0.22380000352859497,0.2290000021457672,0.021299999207258224,0.13009999692440033,0.08649999648332596,0.22220000624656677,0.10700000077486038,0.35429999232292175,0.0786999985575676,0.210999995470047,0.8744000196456909
ENSG00000128059,Cytoplasm,Nuclear export signal,Soluble,0.7028999924659729,0.46380001306533813,0.019500000402331352,0.07609999924898148,0.24629999697208405,0.15850000083446503,0.3188000023365021,0.29989999532699585,0.2207999974489212,0.06629999727010727,0.4287000000476837,0.09600000083446503,0.1559000015258789,0.8361999988555908
ENSG00000128242,Golgi apparatus,Signal peptide|Transmembrane domain,Transmembrane,0.18080000579357147,0.08299999684095383,0.3828999996185303,0.2522999942302704,0.13490000367164612,0.013399999588727951,0.5139999985694885,0.2797999978065491,0.9036999940872192,0.035100001841783524,0.26809999346733093,0.906499981880188,0.36890000104904175,0.23909999430179596
ENSG00000128268,Golgi apparatus,Signal peptide|Transmembrane domain,Transmembrane,0.18569999933242798,0.0746999979019165,0.46939998865127563,0.1738000065088272,0.11980000138282776,0.010200000368058681,0.3142000138759613,0.24619999527931213,0.9509999752044678,0.022099999710917473,0.24009999632835388,0.9208999872207642,0.2021999955177307,0.2296999990940094
ENSG00000128274,Endoplasmic reticulum|Golgi apparatus,Signal peptide|Transmembrane domain,Transmembrane,0.23119999468326569,0.09690000116825104,0.5138000249862671,0.12929999828338623,0.08789999783039093,0.023800000548362732,0.7010999917984009,0.4074999988079071,0.9363999962806702,0.01080000028014183,0.3052999973297119,0.9157000184059143,0.26809999346733093,0.28859999775886536
ENSG00000128294,Golgi apparatus,Signal peptide|Transmembrane domain,Transmembrane,0.13920000195503235,0.07360000163316727,0.26579999923706055,0.2797999978065491,0.12970000505447388,0.003800000064074993,0.3521000146865845,0.17000000178813934,0.8567000031471252,0.023399999365210533,0.36579999327659607,0.8977000117301941,0.1476999968290329,0.2583000063896179
ENSG00000128309,Cytoplasm|Mitochondrion,,Peripheral|Soluble,0.6008999943733215,0.2791999876499176,0.03759999945759773,0.20319999754428864,0.8205999732017517,0.0003000000142492354,0.15279999375343323,0.29580000042915344,0.07649999856948853,0.04259999841451645,0.6028000116348267,0.07660000026226044,0.275299996137619,0.7382000088691711
ENSG00000128311,Mitochondrion,Mitochondrial transit peptide,Soluble,0.47600001096725464,0.16750000417232513,0.07159999758005142,0.22380000352859497,0.8637999892234802,0.00139999995008111,0.06669999659061432,0.20340000092983246,0.06610000133514404,0.049800001084804535,0.5922999978065491,0.09589999914169312,0.33250001072883606,0.7544999718666077
ENSG00000128524,Cytoplasm|Nucleus,Nuclear localization signal|Nuclear export signal,Peripheral|Soluble,0.6021000146865845,0.5947999954223633,0.13760000467300415,0.19259999692440033,0.18299999833106995,0.046799998730421066,0.11389999836683273,0.38749998807907104,0.16130000352859497,0.09430000185966492,0.7519999742507935,0.01590000092983246,0.36719998717308044,0.7135000228881836
ENSG00000128609,Mitochondrion,Mitochondrial transit peptide,Peripheral,0.16439999639987946,0.08330000191926956,0.013100000098347664,0.04410000145435333,0.9236999750137329,0.00570000009611249,0.02070000022649765,0.08169999718666077,0.13680000603199005,0.01269999984651804,0.7960000038146973,0.16040000319480896,0.13249999284744263,0.32420000433921814
ENSG00000128655,Cytoplasm,Nuclear export signal,Peripheral|Soluble,0.633400022983551,0.38909998536109924,0.029600000008940697,0.3935999870300293,0.131400004029274,0.006000000052154064,0.23749999701976776,0.25519999861717224,0.37459999322891235,0.1136000007390976,0.6380000114440918,0.08190000057220459,0.4325000047683716,0.7957000136375427
ENSG00000128683,Cytoplasm,Nuclear export signal,Soluble,0.7601000070571899,0.3052999973297119,0.022099999710917473,0.35100001096725464,0.15850000083446503,0.0215000007301569,0.29260000586509705,0.18790000677108765,0.336899995803833,0.11670000106096268,0.5128999948501587,0.21299999952316284,0.5353000164031982,0.7236999869346619
ENSG00000128708,Cytoplasm|Nucleus,Nuclear export signal,Soluble,0.5263000130653381,0.7160000205039978,0.055799998342990875,0.07289999723434448,0.2240000069141388,0.009800000116229057,0.11959999799728394,0.15719999372959137,0.20029999315738678,0.02979999966919422,0.24580000340938568,0.14900000393390656,0.2167000025510788,0.8410999774932861
ENSG00000128731,Cytoplasm|Nucleus,Nuclear export signal,Soluble,0.5634999871253967,0.5329999923706055,0.011900000274181366,0.4162999987602234,0.17499999701976776,0.014299999922513962,0.2295999974012375,0.3100000023841858,0.21379999816417694,0.06679999828338623,0.5394999980926514,0.1956000030040741,0.03310000151395798,0.7466999888420105
ENSG00000128918,Cytoplasm,,Soluble,0.7426999807357788,0.3262999951839447,0.01899999938905239,0.36079999804496765,0.12070000171661377,0.058400001376867294,0.21860000491142273,0.16269999742507935,0.03150000050663948,0.19660000503063202,0.30570000410079956,0.13500000536441803,0.20409999787807465,0.7680000066757202
ENSG00000128928,Mitochondrion,Mitochondrial transit peptide,Soluble,0.12439999729394913,0.13439999520778656,0.03310000151395798,0.125900000333786,0.8892999887466431,0.00019999999494757503,0.07819999754428864,0.10920000076293945,0.08649999648332596,0.016200000420212746,0.5906999707221985,0.13019999861717224,0.18619999289512634,0.7178000211715698
ENSG00000128951,Nucleus,Mitochondrial transit peptide,Soluble,0.4133000075817108,0.4828000068664551,0.3490000069141388,0.1046999990940094,0.5857999920845032,0.002099999925121665,0.16859999299049377,0.0940999984741211,0.28439998626708984,0.1574999988079071,0.35530000925064087,0.03849999979138374,0.6832000017166138,0.7621999979019165
ENSG00000129128,Endoplasmic reticulum|Golgi apparatus,Signal peptide|Transmembrane domain,Peripheral|Transmembrane,0.20319999754428864,0.037700001150369644,0.10930000245571136,0.17630000412464142,0.10109999775886536,0.011500000022351742,0.8348000049591064,0.20909999310970306,0.8422999978065491,0.006000000052154064,0.6510999798774719,0.8446000218391418,0.21809999644756317,0.13349999487400055
ENSG00000129151,Cytoplasm,Nuclear export signal,Soluble,0.6909000277519226,0.47620001435279846,0.025699999183416367,0.15469999611377716,0.19979999959468842,0.013399999588727951,0.13179999589920044,0.0982000008225441,0.10869999974966049,0.020500000566244125,0.4553999900817871,0.07620000094175339,0.11959999799728394,0.8496999740600586
ENSG00000129167,Cytoplasm,Nuclear export signal,Soluble,0.7020000219345093,0.296099990606308,0.05079999938607216,0.4147999882698059,0.26350000500679016,0.01889999955892563,0.24089999496936798,0.19619999825954437,0.22280000150203705,0.04749999940395355,0.48739999532699585,0.05510000139474869,0.3257000148296356,0.8352000117301941
ENSG00000129187,Cytoplasm|Nucleus,Nuclear localization signal,Soluble,0.6642000079154968,0.7856000065803528,0.06790000200271606,0.07460000365972519,0.15809999406337738,0.017899999395012856,0.06639999896287918,0.06840000301599503,0.08070000261068344,0.20579999685287476,0.1889999955892563,0.04740000143647194,0.30720001459121704,0.9193999767303467
ENSG00000129204,Cytoplasm,Nuclear export signal,Soluble,0.642300009727478,0.43140000104904175,0.038600001484155655,0.32120001316070557,0.15880000591278076,0.010499999858438969,0.3303000032901764,0.31869998574256897,0.34209999442100525,0.03519999980926514,0.5891000032424927,0.10989999771118164,0.1720000058412552,0.7588000297546387
ENSG00000129219,Cytoplasm|Cell membrane|Lysosome/Vacuole,,Peripheral|Soluble,0.5630999803543091,0.15039999783039093,0.10859999805688858,0.5837000012397766,0.2883000075817108,0.07400000095367432,0.4099999964237213,0.8216000199317932,0.45509999990463257,0.013100000098347664,0.7350000143051147,0.2232999950647354,0.4047999978065491,0.5896999835968018
ENSG00000129244,Cell membrane,Signal peptide|Transmembrane domain,Transmembrane,0.15060000121593475,0.02879999950528145,0.2117999941110611,0.796999990940094,0.09849999845027924,0.00570000009611249,0.4036000072956085,0.36629998683929443,0.5548999905586243,0.0013000000035390258,0.20329999923706055,0.9929999709129333,0.11479999870061874,0.06480000168085098
ENSG00000129353,Cell membrane|Lysosome/Vacuole,Transmembrane domain,Transmembrane,0.21860000491142273,0.053599998354911804,0.04969999939203262,0.8551999926567078,0.14980000257492065,0.0019000000320374966,0.3993000090122223,0.8062999844551086,0.5843999981880188,0.0066999997943639755,0.15119999647140503,0.9970999956130981,0.06530000269412994,0.057999998331069946
ENSG00000129467,Cell membrane,Signal peptide|Transmembrane domain,Transmembrane,0.17110000550746918,0.11500000208616257,0.01119999960064888,0.7365999817848206,0.05700000002980232,0.01360000018030405,0.322299987077713,0.41780000925064087,0.5806999802589417,0.10840000212192535,0.20350000262260437,0.9932000041007996,0.17900000512599945,0.0763000026345253
ENSG00000129484,Nucleus,Nuclear localization signal,Soluble,0.41620001196861267,0.852400004863739,0.11569999903440475,0.06809999793767929,0.19760000705718994,0.012799999676644802,0.053199999034404755,0.022299999371170998,0.03620000183582306,0.004100000020116568,0.3084000051021576,0.03009999915957451,0.27459999918937683,0.9153000116348267
ENSG00000129562,Endoplasmic reticulum|Golgi apparatus,Signal peptide|Transmembrane domain,Transmembrane,0.065700002014637,0.11100000143051147,0.03590000048279762,0.35089999437332153,0.2856000065803528,0.008299999870359898,0.849399983882904,0.5425000190734863,0.8349999785423279,0.04580000042915344,0.12950000166893005,0.9641000032424927,0.09189999848604202,0.10170000046491623
ENSG00000129596,Cytoplasm,Nuclear export signal,Soluble,0.7287999987602234,0.46720001101493835,0.01360000018030405,0.18379999697208405,0.19539999961853027,0.002199999988079071,0.39730000495910645,0.21070000529289246,0.35269999504089355,0.06069999933242798,0.4083999991416931,0.028200000524520874,0.4864000082015991,0.8607000112533569
ENSG00000129673,Cytoplasm|Nucleus,Nuclear localization signal,Soluble,0.6341000199317932,0.7200999855995178,0.06710000336170197,0.08110000193119049,0.3589000105857849,0.009700000286102295,0.051600001752376556,0.11710000038146973,0.07349999994039536,0.029899999499320984,0.2874000072479248,0.1274999976158142,0.13130000233650208,0.8215000033378601
ENSG00000129744,Cell membrane,,Lipid anchor|Soluble,0.16509999334812164,0.07980000227689743,0.44670000672340393,0.6966999769210815,0.15279999375343323,0.0005000000237487257,0.2904999852180481,0.3806000053882599,0.2989000082015991,0.016300000250339508,0.2745000123977661,0.13169999420642853,0.9200000166893005,0.5146999955177307
ENSG00000129873,Nucleus,Nuclear localization signal,Soluble,0.3019999861717224,0.815500020980835,0.049400001764297485,0.10649999976158142,0.08399999886751175,0.04879999905824661,0.07050000131130219,0.019899999722838402,0.03579999879002571,0.10189999639987946,0.3465999960899353,0.05530000105500221,0.35989999771118164,0.8729000091552734
ENSG00000129951,Cell membrane|Endoplasmic reticulum,Signal peptide|Transmembrane domain,Transmembrane,0.11219999939203262,0.045099999755620956,0.08789999783039093,0.6596999764442444,0.14350000023841858,0.03799999877810478,0.6877999901771545,0.34630000591278076,0.47519999742507935,0.01759999990463257,0.06629999727010727,0.9922000169754028,0.3122999966144562,0.11050000041723251
ENSG00000130005,Cytoplasm|Nucleus,Nuclear localization signal,Soluble,0.6396999955177307,0.5564000010490417,0.155799999833107,0.22179999947547913,0.4097000062465668,0.06759999692440033,0.16899999976158142,0.13349999487400055,0.147599995136261,0.11320000141859055,0.44350001215934753,0.19689999520778656,0.3824000060558319,0.7541000247001648
ENSG00000130035,Golgi apparatus,Signal peptide|Transmembrane domain,Transmembrane,0.14159999787807465,0.07810000330209732,0.2718999981880188,0.24220000207424164,0.07410000264644623,0.006300000008195639,0.3343999981880188,0.2272000014781952,0.9395999908447266,0.05920000001788139,0.2786000072956085,0.9171000123023987,0.1695999950170517,0.18000000715255737
ENSG00000130052,Cytoplasm,Nuclear localization signal,Soluble,0.6326000094413757,0.30799999833106995,0.03970000147819519,0.5630000233650208,0.17080000042915344,0.015399999916553497,0.20810000598430634,0.37209999561309814,0.30379998683929443,0.019200000911951065,0.5809999704360962,0.1289999932050705,0.24529999494552612,0.7753999829292297
ENSG00000130055,Cell membrane|Lysosome/Vacuole,Signal peptide|Transmembrane domain,Transmembrane,0.24529999494552612,0.04910000041127205,0.050999999046325684,0.6381000280380249,0.08410000056028366,0.031700000166893005,0.49230000376701355,0.6292999982833862,0.5781999826431274,0.016699999570846558,0.09350000321865082,0.9919000267982483,0.35040000081062317,0.12049999833106995
ENSG00000130066,Cytoplasm|Nucleus,Nuclear export signal,Soluble,0.7422000169754028,0.5020999908447266,0.06300000101327896,0.09650000184774399,0.24169999361038208,0.010300000198185444,0.1826000064611435,0.1624000072479248,0.17980000376701355,0.09290000051259995,0.2874000072479248,0.15790000557899475,0.3449999988079071,0.7791000008583069
ENSG00000130164,Cell membrane|Lysosome/Vacuole,Signal peptide|Transmembrane domain,Transmembrane,0.21719999611377716,0.0925000011920929,0.3091000020503998,0.8195000290870667,0.03290000185370445,0.0066999997943639755,0.30979999899864197,0.6520000100135803,0.4749000072479248,0.0625,0.04830000177025795,0.9035000205039978,0.19830000400543213,0.3734999895095825
ENSG00000130203,Extracellular,Signal peptide,Soluble,0.28119999170303345,0.056699998676776886,0.8608999848365784,0.18129999935626984,0.12929999828338623,0.000699999975040555,0.5665000081062317,0.35600000619888306,0.43220001459121704,0.0010999999940395355,0.4675000011920929,0.10119999945163727,0.4921000003814697,0.7716000080108643
ENSG00000130208,Extracellular,Signal peptide,Soluble,0.06549999862909317,0.0706000030040741,0.9330999851226807,0.11490000039339066,0.05559999868273735,0.00139999995008111,0.2320999950170517,0.21549999713897705,0.12919999659061432,0.00860000029206276,0.2590999901294708,0.3646000027656555,0.09960000216960907,0.6266999840736389
ENSG00000130227,Cytoplasm,Nuclear export signal,Peripheral|Soluble,0.6026999950408936,0.35679998993873596,0.024900000542402267,0.38530001044273376,0.12680000066757202,0.008700000122189522,0.2410999983549118,0.37310001254081726,0.5568000078201294,0.13379999995231628,0.6320000290870667,0.10520000010728836,0.20029999315738678,0.7644000053405762
ENSG00000130234,Cell membrane|Lysosome/Vacuole,Signal peptide|Transmembrane domain,Transmembrane,0.20900000631809235,0.10909999907016754,0.30079999566078186,0.8726000189781189,0.016699999570846558,0.017000000923871994,0.17479999363422394,0.6416000127792358,0.28859999775886536,0.0689999982714653,0.06340000033378601,0.9196000099182129,0.6292999982833862,0.25540000200271606
ENSG00000130304,Endoplasmic reticulum,,Peripheral|Transmembrane,0.2793000042438507,0.1152999997138977,0.11379999667406082,0.5626000165939331,0.4966999888420105,0.013199999928474426,0.7491999864578247,0.18649999797344208,0.31360000371932983,0.49630001187324524,0.8087999820709229,0.7294999957084656,0.5891000032424927,0.24500000476837158
ENSG00000130309,Endoplasmic reticulum,Signal peptide,Peripheral|Soluble,0.21199999749660492,0.11879999935626984,0.49799999594688416,0.375900000333786,0.0949999988079071,0.002099999925121665,0.8123000264167786,0.41370001435279846,0.436599999666214,0.10869999974966049,0.64410001039505,0.14249999821186066,0.2750999927520752,0.7052000164985657
ENSG00000130313,Cytoplasm,Peroxisomal targeting signal,Soluble,0.7734000086784363,0.46779999136924744,0.07980000227689743,0.2092999964952469,0.3425000011920929,0.005499999970197678,0.10920000076293945,0.06300000101327896,0.1444000005722046,0.34940001368522644,0.46459999680519104,0.09130000323057175,0.30709999799728394,0.7784000039100647
ENSG00000130377,Cytoplasm,,Soluble,0.6563000082969666,0.2272000014781952,0.04809999838471413,0.4932999908924103,0.3564000129699707,0.01979999989271164,0.32100000977516174,0.1290999948978424,0.18440000712871552,0.05460000038146973,0.4896000027656555,0.23019999265670776,0.19370000064373016,0.7081000208854675
ENSG00000130383,Golgi apparatus,Signal peptide|Transmembrane domain,Transmembrane,0.15690000355243683,0.10080000013113022,0.48330000042915344,0.2603999972343445,0.06800000369548798,0.009399999864399433,0.4147999882698059,0.21940000355243683,0.8105000257492065,0.03460000082850456,0.2624000012874603,0.8454999923706055,0.11550000309944153,0.3450999855995178
ENSG00000130414,Mitochondrion,Mitochondrial transit peptide,Soluble,0.18240000307559967,0.1265999972820282,0.08829999715089798,0.10199999809265137,0.9567999839782715,0.013700000010430813,0.03550000116229057,0.06840000301599503,0.08489999920129776,0.009200000204145908,0.5485000014305115,0.30730000138282776,0.3531000018119812,0.5414000153541565
ENSG00000130508,Extracellular,Signal peptide,Soluble,0.2159000039100647,0.11339999735355377,0.8227999806404114,0.4320000112056732,0.06880000233650208,0.00839999970048666,0.22269999980926514,0.17389999330043793,0.19830000400543213,0.01590000092983246,0.49219998717308044,0.09279999881982803,0.20679999887943268,0.8147000074386597
ENSG00000130540,Cytoplasm,,Soluble,0.8007000088691711,0.32109999656677246,0.13819999992847443,0.1987999975681305,0.22939999401569366,0.006500000134110451,0.3499999940395355,0.18019999563694,0.21850000321865082,0.016100000590085983,0.3009999990463257,0.13009999692440033,0.24560000002384186,0.7896999716758728
ENSG00000130649,Endoplasmic reticulum,Signal peptide|Transmembrane domain,Peripheral|Transmembrane,0.11089999973773956,0.08259999752044678,0.06120000034570694,0.19750000536441803,0.10570000112056732,0.007499999832361937,0.8738999962806702,0.2460000067949295,0.163100004196167,0.025100000202655792,0.8266000151634216,0.767300009727478,0.2092999964952469,0.15680000185966492
ENSG00000130653,Cell membrane|Endoplasmic reticulum,Signal peptide|Transmembrane domain,Transmembrane,0.31619998812675476,0.19550000131130219,0.048500001430511475,0.6209999918937683,0.18039999902248383,0.04650000110268593,0.619700014591217,0.3871999979019165,0.35929998755455017,0.20200000703334808,0.5049999952316284,0.9298999905586243,0.6144000291824341,0.17980000376701355
ENSG00000130707,Cytoplasm,,Soluble,0.7246000170707703,0.25529998540878296,0.03669999912381172,0.1535000056028366,0.4943999946117401,0.02879999950528145,0.17020000517368317,0.034299999475479126,0.11389999836683273,0.07850000262260437,0.4431999921798706,0.06639999896287918,0.1826000064611435,0.7943000197410583
ENSG00000130714,Endoplasmic reticulum,Signal peptide|Transmembrane domain,Transmembrane,0.11190000176429749,0.08799999952316284,0.03350000083446503,0.3840999901294708,0.21250000596046448,0.00800000037997961,0.885699987411499,0.2329999953508377,0.599399983882904,0.01489999983459711,0.120899997651577,0.9872999787330627,0.10429999977350235,0.13109999895095825
ENSG00000130717,Cytoplasm|Nucleus,Nuclear export signal,Soluble,0.5163000226020813,0.7146000266075134,0.0284000001847744,0.20000000298023224,0.20900000631809235,0.004699999932199717,0.12790000438690186,0.13850000500679016,0.17790000140666962,0.055399999022483826,0.37040001153945923,0.023399999365210533,0.6349999904632568,0.8522999882698059
ENSG00000130725,Cytoplasm,Nuclear export signal,Soluble,0.6506999731063843,0.43849998712539673,0.025599999353289604,0.15649999678134918,0.15850000083446503,0.007799999788403511,0.2840999960899353,0.2492000013589859,0.5346999764442444,0.0142000000923872,0.5771999955177307,0.04729999974370003,0.46639999747276306,0.6862999796867371
ENSG00000130816,Nucleus,Nuclear localization signal,Soluble,0.3840000033378601,0.8919000029563904,0.016200000420212746,0.09009999781847,0.05779999867081642,0.035599999129772186,0.07180000096559525,0.02319999970495701,0.04740000143647194,0.0013000000035390258,0.22619999945163727,0.05389999970793724,0.07890000194311142,0.9192000031471252
ENSG00000130821,Cell membrane,Transmembrane domain,Transmembrane,0.1485999971628189,0.051500000059604645,0.03200000151991844,0.9165999889373779,0.13220000267028809,0.004600000102072954,0.14380000531673431,0.39899998903274536,0.22859999537467957,0.004999999888241291,0.11079999804496765,0.9815000295639038,0.06120000034570694,0.1225999966263771
ENSG00000130822,Cytoplasm,Nuclear export signal,Soluble,0.7368000149726868,0.4007999897003174,0.02759999968111515,0.415800005197525,0.41519999504089355,0.004800000227987766,0.24330000579357147,0.4659000039100647,0.5250999927520752,0.09380000084638596,0.5569000244140625,0.04560000076889992,0.7591999769210815,0.7825000286102295
ENSG00000130876,Cell membrane|Lysosome/Vacuole,Transmembrane domain,Transmembrane,0.15299999713897705,0.055399999022483826,0.024399999529123306,0.680400013923645,0.2206999957561493,0.005400000140070915,0.3695000112056732,0.5960000157356262,0.4535999894142151,0.021700000390410423,0.11789999902248383,0.9850999712944031,0.28459998965263367,0.08060000091791153
ENSG00000130939,Cytoplasm|Nucleus,Nuclear localization signal|Nuclear export signal,Soluble,0.6215999722480774,0.6111000180244446,0.03280000016093254,0.2685000002384186,0.09709999710321426,0.0038999998942017555,0.32260000705718994,0.2987000048160553,0.2054000049829483,0.027499999850988388,0.589900016784668,0.1324000060558319,0.2515000104904175,0.758899986743927
ENSG00000130948,Endoplasmic reticulum,Signal peptide|Transmembrane domain,Peripheral|Transmembrane,0.19249999523162842,0.05700000002980232,0.15710000693798065,0.32120001316070557,0.398499995470047,0.03550000116229057,0.8355000019073486,0.322299987077713,0.3086000084877014,0.03440000116825104,0.6348000168800354,0.9153000116348267,0.29760000109672546,0.15240000188350677
ENSG00000130957,Cytoplasm,Nuclear export signal,Soluble,0.7279999852180481,0.42730000615119934,0.09549999982118607,0.33410000801086426,0.3276999890804291,0.021400000900030136,0.23829999566078186,0.19480000436306,0.3393999934196472,0.05209999904036522,0.48089998960494995,0.05079999938607216,0.22789999842643738,0.8256000280380249
ENSG00000130958,Golgi apparatus,Signal peptide|Transmembrane domain,Transmembrane,0.0885000005364418,0.10249999910593033,0.03310000151395798,0.2865000069141388,0.17139999568462372,0.010400000028312206,0.4700999855995178,0.2483000010251999,0.8758000135421753,0.125,0.10989999771118164,0.9815000295639038,0.193900004029274,0.08150000125169754
ENSG00000130985,Cytoplasm|Nucleus,Nuclear localization signal,Soluble,0.5170999765396118,0.7706999778747559,0.09730000048875809,0.09679999947547913,0.23420000076293945,0.004600000102072954,0.0949999988079071,0.17239999771118164,0.1462000012397766,0.0284000001847744,0.5152999758720398,0.08799999952316284,0.18469999730587006,0.8170999884605408
ENSG00000130988,Cytoplasm,Nuclear export signal,Soluble,0.7739999890327454,0.45350000262260437,0.08879999816417694,0.3246999979019165,0.29269999265670776,0.02459999918937683,0.3346000015735626,0.21580000221729279,0.14900000393390656,0.19550000131130219,0.35019999742507935,0.08380000293254852,0.21070000529289246,0.7874000072479248
ENSG00000130997,Nucleus,,Soluble,0.4097000062465668,0.7275000214576721,0.03610000014305115,0.050599999725818634,0.22169999778270721,0.014600000344216824,0.07010000199079514,0.050700001418590546,0.06889999657869339,0.2092999964952469,0.20499999821186066,0.09880000352859497,0.23000000417232513,0.9038000106811523
ENSG00000131013,Nucleus,Nuclear localization signal,Soluble,0.3059000074863434,0.8995000123977661,0.08889999985694885,0.11829999834299088,0.0478999987244606,0.00279999990016222,0.1469999998807907,0.04010000079870224,0.07169999927282333,0.007899999618530273,0.22169999778270721,0.05620000138878822,0.21310000121593475,0.8986999988555908
ENSG00000131055,Mitochondrion,Mitochondrial transit peptide,Transmembrane,0.2093999981880188,0.05700000002980232,0.010099999606609344,0.0828000009059906,0.9241999983787537,0.0052999998442828655,0.25200000405311584,0.07119999825954437,0.09139999747276306,0.012500000186264515,0.28999999165534973,0.9506999850273132,0.05270000174641609,0.11599999666213989
ENSG00000131067,Cell membrane|Lysosome/Vacuole,Signal peptide|Transmembrane domain,Transmembrane,0.11339999735355377,0.1858000010251999,0.09350000321865082,0.666700005531311,0.020800000056624413,0.00930000003427267,0.4415999948978424,0.5848000049591064,0.4771000146865845,0.01590000092983246,0.1809999942779541,0.9567000269889832,0.7749999761581421,0.19339999556541443
ENSG00000131069,Cytoplasm,,Soluble,0.6402000188827515,0.36340001225471497,0.09690000116825104,0.30489999055862427,0.37709999084472656,0.0019000000320374966,0.22920000553131104,0.34779998660087585,0.21369999647140503,0.3968999981880188,0.5,0.18119999766349792,0.24860000610351562,0.7738000154495239
ENSG00000131100,Cytoplasm,Nuclear export signal,Peripheral|Soluble,0.5982000231742859,0.3086000084877014,0.03880000114440918,0.20579999685287476,0.3765999972820282,0.033399999141693115,0.2029000073671341,0.4198000133037567,0.3050000071525574,0.05920000001788139,0.7433000206947327,0.025800000876188278,0.5034000277519226,0.574400007724762
ENSG00000131143,Mitochondrion,Mitochondrial transit peptide,Transmembrane,0.13099999725818634,0.03669999912381172,0.009999999776482582,0.06849999725818634,0.9467999935150146,0.01860000006854534,0.18970000743865967,0.04410000145435333,0.07039999961853027,0.013399999588727951,0.22380000352859497,0.9355000257492065,0.02810000069439411,0.13850000500679016
ENSG00000131174,Mitochondrion,Mitochondrial transit peptide,Transmembrane,0.06650000065565109,0.040699999779462814,0.05590000003576279,0.07400000095367432,0.9405999779701233,0.008299999870359898,0.02930000051856041,0.02459999918937683,0.0421999990940094,0.006000000052154064,0.23019999265670776,0.9800000190734863,0.026100000366568565,0.09719999879598618
ENSG00000131183,Cell membrane,Transmembrane domain,Transmembrane,0.11959999799728394,0.0421999990940094,0.022199999541044235,0.829800009727478,0.23229999840259552,0.004600000102072954,0.47839999198913574,0.477400004863739,0.49559998512268066,0.013000000268220901,0.20970000326633453,0.9757999777793884,0.28450000286102295,0.10140000283718109
ENSG00000131203,Cytoplasm,Nuclear export signal,Soluble,0.8004999756813049,0.39309999346733093,0.09120000153779984,0.12700000405311584,0.26840001344680786,0.006300000008195639,0.19979999959468842,0.1468999981880188,0.11789999902248383,0.045499999076128006,0.3813999891281128,0.1527000069618225,0.06340000033378601,0.8526999950408936
ENSG00000131238,Extracellular,Signal peptide,Soluble,0.19030000269412994,0.06459999829530716,0.8036999702453613,0.2289000004529953,0.12349999696016312,0.0003000000142492354,0.4772000014781952,0.5436000227928162,0.323199987411499,0.001500000013038516,0.47099998593330383,0.1137000024318695,0.1712000072002411,0.7842000126838684
ENSG00000131373,Peroxisome,Peroxisomal targeting signal,Soluble,0.2678999900817871,0.06809999793767929,0.028999999165534973,0.22619999945163727,0.10620000213384628,0.006000000052154064,0.22869999706745148,0.13050000369548798,0.10670000314712524,0.9837999939918518,0.45750001072883606,0.14659999310970306,0.21739999949932098,0.7458999752998352
ENSG00000131386,Golgi apparatus,Signal peptide|Transmembrane domain,Transmembrane,0.21250000596046448,0.11710000038146973,0.22200000286102295,0.2484000027179718,0.08780000358819962,0.003800000064074993,0.4674000144004822,0.28790000081062317,0.9254000186920166,0.03099999949336052,0.3111000061035156,0.9211999773979187,0.18440000712871552,0.23070000112056732
ENSG00000131389,Cell membrane,Transmembrane domain,Transmembrane,0.13750000298023224,0.043800000101327896,0.020999999716877937,0.9266999959945679,0.11699999868869781,0.004900000058114529,0.18960000574588776,0.43470001220703125,0.2468000054359436,0.0071000000461936,0.10100000351667404,0.9797999858856201,0.0478999987244606,0.12639999389648438
ENSG00000131446,Golgi apparatus,Signal peptide|Transmembrane domain,Transmembrane,0.14550000429153442,0.08810000121593475,0.40450000762939453,0.2648000121116638,0.10369999706745148,0.002899999963119626,0.4715000092983246,0.1923000067472458,0.9289000034332275,0.03819999843835831,0.35749998688697815,0.8359000086784363,0.2522999942302704,0.32409998774528503
ENSG00000131459,Cytoplasm,Nuclear export signal,Soluble,0.7318000197410583,0.3028999865055084,0.03319999948143959,0.241799995303154,0.16439999639987946,0.07079999893903732,0.23350000381469727,0.2944999933242798,0.4237000048160553,0.07810000330209732,0.5169000029563904,0.120899997651577,0.28029999136924744,0.8122000098228455
ENSG00000131471,Cell membrane,Signal peptide|Transmembrane domain,Transmembrane,0.30309998989105225,0.11129999905824661,0.29589998722076416,0.8321999907493591,0.028999999165534973,0.0012000000569969416,0.27160000801086426,0.5195000171661377,0.436599999666214,0.025100000202655792,0.3336000144481659,0.8345999717712402,0.39160001277923584,0.34369999170303345
ENSG00000131473,Cytoplasm,Peroxisomal targeting signal,Peripheral|Soluble,0.6699000000953674,0.20419999957084656,0.049400001764297485,0.3587000072002411,0.2766999900341034,0.02370000071823597,0.20239999890327454,0.23669999837875366,0.19020000100135803,0.2134000062942505,0.6521000266075134,0.08060000091791153,0.1800999939441681,0.7750999927520752
ENSG00000131480,Cell membrane,Signal peptide|Transmembrane domain,Transmembrane,0.29649999737739563,0.1054999977350235,0.2506999969482422,0.7027999758720398,0.04479999840259552,0.0015999999595806003,0.4300999939441681,0.4390000104904175,0.5432999730110168,0.023000000044703484,0.4417000114917755,0.7731000185012817,0.2946000099182129,0.3864000141620636
ENSG00000131482,Endoplasmic reticulum,Signal peptide|Transmembrane domain,Transmembrane,0.10540000349283218,0.09679999947547913,0.02879999950528145,0.2199999988079071,0.25270000100135803,0.02250000089406967,0.8896999955177307,0.2896000146865845,0.38839998841285706,0.01720000058412552,0.06700000166893005,0.9904999732971191,0.09709999710321426,0.13670000433921814
ENSG00000131495,Mitochondrion,Mitochondrial transit peptide,Peripheral|Soluble,0.10189999639987946,0.16539999842643738,0.017100000753998756,0.15240000188350677,0.9254000186920166,0.015200000256299973,0.01510000042617321,0.04259999841451645,0.01979999989271164,0.011500000022351742,0.6177999973297119,0.0803999975323677,0.11020000278949738,0.5943999886512756
ENSG00000131508,Cytoplasm|Nucleus,Nuclear export signal,Soluble,0.5857999920845032,0.5090000033378601,0.04529999941587448,0.25099998712539673,0.1467999964952469,0.00139999995008111,0.2069000005722046,0.08649999648332596,0.305400013923645,0.13050000369548798,0.5220000147819519,0.034299999475479126,0.2782999873161316,0.7955999970436096
ENSG00000131653,Cytoplasm,Nuclear export signal,Soluble,0.7260000109672546,0.37770000100135803,0.07000000029802322,0.30070000886917114,0.12479999661445618,0.00559999980032444,0.23909999430179596,0.4724000096321106,0.3449999988079071,0.011599999852478504,0.5727999806404114,0.08560000360012054,0.31540000438690186,0.8137999773025513
ENSG00000131686,Extracellular,Signal peptide,Soluble,0.1876000016927719,0.07079999893903732,0.8141999840736389,0.25110000371932983,0.08229999989271164,0.0031999999191612005,0.33489999175071716,0.4837000072002411,0.22990000247955322,0.0017000000225380063,0.3878999948501587,0.06669999659061432,0.35370001196861267,0.7968999743461609
ENSG00000131730,Mitochondrion,Mitochondrial transit peptide,Soluble,0.351500004529953,0.10339999943971634,0.061400000005960464,0.15880000591278076,0.8902000188827515,0.0502999983727932,0.10949999839067459,0.10209999978542328,0.20190000534057617,0.2547000050544739,0.49399998784065247,0.36629998683929443,0.26649999618530273,0.49470001459121704
ENSG00000131748,Golgi apparatus,Signal peptide|Transmembrane domain,Transmembrane,0.18610000610351562,0.12759999930858612,0.03269999846816063,0.5464000105857849,0.11590000241994858,0.01080000028014183,0.5702000260353088,0.5163000226020813,0.6725000143051147,0.05460000038146973,0.10360000282526016,0.9896000027656555,0.13660000264644623,0.12359999865293503
ENSG00000131781,Endoplasmic reticulum,Signal peptide|Transmembrane domain,Transmembrane,0.21960000693798065,0.19050000607967377,0.07769999653100967,0.3345000147819519,0.28610000014305115,0.01590000092983246,0.8508999943733215,0.2248000055551529,0.3684000074863434,0.059300001710653305,0.4287000000476837,0.699999988079071,0.5192000269889832,0.2962000072002411
ENSG00000131828,Mitochondrion,Mitochondrial transit peptide,Soluble,0.11500000208616257,0.09880000352859497,0.037300001829862595,0.12060000002384186,0.8902999758720398,0.008899999782443047,0.06589999794960022,0.04470000043511391,0.06669999659061432,0.029200000688433647,0.5965999960899353,0.0786999985575676,0.16019999980926514,0.6967999935150146
ENSG00000131844,Mitochondrion,Mitochondrial transit peptide,Soluble,0.2240999937057495,0.14419999718666077,0.023499999195337296,0.1509000062942505,0.9129999876022339,0.00019999999494757503,0.14900000393390656,0.1517000049352646,0.08529999852180481,0.022099999710917473,0.5421000123023987,0.1728000044822693,0.18700000643730164,0.6869999766349792
ENSG00000131864,Nucleus,Nuclear localization signal,Soluble,0.4207000136375427,0.8597000241279602,0.035599999129772186,0.056299999356269836,0.09030000120401382,0.005200000014156103,0.08169999718666077,0.03840000182390213,0.08659999817609787,0.023800000548362732,0.24789999425411224,0.09920000284910202,0.13619999587535858,0.9046000242233276
ENSG00000131873,Golgi apparatus,Signal peptide,Transmembrane,0.14000000059604645,0.11159999668598175,0.5809999704360962,0.24449999630451202,0.12139999866485596,0.017000000923871994,0.40610000491142273,0.19140000641345978,0.8012999892234802,0.032999999821186066,0.5332000255584717,0.8654999732971191,0.163100004196167,0.2282000035047531
ENSG00000131979,Cytoplasm|Nucleus,Nuclear export signal,Soluble,0.593999981880188,0.6438999772071838,0.06689999997615814,0.07169999927282333,0.2919999957084656,0.019600000232458115,0.16259999573230743,0.19589999318122864,0.263700008392334,0.13609999418258667,0.39739999175071716,0.07280000299215317,0.41929998993873596,0.8511000275611877
ENSG00000132164,Cell membrane,Transmembrane domain,Transmembrane,0.14319999516010284,0.04699999839067459,0.031599998474121094,0.9157999753952026,0.15610000491142273,0.00430000014603138,0.1826000064611435,0.4278999865055084,0.22349999845027924,0.006200000178068876,0.0860000029206276,0.9861999750137329,0.04430000111460686,0.11749999970197678
ENSG00000132182,Cell membrane,Signal peptide|Transmembrane domain,Transmembrane,0.2459000051021576,0.36970001459121704,0.0860000029206276,0.5805000066757202,0.05810000002384186,0.008500000461935997,0.49900001287460327,0.25760000944137573,0.4447000026702881,0.04019999876618385,0.10130000114440918,0.9686999917030334,0.43380001187324524,0.19200000166893005
ENSG00000132196,Cytoplasm,,Peripheral,0.6507999897003174,0.25519999861717224,0.07209999859333038,0.2994999885559082,0.5734999775886536,0.03840000182390213,0.427700012922287,0.18240000307559967,0.5042999982833862,0.020400000736117363,0.6884999871253967,0.49889999628067017,0.6004999876022339,0.45239999890327454
ENSG00000132256,Cytoplasm,Nuclear export signal,Soluble,0.7089999914169312,0.3481000065803528,0.14110000431537628,0.1290999948978424,0.17669999599456787,0.006000000052154064,0.17990000545978546,0.38510000705718994,0.24959999322891235,0.02160000056028366,0.2892000079154968,0.11230000108480453,0.16920000314712524,0.8309999704360962
ENSG00000132330,Cytoplasm,Nuclear export signal,Soluble,0.7688000202178955,0.44269999861717224,0.10220000147819519,0.21220000088214874,0.4948999881744385,0.003800000064074993,0.1500999927520752,0.19910000264644623,0.2847999930381775,0.020400000736117363,0.3634999990463257,0.12729999423027039,0.4325999915599823,0.8428999781608582
ENSG00000132376,Cytoplasm|Nucleus,Nuclear export signal,Soluble,0.6370999813079834,0.536899983882904,0.1517000049352646,0.33809998631477356,0.16179999709129333,0.004699999932199717,0.2856000065803528,0.4675999879837036,0.413100004196167,0.02539999969303608,0.5149999856948853,0.06700000166893005,0.3578999936580658,0.847000002861023
ENSG00000132388,Cytoplasm,Nuclear export signal,Soluble,0.727400004863739,0.4341000020503998,0.08720000088214874,0.18539999425411224,0.1679999977350235,0.004900000058114529,0.2410999983549118,0.2856999933719635,0.3921000063419342,0.08209999650716782,0.542900025844574,0.024900000542402267,0.23649999499320984,0.8367000222206116
ENSG00000132423,Mitochondrion,Mitochondrial transit peptide,Peripheral|Soluble,0.1462000012397766,0.16099999845027924,0.03480000048875809,0.054499998688697815,0.9307000041007996,0.01940000057220459,0.11990000307559967,0.023900000378489494,0.12439999729394913,0.04989999905228615,0.7063999772071838,0.2865000069141388,0.23360000550746918,0.6154000163078308
ENSG00000132437,Cytoplasm,Nuclear export signal,Soluble,0.7860000133514404,0.2754000127315521,0.04619999974966049,0.3068000078201294,0.3912999927997589,0.02410000003874302,0.2295999974012375,0.16140000522136688,0.3107999861240387,0.04230000078678131,0.4796999990940094,0.13019999861717224,0.2639999985694885,0.7857999801635742
ENSG00000132517,Cell membrane,Signal peptide|Transmembrane domain,Transmembrane,0.11100000143051147,0.05460000038146973,0.10100000351667404,0.7099000215530396,0.1412000060081482,0.009999999776482582,0.45739999413490295,0.5418999791145325,0.5098999738693237,0.08940000087022781,0.0706000030040741,0.9902999997138977,0.1932000070810318,0.10140000283718109
ENSG00000132518,Cell membrane|Lysosome/Vacuole,Signal peptide|Transmembrane domain,Transmembrane,0.26499998569488525,0.11580000072717667,0.1014999970793724,0.7315000295639038,0.07930000126361847,0.011099999770522118,0.37040001153945923,0.5985999703407288,0.34130001068115234,0.030400000512599945,0.1639000028371811,0.9402999877929688,0.47769999504089355,0.12720000743865967
ENSG00000132570,Mitochondrion,Mitochondrial transit peptide,Soluble,0.25529998540878296,0.2662000060081482,0.07900000363588333,0.11249999701976776,0.8629999756813049,0.0019000000320374966,0.05169999971985817,0.06310000270605087,0.1143999993801117,0.011800000444054604,0.5683000087738037,0.09130000323057175,0.21899999678134918,0.7483999729156494
ENSG00000132664,Cytoplasm|Nucleus,Nuclear export signal,Soluble,0.48069998621940613,0.7888000011444092,0.0406000018119812,0.065700002014637,0.1860000044107437,0.01549999974668026,0.1695999950170517,0.23160000145435333,0.16359999775886536,0.032499998807907104,0.3107999861240387,0.10949999839067459,0.2468000054359436,0.6833000183105469
ENSG00000132677,Cell membrane,Signal peptide|Transmembrane domain,Transmembrane,0.10040000081062317,0.05719999969005585,0.07490000128746033,0.7020999789237976,0.08919999748468399,0.015200000256299973,0.5242000222206116,0.5753999948501587,0.5892000198364258,0.01510000042617321,0.056299999356269836,0.9887999892234802,0.16519999504089355,0.11909999698400497
ENSG00000132681,Cell membrane,Transmembrane domain,Transmembrane,0.2013999968767166,0.0949999988079071,0.014399999752640724,0.7936999797821045,0.16220000386238098,0.007199999876320362,0.48339998722076416,0.5097000002861023,0.42100000381469727,0.012900000438094139,0.16830000281333923,0.9509000182151794,0.1379999965429306,0.1597999930381775
ENSG00000132744,Cytoplasm|Nucleus,Nuclear export signal,Soluble,0.7396000027656555,0.5871999859809875,0.12479999661445618,0.2410999983549118,0.37070000171661377,0.00800000037997961,0.1527000069618225,0.17479999363422394,0.19110000133514404,0.09279999881982803,0.47999998927116394,0.07810000330209732,0.6097000241279602,0.8513000011444092
ENSG00000132746,Cell membrane,,Peripheral|Lipid anchor,0.36090001463890076,0.2483000010251999,0.03220000118017197,0.6956999897956848,0.2896000146865845,0.026499999687075615,0.4465999901294708,0.2770000100135803,0.3021000027656555,0.09019999951124191,0.6751000285148621,0.24369999766349792,0.8870000243186951,0.3188000023365021
ENSG00000132793,Cytoplasm,Nuclear localization signal,Peripheral|Soluble,0.6754999756813049,0.3894999921321869,0.0689999982714653,0.3785000145435333,0.36469998955726624,0.008899999782443047,0.34619998931884766,0.47380000352859497,0.3677999973297119,0.01590000092983246,0.7860999703407288,0.07289999723434448,0.33090001344680786,0.7221999764442444
ENSG00000132837,Mitochondrion,Mitochondrial transit peptide,Peripheral|Soluble,0.3294000029563904,0.14419999718666077,0.05510000139474869,0.10999999940395355,0.7777000069618225,0.0027000000700354576,0.14470000565052032,0.12540000677108765,0.10729999840259552,0.062300000339746475,0.6590999960899353,0.15320000052452087,0.07429999858140945,0.7491999864578247
ENSG00000132840,Cytoplasm,,Soluble,0.824999988079071,0.2745000123977661,0.07440000027418137,0.2750000059604645,0.36730000376701355,0.023000000044703484,0.33230000734329224,0.29260000586509705,0.241799995303154,0.03240000084042549,0.4884999990463257,0.08009999990463257,0.19050000607967377,0.7633000016212463
ENSG00000132874,Cell membrane,Transmembrane domain,Transmembrane,0.1979999989271164,0.13670000433921814,0.03889999911189079,0.7414000034332275,0.1995999962091446,0.08609999716281891,0.38029998540878296,0.492900013923645,0.303600013256073,0.11670000106096268,0.19480000436306,0.9883000254631042,0.10649999976158142,0.1265999972820282
ENSG00000132915,Cytoplasm|Cell membrane,,Peripheral|Lipid anchor|Soluble,0.498199999332428,0.23240000009536743,0.04190000146627426,0.6050000190734863,0.15520000457763672,0.01810000091791153,0.3181000053882599,0.302700012922287,0.42969998717308044,0.04800000041723251,0.6182000041007996,0.10360000282526016,0.8453999757766724,0.6365000009536743
ENSG00000132958,Cell membrane,Transmembrane domain,Transmembrane,0.1746000051498413,0.10019999742507935,0.04879999905824661,0.656499981880188,0.09570000320672989,0.04859999939799309,0.45660001039505005,0.4733000099658966,0.3257000148296356,0.07819999754428864,0.06610000133514404,0.9796000123023987,0.18219999969005585,0.15839999914169312
ENSG00000133027,Endoplasmic reticulum,,Transmembrane,0.1362999975681305,0.17669999599456787,0.0640999972820282,0.17910000681877136,0.2484000027179718,0.11900000274181366,0.8729000091552734,0.24639999866485596,0.25049999356269836,0.02969999983906746,0.06440000236034393,0.9930999875068665,0.0421999990940094,0.12020000070333481
ENSG00000133056,Cytoplasm|Lysosome/Vacuole,Nuclear localization signal,Peripheral|Soluble,0.564300000667572,0.35429999232292175,0.06069999933242798,0.5400000214576721,0.09870000183582306,0.0340999998152256,0.45100000500679016,0.6437000036239624,0.37610000371932983,0.014600000344216824,0.7469000220298767,0.04540000110864639,0.20810000598430634,0.8122000098228455
ENSG00000133063,Extracellular,Signal peptide,Soluble,0.17649999260902405,0.07000000029802322,0.9276000261306763,0.22450000047683716,0.07930000126361847,0.0008999999845400453,0.3273000121116638,0.28060001134872437,0.1356000006198883,0.0006000000284984708,0.29339998960494995,0.016499999910593033,0.30410000681877136,0.9337999820709229
ENSG00000133065,Cell membrane|Lysosome/Vacuole,Transmembrane domain,Transmembrane,0.11169999837875366,0.09679999947547913,0.01940000057220459,0.8041999936103821,0.3416000008583069,0.00860000029206276,0.38260000944137573,0.6938999891281128,0.47519999742507935,0.034299999475479126,0.09009999781847,0.979200005531311,0.17470000684261322,0.11270000040531158
ENSG00000133116,Cell membrane|Lysosome/Vacuole,Signal peptide|Transmembrane domain,Transmembrane,0.22110000252723694,0.07859999686479568,0.2678000032901764,0.7386000156402588,0.03229999914765358,0.007499999832361937,0.21860000491142273,0.671999990940094,0.557200014591217,0.05249999836087227,0.13330000638961792,0.9021000266075134,0.6172999739646912,0.263700008392334
ENSG00000133121,Cytoplasm,Nuclear export signal,Soluble,0.6610999703407288,0.2881999909877777,0.03229999914765358,0.5313000082969666,0.18870000541210175,0.026900000870227814,0.16699999570846558,0.4357999861240387,0.33399999141693115,0.023600000888109207,0.5557000041007996,0.10320000350475311,0.18160000443458557,0.7795000076293945
ENSG00000133135,Lysosome/Vacuole,Signal peptide|Transmembrane domain,Transmembrane,0.17219999432563782,0.10159999877214432,0.04129999876022339,0.4959000051021576,0.03709999844431877,0.03550000116229057,0.550599992275238,0.7242000102996826,0.45489999651908875,0.03480000048875809,0.0763000026345253,0.9843999743461609,0.22010000050067902,0.1363999992609024
ENSG00000133247,Nucleus,Nuclear localization signal,Soluble,0.43320000171661377,0.8136000037193298,0.05700000002980232,0.1356000006198883,0.1931000053882599,0.003100000089034438,0.1412999927997589,0.05339999869465828,0.057500001043081284,0.022700000554323196,0.3806999921798706,0.12540000677108765,0.23839999735355377,0.8219000101089478
ENSG00000133256,Cell membrane,,Lipid anchor|Soluble,0.45159998536109924,0.22579999268054962,0.03229999914765358,0.6565999984741211,0.219200000166893,0.01209999993443489,0.34630000591278076,0.28850001096725464,0.4602000117301941,0.05979999899864197,0.5619000196456909,0.10499999672174454,0.9153000116348267,0.6432999968528748
ENSG00000133275,Cell membrane,Nuclear localization signal,Lipid anchor,0.46650001406669617,0.413100004196167,0.048500001430511475,0.7583000063896179,0.14390000700950623,0.0026000000070780516,0.14509999752044678,0.2370000034570694,0.23409999907016754,0.0066999997943639755,0.46320000290870667,0.1429000049829483,0.9502999782562256,0.4334000051021576
ENSG00000133313,Cytoplasm,Nuclear export signal,Soluble,0.8127999901771545,0.2937999963760376,0.07840000092983246,0.19689999520778656,0.2549999952316284,0.013299999758601189,0.2574000060558319,0.23549999296665192,0.22059999406337738,0.04439999908208847,0.40389999747276306,0.10819999873638153,0.2547000050544739,0.8202000260353088
ENSG00000133315,Mitochondrion,Mitochondrial transit peptide,Soluble,0.30219998955726624,0.335099995136261,0.1615999937057495,0.11110000312328339,0.9043999910354614,0.0020000000949949026,0.06809999793767929,0.07500000298023224,0.18860000371932983,0.06639999896287918,0.5389999747276306,0.06939999759197235,0.2770000100135803,0.807699978351593
ENSG00000133328,Cytoplasm,Peroxisomal targeting signal,Transmembrane,0.4595000147819519,0.34369999170303345,0.27709999680519104,0.21940000355243683,0.5812000036239624,0.3346000015735626,0.20110000669956207,0.1768999993801117,0.19499999284744263,0.5458999872207642,0.2037999927997589,0.7807000279426575,0.5460000038146973,0.3783000111579895
ENSG00000133433,Cytoplasm,Nuclear export signal,Soluble,0.7680000066757202,0.33340001106262207,0.2037999927997589,0.2272000014781952,0.28619998693466187,0.01140000019222498,0.2782999873161316,0.23919999599456787,0.3409999907016754,0.3131999969482422,0.48989999294281006,0.22169999778270721,0.27559998631477356,0.7210000157356262
ENSG00000133460,Cell membrane,Transmembrane domain,Transmembrane,0.18850000202655792,0.07909999787807465,0.07989999651908875,0.7735999822616577,0.24480000138282776,0.004399999976158142,0.29739999771118164,0.27720001339912415,0.27469998598098755,0.04879999905824661,0.12939999997615814,0.9764999747276306,0.24860000610351562,0.12639999389648438
ENSG00000133606,Cytoplasm|Nucleus,Nuclear export signal,Soluble,0.6207000017166138,0.7021999955177307,0.09880000352859497,0.09860000014305115,0.1589999943971634,0.008999999612569809,0.1859000027179718,0.039500001817941666,0.09610000252723694,0.09229999780654907,0.10830000042915344,0.07289999723434448,0.09440000355243683,0.9107000231742859
ENSG00000133706,Cytoplasm,Nuclear localization signal,Soluble,0.6876000165939331,0.41909998655319214,0.07609999924898148,0.24009999632835388,0.38089999556541443,0.013899999670684338,0.22769999504089355,0.07810000330209732,0.10809999704360962,0.0568000003695488,0.3456000089645386,0.18400000035762787,0.07339999824762344,0.8093000054359436
ENSG00000133731,Cytoplasm,Nuclear export signal,Soluble,0.8339999914169312,0.4738999903202057,0.07240000367164612,0.1542000025510788,0.4203999936580658,0.029600000008940697,0.19419999420642853,0.08299999684095383,0.14169999957084656,0.04149999842047691,0.27889999747276306,0.07180000096559525,0.26989999413490295,0.8589000105857849
ENSG00000133742,Cytoplasm,,Soluble,0.7738999724388123,0.32519999146461487,0.49720001220703125,0.17440000176429749,0.042399998754262924,0.031099999323487282,0.15960000455379486,0.15729999542236328,0.09589999914169312,0.01640000008046627,0.4733999967575073,0.013500000350177288,0.2037000060081482,0.902899980545044
ENSG00000133805,Cytoplasm,Nuclear export signal,Soluble,0.6421999931335449,0.3628000020980835,0.027400000020861626,0.20229999721050262,0.22220000624656677,0.014800000004470348,0.14630000293254852,0.3382999897003174,0.3109999895095825,0.018400000408291817,0.5715000033378601,0.09300000220537186,0.09860000014305115,0.781499981880188
ENSG00000133835,Peroxisome,Peroxisomal targeting signal,Soluble,0.37139999866485596,0.22450000047683716,0.020999999716877937,0.14730000495910645,0.09200000017881393,0.01209999993443489,0.1331000030040741,0.14810000360012054,0.19920000433921814,0.8863999843597412,0.5910000205039978,0.08950000256299973,0.13099999725818634,0.7028999924659729
ENSG00000134013,Extracellular,Signal peptide,Soluble,0.19020000100135803,0.1371999979019165,0.7879999876022339,0.3215999901294708,0.06239999830722809,0.004699999932199717,0.35179999470710754,0.33730000257492065,0.2572000026702881,0.004699999932199717,0.36090001463890076,0.052299998700618744,0.12150000035762787,0.8838000297546387
ENSG00000134184,Cytoplasm,Nuclear localization signal,Soluble,0.8628000020980835,0.18629999458789825,0.25519999861717224,0.36980000138282776,0.2660999894142151,0.0066999997943639755,0.4203999936580658,0.15459999442100525,0.2815999984741211,0.14910000562667847,0.4025000035762787,0.09600000083446503,0.16339999437332153,0.7839000225067139
ENSG00000134201,Cytoplasm,,Soluble,0.849399983882904,0.22470000386238098,0.23849999904632568,0.2572000026702881,0.33480000495910645,0.003599999938160181,0.38350000977516174,0.1136000007390976,0.18960000574588776,0.21170000731945038,0.4074000120162964,0.1378999948501587,0.28790000081062317,0.6998999714851379
ENSG00000134202,Cytoplasm,,Soluble,0.8709999918937683,0.18610000610351562,0.2304999977350235,0.3095000088214874,0.30570000410079956,0.006399999838322401,0.310699999332428,0.19470000267028809,0.33660000562667847,0.12349999696016312,0.34459999203681946,0.07029999792575836,0.260699987411499,0.8080999851226807
ENSG00000134216,Extracellular,Signal peptide,Soluble,0.16009999811649323,0.040800001472234726,0.9487000107765198,0.17919999361038208,0.03150000050663948,0.000699999975040555,0.22550000250339508,0.23000000417232513,0.08900000154972076,0.0010999999940395355,0.22939999401569366,0.01549999974668026,0.2892000079154968,0.932200014591217
ENSG00000134240,Mitochondrion,Mitochondrial transit peptide,Soluble,0.3582000136375427,0.18389999866485596,0.04839999973773956,0.1363999992609024,0.8763999938964844,0.06629999727010727,0.12330000102519989,0.13249999284744263,0.18080000579357147,0.2070000022649765,0.5006999969482422,0.07460000365972519,0.28529998660087585,0.8029999732971191
ENSG00000134255,Endoplasmic reticulum,Transmembrane domain,Transmembrane,0.0658000037074089,0.2117999941110611,0.014600000344216824,0.49380001425743103,0.3296999931335449,0.012199999764561653,0.8023999929428101,0.25279998779296875,0.5026999711990356,0.02290000021457672,0.08820000290870667,0.9872000217437744,0.06689999997615814,0.09570000320672989
ENSG00000134285,Endoplasmic reticulum,Signal peptide|Transmembrane domain,Transmembrane,0.16380000114440918,0.16740000247955322,0.03799999877810478,0.24529999494552612,0.20759999752044678,0.02889999933540821,0.8684999942779541,0.2282000035047531,0.38600000739097595,0.04740000143647194,0.10869999974966049,0.972599983215332,0.2069000005722046,0.11110000312328339
ENSG00000134294,Cell membrane|Lysosome/Vacuole,Transmembrane domain,Transmembrane,0.13619999587535858,0.03539999946951866,0.020099999383091927,0.7774999737739563,0.10599999874830246,0.010400000028312206,0.2500999867916107,0.6208999752998352,0.4147999882698059,0.02019999921321869,0.04430000111460686,0.9901000261306763,0.12880000472068787,0.07810000330209732
ENSG00000134324,Cytoplasm,Nuclear localization signal,Peripheral|Soluble,0.6642000079154968,0.4189000129699707,0.07609999924898148,0.3702000081539154,0.36730000376701355,0.010900000110268593,0.375,0.4675000011920929,0.37459999322891235,0.022700000554323196,0.7041000127792358,0.06840000301599503,0.32199999690055847,0.7253999710083008
ENSG00000134326,Mitochondrion,Mitochondrial transit peptide,Soluble,0.3434999883174896,0.2669999897480011,0.09679999947547913,0.14350000023841858,0.9050999879837036,0.0031999999191612005,0.08959999680519104,0.11190000176429749,0.13199999928474426,0.017100000753998756,0.41339999437332153,0.1542000025510788,0.18889999389648438,0.8263999819755554
ENSG00000134333,Cytoplasm,Nuclear export signal,Soluble,0.7947999835014343,0.27570000290870667,0.04800000041723251,0.25519999861717224,0.22020000219345093,0.0215000007301569,0.1428000032901764,0.133200004696846,0.18410000205039978,0.1932000070810318,0.40400001406669617,0.10050000250339508,0.5805000066757202,0.7857000231742859
ENSG00000134440,Cytoplasm,Nuclear localization signal|Nuclear export signal,Soluble,0.7269999980926514,0.420199990272522,0.045499999076128006,0.24060000479221344,0.24230000376701355,0.0215000007301569,0.19189999997615814,0.07270000129938126,0.06530000269412994,0.03150000050663948,0.3682999908924103,0.07349999994039536,0.1256999969482422,0.8632000088691711
ENSG00000134538,Cell membrane,Transmembrane domain,Transmembrane,0.1404999941587448,0.08590000122785568,0.04820000007748604,0.8317999839782715,0.08370000123977661,0.01489999983459711,0.3001999855041504,0.3528999984264374,0.3012000024318695,0.01889999955892563,0.0494999997317791,0.9948999881744385,0.05900000035762787,0.09830000251531601
ENSG00000134575,Cell membrane|Lysosome/Vacuole,Signal peptide|Transmembrane domain,Transmembrane,0.2379000037908554,0.05790000036358833,0.29679998755455017,0.8226000070571899,0.03629999980330467,0.002899999963119626,0.33739998936653137,0.6802999973297119,0.535099983215332,0.10610000044107437,0.14650000631809235,0.9090999960899353,0.6938999891281128,0.14839999377727509
ENSG00000134588,Nucleus,Nuclear localization signal,Soluble,0.41839998960494995,0.9246000051498413,0.02410000003874302,0.03350000083446503,0.10740000009536743,0.004399999976158142,0.055399999022483826,0.026499999687075615,0.09120000153779984,0.04349999874830246,0.30390000343322754,0.10260000079870224,0.1348000019788742,0.9007999897003174
ENSG00000134684,Cytoplasm,Nuclear localization signal,Soluble,0.7659000158309937,0.34470000863075256,0.09489999711513519,0.23589999973773956,0.3257000148296356,0.03550000116229057,0.20739999413490295,0.08640000224113464,0.12880000472068787,0.024800000712275505,0.4634000062942505,0.05460000038146973,0.16419999301433563,0.8197000026702881
ENSG00000134716,Endoplasmic reticulum,Signal peptide|Transmembrane domain,Peripheral|Transmembrane,0.07500000298023224,0.10090000182390213,0.03370000049471855,0.17560000717639923,0.2660999894142151,0.03880000114440918,0.8507999777793884,0.09350000321865082,0.12039999663829803,0.2500999867916107,0.8070999979972839,0.6665999889373779,0.24950000643730164,0.20069999992847443
ENSG00000134744,Cytoplasm|Nucleus,Nuclear localization signal|Nuclear export signal,Soluble,0.6344000101089478,0.5566999912261963,0.021299999207258224,0.059700001031160355,0.10170000046491623,0.006200000178068876,0.14880000054836273,0.08860000222921371,0.08070000261068344,0.014800000004470348,0.19619999825954437,0.14949999749660492,0.03150000050663948,0.8745999932289124
ENSG00000134758,Cytoplasm|Nucleus,Nuclear export signal,Soluble,0.7045999765396118,0.7027000188827515,0.03139999881386757,0.059300001710653305,0.24040000140666962,0.007400000002235174,0.1256999969482422,0.1981000006198883,0.17170000076293945,0.11810000240802765,0.2529999911785126,0.03150000050663948,0.3386000096797943,0.9204000234603882
ENSG00000134780,Cell membrane|Lysosome/Vacuole,Transmembrane domain,Transmembrane,0.2754000127315521,0.11490000039339066,0.03660000115633011,0.722599983215332,0.17890000343322754,0.013799999840557575,0.3529999852180481,0.663100004196167,0.5985999703407288,0.03319999948143959,0.15839999914169312,0.9793000221252441,0.3968000113964081,0.11810000240802765
ENSG00000134812,Extracellular,Signal peptide,Soluble,0.28949999809265137,0.12200000137090683,0.9088000059127808,0.2630999982357025,0.12809999287128448,0.0027000000700354576,0.3813999891281128,0.13989999890327454,0.18979999423027039,0.00139999995008111,0.11249999701976776,0.12520000338554382,0.49309998750686646,0.8181999921798706
ENSG00000134824,Endoplasmic reticulum,Transmembrane domain,Transmembrane,0.15870000422000885,0.09700000286102295,0.007799999788403511,0.22630000114440918,0.35409998893737793,0.0272000003606081,0.859499990940094,0.2012999951839447,0.6043999791145325,0.04859999939799309,0.2558000087738037,0.8949000239372253,0.057500001043081284,0.2467000037431717
ENSG00000134852,Cytoplasm|Nucleus,Nuclear localization signal,Soluble,0.5547000169754028,0.7580999732017517,0.016499999910593033,0.18479999899864197,0.057999998331069946,0.0052999998442828655,0.13860000669956207,0.13830000162124634,0.17440000176429749,0.00860000029206276,0.3467000126838684,0.061900001019239426,0.17059999704360962,0.8878999948501587
ENSG00000134864,Cytoplasm,,Soluble,0.652999997138977,0.4260999858379364,0.08479999750852585,0.12460000067949295,0.26489999890327454,0.003100000089034438,0.12370000034570694,0.3831000030040741,0.12030000239610672,0.05220000073313713,0.2824000120162964,0.09730000048875809,0.20640000700950623,0.8623999953269958
ENSG00000134882,Endoplasmic reticulum,Transmembrane domain,Transmembrane,0.14480000734329224,0.2071000039577484,0.062300000339746475,0.11209999769926071,0.11919999867677689,0.05900000035762787,0.8176000118255615,0.3707999885082245,0.4661000072956085,0.0803999975323677,0.2655999958515167,0.9678999781608582,0.15060000121593475,0.10790000110864639
ENSG00000134910,Endoplasmic reticulum,Signal peptide|Transmembrane domain,Transmembrane,0.12189999967813492,0.09130000323057175,0.025499999523162842,0.26759999990463257,0.14869999885559082,0.0032999999821186066,0.9103000164031982,0.21979999542236328,0.5627999901771545,0.0027000000700354576,0.2863999903202057,0.9332000017166138,0.12349999696016312,0.14309999346733093
ENSG00000135002,Cytoplasm,Peroxisomal targeting signal,Soluble,0.8224999904632568,0.37459999322891235,0.07249999791383743,0.09210000187158585,0.3637000024318695,0.006899999920278788,0.11940000206232071,0.07750000059604645,0.0731000006198883,0.21199999749660492,0.2621999979019165,0.04019999876618385,0.1728000044822693,0.8986999988555908
ENSG00000135047,Extracellular|Lysosome/Vacuole,Signal peptide,Soluble,0.1656000018119812,0.06800000369548798,0.6938999891281128,0.16859999299049377,0.051600001752376556,0.00039999998989515007,0.34790000319480896,0.754800021648407,0.31700000166893005,9.999999747378752e-05,0.3686999976634979,0.05290000140666962,0.20999999344348907,0.853600025177002
ENSG00000135069,Cytoplasm,Nuclear export signal,Soluble,0.8082000017166138,0.36079999804496765,0.03220000118017197,0.21449999511241913,0.23989999294281006,0.019899999722838402,0.24410000443458557,0.3292999863624573,0.30489999055862427,0.08420000225305557,0.367900013923645,0.16500000655651093,0.11900000274181366,0.7835999727249146
ENSG00000135093,Mitochondrion,,Transmembrane,0.32339999079704285,0.30410000681877136,0.023499999195337296,0.10750000178813934,0.7386999726295471,0.16750000417232513,0.3686999976634979,0.05999999865889549,0.07750000059604645,0.3790000081062317,0.44769999384880066,0.8184999823570251,0.1678999960422516,0.40459999442100525
ENSG00000135094,Cytoplasm,,Soluble,0.7698000073432922,0.4302999973297119,0.09309999644756317,0.15719999372959137,0.46299999952316284,0.025100000202655792,0.1445000022649765,0.12060000002384186,0.0828000009059906,0.18539999425411224,0.3215000033378601,0.14740000665187836,0.1745000034570694,0.8391000032424927
ENSG00000135218,Cell membrane,Signal peptide|Transmembrane domain,Transmembrane,0.20069999992847443,0.10320000350475311,0.16979999840259552,0.8122000098228455,0.04580000042915344,0.011300000362098217,0.26809999346733093,0.3853999972343445,0.2639000117778778,0.0035000001080334187,0.20350000262260437,0.9789999723434448,0.46309998631477356,0.08709999918937683
ENSG00000135220,Endoplasmic reticulum,Signal peptide|Transmembrane domain,Transmembrane,0.1754000037908554,0.04390000179409981,0.05050000175833702,0.3686000108718872,0.053300000727176666,0.015599999576807022,0.8313999772071838,0.3538999855518341,0.36910000443458557,0.09969999641180038,0.19259999692440033,0.929099977016449,0.3165999948978424,0.186599999666214
ENSG00000135226,Endoplasmic reticulum,Signal peptide|Transmembrane domain,Transmembrane,0.16990000009536743,0.05640000104904175,0.059700001031160355,0.4025999903678894,0.06469999998807907,0.009999999776482582,0.8533999919891357,0.301800012588501,0.35679998993873596,0.047200001776218414,0.2142000049352646,0.9337000250816345,0.3107999861240387,0.17790000140666962
ENSG00000135241,Mitochondrion,Mitochondrial transit peptide|Peroxisomal targeting signal,Peripheral,0.35690000653266907,0.16429999470710754,0.044199999421834946,0.14869999885559082,0.848800003528595,0.23090000450611115,0.18870000541210175,0.11379999667406082,0.3411000072956085,0.6470000147819519,0.7523999810218811,0.5055000185966492,0.20890000462532043,0.43549999594688416
ENSG00000135318,Cell membrane,,Lipid anchor,0.11349999904632568,0.04340000078082085,0.4052000045776367,0.7888000011444092,0.08389999717473984,0.0012000000569969416,0.40869998931884766,0.4302999973297119,0.37119999527931213,0.024000000208616257,0.2321999967098236,0.26330000162124634,0.983299970626831,0.3425000011920929
ENSG00000135390,Mitochondrion,Mitochondrial transit peptide,Transmembrane,0.08049999922513962,0.053700000047683716,0.03629999980330467,0.28790000081062317,0.7368999719619751,0.011900000274181366,0.14219999313354492,0.08889999985694885,0.14880000054836273,0.06809999793767929,0.4124000072479248,0.9129999876022339,0.08720000088214874,0.13650000095367432
ENSG00000135423,Mitochondrion,Mitochondrial transit peptide,Peripheral|Soluble,0.3467000126838684,0.20029999315738678,0.06780000030994415,0.1800999939441681,0.9061999917030334,0.00559999980032444,0.09860000014305115,0.13120000064373016,0.13210000097751617,0.13809999823570251,0.636900007724762,0.10350000113248825,0.33649998903274536,0.7569000124931335
ENSG00000135437,Endoplasmic reticulum,Signal peptide,Peripheral|Transmembrane,0.23260000348091125,0.1573999971151352,0.06599999964237213,0.36660000681877136,0.3190000057220459,0.002300000051036477,0.8806999921798706,0.23890000581741333,0.1818999946117401,0.03530000150203705,0.7163000106811523,0.7307000160217285,0.5335999727249146,0.21619999408721924
ENSG00000135454,Golgi apparatus,Signal peptide|Transmembrane domain,Transmembrane,0.18700000643730164,0.09120000153779984,0.34139999747276306,0.2535000145435333,0.0731000006198883,0.0024999999441206455,0.3538999855518341,0.1404000073671341,0.8690999746322632,0.025499999523162842,0.4602999985218048,0.8860999941825867,0.09440000355243683,0.27079999446868896
ENSG00000135587,Endoplasmic reticulum,Signal peptide|Transmembrane domain,Transmembrane,0.34450000524520874,0.18459999561309814,0.045499999076128006,0.29409998655319214,0.1477999985218048,0.01769999973475933,0.654699981212616,0.5170000195503235,0.5328999757766724,0.021199999377131462,0.18569999933242798,0.9266999959945679,0.4000000059604645,0.2777999937534332
ENSG00000135655,Cytoplasm|Nucleus,Nuclear export signal,Soluble,0.7361999750137329,0.6474999785423279,0.022700000554323196,0.2443999946117401,0.164000004529953,0.003800000064074993,0.19200000166893005,0.33480000495910645,0.19939999282360077,0.00839999970048666,0.45750001072883606,0.030799999833106995,0.11749999970197678,0.8791999816894531
ENSG00000135677,Lysosome/Vacuole,Signal peptide,Soluble,0.219200000166893,0.12950000166893005,0.5755000114440918,0.23589999973773956,0.1712999939918518,0.006500000134110451,0.39329999685287476,0.5856000185012817,0.4088999927043915,0.05510000139474869,0.22020000219345093,0.24330000579357147,0.3555999994277954,0.7554000020027161
ENSG00000135679,Nucleus,Nuclear localization signal,Soluble,0.45019999146461487,0.8952999711036682,0.07320000231266022,0.07090000063180923,0.17960000038146973,0.0026000000070780516,0.0843999981880188,0.06400000303983688,0.06859999895095825,0.0658000037074089,0.21850000321865082,0.04749999940395355,0.23759999871253967,0.9059000015258789
ENSG00000135697,Cytoplasm,,Soluble,0.48399999737739563,0.29269999265670776,0.10480000078678131,0.4966000020503998,0.22519999742507935,0.08190000057220459,0.590499997138977,0.2870999872684479,0.506600022315979,0.0471000000834465,0.5705999732017517,0.14059999585151672,0.45899999141693115,0.7166000008583069
ENSG00000135702,Golgi apparatus,Signal peptide|Transmembrane domain,Transmembrane,0.18649999797344208,0.0754999965429306,0.3061999976634979,0.2662999927997589,0.08020000159740448,0.00279999990016222,0.578000009059906,0.1639000028371811,0.7986000180244446,0.02070000022649765,0.31470000743865967,0.8331000208854675,0.2371000051498413,0.384799987077713
ENSG00000135740,Cell membrane|Lysosome/Vacuole,Signal peptide|Transmembrane domain,Transmembrane,0.14399999380111694,0.06390000134706497,0.03799999877810478,0.7272999882698059,0.1428000032901764,0.020500000566244125,0.36800000071525574,0.6779000163078308,0.3723999857902527,0.03779999911785126,0.1370999962091446,0.982699990272522,0.257099986076355,0.08839999884366989
ENSG00000135778,Cytoplasm|Nucleus,Peroxisomal targeting signal,Soluble,0.574999988079071,0.5497999787330627,0.052799999713897705,0.10130000114440918,0.5353000164031982,0.009600000455975533,0.14659999310970306,0.05920000001788139,0.2281000018119812,0.3799000084400177,0.3799000084400177,0.10249999910593033,0.1324000060558319,0.8851000070571899
ENSG00000135821,Cytoplasm,Nuclear localization signal|Nuclear export signal,Soluble,0.8388000130653381,0.3531999886035919,0.045499999076128006,0.40230000019073486,0.26589998602867126,0.010200000368058681,0.1518000066280365,0.14949999749660492,0.12319999933242798,0.02459999918937683,0.4092000126838684,0.03280000016093254,0.35019999742507935,0.8356999754905701
ENSG00000135838,Cytoplasm,,Soluble,0.7186999917030334,0.34299999475479126,0.10400000214576721,0.1907999962568283,0.26260000467300415,0.008100000210106373,0.1729000061750412,0.14110000431537628,0.1216999962925911,0.08540000021457672,0.4683000147342682,0.06109999865293503,0.5313000082969666,0.8134999871253967
ENSG00000135845,Endoplasmic reticulum,Signal peptide|Transmembrane domain,Transmembrane,0.1509000062942505,0.20630000531673431,0.021900000050663948,0.1988999992609024,0.08070000261068344,0.06080000102519989,0.7487999796867371,0.3517000079154968,0.5224999785423279,0.08110000193119049,0.08150000125169754,0.9912999868392944,0.10350000113248825,0.07649999856948853
ENSG00000135913,Nucleus,Nuclear export signal,Soluble,0.4749999940395355,0.9013000130653381,0.013299999758601189,0.06759999692440033,0.11010000109672546,0.01080000028014183,0.08789999783039093,0.05829999968409538,0.0934000015258789,0.0812000036239624,0.31189998984336853,0.05249999836087227,0.11890000104904175,0.9230999946594238
ENSG00000135917,Cell membrane,Transmembrane domain,Transmembrane,0.15160000324249268,0.07769999653100967,0.10000000149011612,0.7615000009536743,0.11159999668598175,0.009600000455975533,0.43630000948905945,0.350600004196167,0.2298000007867813,0.1462000012397766,0.08500000089406967,0.9944999814033508,0.3610000014305115,0.061500001698732376
ENSG00000135929,Mitochondrion,Mitochondrial transit peptide,Peripheral,0.19539999961853027,0.1647000014781952,0.06469999998807907,0.16949999332427979,0.8495000004768372,0.0026000000070780516,0.08380000293254852,0.09070000052452087,0.06830000132322311,0.014399999752640724,0.7318999767303467,0.3944999873638153,0.17730000615119934,0.47440001368522644
ENSG00000135940,Mitochondrion,Mitochondrial transit peptide,Peripheral|Soluble,0.11720000207424164,0.11800000071525574,0.02449999935925007,0.09939999878406525,0.9297999739646912,0.009700000286102295,0.05510000139474869,0.06889999657869339,0.066600002348423,0.011699999682605267,0.775600016117096,0.05260000005364418,0.07119999825954437,0.5590000152587891
ENSG00000136010,Mitochondrion,Mitochondrial transit peptide,Soluble,0.2558000087738037,0.0957999974489212,0.04690000042319298,0.1234000027179718,0.9128000140190125,0.010300000198185444,0.07320000231266022,0.07909999787807465,0.04450000077486038,0.020600000396370888,0.5888000130653381,0.17560000717639923,0.1712000072002411,0.670199990272522
ENSG00000136014,Cytoplasm|Nucleus,Nuclear export signal,Soluble,0.4864000082015991,0.7038999795913696,0.01679999940097332,0.10559999942779541,0.10610000044107437,0.008500000461935997,0.12630000710487366,0.19840000569820404,0.17820000648498535,0.04490000009536743,0.4618000090122223,0.0502999983727932,0.14630000293254852,0.8894000053405762
ENSG00000136052,Cell membrane|Lysosome/Vacuole,Transmembrane domain,Transmembrane,0.11509999632835388,0.08820000290870667,0.015200000256299973,0.7422000169754028,0.24570000171661377,0.017000000923871994,0.43959999084472656,0.7253000140190125,0.4564000070095062,0.0494999997317791,0.08749999850988388,0.9861000180244446,0.08569999784231186,0.09290000051259995
ENSG00000136143,Mitochondrion,Mitochondrial transit peptide,Peripheral|Soluble,0.22759999334812164,0.09539999812841415,0.02669999934732914,0.15860000252723694,0.8851000070571899,0.008200000040233135,0.11010000109672546,0.08110000193119049,0.14910000562667847,0.07680000364780426,0.7050999999046326,0.05609999969601631,0.2410999983549118,0.6995999813079834
ENSG00000136169,Nucleus,Nuclear localization signal,Soluble,0.2515000104904175,0.9083999991416931,0.017899999395012856,0.08250000327825546,0.12809999287128448,0.022299999371170998,0.1728000044822693,0.025699999183416367,0.05209999904036522,0.017000000923871994,0.2223999947309494,0.08460000157356262,0.06210000067949295,0.9287999868392944
ENSG00000136213,Golgi apparatus,Signal peptide|Transmembrane domain,Transmembrane,0.1754000037908554,0.09390000253915787,0.319599986076355,0.27970001101493835,0.1088000014424324,0.0031999999191612005,0.38519999384880066,0.30169999599456787,0.9174000024795532,0.017100000753998756,0.17659999430179596,0.9560999870300293,0.26510000228881836,0.16040000319480896
ENSG00000136243,Nucleus,,Soluble,0.3799000084400177,0.8278999924659729,0.06480000168085098,0.08160000294446945,0.04100000113248825,0.014499999582767487,0.1445000022649765,0.04149999842047691,0.033399999141693115,0.17470000684261322,0.4189000129699707,0.04610000178217888,0.03590000048279762,0.8693000078201294
ENSG00000136247,Endoplasmic reticulum,Signal peptide|Transmembrane domain,Transmembrane,0.19779999554157257,0.09889999777078629,0.03449999913573265,0.30329999327659607,0.08330000191926956,0.009700000286102295,0.7473999857902527,0.47360000014305115,0.5759000182151794,0.006300000008195639,0.21799999475479126,0.9876000285148621,0.18080000579357147,0.09399999678134918
ENSG00000136250,Extracellular,Signal peptide,Soluble,0.16609999537467957,0.09309999644756317,0.8503999710083008,0.23319999873638153,0.13130000233650208,0.010499999858438969,0.4000000059604645,0.5101000070571899,0.4350999891757965,0.010900000110268593,0.3824999928474426,0.2551000118255615,0.26499998569488525,0.7533000111579895
ENSG00000136267,Cytoplasm,Nuclear localization signal,Peripheral|Soluble,0.6462000012397766,0.38089999556541443,0.026399999856948853,0.5374000072479248,0.11800000071525574,0.01510000042617321,0.25450000166893005,0.39820000529289246,0.23499999940395355,0.026799999177455902,0.6320000290870667,0.12460000067949295,0.2676999866962433,0.7294999957084656
ENSG00000136371,Cytoplasm|Mitochondrion,Mitochondrial transit peptide,Soluble,0.4860000014305115,0.2287999987602234,0.13189999759197235,0.12189999967813492,0.7242000102996826,0.006800000090152025,0.08739999681711197,0.029999999329447746,0.06480000168085098,0.027899999171495438,0.39489999413490295,0.07320000231266022,0.29429998993873596,0.8277999758720398
ENSG00000136448,Cytoplasm|Nucleus,Nuclear localization signal,Soluble,0.7484999895095825,0.5238000154495239,0.05290000140666962,0.10019999742507935,0.15039999783039093,0.02070000022649765,0.3747999966144562,0.14900000393390656,0.25200000405311584,0.02280000038444996,0.3781000077724457,0.09549999982118607,0.31929999589920044,0.8059999942779541
ENSG00000136504,Nucleus,Nuclear localization signal,Soluble,0.2410999983549118,0.9416999816894531,0.0284000001847744,0.09109999984502792,0.0794999971985817,0.022299999371170998,0.03889999911189079,0.03530000150203705,0.05299999937415123,0.005900000222027302,0.2363000065088272,0.041099999099969864,0.25369998812675476,0.9171000123023987
ENSG00000136521,Mitochondrion,Mitochondrial transit peptide,Transmembrane,0.147599995136261,0.09229999780654907,0.025499999523162842,0.039400000125169754,0.9077000021934509,0.006300000008195639,0.1289999932050705,0.01759999990463257,0.0568000003695488,0.015699999406933784,0.16689999401569366,0.9843999743461609,0.053599998354911804,0.11330000311136246
ENSG00000136536,Cytoplasm|Nucleus,Nuclear export signal,Soluble,0.5907999873161316,0.6360999941825867,0.032499998807907104,0.11389999836683273,0.20589999854564667,0.07649999856948853,0.42989999055862427,0.2151000052690506,0.36980000138282776,0.38449999690055847,0.33059999346733093,0.29409998655319214,0.0869000032544136,0.7282000184059143
ENSG00000136542,Golgi apparatus,Signal peptide|Transmembrane domain,Transmembrane,0.14079999923706055,0.08190000057220459,0.31150001287460327,0.2451000064611435,0.07609999924898148,0.011300000362098217,0.3465000092983246,0.24369999766349792,0.9050999879837036,0.0706000030040741,0.2272000014781952,0.9616000056266785,0.23489999771118164,0.13699999451637268
ENSG00000136628,Cytoplasm,Nuclear localization signal|Nuclear export signal,Soluble,0.7296000123023987,0.2615000009536743,0.05559999868273735,0.2590000033378601,0.27900001406669617,0.014100000262260437,0.18700000643730164,0.09200000017881393,0.16449999809265137,0.01889999955892563,0.38350000977516174,0.05620000138878822,0.1274999976158142,0.8658999800682068
ENSG00000136699,Endoplasmic reticulum,Signal peptide|Transmembrane domain,Transmembrane,0.3580000102519989,0.3718999922275543,0.048700001090765,0.2653000056743622,0.2387000024318695,0.08410000056028366,0.7907999753952026,0.41339999437332153,0.5651000142097473,0.17389999330043793,0.4611000120639801,0.9146000146865845,0.18700000643730164,0.21040000021457672
ENSG00000136720,Golgi apparatus,Signal peptide|Transmembrane domain,Transmembrane,0.17710000276565552,0.06639999896287918,0.4058000147342682,0.22669999301433563,0.1785999983549118,0.021800000220537186,0.34700000286102295,0.3481000065803528,0.9427000284194946,0.01979999989271164,0.25690001249313354,0.9070000052452087,0.2378000020980835,0.24729999899864197
ENSG00000136750,Cytoplasm,Nuclear export signal,Soluble,0.7358999848365784,0.3091000020503998,0.03099999949336052,0.3847000002861023,0.16869999468326569,0.006200000178068876,0.37790000438690186,0.24539999663829803,0.40689998865127563,0.13109999895095825,0.552299976348877,0.2076999992132187,0.7912999987602234,0.7095000147819519
ENSG00000136810,Cytoplasm|Nucleus,Nuclear export signal,Soluble,0.7986000180244446,0.5131000280380249,0.12639999389648438,0.15029999613761902,0.3093000054359436,0.07289999723434448,0.15150000154972076,0.17550000548362732,0.3050999939441681,0.1168999969959259,0.4325999915599823,0.0617000013589859,0.2653999924659729,0.8169999718666077
ENSG00000136840,Golgi apparatus,Signal peptide|Transmembrane domain,Transmembrane,0.12349999696016312,0.08780000358819962,0.5527999997138977,0.24690000712871552,0.13289999961853027,0.006599999964237213,0.3813999891281128,0.19220000505447388,0.7534999847412109,0.009999999776482582,0.31060001254081726,0.7371000051498413,0.39980000257492065,0.34700000286102295
ENSG00000136856,Cell membrane|Lysosome/Vacuole,Transmembrane domain,Transmembrane,0.1331000030040741,0.0940999984741211,0.06430000066757202,0.7265999913215637,0.23600000143051147,0.0020000000949949026,0.2800999879837036,0.6604999899864197,0.4156999886035919,0.06560000032186508,0.12359999865293503,0.9778000116348267,0.22609999775886536,0.13179999589920044
ENSG00000136868,Cell membrane|Lysosome/Vacuole,Signal peptide|Transmembrane domain,Transmembrane,0.06610000133514404,0.08269999921321869,0.04639999940991402,0.6222000122070312,0.026499999687075615,0.004600000102072954,0.4869999885559082,0.9114000201225281,0.3555000126361847,0.030500000342726707,0.04280000180006027,0.9937999844551086,0.13510000705718994,0.09939999878406525
ENSG00000136872,Cytoplasm,Nuclear export signal,Soluble,0.8025000095367432,0.3138999938964844,0.19059999287128448,0.3276999890804291,0.38600000739097595,0.019200000911951065,0.1574999988079071,0.10639999806880951,0.18970000743865967,0.039000000804662704,0.5109000205993652,0.024000000208616257,0.517300009727478,0.8539999723434448
ENSG00000136877,Mitochondrion,Mitochondrial transit peptide,Soluble,0.4122999906539917,0.186599999666214,0.050999999046325684,0.10189999639987946,0.9172000288963318,0.002099999925121665,0.10029999911785126,0.08799999952316284,0.1266999989748001,0.016200000420212746,0.3637999892234802,0.24240000545978546,0.32170000672340393,0.7829999923706055
ENSG00000136878,Cytoplasm,Nuclear export signal,Peripheral|Soluble,0.569100022315979,0.4867999851703644,0.031599998474121094,0.16130000352859497,0.2558000087738037,0.006800000090152025,0.32499998807907104,0.5321000218391418,0.38370001316070557,0.0421999990940094,0.6011000275611877,0.11649999767541885,0.1882999986410141,0.7409999966621399
ENSG00000136881,Peroxisome,Peroxisomal targeting signal,Soluble,0.3686999976634979,0.15700000524520874,0.02810000069439411,0.12300000339746475,0.19269999861717224,0.00039999998989515007,0.07609999924898148,0.07400000095367432,0.09390000253915787,0.9301000237464905,0.4519999921321869,0.12120000272989273,0.3066999912261963,0.8015000224113464
ENSG00000136888,Cytoplasm,Nuclear export signal,Peripheral,0.7069000005722046,0.2493000030517578,0.025599999353289604,0.36559998989105225,0.44749999046325684,0.003100000089034438,0.32409998774528503,0.45829999446868896,0.32670000195503235,0.019300000742077827,0.7735999822616577,0.049300000071525574,0.4973999857902527,0.44920000433921814
ENSG00000136908,Endoplasmic reticulum,Signal peptide|Transmembrane domain,Transmembrane,0.066600002348423,0.16050000488758087,0.07559999823570251,0.3091000020503998,0.15919999778270721,0.0560000017285347,0.7768999934196472,0.3098999857902527,0.451200008392334,0.01759999990463257,0.05209999904036522,0.996399998664856,0.026399999856948853,0.06419999897480011
ENSG00000136943,Extracellular|Lysosome/Vacuole,Signal peptide,Soluble,0.13860000669956207,0.05590000003576279,0.7752000093460083,0.17080000042915344,0.05460000038146973,0.0006000000284984708,0.24120000004768372,0.6597999930381775,0.23849999904632568,0.00019999999494757503,0.3086000084877014,0.07859999686479568,0.10899999737739563,0.8493000268936157
ENSG00000136960,Extracellular,Signal peptide,Soluble,0.17630000412464142,0.08269999921321869,0.878000020980835,0.2142000049352646,0.11599999666213989,0.03240000084042549,0.3425999879837036,0.39879998564720154,0.32749998569488525,0.01640000008046627,0.3034000098705292,0.20090000331401825,0.41999998688697815,0.7407000064849854
ENSG00000137054,Nucleus,Nuclear localization signal,Soluble,0.20739999413490295,0.9514999985694885,0.03370000049471855,0.027799999341368675,0.10000000149011612,0.023900000378489494,0.013199999928474426,0.025599999353289604,0.00860000029206276,0.002099999925121665,0.16210000216960907,0.09239999949932098,0.06920000165700912,0.8855999708175659
ENSG00000137106,Cytoplasm,Peroxisomal targeting signal,Soluble,0.7081000208854675,0.2847999930381775,0.04910000041127205,0.13279999792575836,0.2549999952316284,0.04879999905824661,0.2281000018119812,0.07429999858140945,0.08739999681711197,0.588699996471405,0.4814000129699707,0.11819999665021896,0.1818999946117401,0.6654999852180481
ENSG00000137124,Mitochondrion,Mitochondrial transit peptide,Soluble,0.272599995136261,0.16820000112056732,0.019700000062584877,0.08479999750852585,0.9265999794006348,0.0008999999845400453,0.09529999643564224,0.09520000219345093,0.0471000000834465,0.012299999594688416,0.435699999332428,0.0966000035405159,0.24899999797344208,0.8004000186920166
ENSG00000137168,Cytoplasm|Nucleus,Nuclear localization signal,Soluble,0.748199999332428,0.5260000228881836,0.17149999737739563,0.21819999814033508,0.17730000615119934,0.015399999916553497,0.2815999984741211,0.12759999930858612,0.06650000065565109,0.09189999848604202,0.36230000853538513,0.041200000792741776,0.1639000028371811,0.854200005531311
ENSG00000137198,Cytoplasm,,Soluble,0.6439999938011169,0.4169999957084656,0.1436000019311905,0.25459998846054077,0.18770000338554382,0.042399998754262924,0.05700000002980232,0.2849999964237213,0.0494999997317791,0.012600000016391277,0.3628000020980835,0.04960000142455101,0.22759999334812164,0.8252999782562256
ENSG00000137200,Nucleus,Nuclear localization signal,Soluble,0.352400004863739,0.8514999747276306,0.05169999971985817,0.07500000298023224,0.12460000067949295,0.02969999983906746,0.044599998742341995,0.055399999022483826,0.0737999975681305,0.023600000888109207,0.1785999983549118,0.07079999893903732,0.12189999967813492,0.9200999736785889
ENSG00000137204,Cell membrane,Transmembrane domain,Transmembrane,0.20630000531673431,0.09740000218153,0.06960000097751617,0.7660999894142151,0.22619999945163727,0.00570000009611249,0.17190000414848328,0.38920000195503235,0.25429999828338623,0.26910001039505005,0.13230000436306,0.9532999992370605,0.1501999944448471,0.18459999561309814
ENSG00000137364,Cytoplasm|Nucleus,,Soluble,0.7269999980926514,0.5508999824523926,0.09939999878406525,0.13670000433921814,0.18369999527931213,0.01860000006854534,0.2842000126838684,0.188400000333786,0.2639999985694885,0.1647000014781952,0.3450999855995178,0.10369999706745148,0.20749999582767487,0.8765000104904175
ENSG00000137392,Extracellular,Signal peptide,Soluble,0.09189999848604202,0.0746999979019165,0.9629999995231628,0.06710000336170197,0.04879999905824661,0.00139999995008111,0.02329999953508377,0.13099999725818634,0.057999998331069946,0.000699999975040555,0.2223999947309494,0.014499999582767487,0.06539999693632126,0.9376000165939331
ENSG00000137393,Cell membrane,Transmembrane domain,Transmembrane,0.35420000553131104,0.24369999766349792,0.055399999022483826,0.5626999735832214,0.4878000020980835,0.01590000092983246,0.5105999708175659,0.38109999895095825,0.47920000553131104,0.017500000074505806,0.34880000352859497,0.9469000101089478,0.43230000138282776,0.11060000211000443
ENSG00000137491,Cell membrane,Transmembrane domain,Transmembrane,0.1362999975681305,0.07039999961853027,0.06210000067949295,0.8672999739646912,0.18019999563694,0.021700000390410423,0.3359000086784363,0.461899995803833,0.4519999921321869,0.0681999996304512,0.05530000105500221,0.9926000237464905,0.1088000014424324,0.10530000180006027
ENSG00000137563,Extracellular|Lysosome/Vacuole,Signal peptide,Soluble,0.19840000569820404,0.05950000137090683,0.7093999981880188,0.18359999358654022,0.0966000035405159,0.002199999988079071,0.5737000107765198,0.6608999967575073,0.3986000120639801,0.0035000001080334187,0.3278999924659729,0.12639999389648438,0.1851000040769577,0.7520999908447266
ENSG00000137731,Cell membrane|Lysosome/Vacuole,Signal peptide|Transmembrane domain,Transmembrane,0.12780000269412994,0.046799998730421066,0.12860000133514404,0.824400007724762,0.0272000003606081,0.054099999368190765,0.5412999987602234,0.6291999816894531,0.3806000053882599,0.17710000276565552,0.0333000011742115,0.9879999756813049,0.1469999998807907,0.12139999866485596
ENSG00000137770,Nucleus,Nuclear localization signal,Soluble,0.4090000092983246,0.8101999759674072,0.018799999728798866,0.1941000074148178,0.16689999401569366,0.030300000682473183,0.13910000026226044,0.15029999613761902,0.14869999885559082,0.02019999921321869,0.40149998664855957,0.16349999606609344,0.7516999840736389,0.6259999871253967
ENSG00000137817,Cytoplasm,Nuclear export signal,Soluble,0.6410999894142151,0.4896000027656555,0.06430000066757202,0.15770000219345093,0.2574999928474426,0.02449999935925007,0.3174000084400177,0.30309998989105225,0.30079999566078186,0.016899999231100082,0.44200000166893005,0.12399999797344208,0.20499999821186066,0.8406999707221985
ENSG00000137825,Cytoplasm,Nuclear export signal,Soluble,0.6596999764442444,0.41589999198913574,0.050200000405311584,0.43059998750686646,0.258899986743927,0.006000000052154064,0.19449999928474426,0.27399998903274536,0.2840000092983246,0.027400000020861626,0.557699978351593,0.061900001019239426,0.30140000581741333,0.8485000133514404
ENSG00000137841,Cytoplasm,Nuclear export signal,Peripheral|Soluble,0.7544999718666077,0.3059000074863434,0.07850000262260437,0.5005000233650208,0.20990000665187836,0.013500000350177288,0.1768999993801117,0.45080000162124634,0.28600001335144043,0.01850000023841858,0.6378999948501587,0.09210000187158585,0.23579999804496765,0.8131999969482422
ENSG00000137857,Cell membrane,Signal peptide|Transmembrane domain,Transmembrane,0.14219999313354492,0.03519999980926514,0.03579999879002571,0.7419999837875366,0.06369999796152115,0.051500000059604645,0.5375000238418579,0.5651999711990356,0.4431999921798706,0.00430000014603138,0.1770000010728836,0.9868000149726868,0.0820000022649765,0.09600000083446503
ENSG00000137860,Cell membrane|Lysosome/Vacuole,Transmembrane domain,Transmembrane,0.06880000233650208,0.0471000000834465,0.00989999994635582,0.777899980545044,0.08169999718666077,0.007000000216066837,0.4235999882221222,0.5910000205039978,0.3666999936103821,0.11840000003576279,0.08569999784231186,0.9955999851226807,0.36059999465942383,0.06040000170469284
ENSG00000137868,Cell membrane|Endoplasmic reticulum,Signal peptide|Transmembrane domain,Transmembrane,0.22579999268054962,0.1665000021457672,0.03970000147819519,0.7541000247001648,0.11659999936819077,0.036400001496076584,0.625,0.5242999792098999,0.263700008392334,0.16060000658035278,0.11060000211000443,0.9965000152587891,0.1695999950170517,0.08129999786615372
ENSG00000137869,Endoplasmic reticulum,Signal peptide|Transmembrane domain,Peripheral|Transmembrane,0.22210000455379486,0.1039000004529953,0.05040000006556511,0.14069999754428864,0.2985999882221222,0.0738999992609024,0.9341999888420105,0.27230000495910645,0.5019999742507935,0.07530000060796738,0.7940999865531921,0.6732000112533569,0.3400999903678894,0.2287999987602234
ENSG00000137944,Mitochondrion,Mitochondrial transit peptide,Soluble,0.28850001096725464,0.15039999783039093,0.03929999843239784,0.10270000249147415,0.8841000199317932,0.06909999996423721,0.047600001096725464,0.06019999831914902,0.06920000165700912,0.04270000010728836,0.40209999680519104,0.1941000074148178,0.1257999986410141,0.7490000128746033
ENSG00000137968,Cell membrane|Lysosome/Vacuole,Transmembrane domain,Transmembrane,0.21809999644756317,0.05299999937415123,0.03759999945759773,0.8307999968528748,0.11150000244379044,0.0012000000569969416,0.38830000162124634,0.8281000256538391,0.5769000053405762,0.0031999999191612005,0.1485999971628189,0.9965999722480774,0.06480000168085098,0.06340000033378601
ENSG00000137992,Mitochondrion,Mitochondrial transit peptide,Peripheral|Soluble,0.19449999928474426,0.09099999815225601,0.028200000524520874,0.12620000541210175,0.9348000288009644,0.006200000178068876,0.10010000318288803,0.02889999933540821,0.07760000228881836,0.03530000150203705,0.6686000227928162,0.05979999899864197,0.11949999630451202,0.7797999978065491
ENSG00000137996,Cytoplasm,Nuclear export signal|Peroxisomal targeting signal,Soluble,0.8288999795913696,0.41440001130104065,0.17080000042915344,0.1565999984741211,0.31220000982284546,0.005400000140070915,0.13609999418258667,0.09549999982118607,0.25769999623298645,0.19930000603199005,0.3833000063896179,0.1103999987244606,0.303600013256073,0.8256000280380249
ENSG00000138018,Endoplasmic reticulum,Transmembrane domain,Transmembrane,0.06499999761581421,0.14730000495910645,0.008700000122189522,0.47049999237060547,0.20900000631809235,0.00860000029206276,0.8456000089645386,0.24619999527931213,0.5742999911308289,0.01600000075995922,0.06069999933242798,0.9925000071525574,0.0869000032544136,0.08129999786615372
ENSG00000138029,Mitochondrion,Mitochondrial transit peptide,Peripheral|Soluble,0.18619999289512634,0.11699999868869781,0.029899999499320984,0.12999999523162842,0.8755999803543091,0.08370000123977661,0.08980000019073486,0.05570000037550926,0.06849999725818634,0.04100000113248825,0.6970999836921692,0.11069999635219574,0.24269999563694,0.6703000068664551
ENSG00000138030,Cytoplasm,Nuclear export signal,Soluble,0.8705000281333923,0.4180000126361847,0.14880000054836273,0.1492999941110611,0.3569999933242798,0.048700001090765,0.28999999165534973,0.2720000147819519,0.4104999899864197,0.15780000388622284,0.35339999198913574,0.14630000293254852,0.10530000180006027,0.8289999961853027
ENSG00000138031,Cell membrane,Transmembrane domain,Transmembrane,0.13169999420642853,0.14790000021457672,0.00930000003427267,0.7645999789237976,0.062199998646974564,0.03849999979138374,0.32499998807907104,0.44339999556541443,0.5680999755859375,0.07450000196695328,0.0869000032544136,0.9950000047683716,0.13449999690055847,0.09139999747276306
ENSG00000138061,Endoplasmic reticulum,Signal peptide|Transmembrane domain,Peripheral|Transmembrane,0.10559999942779541,0.05939999967813492,0.08540000021457672,0.1965000033378601,0.3937000036239624,0.20999999344348907,0.8373000025749207,0.11800000071525574,0.1445000022649765,0.47029998898506165,0.6248000264167786,0.836899995803833,0.2094999998807907,0.20600000023841858
ENSG00000138074,Cell membrane,Signal peptide|Transmembrane domain,Transmembrane,0.08340000361204147,0.02070000022649765,0.05829999968409538,0.7828999757766724,0.0723000019788742,0.013899999670684338,0.25119999051094055,0.48429998755455017,0.20589999854564667,0.019300000742077827,0.10840000212192535,0.9898999929428101,0.20110000669956207,0.09139999747276306
ENSG00000138075,Cell membrane,Transmembrane domain,Transmembrane,0.1298000067472458,0.0917000025510788,0.019600000232458115,0.8120999932289124,0.2702000141143799,0.026599999517202377,0.5388000011444092,0.4805000126361847,0.37439998984336853,0.13500000536441803,0.23749999701976776,0.9599000215530396,0.20970000326633453,0.1386999934911728
ENSG00000138079,Cell membrane,Signal peptide|Transmembrane domain,Transmembrane,0.20679999887943268,0.09210000187158585,0.04690000042319298,0.7954000234603882,0.0210999995470047,0.005200000014156103,0.21699999272823334,0.5672000050544739,0.3596000075340271,0.010900000110268593,0.13410000503063202,0.9413999915122986,0.23520000278949738,0.2694999873638153
ENSG00000138109,Endoplasmic reticulum,Signal peptide|Transmembrane domain,Peripheral|Transmembrane,0.12809999287128448,0.07400000095367432,0.03830000013113022,0.23829999566078186,0.07660000026226044,0.0038999998942017555,0.8985000252723694,0.26339998841285706,0.14499999582767487,0.04600000008940697,0.7907999753952026,0.7402999997138977,0.2485000044107437,0.16179999709129333
ENSG00000138115,Endoplasmic reticulum,Signal peptide|Transmembrane domain,Peripheral|Transmembrane,0.10930000245571136,0.06499999761581421,0.03229999914765358,0.24860000610351562,0.07890000194311142,0.004600000102072954,0.8805000185966492,0.23109999299049377,0.12280000001192093,0.041600000113248825,0.8044000267982483,0.7515000104904175,0.27639999985694885,0.16429999470710754
ENSG00000138134,Cytoplasm|Nucleus,Nuclear export signal,Soluble,0.5378999710083008,0.5321999788284302,0.09679999947547913,0.1688999980688095,0.16030000150203705,0.01679999940097332,0.2207999974489212,0.43140000104904175,0.23469999432563782,0.05400000140070915,0.5235000252723694,0.03519999980926514,0.18209999799728394,0.89410001039505
ENSG00000138135,Endoplasmic reticulum,Signal peptide|Transmembrane domain,Transmembrane,0.09009999781847,0.10350000113248825,0.020899999886751175,0.23909999430179596,0.1518000066280365,0.009499999694526196,0.8974999785423279,0.22930000722408295,0.4702000021934509,0.13009999692440033,0.13429999351501465,0.9797999858856201,0.05770000070333481,0.15860000252723694
ENSG00000138185,Cell membrane|Lysosome/Vacuole|Golgi apparatus,Signal peptide|Transmembrane domain,Transmembrane,0.19009999930858612,0.08990000188350677,0.11509999632835388,0.6194000244140625,0.05220000073313713,0.013299999758601189,0.2922999858856201,0.6847000122070312,0.7211999893188477,0.042399998754262924,0.13510000705718994,0.961899995803833,0.5884000062942505,0.1257999986410141
ENSG00000138193,Cytoplasm|Cell membrane,Nuclear export signal,Peripheral|Soluble,0.6751000285148621,0.24490000307559967,0.053300000727176666,0.6043999791145325,0.24400000274181366,0.031199999153614044,0.26339998841285706,0.4844000041484833,0.3910999894142151,0.013799999840557575,0.6452999711036682,0.12880000472068787,0.10260000079870224,0.7879999876022339
ENSG00000138207,Extracellular,Signal peptide,Soluble,0.16169999539852142,0.0560000017285347,0.8794000148773193,0.28760001063346863,0.08420000225305557,0.0006000000284984708,0.34439998865127563,0.3677999973297119,0.20160000026226044,0.0007999999797903001,0.5799999833106995,0.026599999517202377,0.35749998688697815,0.8458999991416931
ENSG00000138356,Cytoplasm,,Soluble,0.8118000030517578,0.13300000131130219,0.053300000727176666,0.16269999742507935,0.15850000083446503,0.02630000002682209,0.15760000050067902,0.29490000009536743,0.22280000150203705,0.2702000141143799,0.2653000056743622,0.18809999525547028,0.12549999356269836,0.8547999858856201
ENSG00000138363,Cytoplasm,Nuclear localization signal|Nuclear export signal,Soluble,0.8289999961853027,0.4496000111103058,0.06350000202655792,0.19059999287128448,0.39899998903274536,0.1315000057220459,0.14159999787807465,0.13259999454021454,0.11379999667406082,0.03180000185966492,0.36640000343322754,0.08879999816417694,0.1242000013589859,0.8360000252723694
ENSG00000138376,Nucleus,Nuclear localization signal,Soluble,0.3228999972343445,0.8938000202178955,0.024700000882148743,0.07909999787807465,0.09679999947547913,0.017999999225139618,0.01769999973475933,0.027300000190734863,0.03539999946951866,0.013000000268220901,0.20900000631809235,0.03759999945759773,0.16619999706745148,0.9329000115394592
ENSG00000138398,Nucleus,Nuclear localization signal,Soluble,0.23489999771118164,0.8888000249862671,0.03680000081658363,0.21469999849796295,0.04050000011920929,0.0019000000320374966,0.04129999876022339,0.03660000115633011,0.04690000042319298,0.0006000000284984708,0.16619999706745148,0.08049999922513962,0.28110000491142273,0.8622999787330627
ENSG00000138400,Cytoplasm,,Soluble,0.7595999836921692,0.24629999697208405,0.11789999902248383,0.3005000054836273,0.17550000548362732,0.006200000178068876,0.15809999406337738,0.19040000438690186,0.17430000007152557,0.04479999840259552,0.29170000553131104,0.10419999808073044,0.536899983882904,0.8603000044822693
ENSG00000138411,Cytoplasm,Nuclear export signal,Soluble,0.7006999850273132,0.38280001282691956,0.03790000081062317,0.44519999623298645,0.1404000073671341,0.017000000923871994,0.210099995136261,0.3968000113964081,0.3416000008583069,0.02070000022649765,0.5353999733924866,0.05400000140070915,0.17080000042915344,0.8435999751091003
ENSG00000138413,Peroxisome,Peroxisomal targeting signal,Soluble,0.3407999873161316,0.1623000055551529,0.09539999812841415,0.27720001339912415,0.20900000631809235,0.018799999728798866,0.07530000060796738,0.20640000700950623,0.3197999894618988,0.9708999991416931,0.4278999865055084,0.07590000331401825,0.15469999611377716,0.7555000185966492
ENSG00000138449,Cell membrane,Transmembrane domain,Transmembrane,0.16850000619888306,0.09650000184774399,0.06650000065565109,0.7549999952316284,0.17260000109672546,0.014499999582767487,0.4503999948501587,0.5676000118255615,0.5008000135421753,0.03539999946951866,0.12710000574588776,0.9908999800682068,0.1054999977350235,0.06499999761581421
ENSG00000138496,Cytoplasm,,Soluble,0.6254000067710876,0.46149998903274536,0.1542000025510788,0.16619999706745148,0.3334999978542328,0.006399999838322401,0.17839999496936798,0.15700000524520874,0.1720999926328659,0.09269999712705612,0.4278999865055084,0.11559999734163284,0.39989998936653137,0.8339999914169312
ENSG00000138592,Cytoplasm,Nuclear export signal,Peripheral|Soluble,0.7031999826431274,0.4104999899864197,0.042399998754262924,0.2694999873638153,0.1534000039100647,0.008799999952316284,0.2930000126361847,0.4918999969959259,0.2800999879837036,0.015300000086426735,0.6096000075340271,0.029500000178813934,0.20499999821186066,0.8845000267028809
ENSG00000138604,Golgi apparatus,Signal peptide|Transmembrane domain,Transmembrane,0.17960000038146973,0.14059999585151672,0.32919999957084656,0.17509999871253967,0.07500000298023224,0.008500000461935997,0.3082999885082245,0.23330000042915344,0.883899986743927,0.03689999878406525,0.22190000116825104,0.9333999752998352,0.1712000072002411,0.21060000360012054
ENSG00000138617,Endoplasmic reticulum,Signal peptide|Transmembrane domain,Transmembrane,0.2117999941110611,0.2337999939918518,0.04190000146627426,0.13410000503063202,0.32760000228881836,0.0608999989926815,0.8550000190734863,0.1915999948978424,0.5296000242233276,0.29980000853538513,0.21369999647140503,0.9347000122070312,0.37700000405311584,0.1339000016450882
ENSG00000138621,Cytoplasm,,Soluble,0.8044000267982483,0.42320001125335693,0.08649999648332596,0.17339999973773956,0.47440001368522644,0.004800000227987766,0.2669000029563904,0.14169999957084656,0.16760000586509705,0.16279999911785126,0.4253999888896942,0.10809999704360962,0.5231000185012817,0.829800009727478
ENSG00000138641,Cytoplasm,Nuclear export signal,Soluble,0.7160999774932861,0.3790999948978424,0.06040000170469284,0.2312999963760376,0.10670000314712524,0.04830000177025795,0.1964000016450882,0.296099990606308,0.2558000087738037,0.06340000033378601,0.5080000162124634,0.07980000227689743,0.10000000149011612,0.8366000056266785
ENSG00000138653,Golgi apparatus,Signal peptide|Transmembrane domain,Transmembrane,0.1875,0.13910000026226044,0.2840999960899353,0.26010000705718994,0.06679999828338623,0.010400000028312206,0.43779999017715454,0.38929998874664307,0.8736000061035156,0.010999999940395355,0.2653999924659729,0.9312000274658203,0.39649999141693115,0.24819999933242798
ENSG00000138678,Endoplasmic reticulum,Signal peptide|Transmembrane domain,Transmembrane,0.14059999585151672,0.13369999825954437,0.030899999663233757,0.3476000130176544,0.3700999915599823,0.021800000220537186,0.8123000264167786,0.27559998631477356,0.5730000138282776,0.024700000882148743,0.33239999413490295,0.9679999947547913,0.2295999974012375,0.1573999971151352
ENSG00000138735,Cytoplasm,Nuclear export signal,Soluble,0.7052000164985657,0.3490999937057495,0.02070000022649765,0.3386000096797943,0.13830000162124634,0.004800000227987766,0.2506999969482422,0.29429998993873596,0.3747999966144562,0.06710000336170197,0.5827999711036682,0.06889999657869339,0.5896000266075134,0.8093000054359436
ENSG00000138744,Extracellular,Signal peptide,Soluble,0.19439999759197235,0.18770000338554382,0.7648000121116638,0.23829999566078186,0.17030000686645508,0.0015999999595806003,0.45010000467300415,0.3481000065803528,0.28940001130104065,0.01810000091791153,0.36959999799728394,0.1550000011920929,0.24529999494552612,0.7883999943733215
ENSG00000138750,Nucleus,Nuclear export signal,Peripheral|Soluble,0.42829999327659607,0.5206999778747559,0.08009999990463257,0.28209999203681946,0.1273999959230423,0.017799999564886093,0.23240000009536743,0.2939000129699707,0.27559998631477356,0.06210000067949295,0.732200026512146,0.06480000168085098,0.1582999974489212,0.7019000053405762
ENSG00000138772,Cytoplasm,Nuclear export signal,Soluble,0.7459999918937683,0.3684999942779541,0.4047999978065491,0.38749998807907104,0.1340000033378601,0.0203000009059906,0.37220001220703125,0.5835000276565552,0.24959999322891235,0.061799999326467514,0.5950000286102295,0.01759999990463257,0.2020999938249588,0.8744999766349792
ENSG00000138777,Mitochondrion,Mitochondrial transit peptide,Soluble,0.3889000117778778,0.275299996137619,0.1444000005722046,0.13439999520778656,0.9016000032424927,0.0008999999845400453,0.10339999943971634,0.11079999804496765,0.1746000051498413,0.07190000265836716,0.524399995803833,0.05900000035762787,0.34049999713897705,0.6923999786376953
ENSG00000138796,Mitochondrion,Mitochondrial transit peptide,Soluble,0.12729999423027039,0.0778999999165535,0.023900000378489494,0.11259999871253967,0.9211000204086304,0.3668999969959259,0.021900000050663948,0.07429999858140945,0.03420000150799751,0.13279999792575836,0.4706999957561493,0.16220000386238098,0.08810000121593475,0.5788999795913696
ENSG00000138801,Cytoplasm,Nuclear localization signal,Soluble,0.5601999759674072,0.4392000138759613,0.10329999774694443,0.20520000159740448,0.23880000412464142,0.015200000256299973,0.13760000467300415,0.131400004029274,0.13650000095367432,0.02459999918937683,0.5429999828338623,0.07029999792575836,0.28949999809265137,0.8456000089645386
ENSG00000138821,Cell membrane|Lysosome/Vacuole,Signal peptide|Transmembrane domain,Transmembrane,0.1080000028014183,0.06530000269412994,0.015699999406933784,0.8015999794006348,0.11029999703168869,0.0038999998942017555,0.3296000063419342,0.7254999876022339,0.4657999873161316,0.08169999718666077,0.06400000303983688,0.9573000073432922,0.1031000018119812,0.16940000653266907
ENSG00000138942,Endoplasmic reticulum,Signal peptide,Transmembrane,0.24449999630451202,0.3434000015258789,0.03779999911785126,0.10379999876022339,0.20170000195503235,0.02539999969303608,0.857200026512146,0.3190000057220459,0.45100000500679016,0.09610000252723694,0.14900000393390656,0.8492000102996826,0.09049999713897705,0.31119999289512634
ENSG00000139044,Golgi apparatus,Signal peptide|Transmembrane domain,Transmembrane,0.17550000548362732,0.16279999911785126,0.35600000619888306,0.1899999976158142,0.06939999759197235,0.008899999782443047,0.3903999924659729,0.1907999962568283,0.8708000183105469,0.07590000331401825,0.26750001311302185,0.9355000257492065,0.2304999977350235,0.26019999384880066
ENSG00000139053,Cytoplasm|Nucleus,Nuclear localization signal,Soluble,0.6270999908447266,0.6779000163078308,0.13779999315738678,0.08730000257492065,0.16580000519752502,0.04399999976158142,0.20360000431537628,0.07490000128746033,0.1712000072002411,0.01590000092983246,0.3431999981403351,0.20559999346733093,0.06589999794960022,0.6822999715805054
ENSG00000139133,Endoplasmic reticulum|Golgi apparatus,Signal peptide|Transmembrane domain,Transmembrane,0.06830000132322311,0.15029999613761902,0.035999998450279236,0.24959999322891235,0.2992999851703644,0.013899999670684338,0.9053000211715698,0.3240000009536743,0.7745000123977661,0.008299999870359898,0.06849999725818634,0.9922000169754028,0.06480000168085098,0.10490000247955322
ENSG00000139144,Cytoplasm|Lysosome/Vacuole,Nuclear export signal,Peripheral|Soluble,0.6407999992370605,0.32670000195503235,0.06440000236034393,0.4756999909877777,0.12210000306367874,0.02800000086426735,0.4959999918937683,0.6585999727249146,0.4900999963283539,0.01600000075995922,0.7422000169754028,0.04740000143647194,0.23649999499320984,0.8058000206947327
ENSG00000139151,Cytoplasm,Nuclear localization signal,Soluble,0.6858000159263611,0.2590000033378601,0.05079999938607216,0.43619999289512634,0.1151999980211258,0.016699999570846558,0.24310000240802765,0.41040000319480896,0.23549999296665192,0.0027000000700354576,0.5260000228881836,0.08709999918937683,0.07329999655485153,0.8379999995231628
ENSG00000139155,Cell membrane,Transmembrane domain,Transmembrane,0.14110000431537628,0.0771000012755394,0.05999999865889549,0.8507999777793884,0.09480000287294388,0.02889999933540821,0.3522999882698059,0.44589999318122864,0.4311999976634979,0.06260000169277191,0.04780000075697899,0.9958000183105469,0.10130000114440918,0.07930000126361847
ENSG00000139163,Cytoplasm,Mitochondrial transit peptide,Soluble,0.5198000073432922,0.3458999991416931,0.42480000853538513,0.2393999993801117,0.44769999384880066,0.01080000028014183,0.4334000051021576,0.34389999508857727,0.28200000524520874,0.057100001722574234,0.38029998540878296,0.2337000072002411,0.30730000138282776,0.7560999989509583
ENSG00000139180,Mitochondrion,Mitochondrial transit peptide,Peripheral|Soluble,0.2062000036239624,0.08110000193119049,0.07490000128746033,0.12449999898672104,0.9388999938964844,0.027699999511241913,0.05889999866485596,0.05139999836683273,0.09239999949932098,0.015699999406933784,0.6800000071525574,0.24369999766349792,0.27480000257492065,0.5181000232696533
ENSG00000139209,Cell membrane,Transmembrane domain,Transmembrane,0.1615000069141388,0.04879999905824661,0.03229999914765358,0.8023999929428101,0.11190000176429749,0.010999999940395355,0.21410000324249268,0.5541999936103821,0.3384999930858612,0.009399999864399433,0.04540000110864639,0.9909999966621399,0.09589999914169312,0.07450000196695328
ENSG00000139266,Lysosome/Vacuole,Transmembrane domain,Transmembrane,0.16859999299049377,0.155799999833107,0.032999999821186066,0.5145000219345093,0.2833000123500824,0.050599999725818634,0.5791000127792358,0.5913000106811523,0.5925999879837036,0.018400000408291817,0.10729999840259552,0.9932000041007996,0.08969999849796295,0.08860000222921371
ENSG00000139287,Cytoplasm,,Soluble,0.6115999817848206,0.30329999327659607,0.07590000331401825,0.27079999446868896,0.49050000309944153,0.0203000009059906,0.2076999992132187,0.12319999933242798,0.28600001335144043,0.03449999913573265,0.5849999785423279,0.06669999659061432,0.2094999998807907,0.8111000061035156
ENSG00000139344,Cytoplasm|Nucleus,Nuclear export signal,Soluble,0.7786999940872192,0.5080000162124634,0.031099999323487282,0.10970000177621841,0.41990000009536743,0.02630000002682209,0.21870000660419464,0.1745000034570694,0.17440000176429749,0.31630000472068787,0.33230000734329224,0.14030000567436218,0.1875,0.8159999847412109
ENSG00000139370,Lysosome/Vacuole,Signal peptide,Transmembrane,0.13099999725818634,0.0957999974489212,0.07580000162124634,0.4625999927520752,0.17800000309944153,0.006800000090152025,0.27799999713897705,0.6800000071525574,0.4058000147342682,0.11129999905824661,0.05739999935030937,0.9861999750137329,0.11209999769926071,0.12060000002384186
ENSG00000139410,Cytoplasm,Nuclear export signal,Soluble,0.7894999980926514,0.49079999327659607,0.19370000064373016,0.17090000212192535,0.46540001034736633,0.0032999999821186066,0.1492999941110611,0.19040000438690186,0.22310000658035278,0.0706000030040741,0.3937000036239624,0.21610000729560852,0.2329999953508377,0.7914000153541565
ENSG00000139428,Mitochondrion,Mitochondrial transit peptide,Soluble,0.28619998693466187,0.13300000131130219,0.06270000338554382,0.07909999787807465,0.9290000200271606,0.00139999995008111,0.07970000058412552,0.06949999928474426,0.07050000131130219,0.03970000147819519,0.40689998865127563,0.12809999287128448,0.21089999377727509,0.7738000154495239
ENSG00000139433,Cytoplasm,Nuclear export signal,Soluble,0.7652999758720398,0.34220001101493835,0.14869999885559082,0.29010000824928284,0.17309999465942383,0.02319999970495701,0.29899999499320984,0.4544999897480011,0.5001000165939331,0.055399999022483826,0.4203999936580658,0.10409999638795853,0.18240000307559967,0.7150999903678894
ENSG00000139496,Nucleus,Nuclear localization signal,Peripheral|Soluble,0.3481000065803528,0.7784000039100647,0.11670000106096268,0.19050000607967377,0.0674000009894371,0.008299999870359898,0.13040000200271606,0.17000000178813934,0.06440000236034393,0.05220000073313713,0.7358999848365784,0.07779999822378159,0.19789999723434448,0.7045999765396118
ENSG00000139505,Cytoplasm,Nuclear export signal,Peripheral|Soluble,0.6654999852180481,0.3021000027656555,0.03880000114440918,0.2971000075340271,0.17339999973773956,0.008500000461935997,0.2232999950647354,0.47699999809265137,0.30480000376701355,0.01489999983459711,0.6068999767303467,0.08079999685287476,0.12030000239610672,0.8424000144004822
ENSG00000139514,Cell membrane,Transmembrane domain,Transmembrane,0.10750000178813934,0.07360000163316727,0.025100000202655792,0.7878000140190125,0.12280000001192093,0.008500000461935997,0.21789999306201935,0.5766000151634216,0.38440001010894775,0.013299999758601189,0.062300000339746475,0.9898999929428101,0.29750001430511475,0.08860000222921371
ENSG00000139531,Mitochondrion,Mitochondrial transit peptide,Soluble,0.23510000109672546,0.12099999934434891,0.029500000178813934,0.053700000047683716,0.9314000010490417,0.029400000348687172,0.10559999942779541,0.04019999876618385,0.09189999848604202,0.0364999994635582,0.5218999981880188,0.4043000042438507,0.051899999380111694,0.6474000215530396
ENSG00000139540,Cell membrane|Lysosome/Vacuole,Signal peptide|Transmembrane domain,Transmembrane,0.11020000278949738,0.10019999742507935,0.028699999675154686,0.76910001039505,0.14190000295639038,0.008700000122189522,0.36800000071525574,0.6365000009536743,0.34929999709129333,0.13910000026226044,0.1362999975681305,0.9659000039100647,0.1363999992609024,0.15559999644756317
ENSG00000139547,Endoplasmic reticulum,Signal peptide,Peripheral|Transmembrane,0.22040000557899475,0.13729999959468842,0.052000001072883606,0.3264000117778778,0.2646999955177307,0.0027000000700354576,0.8618000149726868,0.16820000112056732,0.13580000400543213,0.044199999421834946,0.6525999903678894,0.7753999829292297,0.5820000171661377,0.19920000433921814
ENSG00000139624,Endoplasmic reticulum,Signal peptide|Transmembrane domain,Transmembrane,0.06859999895095825,0.09950000047683716,0.008200000040233135,0.3666999936103821,0.19040000438690186,0.012400000356137753,0.7258999943733215,0.3797000050544739,0.5659999847412109,0.0940999984741211,0.1257999986410141,0.991599977016449,0.057100001722574234,0.08889999985694885
ENSG00000139629,Golgi apparatus,Signal peptide|Transmembrane domain,Transmembrane,0.12790000438690186,0.08209999650716782,0.3098999857902527,0.19760000705718994,0.06769999861717224,0.004000000189989805,0.4050999879837036,0.3797000050544739,0.9503999948501587,0.07940000295639038,0.257099986076355,0.9186000227928162,0.24449999630451202,0.23499999940395355
ENSG00000139631,Cytoplasm,Nuclear export signal,Soluble,0.7459999918937683,0.4472000002861023,0.0729999989271164,0.17260000109672546,0.2793999910354614,0.012199999764561653,0.35530000925064087,0.24089999496936798,0.28380000591278076,0.028200000524520874,0.44929999113082886,0.20409999787807465,0.2483000010251999,0.7961999773979187
ENSG00000139684,Cytoplasm,,Soluble,0.7145000100135803,0.38670000433921814,0.09610000252723694,0.22349999845027924,0.25290000438690186,0.020899999886751175,0.11739999800920486,0.35589998960494995,0.16899999976158142,0.10570000112056732,0.2581000030040741,0.13590000569820404,0.0868000015616417,0.7997000217437744
ENSG00000139718,Nucleus,Nuclear localization signal,Soluble,0.30169999599456787,0.9211999773979187,0.02710000053048134,0.0925000011920929,0.07609999924898148,0.011800000444054604,0.08309999853372574,0.028999999165534973,0.026399999856948853,0.0020000000949949026,0.20270000398159027,0.13349999487400055,0.02810000069439411,0.8766000270843506
ENSG00000139914,Endoplasmic reticulum,Signal peptide|Transmembrane domain,Transmembrane,0.09369999915361404,0.06469999998807907,0.05270000174641609,0.3352000117301941,0.1200999990105629,0.007600000128149986,0.8977000117301941,0.21250000596046448,0.58160001039505,0.008100000210106373,0.10670000314712524,0.9915000200271606,0.14399999380111694,0.1071000024676323
ENSG00000139988,Endoplasmic reticulum,Transmembrane domain|Mitochondrial transit peptide,Transmembrane,0.26829999685287476,0.1371999979019165,0.13420000672340393,0.22830000519752502,0.5164999961853027,0.07919999957084656,0.8016999959945679,0.3116999864578247,0.31700000166893005,0.016300000250339508,0.5141000151634216,0.7616999745368958,0.4050000011920929,0.28790000081062317
ENSG00000140057,Cytoplasm,Nuclear localization signal,Soluble,0.7760999798774719,0.3370000123977661,0.11729999631643295,0.21570000052452087,0.1103999987244606,0.010200000368058681,0.16619999706745148,0.17239999771118164,0.27149999141693115,0.0013000000035390258,0.32019999623298645,0.13019999861717224,0.28690001368522644,0.8357999920845032
ENSG00000140090,Cell membrane,Transmembrane domain,Transmembrane,0.08030000329017639,0.11249999701976776,0.03519999980926514,0.736299991607666,0.22089999914169312,0.004100000020116568,0.3806000053882599,0.38420000672340393,0.45649999380111694,0.04340000078082085,0.062199998646974564,0.9793000221252441,0.1509000062942505,0.13030000030994415
ENSG00000140105,Cytoplasm,Nuclear export signal,Soluble,0.7565000057220459,0.22949999570846558,0.06930000334978104,0.2957000136375427,0.37220001220703125,0.014000000432133675,0.23469999432563782,0.1534000039100647,0.15880000591278076,0.1386999934911728,0.4691999852657318,0.026799999177455902,0.3382999897003174,0.864300012588501
ENSG00000140199,Cell membrane,Transmembrane domain,Transmembrane,0.24619999527931213,0.07320000231266022,0.02710000053048134,0.7786999940872192,0.13940000534057617,0.010900000110268593,0.12120000272989273,0.49160000681877136,0.3336000144481659,0.012000000104308128,0.11299999803304672,0.9837999939918518,0.051100000739097595,0.1160999983549118
ENSG00000140263,Cytoplasm,,Soluble,0.7404999732971191,0.18880000710487366,0.035100001841783524,0.3513000011444092,0.1445000022649765,0.05530000105500221,0.31520000100135803,0.3720000088214874,0.06650000065565109,0.14810000360012054,0.3418999910354614,0.06800000369548798,0.13899999856948853,0.8169000148773193
ENSG00000140279,Cell membrane,Signal peptide|Transmembrane domain,Transmembrane,0.15219999849796295,0.03840000182390213,0.03310000151395798,0.7578999996185303,0.0568000003695488,0.0568000003695488,0.5562999844551086,0.5705000162124634,0.4465000033378601,0.005400000140070915,0.13899999856948853,0.9889000058174133,0.10589999705553055,0.09130000323057175
ENSG00000140284,Endoplasmic reticulum|Peroxisome,Peroxisomal targeting signal,Peripheral|Transmembrane,0.3693999946117401,0.1623000055551529,0.17679999768733978,0.38440001010894775,0.3052000105381012,0.06889999657869339,0.6600000262260437,0.17069999873638153,0.1818999946117401,0.7547000050544739,0.7628999948501587,0.6723999977111816,0.4090000092983246,0.3025999963283539
ENSG00000140287,Cytoplasm,Nuclear export signal,Soluble,0.6524999737739563,0.40849998593330383,0.058800000697374344,0.32670000195503235,0.24369999766349792,0.03959999978542328,0.3562000095844269,0.22259999811649323,0.426800012588501,0.1915999948978424,0.38440001010894775,0.17599999904632568,0.3930000066757202,0.7526000142097473
ENSG00000140297,Golgi apparatus,Signal peptide,Transmembrane,0.15119999647140503,0.09449999779462814,0.5924999713897705,0.10729999840259552,0.09130000323057175,0.00800000037997961,0.24819999933242798,0.24639999866485596,0.8863000273704529,0.009999999776482582,0.3249000012874603,0.8027999997138977,0.181099995970726,0.37279999256134033
ENSG00000140367,Cytoplasm,Nuclear export signal,Soluble,0.7245000004768372,0.4154999852180481,0.05559999868273735,0.2460000067949295,0.1256999969482422,0.0038999998942017555,0.4691999852657318,0.2483000010251999,0.415800005197525,0.02019999921321869,0.5184999704360962,0.053700000047683716,0.27379998564720154,0.8015000224113464
ENSG00000140374,Mitochondrion,Mitochondrial transit peptide,Peripheral|Soluble,0.17800000309944153,0.12129999697208405,0.04820000007748604,0.16009999811649323,0.9014000296592712,0.00279999990016222,0.055799998342990875,0.05909999832510948,0.06589999794960022,0.014000000432133675,0.6219000220298767,0.08540000021457672,0.11289999634027481,0.7567999958992004
ENSG00000140400,Cytoplasm|Lysosome/Vacuole,Nuclear export signal,Soluble,0.7799999713897705,0.20399999618530273,0.18240000307559967,0.3776000142097473,0.3578999936580658,0.0035000001080334187,0.335999995470047,0.6481999754905701,0.5357999801635742,0.021700000390410423,0.47679999470710754,0.1941000074148178,0.16580000519752502,0.8154000043869019
ENSG00000140455,Cytoplasm|Nucleus,Nuclear export signal,Soluble,0.5008999705314636,0.7448999881744385,0.01590000092983246,0.13510000705718994,0.10040000081062317,0.004800000227987766,0.12049999833106995,0.26019999384880066,0.18950000405311584,0.031300000846385956,0.41510000824928284,0.04749999940395355,0.1581999957561493,0.8752999901771545
ENSG00000140459,Mitochondrion,Mitochondrial transit peptide,Peripheral|Soluble,0.1914999932050705,0.13330000638961792,0.06889999657869339,0.18790000677108765,0.8331000208854675,0.012799999676644802,0.08060000091791153,0.09239999949932098,0.06159999966621399,0.021299999207258224,0.7386000156402588,0.3278000056743622,0.26499998569488525,0.519599974155426
ENSG00000140465,Endoplasmic reticulum,Signal peptide|Transmembrane domain,Peripheral|Transmembrane,0.13269999623298645,0.07349999994039536,0.04659999907016754,0.16940000653266907,0.22020000219345093,0.04360000044107437,0.9244999885559082,0.16680000722408295,0.18160000443458557,0.07320000231266022,0.7432000041007996,0.7196999788284302,0.23199999332427979,0.21209999918937683
ENSG00000140505,Endoplasmic reticulum,Signal peptide|Transmembrane domain,Peripheral|Transmembrane,0.13289999961853027,0.06430000066757202,0.06889999657869339,0.20309999585151672,0.3028999865055084,0.06239999830722809,0.9071999788284302,0.1445000022649765,0.20080000162124634,0.09520000219345093,0.732699990272522,0.6919000148773193,0.210999995470047,0.2337999939918518
ENSG00000140519,Cell membrane|Lysosome/Vacuole,Signal peptide|Transmembrane domain,Transmembrane,0.09139999747276306,0.03319999948143959,0.0560000017285347,0.7110999822616577,0.07639999687671661,0.01720000058412552,0.45899999141693115,0.6297000050544739,0.6137999892234802,0.012900000438094139,0.04769999906420708,0.9932000041007996,0.21289999783039093,0.09549999982118607
ENSG00000140521,Mitochondrion,Mitochondrial transit peptide,Soluble,0.33809998631477356,0.3377000093460083,0.025699999183416367,0.045099999755620956,0.9160000085830688,0.007600000128149986,0.07209999859333038,0.07649999856948853,0.0737999975681305,0.00989999994635582,0.34700000286102295,0.14149999618530273,0.1242000013589859,0.8501999974250793
ENSG00000140522,Cytoplasm,Nuclear export signal,Peripheral|Soluble,0.6800000071525574,0.25029999017715454,0.05299999937415123,0.24560000002384186,0.3248000144958496,0.008799999952316284,0.30730000138282776,0.39469999074935913,0.38350000977516174,0.01940000057220459,0.6840999722480774,0.04540000110864639,0.4142000079154968,0.7656999826431274
ENSG00000140598,Cytoplasm,Nuclear localization signal,Soluble,0.7214999794960022,0.48510000109672546,0.01600000075995922,0.07270000129938126,0.1462000012397766,0.0031999999191612005,0.3456000089645386,0.21459999680519104,0.1729000061750412,0.06459999829530716,0.33869999647140503,0.14300000667572021,0.15780000388622284,0.833899974822998
ENSG00000140612,Endoplasmic reticulum,Signal peptide|Transmembrane domain,Transmembrane,0.08510000258684158,0.10599999874830246,0.02319999970495701,0.1746000051498413,0.19629999995231628,0.044599998742341995,0.9290000200271606,0.14650000631809235,0.49000000953674316,0.04399999976158142,0.5467000007629395,0.9092000126838684,0.4327000081539154,0.09070000052452087
ENSG00000140650,Cytoplasm,Nuclear localization signal|Nuclear export signal,Soluble,0.7480000257492065,0.47609999775886536,0.12129999697208405,0.21220000088214874,0.36570000648498535,0.015699999406933784,0.3091999888420105,0.10740000009536743,0.15629999339580536,0.021900000050663948,0.30230000615119934,0.20000000298023224,0.1606999933719635,0.7724000215530396
ENSG00000140675,Cell membrane,Transmembrane domain,Transmembrane,0.12960000336170197,0.03220000118017197,0.034299999475479126,0.782800018787384,0.15209999680519104,0.011500000022351742,0.3725000023841858,0.4474000036716461,0.29010000824928284,0.006300000008195639,0.09780000150203705,0.989799976348877,0.22419999539852142,0.09830000251531601
ENSG00000140740,Mitochondrion,Mitochondrial transit peptide,Peripheral|Soluble,0.09380000084638596,0.1111999973654747,0.0272000003606081,0.10249999910593033,0.9351999759674072,0.04580000042915344,0.07320000231266022,0.07859999686479568,0.03739999979734421,0.02239999920129776,0.7939000129699707,0.03350000083446503,0.1453000009059906,0.7354999780654907
ENSG00000140795,Cytoplasm,Nuclear export signal,Peripheral|Soluble,0.707099974155426,0.2754000127315521,0.0763000026345253,0.4603999853134155,0.14270000159740448,0.012000000104308128,0.2531000077724457,0.47519999742507935,0.4302999973297119,0.04820000007748604,0.7045999765396118,0.12160000205039978,0.7089999914169312,0.6980000138282776
ENSG00000140835,Golgi apparatus,Signal peptide|Transmembrane domain,Transmembrane,0.18219999969005585,0.08860000222921371,0.3140000104904175,0.2054000049829483,0.07559999823570251,0.002300000051036477,0.4560000002384186,0.13269999623298645,0.8068000078201294,0.008899999782443047,0.17190000414848328,0.9089999794960022,0.061500001698732376,0.3508000075817108
ENSG00000140905,Mitochondrion,Mitochondrial transit peptide,Peripheral|Soluble,0.1543000042438507,0.08590000122785568,0.05380000174045563,0.11840000003576279,0.9341999888420105,0.001500000013038516,0.1177000030875206,0.11569999903440475,0.13019999861717224,0.10209999978542328,0.6116999983787537,0.05090000107884407,0.2957000136375427,0.7775999903678894
ENSG00000140990,Mitochondrion,Mitochondrial transit peptide,Peripheral|Transmembrane,0.29660001397132874,0.0851999968290329,0.1143999993801117,0.1738000065088272,0.8675000071525574,0.07240000367164612,0.45590001344680786,0.15629999339580536,0.2955999970436096,0.07509999722242355,0.6873999834060669,0.5422000288963318,0.09149999916553497,0.3831999897956848
ENSG00000141012,Extracellular,Signal peptide,Soluble,0.3416000008583069,0.09730000048875809,0.5468999743461609,0.3619000017642975,0.19040000438690186,0.0007999999797903001,0.483599990606308,0.5026999711990356,0.3176000118255615,0.006500000134110451,0.36070001125335693,0.15189999341964722,0.42649999260902405,0.7587000131607056
ENSG00000141179,Cytoplasm,,Soluble,0.608299970626831,0.2904999852180481,0.14839999377727509,0.4359000027179718,0.44269999861717224,0.03830000013113022,0.305400013923645,0.21619999408721924,0.2809999883174896,0.05779999867081642,0.5062999725341797,0.18610000610351562,0.3176000118255615,0.6859999895095825
ENSG00000141279,Cytoplasm,Peroxisomal targeting signal,Soluble,0.5504999756813049,0.2522999942302704,0.2547999918460846,0.2303999960422516,0.460099995136261,0.004900000058114529,0.3646000027656555,0.37139999866485596,0.33149999380111694,0.3158000111579895,0.45989999175071716,0.1738000065088272,0.13230000436306,0.7699000239372253
ENSG00000141338,Cell membrane,Transmembrane domain,Transmembrane,0.20679999887943268,0.09989999979734421,0.031199999153614044,0.6312000155448914,0.1671999990940094,0.030300000682473183,0.4771000146865845,0.5845999717712402,0.5285999774932861,0.07129999995231628,0.0771000012755394,0.9846000075340271,0.09149999916553497,0.14900000393390656
ENSG00000141349,Endoplasmic reticulum,Signal peptide|Transmembrane domain,Transmembrane,0.10750000178813934,0.07649999856948853,0.03020000085234642,0.35040000081062317,0.31520000100135803,0.01899999938905239,0.8744999766349792,0.31049999594688416,0.45260000228881836,0.021800000220537186,0.09059999883174896,0.9890000224113464,0.18780000507831573,0.13590000569820404
ENSG00000141378,Mitochondrion,,Transmembrane,0.1671999990940094,0.3075000047683716,0.11800000071525574,0.08720000088214874,0.6883000135421753,0.2134999930858612,0.5669000148773193,0.1023000031709671,0.1396999955177307,0.2766000032424927,0.310699999332428,0.828499972820282,0.15459999442100525,0.2630999982357025
ENSG00000141401,Cytoplasm,Nuclear export signal,Soluble,0.8101000189781189,0.48919999599456787,0.0908999964594841,0.21299999952316284,0.451200008392334,0.009200000204145908,0.20880000293254852,0.10440000146627426,0.20679999887943268,0.17190000414848328,0.2985000014305115,0.12520000338554382,0.45170000195503235,0.8052999973297119
ENSG00000141424,Cell membrane|Lysosome/Vacuole,Signal peptide|Transmembrane domain,Transmembrane,0.12080000340938568,0.09040000289678574,0.037700001150369644,0.7689999938011169,0.11810000240802765,0.004699999932199717,0.42010000348091125,0.6527000069618225,0.46650001406669617,0.053199999034404755,0.0778999999165535,0.9577999711036682,0.06480000168085098,0.20520000159740448
ENSG00000141429,Golgi apparatus,Signal peptide|Transmembrane domain,Transmembrane,0.17569999396800995,0.053300000727176666,0.476500004529953,0.2484000027179718,0.12559999525547028,0.006099999882280827,0.4659000039100647,0.41510000824928284,0.925599992275238,0.03319999948143959,0.1006999984383583,0.8705999851226807,0.3813999891281128,0.29809999465942383
ENSG00000141446,Nucleus,Nuclear localization signal,Soluble,0.2646999955177307,0.9031999707221985,0.038600001484155655,0.07020000368356705,0.07429999858140945,0.009600000455975533,0.041099999099969864,0.0357000008225441,0.05040000006556511,0.011900000274181366,0.16779999434947968,0.06650000065565109,0.13650000095367432,0.9363999962806702
ENSG00000141458,Cell membrane|Lysosome/Vacuole,Signal peptide|Transmembrane domain,Transmembrane,0.1193000003695488,0.09679999947547913,0.05490000173449516,0.6136999726295471,0.07580000162124634,0.0052999998442828655,0.3240000009536743,0.8001999855041504,0.506600022315979,0.021700000390410423,0.18310000002384186,0.9872999787330627,0.400299996137619,0.053700000047683716
ENSG00000141469,Cell membrane,Transmembrane domain,Transmembrane,0.1454000025987625,0.11159999668598175,0.10589999705553055,0.8337000012397766,0.23690000176429749,0.035599999129772186,0.4372999966144562,0.4860000014305115,0.5187000036239624,0.0357000008225441,0.08919999748468399,0.9948999881744385,0.1527000069618225,0.08060000091791153
ENSG00000141485,Cell membrane,Transmembrane domain,Transmembrane,0.07320000231266022,0.042500000447034836,0.0406000018119812,0.7842000126838684,0.12890000641345978,0.005400000140070915,0.5921000242233276,0.37860000133514404,0.2590999901294708,0.015399999916553497,0.06650000065565109,0.9847999811172485,0.1307000070810318,0.10490000247955322
ENSG00000141504,Cytoplasm|Nucleus,Nuclear export signal,Soluble,0.7576000094413757,0.5791000127792358,0.14839999377727509,0.12470000237226486,0.3294999897480011,0.010999999940395355,0.14890000224113464,0.2257000058889389,0.16609999537467957,0.13860000669956207,0.3000999987125397,0.14239999651908875,0.3003000020980835,0.7802000045776367
ENSG00000141506,Cytoplasm|Lysosome/Vacuole,Nuclear export signal,Soluble,0.6093999743461609,0.3441999852657318,0.03759999945759773,0.35109999775886536,0.17800000309944153,0.024000000208616257,0.36980000138282776,0.6891000270843506,0.516700029373169,0.09830000251531601,0.5763000249862671,0.2054000049829483,0.15150000154972076,0.776199996471405
ENSG00000141526,Cell membrane,Signal peptide|Transmembrane domain,Transmembrane,0.20329999923706055,0.0560000017285347,0.07360000163316727,0.7196999788284302,0.18050000071525574,0.005200000014156103,0.335999995470047,0.3984000086784363,0.459199994802475,0.1315000057220459,0.14030000567436218,0.9803000092506409,0.2946999967098236,0.10490000247955322
ENSG00000141552,Cytoplasm,Nuclear export signal,Soluble,0.5759999752044678,0.48159998655319214,0.026399999856948853,0.1453000009059906,0.13670000433921814,0.003000000026077032,0.4041000008583069,0.45820000767707825,0.3181000053882599,0.0142000000923872,0.5059999823570251,0.04430000111460686,0.19099999964237213,0.7515000104904175
ENSG00000141560,Cytoplasm,Nuclear export signal,Soluble,0.7646999955177307,0.44940000772476196,0.04969999939203262,0.09470000118017197,0.3594000041484833,0.005900000222027302,0.20569999516010284,0.30570000410079956,0.20340000092983246,0.11840000003576279,0.37720000743865967,0.1454000025987625,0.10350000113248825,0.8014000058174133
ENSG00000141698,Cytoplasm,,Soluble,0.6033999919891357,0.4674000144004822,0.25119999051094055,0.3165000081062317,0.38280001282691956,0.0017999999690800905,0.1152999997138977,0.23639999330043793,0.10159999877214432,0.006399999838322401,0.48410001397132874,0.10300000011920929,0.5570999979972839,0.7915999889373779
ENSG00000141744,Cytoplasm|Nucleus,,Soluble,0.5372999906539917,0.5440999865531921,0.10869999974966049,0.13609999418258667,0.35519999265670776,0.008799999952316284,0.3407000005245209,0.26910001039505005,0.20550000667572021,0.1655000001192093,0.4025999903678894,0.17679999768733978,0.33889999985694885,0.8317999839782715
ENSG00000141756,Endoplasmic reticulum,Signal peptide,Soluble,0.27300000190734863,0.1574999988079071,0.5343999862670898,0.375,0.08919999748468399,0.0027000000700354576,0.7056999802589417,0.32429999113082886,0.2919999957084656,0.013700000010430813,0.42010000348091125,0.15839999914169312,0.328000009059906,0.7422999739646912
ENSG00000141873,Cell membrane|Lysosome/Vacuole,Signal peptide|Transmembrane domain,Transmembrane,0.10769999772310257,0.04800000041723251,0.030799999833106995,0.6952000260353088,0.08500000089406967,0.035599999129772186,0.4564000070095062,0.6337000131607056,0.5525000095367432,0.03539999946951866,0.09300000220537186,0.9664999842643738,0.14470000565052032,0.15240000188350677
ENSG00000141934,Cell membrane|Endoplasmic reticulum,Signal peptide|Transmembrane domain,Transmembrane,0.07119999825954437,0.03180000185966492,0.0820000022649765,0.6976000070571899,0.06989999860525131,0.019500000402331352,0.6523000001907349,0.33500000834465027,0.5274999737739563,0.006399999838322401,0.0471000000834465,0.992900013923645,0.17440000176429749,0.10339999943971634
ENSG00000141959,Cytoplasm,Nuclear export signal|Peroxisomal targeting signal,Soluble,0.7968999743461609,0.2513999938964844,0.047200001776218414,0.30979999899864197,0.2442999929189682,0.06509999930858612,0.26759999990463257,0.508899986743927,0.22759999334812164,0.4244999885559082,0.49239999055862427,0.13269999623298645,0.2320999950170517,0.7860999703407288
ENSG00000142082,Mitochondrion,Mitochondrial transit peptide,Soluble,0.33489999175071716,0.241799995303154,0.06780000030994415,0.07109999656677246,0.8977000117301941,0.019500000402331352,0.20250000059604645,0.09549999982118607,0.1525000035762787,0.07599999755620956,0.5315999984741211,0.07959999889135361,0.4327999949455261,0.795199990272522
ENSG00000142102,Cytoplasm,,Soluble,0.6726999878883362,0.21310000121593475,0.614799976348877,0.4779999852180481,0.3174999952316284,0.018400000408291817,0.2637999951839447,0.3131999969482422,0.26820001006126404,0.18330000340938568,0.430400013923645,0.2361000031232834,0.28369998931884766,0.7946000099182129
ENSG00000142168,Cytoplasm,,Soluble,0.6790000200271606,0.34869998693466187,0.4194999933242798,0.28450000286102295,0.36309999227523804,0.01769999973475933,0.163100004196167,0.1306000053882599,0.06360000371932983,0.07050000131130219,0.4867999851703644,0.019099999219179153,0.16609999537467957,0.8909000158309937
ENSG00000142182,Cytoplasm|Nucleus,Nuclear localization signal|Nuclear export signal,Soluble,0.48330000042915344,0.7020000219345093,0.030700000002980232,0.1656000018119812,0.1421000063419342,0.006899999920278788,0.11819999665021896,0.16099999845027924,0.2012999951839447,0.002899999963119626,0.24580000340938568,0.14159999787807465,0.13689999282360077,0.891700029373169
ENSG00000142230,Cytoplasm|Nucleus,Nuclear localization signal,Soluble,0.5508000254631042,0.8174999952316284,0.02979999966919422,0.04600000008940697,0.2842000126838684,0.008899999782443047,0.1103999987244606,0.04830000177025795,0.08489999920129776,0.006899999920278788,0.3100999891757965,0.10570000112056732,0.21570000052452087,0.7418000102043152
ENSG00000142273,Cytoplasm,,Peripheral|Soluble,0.6349999904632568,0.39320001006126404,0.12099999934434891,0.3582000136375427,0.15889999270439148,0.00279999990016222,0.27790001034736633,0.5367000102996826,0.3723999857902527,0.018799999728798866,0.6484000086784363,0.06040000170469284,0.2872999906539917,0.8371999859809875
ENSG00000142319,Cell membrane,Transmembrane domain,Transmembrane,0.11270000040531158,0.048700001090765,0.026399999856948853,0.8895999789237976,0.09969999641180038,0.008500000461935997,0.2590000033378601,0.4772000014781952,0.3357999920845032,0.025100000202655792,0.0982000008225441,0.9805999994277954,0.0681999996304512,0.11490000039339066
ENSG00000142494,Cell membrane,Signal peptide|Transmembrane domain,Transmembrane,0.10329999774694443,0.05620000138878822,0.053700000047683716,0.7512999773025513,0.09769999980926514,0.009100000374019146,0.5806000232696533,0.2879999876022339,0.396699994802475,0.3596000075340271,0.08780000358819962,0.9864000082015991,0.1467999964952469,0.1096000000834465
ENSG00000142513,Cell membrane|Lysosome/Vacuole,Signal peptide,Transmembrane,0.22939999401569366,0.06639999896287918,0.3531999886035919,0.7630000114440918,0.049400001764297485,0.0015999999595806003,0.38760000467300415,0.614799976348877,0.40860000252723694,0.040699999779462814,0.35370001196861267,0.9043999910354614,0.5906999707221985,0.14409999549388885
ENSG00000142583,Cell membrane,Transmembrane domain,Transmembrane,0.14900000393390656,0.06939999759197235,0.04540000110864639,0.8057000041007996,0.22619999945163727,0.0052999998442828655,0.24500000476837158,0.39239999651908875,0.4397999942302704,0.029200000688433647,0.07729999721050262,0.9818999767303467,0.17509999871253967,0.12720000743865967
ENSG00000142619,Cytoplasm,Nuclear localization signal,Soluble,0.7597000002861023,0.3790000081062317,0.17630000412464142,0.1534000039100647,0.23659999668598175,0.027899999171495438,0.3666999936103821,0.225600004196167,0.2329999953508377,0.01080000028014183,0.3887999951839447,0.29580000042915344,0.3305000066757202,0.7889999747276306
ENSG00000142623,Cytoplasm,Nuclear localization signal,Soluble,0.7268000245094299,0.3774000108242035,0.22910000383853912,0.15629999339580536,0.2484000027179718,0.025100000202655792,0.421099990606308,0.2757999897003174,0.2842999994754791,0.007699999958276749,0.44699999690055847,0.31049999594688416,0.33869999647140503,0.7753999829292297
ENSG00000142657,Cytoplasm,Peroxisomal targeting signal,Soluble,0.824400007724762,0.1331000030040741,0.1550000011920929,0.2304999977350235,0.36309999227523804,0.08550000190734863,0.1867000013589859,0.2791000008583069,0.2556000053882599,0.24410000443458557,0.4690999984741211,0.06019999831914902,0.3573000133037567,0.760699987411499
ENSG00000142892,Endoplasmic reticulum,Signal peptide,Transmembrane,0.1256999969482422,0.059300001710653305,0.26030001044273376,0.19169999659061432,0.08950000256299973,0.05849999934434891,0.902400016784668,0.47859999537467957,0.5220999717712402,0.029600000008940697,0.2305999994277954,0.8341000080108643,0.13779999315738678,0.2304999977350235
ENSG00000142973,Endoplasmic reticulum,Signal peptide|Transmembrane domain,Peripheral|Transmembrane,0.14749999344348907,0.09440000355243683,0.0908999964594841,0.1784999966621399,0.21780000627040863,0.01489999983459711,0.8831999897956848,0.12860000133514404,0.11479999870061874,0.05939999967813492,0.7276999950408936,0.7659000158309937,0.28780001401901245,0.26159998774528503
ENSG00000143036,Cell membrane|Lysosome/Vacuole|Golgi apparatus,Signal peptide|Transmembrane domain,Transmembrane,0.16899999976158142,0.05700000002980232,0.04520000144839287,0.7901999950408936,0.14159999787807465,0.003800000064074993,0.5145000219345093,0.8708000183105469,0.7312999963760376,0.009600000455975533,0.17640000581741333,0.9973999857902527,0.08959999680519104,0.054099999368190765
ENSG00000143149,Cytoplasm,Nuclear export signal,Soluble,0.7318000197410583,0.5,0.042500000447034836,0.19210000336170197,0.20069999992847443,0.1363999992609024,0.18709999322891235,0.22179999947547913,0.22499999403953552,0.06030000001192093,0.4424999952316284,0.1542000025510788,0.3617999851703644,0.6650999784469604
ENSG00000143153,Cell membrane,Signal peptide|Transmembrane domain,Transmembrane,0.16359999775886536,0.03790000081062317,0.17640000581741333,0.7330999970436096,0.09179999679327011,0.0044999998062849045,0.36160001158714294,0.28459998965263367,0.4867999851703644,0.0026000000070780516,0.19130000472068787,0.9940999746322632,0.1599999964237213,0.05700000002980232
ENSG00000143156,Cytoplasm,Nuclear export signal,Soluble,0.7732999920845032,0.32120001316070557,0.09910000115633011,0.20059999823570251,0.11159999668598175,0.036400001496076584,0.20749999582767487,0.24420000612735748,0.10769999772310257,0.18230000138282776,0.30880001187324524,0.04749999940395355,0.10859999805688858,0.8695999979972839
ENSG00000143158,Mitochondrion,Transmembrane domain,Transmembrane,0.12890000641345978,0.03460000082850456,0.059700001031160355,0.15889999270439148,0.8317000269889832,0.08320000022649765,0.15780000388622284,0.29910001158714294,0.16689999401569366,0.321399986743927,0.33410000801086426,0.9829000234603882,0.024700000882148743,0.0649000033736229
ENSG00000143179,Cytoplasm|Nucleus,Nuclear localization signal|Nuclear export signal,Soluble,0.5838000178337097,0.7138000130653381,0.04019999876618385,0.18639999628067017,0.21529999375343323,0.005900000222027302,0.1468999981880188,0.17960000038146973,0.19110000133514404,0.022199999541044235,0.29739999771118164,0.018300000578165054,0.5676000118255615,0.8801000118255615
ENSG00000143198,Endoplasmic reticulum,Transmembrane domain,Transmembrane,0.0689999982714653,0.04610000178217888,0.020999999716877937,0.5187000036239624,0.5462999939918518,0.19629999995231628,0.5845000147819519,0.20190000534057617,0.14270000159740448,0.0544000007212162,0.13809999823570251,0.9064000248908997,0.11999999731779099,0.17739999294281006
ENSG00000143199,Cytoplasm|Cell membrane,Nuclear localization signal|Nuclear export signal,Peripheral|Soluble,0.5170000195503235,0.4738999903202057,0.02979999966919422,0.5928000211715698,0.45890000462532043,0.027899999171495438,0.2840000092983246,0.1688999980688095,0.25040000677108765,0.014499999582767487,0.659600019454956,0.5015000104904175,0.4104999899864197,0.5182999968528748
ENSG00000143207,Nucleus,Nuclear export signal,Soluble,0.45159998536109924,0.7483000159263611,0.017999999225139618,0.09780000150203705,0.07419999688863754,0.0034000000450760126,0.11010000109672546,0.2741999924182892,0.25760000944137573,0.05730000138282776,0.3589000105857849,0.07609999924898148,0.29789999127388,0.855400025844574
ENSG00000143224,Mitochondrion,Mitochondrial transit peptide,Peripheral|Soluble,0.4544999897480011,0.2946000099182129,0.05040000006556511,0.10159999877214432,0.775600016117096,0.006300000008195639,0.28450000286102295,0.24169999361038208,0.1745000034570694,0.010099999606609344,0.6801000237464905,0.21979999542236328,0.14229999482631683,0.6852999925613403
ENSG00000143252,Mitochondrion,Mitochondrial transit peptide,Transmembrane,0.09290000051259995,0.05810000002384186,0.023499999195337296,0.11320000141859055,0.9447000026702881,0.012799999676644802,0.12870000302791595,0.07890000194311142,0.09040000289678574,0.05719999969005585,0.13670000433921814,0.989300012588501,0.0272000003606081,0.0778999999165535
ENSG00000143258,Cytoplasm|Nucleus,Nuclear export signal,Soluble,0.7333999872207642,0.5321000218391418,0.02710000053048134,0.2808000147342682,0.14350000023841858,0.00559999980032444,0.25110000371932983,0.2703999876976013,0.2126999944448471,0.15360000729560852,0.5751000046730042,0.04230000078678131,0.13519999384880066,0.8837000131607056
ENSG00000143278,Extracellular,Signal peptide,Soluble,0.24809999763965607,0.13760000467300415,0.8379999995231628,0.20000000298023224,0.03579999879002571,0.0010999999940395355,0.26420000195503235,0.11060000211000443,0.11789999902248383,0.0015999999595806003,0.30889999866485596,0.09220000356435776,0.164900004863739,0.9004999995231628
ENSG00000143315,Endoplasmic reticulum,Signal peptide|Transmembrane domain,Transmembrane,0.08789999783039093,0.14419999718666077,0.052799999713897705,0.21899999678134918,0.25920000672340393,0.017899999395012856,0.9430999755859375,0.2827000021934509,0.4936999976634979,0.010999999940395355,0.10620000213384628,0.9812999963760376,0.0997999981045723,0.13609999418258667
ENSG00000143324,Cell membrane,Transmembrane domain,Transmembrane,0.17980000376701355,0.0966000035405159,0.025299999862909317,0.6531999707221985,0.2773999869823456,0.019999999552965164,0.4546000063419342,0.45980000495910645,0.5748999714851379,0.009800000116229057,0.08160000294446945,0.994700014591217,0.026200000196695328,0.05169999971985817
ENSG00000143363,Cytoplasm,Nuclear export signal,Soluble,0.746399998664856,0.49810001254081726,0.09910000115633011,0.2222999930381775,0.38670000433921814,0.008799999952316284,0.24420000612735748,0.15549999475479126,0.2587999999523163,0.07909999787807465,0.4025000035762787,0.11060000211000443,0.35100001096725464,0.8654000163078308
ENSG00000143379,Nucleus,Nuclear localization signal|Nuclear export signal,Soluble,0.34709998965263367,0.8633000254631042,0.02329999953508377,0.17110000550746918,0.08860000222921371,0.025200000032782555,0.10809999704360962,0.05640000104904175,0.04600000008940697,0.007499999832361937,0.2685000002384186,0.04439999908208847,0.13379999995231628,0.9168999791145325
ENSG00000143387,Extracellular,Signal peptide,Soluble,0.1615999937057495,0.06109999865293503,0.7979999780654907,0.21389999985694885,0.06019999831914902,0.00139999995008111,0.21570000052452087,0.552299976348877,0.24220000207424164,0.0017999999690800905,0.32820001244544983,0.08820000290870667,0.12809999287128448,0.8345999717712402
ENSG00000143393,Cytoplasm|Lysosome/Vacuole|Golgi apparatus,Nuclear export signal,Peripheral|Soluble,0.6209999918937683,0.2750000059604645,0.043800000101327896,0.40950000286102295,0.3012999892234802,0.023499999195337296,0.4203999936580658,0.6176999807357788,0.6517999768257141,0.08250000327825546,0.7800999879837036,0.12700000405311584,0.40639999508857727,0.6100999712944031
ENSG00000143398,Cytoplasm,Nuclear export signal,Soluble,0.5839999914169312,0.40450000762939453,0.0284000001847744,0.4465999901294708,0.12099999934434891,0.008899999782443047,0.1534000039100647,0.3677999973297119,0.289900004863739,0.011300000362098217,0.5309000015258789,0.09740000218153,0.19740000367164612,0.791700005531311
ENSG00000143418,Endoplasmic reticulum,Signal peptide|Transmembrane domain,Transmembrane,0.09640000015497208,0.0851999968290329,0.00860000029206276,0.32010000944137573,0.15839999914169312,0.01140000019222498,0.7638000249862671,0.34040001034736633,0.5716999769210815,0.09220000356435776,0.09950000047683716,0.9944999814033508,0.04919999837875366,0.07779999822378159
ENSG00000143515,Cell membrane|Endoplasmic reticulum|Lysosome/Vacuole,Signal peptide|Transmembrane domain,Transmembrane,0.18629999458789825,0.07970000058412552,0.0210999995470047,0.7494999766349792,0.13950000703334808,0.01889999955892563,0.6358000040054321,0.640500009059906,0.6462000012397766,0.024800000712275505,0.1256999969482422,0.9915000200271606,0.07769999653100967,0.07400000095367432
ENSG00000143552,Cell membrane,Signal peptide|Transmembrane domain,Transmembrane,0.18700000643730164,0.29670000076293945,0.13269999623298645,0.5353000164031982,0.093299999833107,0.006500000134110451,0.5547000169754028,0.3287000060081482,0.5437999963760376,0.12399999797344208,0.10450000315904617,0.9851999878883362,0.42640000581741333,0.1696999967098236
ENSG00000143554,Endoplasmic reticulum,Signal peptide,Peripheral|Transmembrane,0.28700000047683716,0.13519999384880066,0.23240000009536743,0.4523000121116638,0.3310999870300293,0.007199999876320362,0.7858999967575073,0.31619998812675476,0.3188999891281128,0.24609999358654022,0.6723999977111816,0.5853000283241272,0.4657000005245209,0.3901999890804291
ENSG00000143570,Cell membrane,Signal peptide|Transmembrane domain,Transmembrane,0.09669999778270721,0.05299999937415123,0.024299999698996544,0.7242000102996826,0.05249999836087227,0.01850000023841858,0.4934000074863434,0.5547999739646912,0.4675999879837036,0.10499999672174454,0.1023000031709671,0.9757000207901001,0.17870000004768372,0.14800000190734863
ENSG00000143595,Cell membrane,,Transmembrane,0.23000000417232513,0.06080000102519989,0.08110000193119049,0.8037999868392944,0.22910000383853912,0.007499999832361937,0.26750001311302185,0.37310001254081726,0.32260000705718994,0.11810000240802765,0.08489999920129776,0.9674000144004822,0.5612000226974487,0.1590999960899353
ENSG00000143627,Cytoplasm,Nuclear export signal,Soluble,0.7204999923706055,0.3463999927043915,0.05249999836087227,0.23970000445842743,0.2856000065803528,0.10029999911785126,0.10429999977350235,0.272599995136261,0.2150000035762787,0.14489999413490295,0.31929999589920044,0.05790000036358833,0.40610000491142273,0.8503000140190125
ENSG00000143641,Golgi apparatus,Signal peptide|Transmembrane domain,Transmembrane,0.14100000262260437,0.06509999930858612,0.4950000047683716,0.21950000524520874,0.13500000536441803,0.0038999998942017555,0.36559998989105225,0.35749998688697815,0.9506000280380249,0.02239999920129776,0.09269999712705612,0.9052000045776367,0.23800000548362732,0.20509999990463257
ENSG00000143653,Endoplasmic reticulum|Golgi apparatus,Mitochondrial transit peptide,Peripheral|Transmembrane,0.4607999920845032,0.1518000066280365,0.04659999907016754,0.19830000400543213,0.5397999882698059,0.066600002348423,0.7670999765396118,0.3199999928474426,0.6991999745368958,0.01080000028014183,0.7936999797821045,0.5734000205993652,0.36469998955726624,0.27720001339912415
ENSG00000143753,Endoplasmic reticulum,Transmembrane domain,Transmembrane,0.1704999953508377,0.09220000356435776,0.006000000052154064,0.21739999949932098,0.358599990606308,0.012400000356137753,0.9287999868392944,0.21220000088214874,0.6082000136375427,0.055799998342990875,0.2994000017642975,0.9158999919891357,0.054099999368190765,0.2079000025987625
ENSG00000143772,Cytoplasm,Nuclear export signal,Peripheral|Soluble,0.6450999975204468,0.37439998984336853,0.032099999487400055,0.5084999799728394,0.2062000036239624,0.014499999582767487,0.2702000141143799,0.33739998936653137,0.305400013923645,0.02239999920129776,0.6053000092506409,0.054999999701976776,0.21889999508857727,0.8604000210762024
ENSG00000143774,Cytoplasm,Nuclear localization signal|Nuclear export signal,Soluble,0.800599992275238,0.3091000020503998,0.14300000667572021,0.34940001368522644,0.4108999967575073,0.0017999999690800905,0.38670000433921814,0.14090000092983246,0.3411000072956085,0.02459999918937683,0.37130001187324524,0.02889999933540821,0.6101999878883362,0.8863000273704529
ENSG00000143797,Endoplasmic reticulum,Signal peptide|Transmembrane domain,Transmembrane,0.1145000010728836,0.04690000042319298,0.0272000003606081,0.4162999987602234,0.17720000445842743,0.03269999846816063,0.8551999926567078,0.1160999983549118,0.25609999895095825,0.03759999945759773,0.14820000529289246,0.9919000267982483,0.07180000096559525,0.06880000233650208
ENSG00000143799,Nucleus,Nuclear localization signal,Soluble,0.3598000109195709,0.7656000256538391,0.06480000168085098,0.1696999967098236,0.11710000038146973,0.009800000116229057,0.1200999990105629,0.05570000037550926,0.07109999656677246,0.002400000113993883,0.3156999945640564,0.018799999728798866,0.15389999747276306,0.9265000224113464
ENSG00000143811,Cytoplasm,Peroxisomal targeting signal,Soluble,0.6407999992370605,0.26969999074935913,0.0502999983727932,0.22210000455379486,0.4092999994754791,0.02290000021457672,0.3375000059604645,0.24770000576972961,0.37950000166893005,0.15469999611377716,0.5723999738693237,0.0860000029206276,0.5461000204086304,0.7552000284194946
ENSG00000143815,Nucleus,Nuclear localization signal,Transmembrane,0.17409999668598175,0.5232999920845032,0.015799999237060547,0.22550000250339508,0.06469999998807907,0.014499999582767487,0.5758000016212463,0.09520000219345093,0.2468000054359436,0.004000000189989805,0.12060000002384186,0.982200026512146,0.023900000378489494,0.10719999670982361
ENSG00000143819,Endoplasmic reticulum,Signal peptide|Transmembrane domain,Transmembrane,0.296099990606308,0.16910000145435333,0.16449999809265137,0.19269999861717224,0.3930000066757202,0.013500000350177288,0.8508999943733215,0.36880001425743103,0.3497999906539917,0.03350000083446503,0.4763000011444092,0.6894000172615051,0.4616999924182892,0.44780001044273376
ENSG00000143845,Cytoplasm,Nuclear export signal,Soluble,0.6736000180244446,0.4887999892234802,0.15850000083446503,0.1809999942779541,0.41600000858306885,0.0019000000320374966,0.1559000015258789,0.22930000722408295,0.22949999570846558,0.05820000171661377,0.37450000643730164,0.13830000162124634,0.30300000309944153,0.8116999864578247
ENSG00000143870,Endoplasmic reticulum,Signal peptide,Soluble,0.1809999942779541,0.121799997985363,0.24950000643730164,0.16459999978542328,0.06849999725818634,0.08590000122785568,0.9121000170707703,0.3977999985218048,0.3057999908924103,0.010700000450015068,0.4713999927043915,0.0203000009059906,0.13609999418258667,0.7993000149726868
ENSG00000143882,Cytoplasm|Lysosome/Vacuole,Nuclear export signal,Peripheral|Soluble,0.6876000165939331,0.19140000641345978,0.10329999774694443,0.14219999313354492,0.17260000109672546,0.010499999858438969,0.35929998755455017,0.6262999773025513,0.5004000067710876,0.020999999716877937,0.7059000134468079,0.1266999989748001,0.33250001072883606,0.6205999851226807
ENSG00000143891,Cytoplasm,Nuclear export signal,Soluble,0.7797999978065491,0.32820001244544983,0.2224999964237213,0.24390000104904175,0.27090001106262207,0.021400000900030136,0.20649999380111694,0.32120001316070557,0.2409999966621399,0.08940000087022781,0.3734000027179718,0.1695999950170517,0.15080000460147858,0.8075000047683716
ENSG00000143921,Cell membrane,Transmembrane domain,Transmembrane,0.18469999730587006,0.09189999848604202,0.0215000007301569,0.7070000171661377,0.18469999730587006,0.03840000182390213,0.5418999791145325,0.564300000667572,0.4239000082015991,0.046300001442432404,0.23010000586509705,0.9383999705314636,0.21879999339580536,0.1679999977350235
ENSG00000143933,Cytoplasm|Nucleus,,Soluble,0.611299991607666,0.6373000144958496,0.2766999900341034,0.36250001192092896,0.09109999984502792,0.02290000021457672,0.2061000019311905,0.12929999828338623,0.15919999778270721,0.09179999679327011,0.4708999991416931,0.03799999877810478,0.6146000027656555,0.8097000122070312
ENSG00000144035,Endoplasmic reticulum,,Transmembrane,0.32359999418258667,0.30630001425743103,0.04699999839067459,0.16599999368190765,0.2791000008583069,0.013399999588727951,0.7455999851226807,0.11739999800920486,0.23639999330043793,0.01979999989271164,0.4214000105857849,0.6992999911308289,0.3294999897480011,0.44029998779296875
ENSG00000144048,Cytoplasm|Nucleus,Nuclear localization signal,Soluble,0.756600022315979,0.6712999939918518,0.08739999681711197,0.05559999868273735,0.2395000010728836,0.006399999838322401,0.11599999666213989,0.05999999865889549,0.08879999816417694,0.008200000040233135,0.25540000200271606,0.03200000151991844,0.18199999630451202,0.9332000017166138
